61 74 -56 -35 59 -47 -97 -71 -91 73 -70 82 -56 -67 22 29 34 38 86 40 -75 -43 -60 79 -4 -48 37 67 42 -5 -85 46 -5 1 84 -82 70 -55 89 -45 34 -87 24 -67 50 67 29 -78 97 28 -10 80 4 -80 -78 87 -60 13 -61 -37 99 27 -85 -96 -74 31 44 26 59 94 71 -24 23 27 -99 -57 94 -5 9 92 48 94 -59 -61 30 8 -41 -36 17 -71 -43 -63 -50 -34 76 -8 86 -53 -89 -32 -3 41 -64 67 -65 -95 -69 -42 -66 81 7 84 -16 32 69 -77 53 -1 20 -75 -55 68 4 14 92 75 98 -79 -3 55 -13 -61 -62 -22 64 -44 -96 62 -88 -3 -72 96 -31 73 -37 47 -7 -43 -16 68 62 86 93 14 24 5 -5 57 -10 40 -77 57 -84 23 -41 -39 -39 -66 83 43 -18 58 74 -56 17 -71 -35 -95 -63 1 50 -92 -53 -18 64 2 56 -80 -67 27 -96 89 -22 -28 -83 28 58 55 51 27 -69 -6 48 -45 55 -1 -57 -80 81 -67 79 80 -99 -21 -1 -38 28 0 88 70 -71 -81 -6 -28 -84 -30 -22 -53 -33 63 -11 -19 -56 2 94 -24 13 -83 -5 -28 7 -35 -18 44 81 9 45 7 -24 97 -99 57 -35 -87 -74 36 -27 -48 -97 53 -53 -58 84 27 -23 -11 -44 -84 -20 48 -69 -58 58 -75 10 -31 -88 68 42 -1 -33 -51 -40 25 32 99 19 96 22 -35 -77 -53 -34 -96 12 27 80 -27 54 85 61 67 -26 70 -47 26 79 -72 57 -77 -9 63 96 -35 20 -34 85 32 49 -29 -57 91 -50 18 13 43 -77 80 -95 40 -95 1 -14 74 -5 90 -83 87 17 56 -94 -25 82 -6 58 3 -78 22 87 29 60 -36 -15 33 -76 96 47 -25 57 -90 5 -40 45 62 -12 85 85 -82 -29 -58 6 27 43 -79 -78 27 77 -88 33 34 82 51 -53 58 -11 22 -87 40 -7 -67 68 12 -99 67 50 -8 56 66 -57 52 -25 1 -18 8 -78 94 84 -24 -10 -5 68 -1 -74 -18 -75 -4 -33 35 -40 39 78 76 -14 -41 -51 -88 -8 -69 -30 57 -69 -19 73 49 -6 32 -67 -35 -81 -9 81 -30 77 -77 -20 87 -64 64 -42 84 20 76 91 84 -41 97 59 32 -32 74 87 28 37 -99 94 -76 15 77 25 65 -40 -41 -96 89 95 62 -28 24 41 -53 80 74 -72 -95 23 2 -54 87 90 13 -79 -5 82 94 87 -15 -21 9 14 47
-92 46 -6 -51 18 46 23 -33 -69 75 66 -35 16 13 42 55 -14 45 88 -58 47 27 79 92 79 -28 59 -60 -4 14 -12 -46 -30 37 -90 23 -62 -19 47 -24 91 -19 -35 81 99 23 -3 -68 8 2 93 -54 85 -85 -82 62 46 -99 -84 61 84 47 79 38 -47 -57 24 27 -55 63 -4 -29 68 75 46 -32 -81 -32 -70 53 -54 -83 -40 88 19 -84 -16 -69 -50 99 -9 67 -1 87 -52 87 99 26 -15 1 22 -95 4 97 -80 -52 -26 -61 94 -96 79 -89 23 -55 -43 -65 -14 16 29 -97 -84 10 -38 52 -67 -67 -85 70 25 34 0 13 80 -68 -60 -68 -96 -75 1 79 3 -40 57 19 47 -12 -57 -25 81 -1 26 -8 -72 48 61 -85 -90 -16 44 -89 -98 -54 -8 75 -49 -91 -66 59 -24 -34 -25 -77 -99 45 -13 -32 93 -29 36 24 78 19 48 -9 -82 -24 -74 -63 -33 -2 -6 67 9 3 -35 68 3 59 41 -42 19 42 96 -32 70 -84 -25 -56 -40 -65 14 95 66 65 -76 -56 92 -86 43 95 25 13 -60 33 -44 -51 12 29 -19 -56 82 -53 -21 19 10 56 -38 84 71 -97 5 -5 -67 -19 50 -79 -92 -65 79 -49 71 57 -8 -92 7 18 -62 -87 94 45 57 -68 76 99 -43 -97 -81 -97 34 -97 -61 -84 14 -22 -85 75 66 17 -58 -53 -25 -33 41 -27 -86 14 -10 -64 17 19 45 74 -79 9 -73 19 -72 83 -96 66 -83 40 -96 -85 30 -35 -34 -31 5 -86 -9 34 -70 -49 52 79 9 -1 53 60 14 82 97 1 40 0 -50 -4 -64 -98 20 85 -45 -18 54 59 -51 -82 33 -77 -77 -24 -82 36 -8 34 10 67 28 9 -96 62 -1 7 -22 -27 -56 78 -14 -65 11 72 -6 43 78 86 -61 18 -96 -81 81 89 71 -55 49 38 -16 -90 25 -17 1 -37 45 24 26 -41 -41 -5 37 74 -34 -54 -73 -53 40 62 -5 -39 68 -59 47 23 60 -85 -86 -91 -60 -31 95 -1 71 -82 -18 96 20 35 58 -86 44 38 -22 67 -67 -53 -48 53 9 -8 -24 42 69 97 -18 -26 4 8 -4 -78 7 32 7 -60 77 3 -1 98 -70 3 -49 -17 -96 26 20 -99 -30 -48 -95 -32 99 -32 72 69 -28 -6 89 -1 2 -60 66 88 -65 -43 -88 -26 -84 -77 -5 -50 88 -64 27 31 -10 -65 96 -9 -57 -67 -9 -62 -47 45 -25 78 -72 89 33 -44 41 74
20 44 -52 22 28 -36 -94 -48 -26 -12 -36 23 74 53 68 -79 -30 79 1 71 41 -46 62 -50 -52 -7 96 -44 43 31 7 22 -83 -61 -7 -69 -57 96 -66 -25 98 74 -9 43 -10 -72 12 51 58 -10 69 -3 75 42 59 -80 -80 12 32 -65 8 94 7 70 52 -48 5 38 -17 45 -56 -36 -99 8 -14 41 49 82 53 -64 -57 19 -72 21 61 -23 -53 -88 -45 -68 -93 34 -24 12 -30 -21 -52 -33 -51 63 -76 49 -66 -64 88 -85 -90 73 -49 58 -56 48 -82 31 -2 2 41 -43 -83 -73 47 -39 -3 -83 -95 -50 9 45 27 -19 -63 77 58 -72 -77 -82 -4 -13 10 -92 83 25 7 96 78 -13 26 -78 -99 46 2 -32 54 79 11 -84 0 93 -74 95 54 -36 19 46 25 55 -10 -14 -22 -68 94 69 81 -31 -89 14 70 54 97 8 35 -22 68 -70 32 10 60 -22 41 7 -58 28 73 -97 36 40 -85 36 9 -62 -44 70 -22 -72 -94 -57 -32 -25 -76 -9 -8 62 -56 96 -55 -64 90 -14 12 -10 81 -86 -23 -30 -43 -25 -2 -47 38 -52 10 29 -34 -14 -8 29 -79 27 -80 83 -26 89 -7 -84 -53 -82 81 62 -68 47 -28 -11 -71 -17 -4 -6 -48 -50 27 43 -71 -49 72 69 45 14 19 1 45 -87 18 76 -47 -51 -39 -78 88 29 44 77 58 64 -72 2 82 63 27 -96 16 88 -20 92 -49 -1 7 -50 -25 18 -48 -45 -29 -16 98 -4 10 -87 49 59 -89 -57 86 -79 10 59 93 -92 19 11 51 22 52 -67 10 73 -75 61 -88 10 95 80 31 -10 0 -54 -55 49 91 48 91 -4 2 -71 -51 67 -41 -13 47 45 29 -70 -57 61 44 -20 7 95 -48 65 -42 77 -90 26 75 17 -40 27 -77 34 -77 10 41 90 -5 11 -71 -73 -94 44 22 -23 -66 54 98 82 18 -59 -30 82 68 -99 -79 22 -30 31 -52 -16 -1 26 74 67 8 58 98 -98 -29 -29 51 91 68 -66 7 44 -2 -92 -20 49 43 -95 -32 71 95 75 -80 -54 65 -4 -61 -48 36 63 -52 86 -17 45 -47 -75 -47 -91 88 72 -33 -83 -80 -62 11 -61 62 -90 -63 -31 44 -64 54 -87 13 -60 44 -88 -65 18 -12 75 -79 88 -88 11 -97 -52 52 87 16 -41 82 88 54 -93 93 -8 62 -58 -7 99 88 47 47 19 99 -33 89 86 -66 68 -62 65 -76 -22 -3 -14 21 -10
-73 -86 -73 -99 36 -6 76 -80 14 -55 -63 31 -56 -69 1 97 -8 -13 41 28 66 77 49 0 6 19 43 -48 25 -98 -88 65 9 53 -62 -33 24 48 70 -20 54 39 -85 69 -5 14 22 65 -21 61 -94 53 85 -54 -7 -40 58 -54 -29 -75 34 66 98 -1 -41 -4 -70 85 -40 -11 91 -12 88 -55 -25 -98 -43 27 18 -67 -83 -81 27 14 -49 -7 -99 68 24 39 -86 23 22 -86 -59 39 29 -17 -35 68 9 -12 -67 -41 56 81 35 -63 21 54 8 28 80 7 -92 -35 14 19 -96 -80 -38 48 -2 35 -69 8 -1 26 65 19 -78 5 53 16 -56 -14 -93 -81 -42 68 -66 -26 -3 44 -6 16 56 33 -58 -34 4 -62 59 97 34 13 95 61 -81 1 42 71 69 -85 -96 10 17 -82 30 -65 -38 86 56 -54 64 27 -19 -89 70 59 80 -13 31 57 -63 -69 5 -73 -92 39 29 44 72 -5 96 -66 48 73 -87 -85 -99 -44 -95 24 3 0 49 -42 35 -34 -42 59 4 66 -17 69 -13 66 -26 8 -99 -28 -44 -64 -17 -89 -77 10 60 54 -46 58 0 -53 69 65 -75 7 -11 -95 -64 -52 -19 63 57 50 -57 30 -80 -67 -1 -7 -75 -30 -72 -1 -19 -97 -13 -21 -20 -61 -43 -32 65 55 -43 -25 -26 60 -11 -79 23 -53 35 23 8 72 73 85 -6 -23 65 2 82 -46 77 -84 77 -42 -42 62 -22 90 29 21 31 -25 -69 57 -8 24 -27 -97 -28 67 -49 91 75 55 7 20 67 29 61 -45 49 29 -52 69 -72 46 -82 -9 20 23 74 94 71 5 81 75 96 66 -52 98 3 -47 -31 35 -82 55 -39 14 25 -53 29 81 78 -81 -12 -12 -16 10 50 -94 -84 46 93 32 27 59 -97 50 -2 -3 52 -34 -77 80 25 22 45 -94 -79 -6 28 78 -45 13 25 0 54 91 52 13 -44 -5 51 67 -22 69 -9 -23 46 -62 -86 5 -66 -14 -61 45 66 51 -45 37 -90 -60 78 -70 -36 14 -47 -96 73 -79 29 -85 -14 -12 -53 24 -55 -88 50 -24 48 22 76 26 37 28 51 -28 27 -14 9 -75 -55 17 71 13 7 13 81 54 6 -13 -64 10 -69 -96 84 -85 11 -88 0 78 33 7 77 -80 1 79 88 -57 -48 85 57 99 -41 75 -1 26 -90 84 -10 -84 99 67 90 -37 -62 -6 84 60 91 -60 98 -8 -93 91 -25 45 7 -8 -57 31 -34 -29
-27 82 31 -63 -27 -73 -44 -70 -63 70 -16 78 -2 -40 -27 -80 8 -32 -98 85 26 25 -20 8 -7 8 74 -61 34 61 -88 -11 62 2 -4 14 -42 -55 56 37 46 -82 -27 -74 -7 12 90 -33 -4 -61 94 -22 -43 -49 -64 12 58 -21 53 86 17 6 -55 -86 48 -8 -7 -78 -67 87 10 -45 8 5 -73 46 59 -52 45 -75 89 41 64 -84 -97 31 75 -37 -51 12 -65 73 -59 -98 51 -68 62 51 -45 -33 -21 73 5 58 24 -51 53 86 44 -91 68 -28 -36 -95 72 73 -27 -72 94 -88 92 16 -70 42 -5 -75 61 -69 18 4 -12 -98 14 -92 -41 59 -30 -72 95 -19 67 91 35 60 -95 -19 94 -36 -86 93 -46 -31 62 -90 -22 -36 -52 1 45 -23 45 -82 73 38 66 46 -73 11 -72 87 -85 15 78 2 5 -42 -11 52 64 -78 69 74 3 -72 17 -66 59 0 34 -10 -44 39 82 82 -89 -42 -30 29 -97 44 13 53 -61 93 59 -2 45 77 80 -52 3 -45 24 -92 -43 -97 13 20 24 67 96 -80 25 84 -91 -7 -65 80 -67 40 -4 84 72 24 -59 -56 -62 -4 -66 23 9 43 80 -49 -2 4 69 -46 -91 -40 -74 9 96 -35 -56 -15 15 -50 54 -54 55 -24 52 -42 -88 98 -32 -63 -82 -18 -10 -74 -15 54 55 90 -87 47 -32 -32 21 56 -57 -93 -7 33 34 -98 -95 -37 -40 -59 24 44 -99 -56 -82 -85 91 95 -11 -1 91 65 35 -75 4 98 -46 71 16 30 30 29 -39 -40 30 -66 -17 60 41 -21 -13 85 43 72 41 -83 52 3 -18 -31 81 31 78 30 -10 51 -63 87 -10 -81 -87 -9 8 -41 6 87 83 -61 14 -95 57 -34 88 -19 -56 14 2 -74 -33 -33 -26 93 -58 -66 -73 -54 -11 84 95 -88 -79 -31 64 -23 67 34 83 45 -56 -68 -62 91 30 21 5 97 93 -58 -49 -74 4 7 51 26 70 2 90 82 37 33 -86 5 30 46 21 57 49 -21 -48 -1 55 76 -11 84 -48 -2 -79 -66 -82 12 -80 -23 -37 20 70 39 70 15 -75 44 5 -16 -90 8 42 -33 -79 3 66 -45 -28 -48 52 -3 37 72 56 -64 65 -90 6 9 -30 16 -3 -49 30 83 62 -90 57 4 88 80 53 11 0 11 -18 -77 -92 18 -13 80 -84 -11 72 -54 -27 22 42 77 -3 -48 56 -9 44 82 -84 -56 -4 82 4 -89 -11 78 16 -10
1 44 97 -96 -31 -50 -88 -90 65 -84 37 20 -20 -59 -87 46 -5 54 -74 -9 -80 -56 -5 82 -22 -49 59 66 42 42 83 84 72 34 93 8 -23 66 -17 -38 47 12 -63 2 65 -41 42 -79 -23 17 65 50 44 -72 -55 -17 67 46 22 -32 82 82 -79 3 92 -50 95 26 -34 66 -29 -38 -66 -91 -10 45 -50 37 -97 68 -23 40 65 -64 -85 68 -31 84 -39 -46 57 15 -15 -41 -3 -9 -34 64 -95 -15 93 12 -92 49 0 87 -83 -46 -86 -36 -89 -50 89 -55 -15 -7 95 -45 -38 53 38 -72 88 -7 18 5 -51 83 65 75 -77 -64 -16 54 -95 46 70 -72 -15 -86 -2 -22 -53 -7 -66 -42 38 64 -3 87 -78 37 28 12 -4 -99 -40 -45 -75 65 75 -35 -51 30 -78 -8 -36 -97 -65 32 13 26 99 19 74 33 6 72 -20 -5 -16 -82 -45 -17 -96 48 19 45 38 -11 66 6 -29 -21 86 -94 -19 31 -87 25 19 -99 36 -33 -36 -26 -47 78 -81 -21 -11 -55 -12 18 -43 -88 78 80 -45 -59 14 -61 30 -64 -47 85 88 -14 -45 -52 -60 60 -8 4 97 -30 -58 -95 -83 -28 -96 0 27 -14 -10 74 62 -63 -50 77 2 75 53 -99 77 -79 -2 74 -73 9 -34 -42 31 31 7 72 -18 37 13 50 -23 -87 -20 43 -40 59 -67 -49 -56 -66 -97 -32 -32 29 -16 -64 19 -25 26 95 -9 -37 57 -21 52 -3 -37 -87 86 -18 63 31 41 62 -58 41 -75 72 7 54 44 82 -14 -75 4 -45 -58 1 22 93 -41 -75 -22 40 0 -67 -26 -98 -3 -40 -43 -15 93 30 -47 -23 -26 8 19 -71 -4 -42 -62 52 24 51 67 -80 -72 27 40 22 92 27 21 36 -2 -18 85 -59 -51 72 -82 44 64 29 91 71 60 -51 63 17 -88 -21 -92 -50 -23 -28 1 36 -50 -72 -50 95 -89 -31 95 27 53 97 -92 44 -91 -5 -83 1 6 -37 48 -56 76 -50 -97 61 -48 61 42 -75 71 -27 -6 60 -1 -53 -33 96 -79 -94 -18 19 -5 -42 54 -42 -33 72 -2 93 28 5 86 97 19 40 33 50 0 -28 -26 34 -79 64 32 -93 -20 -10 7 -22 80 99 83 -50 -56 52 -46 -56 -79 -59 7 -16 -90 76 -20 -34 56 -41 64 7 47 52 68 75 21 90 46 77 51 -78 38 -56 58 14 43 -59 86 85 64 -17 21 -5 -97 -91 -37 -66 -2 -71 18 51 -48 96
75 -94 -21 89 44 85 -23 -83 90 1 26 18 6 73 45 -29 -46 57 -38 29 18 76 -16 -34 50 -4 51 98 -10 -60 -33 12 -24 -91 66 67 -28 38 79 74 -23 83 85 -5 -61 -24 -99 -69 -12 3 99 1 -54 82 -86 44 38 19 62 91 73 -14 -67 -60 61 -36 39 -38 77 -96 27 -61 23 -39 -93 -76 -21 -56 98 37 -90 -51 -47 -67 59 23 63 -76 21 3 94 -69 -79 -67 14 59 12 -77 5 12 -32 46 60 -38 -35 33 -30 -78 61 32 -66 -97 10 6 -42 84 -3 23 -11 -59 -96 87 -2 -75 31 37 29 -64 93 54 -67 48 -82 40 80 -53 5 73 80 -46 17 45 -9 -34 -57 -51 9 -58 -37 33 -68 30 -49 -53 57 -92 -37 83 -93 -69 32 -37 32 59 14 13 -72 -64 81 7 99 76 72 -10 -71 -97 -1 52 93 -95 -97 -45 -32 39 43 81 -6 -40 -66 -40 -9 -54 3 -60 -46 33 60 46 -83 62 -59 30 -73 41 80 -36 -50 -98 31 -50 41 12 -57 64 -21 13 14 17 92 -72 -38 81 12 56 -45 -91 -67 48 -55 -15 -27 81 -83 -58 45 89 -20 -5 -50 -17 94 -67 79 -73 62 -69 92 -1 -86 7 64 28 -79 34 89 77 65 22 76 10 14 88 -87 63 -61 -46 93 -7 -39 -3 93 -28 -10 -77 21 36 62 -40 -24 5 46 68 23 -1 36 -60 -62 -30 -20 -65 84 -58 -44 -66 -20 43 -12 -14 88 -16 -97 -93 67 -70 38 46 -19 -34 66 -54 17 21 -5 -88 -68 -65 -94 22 -53 -84 -36 26 14 -19 -97 34 -32 -37 0 -10 71 -64 45 -98 -43 -96 70 -92 20 -3 24 -76 -59 -25 -21 -70 -83 20 56 40 -33 84 -6 91 -21 -58 9 8 -63 78 -71 37 47 44 51 -9 -59 -27 79 -70 -70 -53 -77 45 -21 72 16 40 30 -13 80 44 -69 35 -26 -42 -56 0 63 -2 79 -19 -60 10 -45 -95 63 -66 46 -66 -28 -5 2 59 -29 -69 -21 69 -41 36 -30 11 -18 -26 2 -76 -47 -80 72 -2 -55 -96 48 15 65 -62 13 83 -8 -99 37 -89 97 -99 18 -18 -9 -46 23 -83 -10 -55 95 -55 -15 -48 -21 33 28 -2 -30 29 -19 79 23 24 -65 91 65 -48 1 59 -1 25 -9 67 19 -12 66 -75 19 -24 -15 92 85 65 -45 45 -57 -49 87 -55 6 -56 51 6 52 64 4 -55 96 -16 41 64 29 -67 -13 -75 65 21
59 -90 -81 36 -61 79 57 -55 -33 87 -68 31 -15 28 90 80 89 -72 27 -31 -62 68 -21 -27 -31 56 87 -66 29 5 10 -31 95 60 -42 -27 -79 79 64 -50 49 -51 -85 -29 91 27 -43 68 -3 -57 -63 60 -4 -96 -68 73 -99 52 42 -30 -44 -93 90 -34 73 -82 -88 83 56 -43 4 -34 -7 30 89 26 88 -88 -77 -75 73 70 -70 -90 -12 -25 -29 -61 -49 47 52 72 32 -52 61 15 79 -55 1 -18 -52 -49 -98 95 -77 -89 27 94 -63 66 69 16 45 33 -82 4 32 -66 -57 -42 18 -6 77 -67 -97 37 15 68 84 85 -72 -90 58 93 -60 80 -15 37 -22 -64 -48 -19 -4 -25 -4 47 -88 77 -82 17 45 17 69 82 35 28 0 94 -47 62 31 50 -66 11 -31 94 -77 -6 59 12 16 -90 -40 90 97 4 58 75 0 17 77 75 -95 -48 -76 19 56 -7 64 16 -94 -37 58 23 -73 37 90 -76 65 10 -79 57 72 -20 -39 -63 41 81 27 -55 77 48 -8 41 -59 93 78 56 70 67 32 98 11 -66 -90 -32 -53 -48 -91 17 58 -58 -82 -62 -93 -76 66 77 -7 -95 -86 -96 -56 -19 45 65 80 -7 -76 -96 98 -94 -10 32 -12 -39 -96 -2 -29 -14 39 94 73 -7 -18 45 97 -48 16 -90 -78 -56 97 -14 54 46 90 22 -91 18 -76 65 -32 14 -45 1 29 93 -29 37 78 -32 22 32 -14 -59 -73 62 46 -77 82 -75 -14 38 83 89 -47 49 91 20 -68 97 -85 -64 35 22 58 -43 1 -73 -34 -15 43 -85 -66 -35 -83 49 -69 -69 -41 -80 -18 34 -50 40 -57 97 1 -17 -91 49 -58 86 -20 -14 35 92 44 -51 9 -24 -52 -75 -37 -15 58 52 -93 -37 15 -64 -24 57 -50 -45 -35 -92 -13 -17 81 -5 -92 -74 -53 -3 40 79 30 68 56 -42 40 98 -40 74 49 49 15 85 -22 68 36 -30 8 31 -66 -1 74 74 -32 -42 -13 -70 32 -54 -86 -19 -6 67 -22 -93 33 -75 4 82 73 41 68 40 -35 -25 -44 -45 -81 82 56 -85 33 -12 -78 -9 44 -4 -40 77 -37 -82 26 -72 -15 85 -67 88 -95 16 73 50 -60 -84 47 -75 -54 48 26 24 54 -21 45 23 61 41 -3 80 -71 25 34 -98 -39 -41 33 -98 -25 -18 99 -79 67 -94 62 5 10 74 42 89 87 75 67 72 -69 16 -28 -24 -86 -98 -97 -98 59 80 -40 -6
-18 -42 -91 53 10 60 34 -30 -74 35 72 -98 -84 96 -45 -94 28 -55 68 -23 33 -71 -11 -35 20 -91 89 75 27 5 -80 -83 96 28 -19 19 -85 90 -61 -95 19 25 34 68 87 -80 -92 30 81 12 26 -52 -8 -46 -7 50 64 -45 71 -52 -44 -15 95 88 12 97 -67 -94 78 67 -63 54 -44 -1 42 3 -35 -26 13 -1 79 27 98 1 -25 59 -24 22 48 60 60 41 -26 4 43 -5 7 12 -9 -15 -4 -11 96 80 29 -10 -1 82 -84 -54 84 16 49 60 95 -9 48 18 38 -46 -83 -50 92 -4 84 -15 90 -44 -7 2 -45 -79 -7 -12 -12 -90 5 -72 -71 -95 -25 -48 -59 -23 89 -2 95 55 18 -92 77 -68 -90 16 -31 75 10 38 59 83 97 38 78 -70 -94 6 -37 -41 86 89 -38 -39 77 -4 29 -31 51 -15 -80 16 -57 -87 -74 -80 54 -76 16 58 1 -56 -63 70 -16 8 78 13 49 -7 -46 20 -70 -61 68 -24 -57 -11 -7 12 -94 -94 -56 -85 -39 63 97 52 54 -44 -39 97 11 62 29 -12 -59 32 -99 68 -27 17 -48 -32 39 4 -30 -40 97 41 -54 21 -96 44 -87 79 -81 -81 -13 -89 -36 67 43 -14 -59 -60 39 64 92 -50 -47 80 45 -12 -41 65 -92 27 76 47 -97 50 -52 87 58 -43 -60 91 -86 26 -2 29 -37 24 -1 -6 -63 -36 -77 43 -7 -62 -56 -27 -97 70 -57 -40 18 -8 -91 -50 12 -62 -51 -46 -72 -98 33 -90 -16 -24 -71 -11 -91 29 48 85 -86 -48 84 30 3 11 -36 -28 64 45 -30 88 -13 52 81 -4 -42 -90 -65 -54 34 36 -79 -40 -14 -27 -28 -65 35 -43 81 -53 34 -95 90 50 -93 -18 94 -23 7 3 9 90 -91 86 -64 15 -73 -37 24 15 21 -10 -77 -56 14 -95 21 96 13 90 -77 18 -49 -4 -41 27 22 95 -68 -1 -19 -2 35 65 3 -94 51 25 53 35 5 32 -69 -87 82 61 -71 -59 87 6 -49 97 -82 -8 -73 71 -66 37 -73 -6 -64 1 -10 -64 -18 -10 0 3 23 -66 79 -25 29 -83 -24 90 -94 15 -73 -50 73 89 11 65 -47 87 33 -73 -50 18 -24 -36 -78 -22 20 -31 60 -54 -89 58 93 93 11 20 -11 7 73 -69 -1 17 -59 63 76 3 23 64 -27 -97 -33 41 -40 -71 43 -3 56 28 78 76 -10 4 46 87 63 -44 30 -28 -5 53 44 90 -31 37
-14 -2 59 -35 -54 67 -48 34 -37 51 37 -57 46 -26 -64 -25 -35 32 -83 -47 32 13 6 27 14 44 -32 51 6 54 -91 -46 -43 -6 8 -61 44 -90 -84 89 -1 13 66 -10 -40 -37 -22 92 -34 -63 85 39 -2 79 81 -21 -69 52 35 62 -22 -40 -95 33 -42 55 79 60 -15 -31 -99 51 65 85 42 47 61 -14 -86 37 73 87 14 42 45 -98 -95 -63 31 97 19 -47 -51 -72 84 32 -8 -44 -6 -15 -19 23 34 -42 70 -56 -39 81 24 -29 -70 -96 -97 58 -22 -84 -2 16 76 33 33 17 -45 -31 -42 19 -58 -75 -97 47 -66 76 -64 -79 -19 0 -56 -2 23 -15 -31 -29 -3 -25 8 -16 39 92 7 97 30 -4 -34 27 -57 -72 36 -39 82 -46 -87 44 46 -33 35 85 23 92 -38 -4 -61 55 25 24 53 16 -53 -38 39 -47 -68 52 92 14 34 -26 98 51 22 -50 -24 -51 -43 -38 10 -42 23 12 43 -79 -39 -48 -96 82 6 -75 -29 62 -61 4 12 21 -50 -32 72 -77 29 -78 17 94 5 76 27 50 -78 -56 -16 -28 79 -27 -53 45 -89 92 -76 -74 20 81 2 32 -29 29 76 11 -45 44 29 -48 81 58 81 48 -52 85 20 83 77 -23 -54 -55 -44 -48 -1 -83 -24 7 41 35 22 35 93 -57 19 -59 -14 5 56 -37 12 25 81 -20 -3 15 -80 72 -3 -97 -94 39 49 -44 47 61 19 31 -49 -73 -3 -56 -19 70 5 -47 -63 80 45 -95 97 14 91 21 -61 -60 98 44 58 -7 79 84 -40 73 42 -66 16 86 -39 -63 78 84 82 -81 -1 -3 -12 -83 45 26 93 -94 -11 -26 35 -63 73 -59 77 69 95 -90 -80 -56 60 -83 -49 -63 -50 -62 -71 46 -59 12 -20 -92 -72 47 -24 96 -67 -39 -4 -17 71 23 -61 -75 -58 84 -52 12 -19 -85 18 21 -33 -27 -30 -66 -48 7 -78 41 32 -32 51 -87 -49 89 -87 -22 59 99 -71 32 -81 70 -12 76 -93 37 -51 76 -18 33 57 -27 45 61 -56 84 5 53 -28 -29 -84 -91 -36 70 53 57 9 -1 86 93 -58 -70 -25 -60 -8 -55 66 -28 -76 -97 -57 -8 -14 -40 7 44 -93 -41 -51 2 -54 -53 50 28 -76 -86 -1 72 87 -7 13 39 28 25 -78 -84 -6 27 -1 -94 -49 17 45 36 -61 -45 77 36 64 15 1 38 -87 22 22 41 -42 -96 -67 -32 -2 -62 33 6 -29 68
-62 -42 19 -60 82 61 -22 -81 10 42 -5 2 72 87 68 -26 5 0 7 -2 4 -16 97 -77 -25 42 -22 -63 -48 -72 -58 -73 -53 -96 4 -95 51 46 61 13 -9 -51 35 43 97 -78 -10 3 -55 -88 34 -74 35 -50 -17 -54 24 36 -74 34 -75 60 7 94 26 84 52 39 33 98 -35 -86 63 -54 -48 3 14 43 84 -3 -9 -24 -4 -96 11 32 81 63 -96 -8 -60 95 19 -82 47 56 10 -8 96 -6 47 -15 98 -52 4 -83 -54 -4 29 58 -1 -29 -75 -71 77 89 77 73 -26 -13 47 28 -74 39 -31 -1 58 -83 4 -58 -74 47 56 -34 -95 53 -34 39 -60 42 72 43 -13 85 -37 51 50 -35 63 56 -37 -92 26 -54 51 43 50 -57 84 22 -59 78 74 65 35 -74 45 -50 90 -10 35 -31 74 -53 40 40 9 -86 -99 45 70 -10 -64 -60 77 52 -50 78 -59 7 69 -74 80 -46 -92 20 -76 2 -60 -19 -78 86 -4 90 53 -84 -5 19 -84 -54 -86 -31 69 -25 -8 72 -56 -52 -84 -65 50 33 37 -66 2 -58 -65 46 31 20 -50 -56 75 84 20 -34 87 54 -34 89 32 61 18 -69 65 -61 -12 30 36 -22 89 64 74 -43 67 71 89 -54 -82 56 10 -76 -70 -76 -17 51 84 -50 -56 75 -54 -79 8 -22 68 -54 -85 24 -77 22 57 -60 11 44 -18 -78 74 93 -13 97 72 38 -22 -3 -12 -61 -57 71 -80 45 -60 -1 -15 -27 11 72 -15 -59 10 21 -72 -26 31 81 -90 -30 -25 98 -43 -80 -80 -52 2 -15 46 38 -81 -82 -27 60 57 -24 -71 9 -28 -62 15 -60 -15 30 -64 -27 12 -74 87 86 -28 -72 23 40 -33 56 -92 -93 -56 67 -34 -87 23 37 22 91 45 -3 3 7 -44 5 92 -5 -49 99 -68 -98 6 55 -54 -74 -45 2 -97 14 -86 -49 0 6 65 -85 -73 -96 40 -96 -38 51 93 -87 -64 49 63 -19 -19 -74 -25 56 -47 -71 -2 -62 82 -55 -79 -74 94 -96 3 -22 -28 -6 6 68 -24 92 89 67 46 -72 -70 49 -48 -25 12 86 1 -12 65 -88 -65 -83 -57 82 -22 20 10 47 -9 -90 29 -74 4 38 94 15 30 75 83 -73 -96 -1 15 31 84 63 -10 -69 48 55 12 12 -42 -25 -39 0 -48 -57 13 55 -1 -60 -92 70 -45 -60 88 32 51 2 -9 95 48 -22 -5 -64 -90 57 81 -26 98 -62 98 -87
31 49 85 -91 13 -80 46 -5 -62 97 -37 -66 -31 14 -76 62 -49 4 -91 21 -79 1 -71 22 54 -51 -39 -37 -26 -81 -49 -70 -97 -20 -26 98 69 5 -66 45 4 -93 47 -90 11 59 -70 -39 58 23 -18 -7 -97 -61 -39 87 10 -4 79 -44 -45 98 -68 53 -77 -34 79 -6 -10 10 59 46 26 97 29 -89 13 39 -62 -34 -71 -57 44 -21 -83 -2 -76 16 -40 -66 53 -71 -81 98 34 45 59 -37 64 14 80 45 70 78 26 76 -76 31 -5 22 20 33 -21 -92 -53 -39 26 35 19 -18 88 54 -39 95 -9 41 -42 -23 -30 -7 -30 77 -55 25 22 -55 62 -53 65 56 57 -91 -95 -46 -44 18 -24 -22 14 84 36 -3 43 44 -58 -22 69 67 -17 -9 -3 18 15 -10 -13 60 65 -39 11 48 -42 49 -70 -64 -84 -91 -95 23 -73 -62 -46 76 1 -69 88 -98 -46 -66 -3 63 -36 -98 -20 79 91 -37 -2 -6 -40 33 54 95 -4 -32 -22 -85 -53 -39 -71 -40 67 42 3 -79 -47 99 -6 -81 -81 -72 3 48 9 -63 -95 -51 13 61 -74 -86 -87 -42 -17 -65 44 35 67 3 -66 42 -23 -36 -42 -77 -77 -86 -19 -35 -98 87 43 -7 72 -70 -8 -27 15 -53 -15 -80 -3 -72 -18 -9 66 -49 -94 -18 -28 -30 -61 -49 -10 -99 -13 5 74 90 50 62 12 -29 -93 1 9 -68 -61 -83 -73 15 61 -71 32 -91 82 38 61 54 15 87 -77 -59 76 -45 52 8 -53 -50 -25 27 77 -7 53 46 82 61 77 -71 -73 5 -64 -80 65 63 88 89 -66 -86 -82 7 -36 -29 25 -82 10 30 -81 35 95 62 37 49 -67 -41 24 -76 84 18 47 46 18 16 69 76 25 8 -89 -88 79 26 20 -4 -86 -63 44 -93 -95 -37 -91 -24 89 15 -61 58 78 -29 -63 2 97 -23 99 -53 8 20 56 -75 93 -77 2 -9 -35 2 -45 62 -52 62 -19 48 -80 31 18 2 25 -65 26 35 68 82 82 96 -57 78 62 -62 -34 5 25 34 94 87 3 -70 -77 -52 85 68 60 -51 -42 37 48 -23 35 34 -86 56 22 -4 -64 50 68 -74 -29 -42 10 -53 -47 -75 22 -13 -71 60 32 -48 -4 -93 62 -95 -18 -19 -33 -13 58 31 44 -68 -34 -46 -9 -94 95 -61 -14 -29 28 94 13 25 4 84 -60 -70 94 93 68 16 10 -17 -68 16 77 -59 -9 -27 48 -97 84 67 -20 4
-21 -13 -99 64 37 -27 -56 -25 75 44 74 -28 -82 25 -43 50 -12 9 -52 -43 63 -51 82 7 -22 -66 46 91 -92 24 81 -21 15 -27 31 -99 -57 -69 83 -94 -36 -97 -7 -43 67 70 -48 -3 -21 -7 -58 11 -35 20 10 -5 20 -2 22 4 -99 -88 5 -52 64 0 -83 -1 -21 31 28 -97 28 -20 5 26 51 -40 -38 -26 23 -94 -89 -23 13 -37 83 81 -47 -92 -21 98 92 -11 -1 87 9 -72 15 63 27 -38 -56 -15 77 -37 49 -10 -69 49 -21 -74 -50 -90 -65 21 -42 63 58 -97 -81 -28 -90 -23 -17 48 -44 -34 -7 87 -94 70 15 23 -55 28 -59 -31 85 -60 -45 9 27 -84 4 -45 52 -30 -60 -40 87 -43 -50 55 -39 91 -20 34 -72 57 4 -13 73 47 48 8 -97 88 -94 95 -64 92 -27 -34 -64 73 3 6 51 12 -25 -86 60 57 33 7 53 -74 17 -47 81 -47 -42 -73 42 -55 -78 98 1 -2 81 -42 -70 -64 81 -19 50 14 95 38 -6 -81 -63 -10 75 16 -52 -57 -47 -57 -71 -16 -41 0 31 9 -22 77 15 47 -5 -99 9 -54 48 -9 66 -14 -13 -5 -20 -2 -41 8 -48 -80 41 -83 -12 83 50 12 66 76 -99 -97 7 28 -54 -57 -54 -72 -24 -11 88 74 85 -3 28 -95 6 42 -36 -45 -86 -64 -23 93 -91 -36 -21 32 87 -6 -14 -86 60 90 44 -28 -28 -7 24 59 -19 -25 90 -61 -56 -62 -78 48 -19 -78 79 -26 -55 -46 -99 -89 86 -32 88 41 17 92 -39 -45 77 84 32 -29 70 46 -37 -20 -56 -91 5 -33 91 11 -45 17 54 -97 23 -85 89 -15 36 -20 -23 -91 -42 83 -42 59 -63 49 33 -48 -70 6 -16 -60 -7 -69 -57 -68 81 27 -46 2 20 -47 -28 -95 21 -94 99 3 13 43 8 94 -49 65 -10 14 83 -48 34 -47 99 72 73 -4 68 -92 25 75 -35 61 77 88 5 72 91 14 -69 -57 28 -21 23 -46 51 6 75 87 6 80 18 39 32 18 -68 87 22 20 -29 -25 -47 -68 61 -49 51 85 -4 23 10 -34 28 79 99 97 25 -4 -96 69 -14 4 -32 98 73 -91 -77 0 -5 -38 29 49 13 -57 -10 36 -12 -29 73 -91 -87 60 83 -73 77 -7 60 -60 -49 1 95 46 -5 -80 -99 43 54 -24 88 98 -32 77 45 -3 -84 -39 -54 -9 -27 -65 85 -95 -9 75 -46 -25 -22 -8 12 80
96 78 -13 -24 -21 82 -88 -64 -86 -72 -30 -62 74 24 -5 71 99 -57 -95 -10 62 -14 -88 -28 42 -70 46 -17 -22 50 -45 -85 -81 -97 -4 -10 94 -78 50 -54 -71 -58 -25 60 39 -16 -24 -14 -13 82 -29 -27 -84 40 -58 -64 36 -2 -52 -59 -24 70 -43 26 27 42 -71 48 63 -70 -55 -73 -88 -80 89 -95 -7 -57 -30 46 -5 15 77 82 38 -50 88 25 -28 -38 -68 42 -29 -99 59 38 -39 -45 19 -69 -30 82 -35 54 48 56 -38 -28 -69 -68 75 -41 -51 24 47 -80 -98 38 -13 81 -79 -19 64 -27 97 30 -66 3 -95 -17 -64 56 -75 -61 91 22 -99 43 85 0 31 33 -48 -32 66 44 -22 92 -78 3 66 -14 65 59 -4 -13 -43 -85 -23 70 3 -15 63 -88 -97 93 43 28 -59 62 48 9 -39 47 -67 57 -17 82 -32 -2 -67 -72 -12 -17 98 6 -76 13 -37 64 -16 -17 17 55 -70 71 76 -27 45 10 73 -55 83 80 -29 -73 88 -62 -71 -57 2 4 -36 -34 90 77 -26 26 -18 -65 96 8 83 -1 -95 -73 67 98 -71 -67 -36 -97 -77 11 57 -57 53 -41 60 0 -33 -75 -50 16 -88 -80 57 34 3 43 -11 -15 -92 -82 -26 75 -2 -87 -23 -18 -94 14 -77 -55 -91 -29 2 80 1 55 72 -25 9 -64 -62 55 -78 -50 24 69 -50 -63 -2 26 39 33 -7 -76 -33 -1 40 -90 63 -64 -42 -78 27 64 -50 78 93 57 1 -67 -81 29 29 83 39 53 34 40 -1 -15 -87 59 -34 64 19 21 10 -57 1 -17 40 -68 38 71 -77 -23 -81 -93 -36 -33 11 41 -16 15 64 -93 -69 33 29 -46 -24 98 45 -79 -76 2 -55 74 38 -80 95 61 18 -73 -73 -64 -93 20 42 -26 70 45 -98 89 -68 34 2 69 42 -39 50 -64 -89 -9 83 11 65 -94 69 8 -3 -76 -13 86 31 -95 -3 -57 40 14 33 -40 54 80 -88 -82 -12 17 60 29 60 -37 -61 63 -64 -45 -46 -51 -48 33 42 88 -28 72 -80 92 87 -40 82 -79 38 -46 77 31 -6 -23 -89 61 -78 -69 -28 -77 -52 52 -57 59 43 58 96 -44 -42 -32 -40 72 99 85 97 -77 -14 68 -64 37 90 29 -90 -98 75 21 65 87 -62 9 -81 45 63 86 -89 94 39 46 -30 -40 -77 15 1 69 67 -19 -19 21 25 -64 77 46 -85 42 -69 58 13 -3 93 -58 46 13 -21 -97
-6 -43 49 14 8 32 -70 -38 76 77 78 -72 47 18 7 -83 42 65 97 -87 -60 86 -24 62 -41 -41 -21 36 40 47 -96 -26 16 7 86 -37 -12 15 73 -28 -99 32 -45 79 36 -9 94 -83 -92 65 40 49 48 -51 99 62 66 22 66 7 -25 87 -84 -1 -55 56 -95 -57 78 52 36 -8 -86 23 -2 -77 64 84 37 -79 53 -69 22 -61 56 -81 23 -63 -78 29 -83 -92 80 57 -35 -96 -79 -85 78 -47 5 -40 -17 82 -11 -21 -84 68 -66 -53 52 27 69 5 0 -81 -93 21 -89 -28 6 18 80 -86 -68 80 84 27 68 14 19 -30 -1 -25 23 64 -38 97 5 60 46 19 -44 -8 -95 -96 78 69 -40 -93 99 -6 19 84 11 -11 -69 48 -82 -78 -71 -28 30 22 80 -54 87 74 -89 -47 -77 -30 -39 -40 -2 -58 26 -34 69 -49 41 -25 87 -69 78 59 -24 -5 94 17 60 54 -1 -39 -46 -45 -85 4 74 1 76 -17 2 14 81 -70 -32 -45 -68 -12 39 8 -17 -52 98 -26 97 13 69 96 -35 -43 -98 -52 -67 -69 81 15 -21 -73 -56 -18 -7 -13 -79 -73 44 -38 16 -91 -78 88 -26 60 -83 87 69 -31 -57 -29 -7 4 -26 -59 0 16 62 -21 -51 97 -17 -12 -6 -15 -17 -73 -65 4 9 -99 71 60 79 91 9 19 -14 -57 21 21 -86 -37 -82 -38 5 -61 -75 -79 -14 19 -43 39 74 95 54 94 28 97 -52 79 71 -5 -86 -82 -36 -20 -61 88 -36 70 93 -29 -41 -85 12 86 70 -44 95 46 50 -1 58 5 -9 -55 90 -57 -17 -60 -91 86 -76 1 -36 -38 -64 -76 59 -90 15 -25 26 -31 7 -83 34 32 -48 18 23 -70 90 -5 22 49 -13 -59 -57 85 -91 44 -68 36 87 -94 -77 -50 44 -81 49 -46 64 68 -6 -14 -11 4 59 19 -53 -73 -36 31 -21 -20 57 -23 45 51 -22 -29 91 25 -97 84 -70 13 1 14 -93 -99 -52 74 -39 98 74 88 38 16 82 33 -34 10 95 60 97 -66 -42 37 -80 18 48 -83 13 -33 13 95 -23 14 18 48 90 4 -97 -52 -66 -56 -52 72 -25 29 -71 -34 98 22 54 -80 -64 -42 65 -89 -93 9 60 -99 -35 23 93 -34 -7 64 -44 -55 42 -73 -36 28 0 23 73 40 -61 96 -54 62 -35 -82 38 -68 53 -5 -55 80 -82 38 78 8 -42 -24 0 64 -97 0 0 63 70 42 -32 35
-32 85 13 -52 29 -46 10 -54 26 37 -62 -97 -43 40 -73 -98 67 23 72 49 31 62 -87 -54 -24 92 3 -65 -64 -73 37 -81 4 77 -16 19 11 25 52 96 -56 53 -73 94 85 13 55 -2 11 85 -43 -27 76 75 -28 -79 74 -44 68 -16 -36 -58 -49 -50 -29 -62 33 -11 -93 11 -92 -56 30 40 76 -8 25 77 -78 -32 -54 89 -7 -82 70 61 85 20 -9 82 -69 -21 -30 -89 -70 -71 -4 -20 -45 -73 61 -35 44 81 -13 96 15 93 -49 -43 72 77 72 -18 -68 -83 -20 -8 0 34 21 17 -66 34 -65 -95 65 27 44 -25 -81 -38 -66 43 -41 -87 89 47 42 34 -74 97 85 54 -51 19 18 23 36 -3 27 3 -23 76 -33 23 82 52 96 26 67 -72 94 -77 -45 -14 -70 -65 46 -2 48 -84 4 14 -66 -68 93 17 -10 -75 89 24 31 -29 15 99 -51 87 86 -76 -55 0 -21 -62 -13 89 53 -63 10 18 -69 12 43 19 83 75 69 80 -29 -42 7 -94 -45 82 36 0 5 -56 -26 67 94 -44 54 5 29 4 84 -66 -99 87 -22 58 -25 43 55 -30 30 -50 -12 -84 -89 31 20 -73 29 69 -5 -51 -98 -56 -28 48 70 -25 -27 -58 -26 -62 83 -96 -70 31 20 18 -85 98 53 -8 -47 -4 -28 74 -12 -13 -13 -17 8 -62 -18 -42 -51 -53 -90 70 93 45 63 -5 -91 -72 70 -39 -38 -20 -68 10 -90 81 91 -40 -1 28 -20 79 -78 71 -90 99 -5 4 -45 -41 96 3 -1 7 30 -16 25 -63 83 15 -76 77 34 7 33 -94 70 -95 -71 1 -51 -54 16 57 -1 -92 79 8 -31 98 -35 5 82 71 -94 90 41 33 99 91 -11 -8 -64 -10 22 7 23 28 17 -38 17 69 -61 -80 72 -67 -35 19 -56 -77 -34 68 -61 83 -27 -9 39 64 54 73 -88 -68 89 16 98 -64 32 -68 95 -35 -95 -37 -45 -94 18 -70 -69 17 27 63 20 -88 -14 29 1 -66 0 34 -52 24 7 35 -74 41 -26 20 65 -92 -82 59 49 -76 47 -58 -76 -38 -13 -35 -30 -18 1 -16 50 -90 -8 6 -63 96 -23 78 92 -56 20 -44 46 -99 -17 -17 -61 85 -89 -59 -11 -88 31 -79 76 -7 49 -50 83 -80 61 -36 80 -32 53 -20 29 2 12 -12 -53 5 10 -69 69 93 85 -21 -73 -28 66 80 -76 73 87 43 -92 23 -35 -58 65 24 -59 20 -13 -45
-80 64 -98 -23 -3 45 -39 23 -20 -52 53 -29 81 -86 51 -45 -65 -48 -53 -14 -53 -56 -69 -83 -87 -44 -25 -44 51 -57 -41 -70 80 74 -77 24 -55 -5 -93 21 98 61 80 -71 48 19 23 -73 -37 -80 96 -60 -1 -8 67 -80 19 10 -58 -94 -41 90 58 31 -68 68 71 -43 25 90 9 90 -94 -27 -23 -82 -2 28 -7 87 28 20 75 -16 7 10 78 -74 1 -21 51 54 55 -94 -76 35 -5 -77 87 96 82 -41 -75 -9 73 -70 53 -1 -57 -27 52 -87 33 -20 -23 -22 -13 69 70 57 -39 -14 -77 30 -17 -67 -34 95 80 -23 -2 73 -55 29 73 -84 24 6 -72 30 -13 -96 70 -83 -56 -27 -26 47 17 50 -99 15 -67 95 -90 30 42 -51 -82 0 -82 18 -79 -26 -62 -65 4 -68 25 25 79 84 7 49 12 -36 -49 -25 30 -11 -72 55 32 90 70 47 -21 95 21 75 18 -85 -80 -58 -50 -74 41 -60 -90 -14 93 40 -5 85 52 76 83 6 -40 26 72 -66 52 89 59 43 59 8 -57 -15 -93 -89 4 -98 -73 38 -22 -12 76 9 -94 69 -62 29 44 10 86 76 79 -8 -60 47 62 -85 -54 -90 -99 7 97 31 -39 -22 62 -70 89 32 -85 87 10 -2 -81 -60 66 8 -33 -91 -42 -97 80 5 -27 12 69 -37 -30 66 -61 23 -57 -95 20 -64 36 97 -32 39 15 -7 57 24 53 -39 43 -22 -37 92 59 16 -97 66 -8 -65 -48 -79 -69 93 74 91 45 21 -56 11 -18 -50 86 -83 26 -26 82 22 -15 -42 -48 -83 82 -33 35 -33 87 -23 -78 75 -3 64 5 15 -56 -85 46 -6 -89 57 9 -54 95 -84 -16 20 -56 94 -89 81 -26 -12 59 -22 -17 44 -11 -56 29 92 78 -49 -6 -49 37 65 41 -71 -88 -59 59 33 -60 -43 -30 -25 87 -98 -40 72 91 38 -35 -41 89 -98 -26 81 -88 -1 -30 -92 21 -56 22 -15 15 -98 10 -59 54 10 -47 10 37 -91 93 -46 0 -40 -66 96 -29 35 -83 7 -30 65 -33 81 58 -87 -99 9 -74 -58 91 73 -54 -89 -6 -1 77 83 28 -14 -18 -75 -24 15 21 -47 -70 44 87 83 79 15 91 78 -59 47 -17 34 -64 96 -34 -14 73 59 -77 66 -53 78 -64 15 -81 -14 -29 91 -34 22 7 -28 -68 -41 20 75 9 -76 94 65 14 6 86 35 38 26 -9 -21 -21 -80 -21 60 -16 75 93 -96
45 -99 5 -34 85 92 -92 38 -3 -26 23 -1 1 19 28 -27 -17 -76 -61 -25 12 -59 71 -90 83 -77 51 17 82 -76 7 -36 4 46 84 18 95 66 -91 -32 -1 -52 44 11 -39 -81 76 59 -6 25 69 31 62 -29 -33 -66 34 -68 36 6 -49 -69 -49 -26 36 -5 90 6 72 81 87 -79 -48 -6 -87 -32 6 -76 -97 -44 -69 4 8 -64 31 46 -36 -11 -66 83 45 -77 -83 32 29 -28 60 49 -79 32 -30 17 -95 23 -69 -47 -82 40 -17 -44 24 63 -88 37 -26 59 5 -40 3 -45 -72 -33 -22 87 -16 82 -54 -14 96 -85 -99 -85 46 90 -4 -11 0 49 -92 38 71 -17 -76 -57 54 -32 43 -70 43 11 -93 -74 39 22 55 54 33 69 -38 18 4 -95 -77 -69 -17 3 -44 26 68 -17 28 77 -77 14 67 -61 66 -92 -98 61 -89 -77 48 -57 -59 -33 -2 -56 84 78 -74 -15 84 -75 -32 92 -62 30 9 34 -44 92 -94 -31 -62 -88 -31 -40 56 -76 -16 74 -79 73 3 10 -29 -99 98 -30 -23 -56 -30 60 66 -5 97 52 36 26 61 72 -51 -40 -33 -27 53 -63 -11 -96 -59 -66 96 -55 -76 6 27 27 -13 27 -57 28 -67 -40 7 -71 24 84 -15 92 -21 74 2 -13 -29 55 99 98 0 -79 11 48 12 -56 2 74 -4 32 24 33 -75 98 88 -40 39 73 -83 70 -61 -3 -42 67 25 -17 7 82 -6 -12 52 -71 -64 46 -67 71 51 25 -19 16 -74 -59 -72 90 32 -57 99 -68 -50 48 -59 -16 47 -69 -58 -38 26 -45 24 47 11 39 91 -39 82 73 72 29 -55 -36 -52 -81 -84 -22 -37 72 84 85 74 -86 -83 -37 80 47 83 0 -30 60 -96 -98 19 -99 24 53 -54 -89 -13 54 86 -30 -32 46 19 -60 89 -85 24 -20 86 -20 -48 -29 43 -11 -51 -65 -4 -81 83 45 12 61 -99 28 -37 -27 -93 39 -28 -75 -12 83 -38 -4 -21 -53 19 -61 -24 -41 47 -74 17 29 46 -36 51 70 -89 -67 -2 30 15 -16 10 28 -99 87 56 -32 -53 -12 23 4 24 -79 17 13 42 2 -59 67 -26 -2 -88 -43 -59 87 13 2 30 -84 -90 26 -63 20 31 56 66 -60 84 -4 9 34 11 -65 58 79 99 -26 -65 70 -36 74 89 94 75 53 97 -55 -62 -11 48 -9 -25 -54 90 39 -69 -2 24 -6 -79 -54 59 -1 48 69 73 70 -24 -67
-72 -3 29 2 56 -23 -31 -72 -28 79 -10 3 60 81 -81 -68 -78 10 -90 -18 -71 -48 90 63 -1 79 18 15 18 -72 -81 -59 -6 62 29 50 46 69 -57 73 53 -5 -39 97 -1 -11 86 -99 11 -22 60 0 -43 72 -1 -22 50 12 -41 -27 95 73 64 -90 -84 -66 -78 96 37 -15 1 -58 -62 51 11 73 -47 -63 -30 -79 -84 -91 40 29 -10 72 43 -35 48 98 15 -25 -53 33 10 97 68 6 96 -75 60 15 -93 89 76 82 -63 70 -30 -42 15 -10 -77 34 -95 -22 -1 -93 -10 79 -59 86 -11 17 -59 -34 7 -88 -73 -73 82 82 -79 74 2 -98 -68 -64 16 40 -93 -32 16 -73 16 -15 59 76 -14 23 -30 71 26 84 58 95 -61 -30 33 31 38 -71 28 -77 -63 53 -12 13 -24 -90 12 -39 -62 -25 -82 72 2 -18 15 26 -33 -43 -31 4 59 79 74 -6 -33 2 -86 93 97 -3 55 75 -9 68 -88 -28 -48 32 -10 19 -84 -11 -66 -1 41 -68 43 -61 79 -43 -51 43 33 -59 88 63 -20 -27 70 66 59 91 -12 16 -62 -42 -2 65 -93 92 0 22 40 32 28 84 25 7 -43 90 89 -98 -15 67 -93 19 90 79 -99 65 56 -57 -15 -97 -23 -74 -7 44 -79 -58 -17 26 69 43 69 84 72 77 35 98 -23 54 40 11 -8 -86 8 46 8 -29 42 69 51 -40 -78 94 -56 -52 -86 -82 89 -10 -35 -31 83 8 90 -98 2 84 81 -47 -43 -26 -22 86 -79 41 -9 -49 37 -57 -51 77 12 -33 -80 31 11 -11 -5 -89 13 -82 -31 84 36 -90 36 51 -64 48 12 8 2 99 78 -42 -60 28 68 -48 1 62 -4 -75 39 -67 60 99 60 23 -48 -74 -75 -52 37 -52 -88 -49 99 -65 57 -99 -68 45 85 40 -3 94 -82 6 -79 -28 86 -14 74 -48 7 -30 46 31 -86 -45 55 -54 16 31 7 33 44 28 -81 71 -20 -41 57 43 21 -60 -50 -50 41 -30 75 -50 -98 -76 -95 92 14 -51 -87 -18 93 26 -38 -33 59 22 -89 -85 6 -51 4 38 19 62 -9 -65 -84 -5 91 88 -84 -13 -31 -12 -96 9 -55 95 -31 75 89 -50 55 -39 18 -86 34 -88 -67 -78 -8 -7 18 28 -72 -65 -58 45 18 -3 79 23 -89 27 26 92 22 -94 38 -69 -72 -5 -10 15 74 43 -66 88 70 -15 -69 -45 52 91 14 17 36 -4 58 56 31 52
67 67 -94 53 -48 -58 99 -66 -12 86 -32 -72 68 99 9 -75 -46 -92 -85 94 95 -13 5 -84 85 57 69 21 39 -79 17 8 -83 -11 -73 37 -39 -22 -94 -44 77 10 68 -57 88 8 -54 3 2 21 -98 54 95 -87 -88 1 22 96 89 -24 -52 18 -40 11 -81 -53 24 -19 -58 56 60 27 -79 42 63 -23 -37 72 23 2 88 -78 -20 -5 -29 -64 96 -43 28 3 76 71 -4 -38 -47 36 -72 66 -36 52 85 57 39 -65 -21 91 -8 -67 -22 97 55 79 -67 -64 -10 90 49 -2 -26 1 31 3 -97 -3 -61 65 -57 31 46 -93 69 -18 52 -54 96 66 -65 20 -21 97 -27 -22 29 -85 -47 10 23 88 -34 -9 74 95 44 -17 -60 -88 48 56 0 -53 17 30 23 29 24 -61 8 78 50 17 -81 56 -26 77 -98 -41 -70 -55 -49 15 -82 23 -3 80 -86 58 -83 -16 43 80 -89 -75 -70 -36 -35 66 -56 -28 -30 -99 -6 -60 -85 -37 -94 -56 -31 70 70 -62 -55 -58 44 45 -65 -41 94 19 -55 -78 -33 -4 42 -17 6 59 62 75 50 37 50 -18 46 -88 8 39 -35 -92 97 -33 -45 81 -23 -97 -32 -45 -70 -52 -47 17 57 -11 -67 -71 29 18 -24 -3 -44 80 18 83 15 79 86 -96 -88 -58 -19 11 63 -81 3 -19 -37 -69 55 -76 20 54 73 0 -96 5 -78 -30 36 62 58 -58 -84 31 -91 -82 -65 93 -47 -36 -93 -95 59 -43 -35 99 21 -41 75 45 -68 47 34 -78 78 93 -77 -86 -39 -52 -22 -2 30 15 35 60 -94 69 -94 97 -32 -90 72 69 83 -5 63 47 76 6 17 11 -60 50 -68 80 14 5 76 63 97 -79 83 -8 -71 -67 -22 75 46 -93 -25 -44 40 95 59 -33 -41 -88 60 -4 56 -7 79 45 -16 63 23 -63 73 -58 -3 -13 -36 -98 45 -5 74 -41 -14 67 -18 51 -8 -22 7 49 -52 -92 15 -95 83 57 37 -41 32 -8 88 -87 -18 -46 -75 87 26 -70 -93 -28 9 74 -14 43 65 -41 -23 -25 94 27 -68 20 -96 94 -97 -24 -4 -85 73 -78 -2 29 52 -86 -40 86 56 49 47 -66 -93 9 -70 47 -74 -79 66 91 9 38 -83 47 -59 94 -72 38 -21 -83 -38 -76 -18 44 42 31 -95 -75 6 52 -20 6 -34 -85 -3 -3 95 -19 39 -33 21 -11 69 -82 -33 -20 -8 -28 20 -35 -73 -46 90 -96 -87 21 -89 6
-71 91 31 -93 -32 98 -67 46 70 -50 -84 -83 -61 97 -10 -49 -71 -70 36 -90 97 -36 -71 68 3 68 68 -38 -96 12 74 -37 5 84 17 5 64 82 63 71 9 28 -38 -42 40 -56 15 13 40 -71 45 -87 -16 92 52 -18 75 -36 -3 50 -42 -45 33 81 -78 -7 -1 -10 58 32 24 35 -44 1 24 -32 -13 -95 -61 -90 -90 90 -74 17 74 61 -15 48 76 16 -79 -83 -6 88 -1 -32 -25 -45 -54 -3 8 15 -20 69 14 9 -17 50 76 -9 73 -84 19 -5 5 22 -72 31 30 -31 -82 -52 -8 49 74 25 -67 -93 13 -62 -87 -81 -14 -44 95 -69 92 44 58 96 31 -43 63 19 -42 -10 18 35 6 -7 42 -34 18 25 60 -86 72 -93 22 7 -12 -20 5 44 52 -68 99 -62 88 10 -91 77 -42 66 -11 12 32 89 37 80 91 27 52 44 73 81 18 38 40 33 -14 16 0 60 42 -49 46 -36 -36 -85 66 -57 64 53 -87 -96 70 -10 -48 -8 37 -77 -25 38 93 42 77 84 88 48 -41 -83 -97 27 38 35 97 -46 41 58 43 -99 -40 -73 37 22 21 -58 35 23 72 63 62 -98 -38 75 -78 -53 70 -1 91 13 85 -71 -79 31 71 30 7 -65 12 -92 75 64 79 -13 56 55 -65 -54 62 -87 -11 -83 41 76 -1 33 41 -10 -54 54 5 -72 36 -37 -33 77 -60 -29 84 8 95 28 -45 69 41 -91 83 -6 59 30 -94 -45 -12 55 4 -75 -38 35 99 -73 -64 -79 -4 -75 -34 -41 60 19 88 13 1 44 -20 22 -57 -15 -37 -27 31 36 3 21 34 7 -23 41 -44 -73 -10 29 -73 -6 42 -8 17 38 44 -9 22 -52 53 -34 -87 34 -23 62 -79 77 -64 -59 51 -49 -99 91 40 81 -71 19 45 28 49 67 20 71 -13 -28 91 -83 49 84 44 -97 86 96 -65 21 -33 36 35 80 -75 -63 95 57 -93 57 -35 -41 -45 59 58 -85 -33 15 56 -84 40 32 -49 71 -9 -1 2 98 -34 69 68 -18 -98 36 27 -46 0 -79 59 -60 28 -92 -79 12 9 25 -45 49 55 44 -84 26 34 -2 -54 48 -57 15 -96 80 -36 17 -84 86 51 83 -68 87 -15 -29 55 13 -91 -46 71 57 -49 8 -48 0 -21 -69 55 -66 -96 -22 37 -70 -72 -82 96 43 39 -19 43 41 -68 41 -59 -93 44 37 -91 -97 -93 -53 -38 -20 -33 18 50 99
-27 -34 3 -63 76 26 -27 -60 26 -80 -62 -79 73 84 -72 69 65 94 -7 41 -91 -37 90 -1 -9 -63 -5 -52 -73 99 62 68 -13 -22 96 -13 0 -29 -64 34 -44 2 -21 3 98 85 -17 20 30 14 2 -76 0 -34 -23 98 -78 -77 73 43 51 -20 -80 68 13 18 -41 -57 61 9 -83 9 32 -39 -98 -13 89 82 13 -8 44 54 7 -61 -73 -78 42 -13 37 -76 27 12 -27 -61 -47 -25 -57 -48 51 -53 22 -21 -67 -1 26 -48 47 -77 80 -18 26 96 -38 -98 53 -36 -89 -4 -41 -49 3 -19 81 91 18 49 7 -61 -79 -89 -34 21 86 -32 69 -48 -31 -39 73 9 0 -14 -92 -57 89 34 91 12 -79 -68 -40 -33 -3 -82 35 -88 -31 23 41 87 -82 33 18 7 -14 -29 34 -14 7 52 -59 -7 77 -75 -41 29 48 -61 -93 -75 -54 19 -20 75 -58 -17 95 -47 -95 -49 94 -43 -12 68 -75 38 -13 -65 42 91 -94 -94 42 -92 -67 30 50 -97 -79 63 41 -96 33 -94 -20 42 50 -65 -93 84 50 69 -15 -23 87 -42 62 20 -86 -88 33 -7 61 -11 51 -42 -68 99 20 -54 -89 -86 -54 -7 -44 -27 21 -51 -32 -28 -25 34 -55 48 -24 10 -30 33 -52 -53 -15 -9 46 63 -89 -44 16 -61 -79 -30 -91 -15 -76 21 -8 23 27 -43 -21 -22 33 -51 -23 57 52 -12 43 -59 63 53 -98 -49 -11 -15 -48 82 -7 -72 9 -57 49 -94 26 31 4 -39 -68 2 94 -79 -25 16 3 24 -52 -8 8 63 54 99 20 64 -53 -17 -25 -17 -15 61 94 63 -60 94 94 78 -15 -13 31 77 -94 -93 -81 95 61 36 6 71 -38 25 35 -78 20 -34 74 61 95 95 90 45 -98 -35 -49 23 44 -31 45 36 -92 -77 94 49 25 86 -22 14 22 -91 18 -20 -37 83 72 66 -72 -69 85 11 -78 82 0 66 -32 82 -60 -84 39 -4 24 -63 -54 -96 87 21 -47 -54 -66 -30 -79 -19 -95 81 -31 11 70 57 19 -27 90 99 -12 -98 -99 -55 -6 97 -77 32 19 42 27 -84 70 61 85 -10 -92 8 87 40 -74 55 -60 -51 -18 48 -16 72 -49 -12 15 22 2 34 68 55 75 10 -10 36 45 68 -51 96 -93 -32 49 97 38 -43 -6 -45 15 -64 -76 50 84 -59 15 24 -17 -83 14 -84 -64 42 -93 -23 2 76 -53 76 8 85 -23 35 -5 58 -9 -75 -5 61
56 -22 9 60 7 -79 -42 -29 -28 51 -98 96 41 -85 31 89 64 -39 -72 -97 -22 -60 -4 -84 72 -19 72 -82 -89 3 76 15 -84 -62 -35 -25 58 -51 -88 -47 -12 56 40 -86 99 -58 45 -58 -42 45 71 -59 83 -34 -80 -2 -69 -12 -1 9 87 5 81 -71 -7 -74 -47 54 -91 -71 33 -10 -66 50 -6 53 15 9 7 10 79 95 -77 -59 73 -9 53 76 -91 12 76 33 -71 81 -26 -30 -52 -2 -4 41 -60 69 -88 52 -74 -45 -50 96 -81 21 48 64 -78 77 -92 90 -27 16 -60 -51 -35 53 -32 -99 39 45 2 27 32 58 43 -15 -9 29 89 -53 28 10 94 -6 -45 84 84 91 -10 17 16 12 37 26 51 99 28 -1 74 -35 -37 -72 -73 81 -90 94 40 -60 -74 15 -33 -39 10 -38 -82 38 44 -72 86 -78 -2 62 9 -51 -64 35 -64 -99 -58 -77 -91 -93 -37 -16 -70 -57 -34 8 -87 87 -88 66 -45 -29 59 -44 -78 -49 -39 -55 -28 -59 -62 -89 -14 -64 61 90 56 75 -30 51 10 -49 -25 -6 18 76 -39 58 30 -38 10 -61 -44 96 7 8 -64 -63 99 38 54 98 -23 82 -75 9 8 -19 -62 -4 -92 25 65 33 -57 65 -57 43 -22 48 -81 92 37 -26 75 -90 9 80 -49 -82 -88 -5 -12 87 94 -70 33 77 42 85 29 30 46 -78 27 -34 86 24 66 -44 -31 -4 84 14 30 -95 34 55 -68 -14 38 -77 -4 29 -23 65 -68 -63 43 -44 42 -36 -78 64 24 -73 94 26 -32 -1 58 11 -63 41 -23 -14 25 23 -65 -21 13 37 34 58 32 85 61 -88 49 61 21 -56 42 -51 -96 -51 -89 -19 24 23 -44 5 86 59 71 67 -40 -35 -97 -53 14 45 -54 93 88 31 20 29 25 94 -61 45 54 23 -1 -35 67 -67 -83 -42 -19 -4 -70 -20 9 -50 -65 -45 41 82 84 52 -95 42 -56 -3 44 -43 -4 61 -91 17 70 89 15 31 44 -53 19 -22 -78 38 68 38 -68 -17 85 -39 57 61 34 -99 -21 57 -78 -65 -18 62 -33 43 -86 8 64 20 -65 -61 22 -84 -67 -28 86 -17 9 0 -17 76 62 24 -52 37 66 -76 -39 -3 85 -88 35 -99 -98 32 84 73 -7 -42 -25 44 -6 -14 -19 64 -29 -8 -69 1 -16 -72 63 -87 -9 16 11 37 31 93 -93 -20 42 86 12 42 54 -28 -29 -68 74 0 84 -93 -53 -26 -1 64
-57 19 -68 -30 19 -59 -59 97 -49 32 -90 61 -30 -96 33 -8 -46 49 67 85 -16 -22 22 -23 64 46 -53 -89 -61 8 -80 -6 44 -79 88 -23 25 -6 -69 85 15 2 86 -58 59 10 -42 -33 47 -36 26 71 -56 -10 51 29 -17 86 94 79 14 -93 55 32 -64 47 -71 -25 23 -34 -38 8 -27 37 19 25 37 7 48 -43 -23 84 -22 -79 33 -9 23 19 36 54 91 88 -78 -62 87 -53 -18 -41 -87 -87 37 -47 -60 -62 -68 23 -33 -14 28 66 51 59 24 52 -70 92 83 52 28 82 -48 -10 93 -27 34 -76 -75 22 29 89 47 -51 -75 40 95 36 90 81 -79 74 37 -71 38 13 -98 38 -95 3 20 84 -41 56 47 53 77 -3 -94 -58 10 40 -97 -8 50 49 -40 -19 24 -38 73 -13 63 -85 -39 44 -42 -41 -32 -5 -17 -25 -29 7 -96 35 17 41 -39 89 -63 53 -64 96 -89 24 45 72 -51 68 -15 -5 46 19 39 -47 52 -54 46 -8 35 -1 -26 2 22 -66 -45 -88 46 -4 29 87 -33 -58 4 -30 94 63 -2 -58 -93 80 -5 99 -40 9 -51 -26 -93 -79 -17 -48 -74 -39 2 67 83 4 -25 -8 -97 59 -6 -50 26 7 -21 -1 7 93 -19 -17 8 59 -93 9 -75 81 -37 53 86 -16 20 -47 -89 42 11 15 -81 12 -61 36 64 -11 -10 38 -39 92 88 80 -40 86 -34 29 -88 7 -75 10 76 7 70 -48 -63 -17 23 32 -25 1 -26 -26 89 48 10 4 18 70 -37 -98 25 13 -67 18 93 -68 -72 -85 18 82 -48 -90 92 -60 -19 3 17 -93 20 -84 -75 38 -65 95 57 36 -52 -52 -27 -79 -56 91 -9 -74 85 35 35 -31 39 -16 48 -52 -10 -46 23 -28 87 -3 45 66 -2 75 77 -10 -52 -32 80 48 58 8 -34 -82 39 23 -96 -5 32 98 93 -33 67 -26 -91 42 10 -93 80 -94 -2 2 -67 -83 84 -47 -61 -58 -9 -40 25 -35 -1 -44 -64 36 -36 64 -14 -9 -12 -29 31 -14 46 -67 46 88 66 29 14 -63 57 29 -39 65 40 -89 48 -78 73 48 -16 -33 -38 28 11 68 32 27 -71 11 -46 -50 43 -97 57 -68 -17 76 -83 57 -30 45 15 -77 11 39 31 -82 -59 -29 -80 65 94 -93 -47 36 18 67 51 81 43 5 -13 40 -85 36 -87 -73 51 -78 46 -96 3 96 -90 17 23 -78 41 -65 28 -98 -73 80
88 26 41 -2 0 13 -23 -14 -92 21 22 90 -99 -89 -5 52 -27 47 -41 65 -32 3 -88 -64 -59 -39 71 52 -87 97 85 -2 35 5 6 53 59 86 63 34 45 -47 11 24 29 -88 -22 90 61 55 80 -1 60 -8 86 -15 94 -79 15 -83 -66 -89 -93 -85 -75 55 17 7 -78 71 -85 -39 81 83 -87 -93 73 -41 -81 -6 -54 89 -59 51 1 82 3 -8 -53 -51 38 64 21 15 -78 -53 -93 38 -35 -90 -60 87 -25 -31 33 39 86 -37 -58 -81 87 -18 82 -9 -39 -77 11 61 -98 -30 -25 -74 68 63 87 -48 -83 42 38 -73 86 -88 34 -48 -16 11 68 -20 63 -45 -51 81 46 14 82 -35 -30 -75 82 -69 -79 55 29 9 -69 -79 -71 83 60 62 -54 34 68 64 48 -33 -52 -17 9 -7 -99 47 26 68 -83 40 45 42 -59 -20 25 -57 -70 94 36 -35 -65 7 -33 68 14 -11 39 98 77 -45 -43 70 41 -17 18 42 -56 10 33 9 -10 -54 34 6 13 31 -73 -38 -82 -56 73 68 -24 -13 35 -20 42 -17 98 -63 32 23 -41 31 -80 59 84 -30 56 -4 -8 -73 -68 -78 -15 42 34 36 55 -17 91 69 -69 56 99 -24 70 11 37 -83 -11 40 64 47 99 -37 -95 -94 -74 -53 -66 -99 20 -69 63 19 56 74 -18 90 29 2 -91 29 -10 -59 -30 -91 85 75 -72 -90 -15 46 56 -45 -71 99 -79 -96 -93 -78 -84 -31 38 -33 87 -80 -4 26 93 79 -28 82 38 36 69 -85 48 45 85 67 -44 -51 8 93 -30 80 50 69 -45 -65 86 -95 18 -73 52 -50 -12 33 -88 -14 25 -7 54 -34 -90 58 70 43 67 58 81 -13 84 25 31 -40 23 68 51 85 -12 -46 91 -88 -25 9 -30 2 -56 35 -91 -14 21 -5 47 -35 -86 31 62 -17 -9 -34 -16 42 26 -14 36 51 84 -10 -50 -86 -46 78 38 -14 14 -83 68 53 52 36 -98 -94 -62 98 93 85 61 44 -64 81 -98 -29 83 49 1 -69 40 58 -98 -14 38 4 16 42 -80 62 7 97 92 77 14 -90 98 -52 6 27 1 -60 80 46 -70 61 -68 -16 -10 -75 24 -67 -87 -98 -61 -48 11 -32 -42 -34 6 70 92 -42 -65 89 10 -58 8 13 -5 96 80 -33 -69 -33 53 53 -13 -77 -75 -35 -49 -59 -85 77 1 57 99 -2 4 5 51 -61 -57 0 -56 -27 -51 6 85 10 17 81
-79 95 5 -39 -48 -52 26 82 -50 27 -57 11 -60 1 -44 -19 -14 -80 28 99 52 -16 40 -82 33 -27 -39 -38 68 -66 96 -38 3 11 -47 2 73 -94 10 -89 -19 -94 -6 -87 10 -89 32 28 -18 88 -58 -8 72 -38 -24 88 -16 70 96 35 41 30 46 -55 4 -76 -98 24 -40 -95 -82 57 11 1 80 -67 -74 -23 -32 -22 -46 13 -62 65 66 66 98 -25 -62 -35 97 67 -40 73 -7 -87 27 -5 -5 -24 -98 -64 54 7 -30 -87 -95 -24 91 -75 86 25 25 76 34 -2 -6 -33 -67 72 56 15 39 61 16 63 94 28 92 30 48 35 -34 99 64 86 78 -41 -94 80 -49 -28 -45 23 92 -5 62 28 -56 67 -25 28 -56 75 92 -99 65 -7 -77 -43 -13 50 32 -7 -4 84 -28 -4 -44 3 -82 83 -30 99 -48 -87 -30 -94 -10 90 -59 -23 -55 9 64 -11 45 40 -27 -61 52 -12 18 47 84 79 41 31 73 17 3 -16 40 -78 -66 32 -15 -45 28 -53 -16 49 13 72 53 -57 -83 -95 -92 8 -21 -11 -76 -86 49 24 50 87 0 -90 61 -30 12 80 -52 0 -21 32 23 -42 -66 35 54 -16 -65 39 63 -60 48 -60 -98 47 -73 13 59 -65 70 -86 -61 60 43 90 -34 21 63 48 -46 -96 -61 -70 -89 -82 87 57 -98 -3 -2 -18 -67 23 -31 81 -95 17 -83 15 -72 10 -33 -92 16 72 52 -93 -21 -2 -72 85 -22 28 80 -98 54 42 20 -58 -14 -58 -1 -46 -62 39 85 71 2 54 74 24 28 -17 -27 91 -60 -44 -1 -90 30 -35 -19 78 -25 -84 -58 -25 -53 31 -87 -52 -91 -69 65 96 -60 -18 6 -90 67 66 -19 -94 87 0 -93 90 28 -98 55 -66 -69 28 -89 96 -65 71 -20 78 -94 78 -21 62 68 -20 36 50 71 55 -39 -10 39 -90 11 -95 2 1 -9 -1 -53 -36 96 -20 69 -76 -23 -47 -20 0 16 2 61 -57 -93 -57 -63 40 75 52 99 81 88 -66 5 17 83 47 -95 -6 -11 -42 -7 53 19 75 64 26 -43 49 -21 -31 30 91 71 25 48 -21 5 -17 81 97 -77 6 -87 29 -38 -50 95 69 10 -19 -66 57 -89 -31 -83 50 -83 40 -3 65 31 14 85 -42 46 73 -84 -79 59 -3 59 85 69 77 3 -32 -45 -13 36 -4 14 22 -4 -62 31 -68 61 32 -73 64 -56 -44 -78 -79 -12 50 35 -49 -31 21 -73 -99
-41 84 85 -85 8 91 -53 -58 38 24 -22 62 -69 6 -10 83 63 -35 -33 -5 -79 96 10 -84 89 19 -85 76 69 66 46 -8 -57 -92 31 -72 94 69 -4 -23 -30 46 -60 23 -69 -60 -35 -34 -57 14 -74 -78 50 16 23 55 52 -42 62 75 -32 32 86 -46 28 85 16 -43 8 -48 67 26 -74 26 81 -55 14 95 76 -26 -87 -82 -19 -89 84 43 78 -65 88 15 32 72 23 36 56 93 -63 34 -89 -23 76 -80 -24 -61 -2 -64 -97 32 -86 -86 -3 -44 68 3 -68 74 -72 17 43 46 -51 -93 -53 -53 54 64 -28 -97 -35 -16 -3 54 77 -55 -20 -66 -45 -25 -56 -8 -62 -91 45 96 -11 94 -6 70 38 -60 5 0 56 30 -15 52 32 29 -75 45 8 95 -30 -80 -61 86 80 -63 -95 40 62 -25 66 -37 34 77 32 85 -4 -11 46 -35 68 37 14 -22 48 4 54 64 -43 -13 75 80 -12 15 48 -29 0 38 76 -80 90 -55 -94 -71 -36 11 90 78 -34 -64 95 -94 11 -52 80 73 -59 47 -11 46 18 78 -12 83 -5 50 -92 90 96 69 -18 -8 -13 -40 -99 76 -43 -92 85 72 -76 -16 -88 67 20 94 -47 -13 66 5 76 -34 -69 34 -1 49 74 -69 12 -53 79 -20 -67 -54 58 21 -77 65 -24 -49 68 81 -3 -58 -93 -97 98 -68 -13 76 30 78 27 18 49 -76 64 44 -51 -99 -76 13 -48 21 9 -29 -61 -42 8 82 56 -88 -50 -96 26 79 -7 46 -29 -86 0 34 -75 -46 41 -63 -73 82 94 -45 -89 -6 -46 -55 62 -42 48 -27 23 95 87 -5 57 52 -65 65 -65 31 -81 88 60 22 10 -41 75 78 -43 52 13 -38 19 -3 70 -77 28 -53 41 -45 74 -17 -20 90 -25 56 -62 4 97 -44 -43 -48 84 -26 -65 27 -91 47 5 21 -22 -46 56 -56 3 51 -13 60 36 75 -48 -11 13 -70 88 -3 -28 21 -28 91 58 18 -72 81 31 -47 90 -48 -38 -73 -28 66 -20 69 40 13 -82 -55 -90 -11 27 -32 -20 3 81 82 25 -45 -93 65 -51 -65 -45 76 -33 -48 12 22 -28 -26 -62 -68 56 33 -92 61 -60 -18 63 80 23 46 32 -78 4 93 82 -6 71 -87 -69 55 -90 -32 58 -31 -12 5 -44 64 96 -39 67 -46 -29 15 -68 1 63 -90 -36 50 26 -46 38 -57 -9 60 -48 -31 1 -69 59 86 22 -78 14 27 64 96
73 75 -6 -86 -48 -62 -56 -18 66 12 -70 5 -38 -99 36 -87 -73 -20 -22 32 -51 -47 -71 46 31 -57 20 -69 22 91 16 3 59 -23 54 74 39 72 -9 86 0 -51 -60 16 47 44 54 -97 40 80 8 46 -56 -69 -78 32 -95 48 -8 -75 26 88 60 -84 79 -25 82 -46 70 81 -54 33 -20 -39 -30 26 57 13 52 -76 -59 74 -94 35 -76 -6 81 83 42 -85 8 83 -2 1 48 69 -6 70 18 64 -25 -86 18 -28 13 -83 51 76 57 60 56 18 -68 99 88 -21 -60 -44 -39 25 40 -80 -61 -10 -83 66 73 -19 -7 70 -85 -64 35 40 3 -69 10 -70 -56 -92 -39 14 10 -74 -90 55 -95 34 -12 -25 -82 92 46 82 7 93 33 31 17 38 62 46 -69 66 19 -70 76 -21 87 72 9 44 33 -61 68 -68 97 -12 -93 44 -70 45 2 38 5 53 56 -83 58 71 -57 60 -33 46 0 -61 -42 -35 -41 53 50 -66 25 61 97 -92 96 -4 -9 41 97 36 -91 -86 51 74 -20 53 39 31 -51 92 -57 76 72 -48 -78 81 -78 37 -29 50 8 -61 -52 7 -74 -87 -48 -46 30 66 10 44 -17 22 38 -47 28 16 -33 -31 34 -12 73 -66 41 -90 -61 8 71 85 -81 11 -25 8 68 83 43 87 33 -17 -27 81 -58 52 47 30 -59 -14 -13 44 -48 -95 46 1 4 42 -5 78 -38 -47 15 37 -44 1 -40 65 13 -76 60 -95 -24 15 33 81 95 -40 58 18 -67 57 73 -78 43 29 -61 -97 9 -98 -27 -56 58 73 -4 -10 -65 79 -45 27 -29 -55 48 -53 -10 19 71 73 -84 22 0 54 -42 -48 -51 10 6 -68 -81 20 94 13 -86 62 87 68 62 94 -84 -88 -18 -48 20 22 -98 -19 26 -11 12 95 9 77 -74 -87 81 54 94 -77 6 33 24 64 -63 -99 41 31 52 -24 18 79 8 -96 98 -59 -57 9 -42 34 5 -53 -62 30 -28 91 12 -16 -46 47 70 -33 -50 -51 -52 79 -29 85 93 27 -16 59 39 43 18 4 -57 -50 -84 23 -5 -96 40 63 -72 -43 52 -62 -77 14 -53 51 -96 66 6 82 -29 35 4 76 -35 -94 88 -86 -43 98 88 -27 -66 83 -84 82 -35 24 7 15 -94 84 25 -78 -91 -21 -65 43 -64 -34 -46 44 -20 -51 -29 8 90 50 97 61 87 -21 65 -18 -21 -41 -41 11 34 47 -35 -59 -69 73 25 -99
-92 -26 -26 34 59 -28 76 -68 -26 -56 -89 -43 55 57 15 39 -76 -82 -8 -93 73 88 -12 20 22 2 40 -72 -63 4 -24 12 79 -60 1 92 -41 -47 67 -60 -38 54 -58 -8 99 76 -86 41 41 -73 2 -67 -45 22 -6 -11 42 80 -95 -28 -17 -9 -8 -8 94 -70 59 4 -16 95 39 -38 44 73 92 -62 -99 13 38 92 -43 -88 23 51 97 -96 -87 12 58 -10 90 85 77 77 -87 -26 -25 -27 67 -27 10 -28 39 -79 -92 63 31 25 75 -84 -28 90 -58 30 48 -76 65 59 -98 -8 66 -97 -38 30 44 -16 -20 56 82 82 -64 32 -20 -23 47 -49 30 61 -38 2 79 -43 9 24 -81 -97 17 33 62 91 -49 24 -50 -65 -53 -41 -39 -41 85 -30 -5 -96 -32 -73 -67 27 -36 92 48 -56 98 85 66 25 -84 -77 40 30 -87 -23 15 -58 -3 -79 -63 56 -1 -79 90 -46 -69 -36 33 -60 -24 -38 -5 -43 -62 70 -40 38 33 44 13 72 -9 86 -63 -68 90 94 -68 -74 97 -48 -43 35 87 74 71 44 -27 62 21 31 31 15 33 25 -22 -11 -3 -33 10 -69 84 -60 -72 -16 96 52 -6 51 -35 80 -84 -96 -58 70 42 -97 84 67 -44 46 -52 -26 -32 -86 16 16 -74 27 -54 -51 63 56 54 -62 30 37 -44 40 71 -21 -64 22 -9 8 -81 -67 -43 44 61 97 22 -32 48 2 95 -10 -87 65 -30 98 89 -39 17 33 77 -77 -87 71 -61 -97 -68 74 21 75 96 -25 -53 83 96 43 -39 -41 -12 -70 -66 55 -87 -39 73 -71 79 27 15 12 -24 -64 5 -28 -76 -88 3 52 62 -45 91 -86 12 -22 37 -61 16 -31 8 45 44 -88 95 -52 -14 -79 -40 81 68 82 67 -68 -91 -91 -74 -62 -15 29 -1 18 72 26 9 -23 61 50 95 37 76 88 -59 51 -43 -98 -57 -3 -51 28 2 -61 -23 -75 33 -58 32 43 -20 -56 13 -42 64 -93 -17 -3 -39 26 -21 -59 79 42 -74 -56 8 -49 -15 92 87 -31 67 91 27 -6 69 9 89 -83 38 -81 -41 -80 -40 -43 -34 11 -74 -23 38 -41 -33 -56 57 61 35 -87 -43 31 -90 -90 26 51 33 -51 50 17 -97 3 -68 -47 -36 -90 -15 17 38 11 22 14 41 17 26 68 -94 36 10 18 21 -47 84 79 99 42 32 68 7 -17 53 -82 79 6 -42 -67 -43 -22 58 47 73 -39 94 -43 20 -42
25 51 -46 -70 54 -89 61 -35 -48 -26 -96 -76 87 25 -19 -20 33 74 -68 93 -1 -98 18 -90 22 84 19 -74 -44 -95 -92 -16 87 -15 -29 39 -65 -25 41 -45 33 35 -61 13 -26 -3 -77 95 -41 84 13 51 -58 99 24 -93 -98 -55 69 41 -34 -60 -25 -3 -26 -40 10 57 43 65 8 39 -40 16 -36 -10 29 13 -90 36 29 -10 53 69 -96 22 90 -13 -12 -2 1 52 -96 -99 -16 -97 -98 61 53 -81 -15 82 99 33 -77 -36 25 -15 -74 29 26 62 -61 89 -23 89 98 -54 -49 57 -49 13 -16 -5 -14 5 76 -62 75 -21 -67 -47 98 -23 97 58 81 -92 -81 -46 -69 69 61 -9 42 -28 -21 35 -54 -90 -3 3 31 38 11 13 57 0 -4 -60 99 -66 -51 28 -53 6 -41 27 73 -11 24 -41 50 88 -86 44 -96 -42 -56 -41 3 -41 86 93 -40 -70 -68 -39 -95 87 59 58 -22 29 63 -62 64 58 36 -90 -31 -62 -57 75 -26 23 97 -80 -61 -73 58 51 74 -84 -71 -57 -58 98 22 -43 72 31 15 -21 85 -85 -1 -30 -58 -74 85 -16 -99 -49 -43 92 85 -24 59 -33 13 90 -78 -52 28 65 -89 1 19 57 -99 -10 -67 -50 -36 37 0 -32 -20 88 -43 10 -69 56 64 -90 93 -11 52 74 46 -36 31 -33 67 6 -82 -45 49 23 55 -80 -21 69 20 -2 64 94 -26 -87 -67 -86 87 39 92 -68 -73 98 95 70 -83 -15 -63 -71 26 33 -65 98 -43 -54 17 16 -63 63 29 -83 -60 88 84 77 -41 63 -56 62 -92 67 -96 -54 -92 -73 36 12 -50 -31 -1 20 37 -81 29 -92 -3 -58 69 -13 24 0 -59 -9 -26 21 52 -58 -94 -30 47 -33 61 -10 -95 -35 34 -43 53 88 -64 33 20 -4 83 30 76 78 -29 96 80 94 -58 74 94 21 -27 -98 99 92 -66 -83 -27 -61 -54 -80 -4 -46 -38 91 88 -63 -36 41 19 -44 -92 63 -3 -10 19 -32 -29 76 32 -26 -66 48 -22 -66 -66 27 -67 -30 39 -2 -50 71 -50 -8 13 79 -12 52 -39 -85 -87 -42 -22 98 -96 -25 -15 -97 -96 13 5 -80 -11 74 6 -1 56 -41 80 5 -30 -7 18 41 -42 -9 -79 95 49 60 48 22 -58 -92 -58 36 84 -35 -89 11 96 34 -37 87 -72 -72 65 54 0 4 98 3 26 60 -13 -81 -33 -38 79 -18 74 71 99 93 16 13 76 -79 59 60
-16 -64 -15 -90 -57 -26 92 -62 60 -24 -35 33 -74 87 -2 -95 2 15 -29 -7 79 -95 -30 34 -91 67 -67 90 82 -4 -82 -80 -29 -1 88 -89 -38 57 -33 86 30 52 -79 73 64 50 -66 28 -58 -6 39 71 47 -35 -23 -23 85 14 71 -2 58 17 -76 -51 -11 -49 -62 -78 -23 7 -11 -34 20 86 48 -44 33 -16 60 78 -96 68 27 -32 -13 -43 56 -23 -42 20 55 -46 54 33 48 54 40 61 7 -41 -41 -78 11 59 87 -27 98 -2 0 -90 -94 -74 74 92 -75 68 -47 33 -88 -82 -61 -91 -37 -17 80 90 -7 10 -94 -28 40 31 -5 88 95 -48 16 73 88 25 -13 -84 18 -20 55 16 -11 -42 58 -82 15 85 -81 -12 -27 -15 20 25 -23 -39 1 53 6 73 20 -37 5 98 93 11 42 -77 -53 8 -29 -87 55 -85 47 -2 -78 -68 -30 75 -77 69 -15 35 -95 31 75 41 16 -73 31 -7 -52 59 48 -37 67 86 -29 32 -56 -66 45 -36 -52 15 -53 31 -98 33 40 20 77 -47 15 -14 19 -58 -79 -75 87 -26 -31 -48 -1 95 2 -43 81 90 27 40 -29 -71 -62 -19 -79 5 -42 38 78 -16 10 -86 -40 40 50 -80 16 47 70 -22 -26 -10 -55 -49 -73 7 -72 -13 -47 -92 -86 -11 -94 -52 37 -89 7 45 -44 -33 -40 86 20 -76 71 8 -91 -96 71 -98 -44 41 -92 -38 -38 -89 81 -31 79 -49 -3 45 80 -94 -43 85 6 27 23 -93 -55 30 -4 -13 -86 53 99 -10 -90 90 30 78 -58 -36 -10 -71 7 -37 -96 16 -27 87 80 65 53 75 -66 -10 78 56 22 -45 17 44 37 80 -3 -19 71 39 -18 0 -12 -38 43 -48 43 91 74 -41 -27 -55 79 70 27 -7 87 10 94 -93 -22 81 -98 79 -64 5 36 78 77 -67 61 27 58 29 27 21 -51 87 -29 -34 -46 -2 46 -59 38 -88 -42 22 50 -1 4 -9 -7 30 13 38 80 98 -30 -30 57 78 -16 -2 54 58 56 -90 8 29 98 58 -29 63 75 27 -41 13 -56 18 86 -62 58 26 45 12 46 30 7 54 -77 -4 65 -75 40 -58 -3 -66 20 53 37 -63 31 54 45 -44 -9 31 13 75 76 83 31 95 -73 -63 27 44 -47 31 50 62 -39 -24 -68 17 95 -85 18 -71 -40 25 -86 7 -66 39 -30 39 47 63 14 10 -8 40 33 48 -56 -71 -92 91 -67 -17 14 -57
-94 -12 75 -82 -34 79 19 -24 17 -75 46 -2 -70 -19 -39 -76 25 59 43 -59 -32 55 49 19 54 80 31 -7 80 -86 -17 -69 -99 31 86 -50 80 55 27 39 -26 38 -38 98 -17 -7 -47 -13 -48 -66 70 -70 -67 66 73 23 -12 29 -67 -50 -16 18 -19 -30 17 -65 -58 -1 -41 74 -74 87 81 -8 58 3 -35 3 68 -1 -6 45 26 -93 -15 -47 26 -84 98 62 27 -26 -17 -97 -23 51 66 67 -59 58 -64 -82 -67 45 -42 32 25 10 -32 76 33 30 -50 -63 -64 -37 93 50 38 -56 39 40 13 18 80 -4 -91 6 -80 58 59 -89 -61 -67 -45 41 65 -43 -2 -71 12 78 -30 74 -80 -52 -91 -85 79 -65 -28 3 -42 -2 77 -36 42 -43 51 -26 -5 -76 4 -39 79 -26 83 -6 97 2 -95 -98 -75 9 62 -96 73 -79 -41 -87 66 77 -10 49 -52 88 -20 -54 63 -13 66 -62 -9 9 -9 89 49 -53 -49 -2 -51 81 1 25 -52 -67 19 -60 74 98 74 29 -84 93 -18 -91 29 26 76 34 2 -60 -86 55 77 -35 -36 21 76 27 40 -99 30 -48 19 -18 12 58 -18 69 16 94 -51 65 -61 75 92 -49 27 -19 30 -2 -76 -97 -46 16 41 -44 -99 77 20 -39 -85 -83 39 52 28 28 95 32 -71 -35 -72 -39 -43 -7 -95 42 9 6 -31 57 -98 -57 -27 -32 -71 80 -59 -86 -94 -96 -12 88 -31 84 71 -27 -18 57 -99 27 65 3 3 94 69 56 44 -32 -7 -37 23 -42 -48 -57 -82 -51 -66 27 -23 -13 -2 -51 35 -91 26 13 2 -13 -84 -82 62 -64 -51 -66 55 43 -12 5 -14 66 42 93 -74 10 -6 74 -13 67 -30 -12 -59 -68 -82 42 61 86 -59 -38 86 41 97 58 17 82 49 17 14 -55 -79 -38 -92 48 -58 -54 -54 68 -43 88 33 -78 89 77 38 -54 63 19 84 6 -86 -87 66 -50 -28 -62 26 -41 -58 -24 -69 -21 -3 63 -25 -9 38 58 -3 -44 53 -97 -31 75 -41 94 19 -57 35 8 -51 93 38 -63 64 -35 -51 -24 24 93 -64 -88 -31 -93 -95 97 0 89 48 12 -21 -25 -8 64 -51 98 12 -29 40 57 73 -60 91 -74 -91 64 -30 3 -3 -90 -37 54 -39 6 46 25 -96 -63 84 -64 -73 -66 -72 49 -43 -2 -98 53 93 24 -39 -61 84 1 -79 -37 82 38 -77 81 22 7 39 -25 -79 -70 -34 26 72 -61
30 79 -99 97 -60 -67 87 -64 -69 -92 -6 12 -39 82 -17 -45 88 51 72 81 -22 25 77 14 99 62 98 -76 -62 -99 82 72 -99 50 -27 -33 -57 -31 -45 19 -83 -44 6 41 44 87 76 -24 34 80 30 99 -42 -40 -67 40 75 -99 -53 -4 -59 99 -2 8 81 -76 61 -63 -18 59 48 -21 46 46 -51 -12 70 53 -96 -84 72 46 17 89 -93 56 -24 51 -28 -34 -39 74 48 -95 5 11 74 78 57 -41 40 0 -70 -62 -67 -27 79 6 28 -41 77 13 -9 -59 85 35 42 -13 -65 32 49 -76 -19 -44 16 44 77 98 -17 -90 40 -21 -7 29 37 -8 -16 -25 -51 32 95 34 -31 59 90 -33 -24 95 -83 45 7 54 -88 -59 -99 -57 55 -45 -1 30 60 -45 -28 -62 -19 1 96 12 44 -20 33 -8 -70 -84 9 11 -76 -47 9 -16 -13 46 -39 72 33 -2 -6 64 -31 -51 -93 42 -45 12 -81 -57 22 -10 7 -65 -89 92 -18 -51 47 -11 -54 94 10 5 -90 0 58 -73 -98 -39 -7 47 -79 40 49 -71 11 30 -96 -82 6 60 10 38 17 32 -87 33 34 7 -33 -72 -40 74 -84 5 -89 -50 76 26 -91 60 89 31 34 -10 22 -43 35 -74 -32 -43 -13 77 44 65 82 -6 45 15 10 40 -2 21 -68 36 48 -44 -18 -80 -40 75 30 59 -23 -97 -32 -2 55 3 -13 96 12 62 -17 -74 -17 93 90 55 98 -68 -67 -68 57 80 -57 -26 66 64 -6 -3 -24 -88 76 -32 74 -17 -85 -64 54 -52 -71 -14 22 25 26 -73 75 -57 -90 -87 35 13 -86 60 -58 37 -25 -80 -95 23 31 61 -23 67 51 53 75 -23 17 53 -18 -31 48 -68 59 82 83 77 -90 14 62 -69 92 83 54 24 -47 -12 -7 -13 -49 -60 33 -8 -61 -40 91 -67 -76 -51 -13 -22 96 21 -85 24 -9 -1 -54 34 75 -12 -88 41 -21 99 62 97 -27 3 -40 68 -36 53 28 -53 -18 29 -24 92 -3 45 63 14 -47 70 53 32 -84 -48 47 -84 26 -28 -9 47 49 37 66 77 17 -95 -1 98 -14 47 23 35 30 58 -8 82 38 21 9 -65 73 80 44 -53 92 2 99 39 56 10 95 -18 23 -43 -19 71 6 94 -45 -11 -74 -76 78 -51 13 -10 -51 -15 -88 -73 45 90 -54 -47 -54 -69 -82 4 98 -26 -75 -33 -66 73 46 8 75 -52 35 -26 -11 -84 14 -57 -77 -43
-96 -71 -47 -29 -65 -59 42 17 60 -20 -6 -30 96 44 1 -66 -30 -64 -51 23 -79 41 -77 -87 -52 22 95 6 1 55 -44 -91 -61 -31 5 81 -48 9 -41 5 53 18 63 -82 42 -19 54 -87 94 77 -63 -53 -87 -77 -88 -41 42 -88 -88 35 36 -70 71 19 -73 38 -25 -3 64 72 58 -16 -12 -33 -43 -70 -33 -2 -90 17 -82 88 -48 32 -81 38 -40 43 -1 87 36 63 -26 -43 -89 -62 -8 -8 -79 83 73 7 17 77 15 64 -38 92 -70 18 -66 -85 2 -50 55 -88 93 -62 77 -60 98 -54 -41 -51 20 -40 76 29 -51 -68 -38 20 -58 -65 -40 -88 -95 -72 75 36 8 81 55 -15 -10 -24 -24 21 83 -51 -22 38 -19 -18 55 -69 46 3 42 -33 -30 -67 -56 63 32 27 -67 -35 -5 -65 -41 96 -33 99 93 15 -48 -5 -22 41 -11 -28 24 -40 27 -59 -25 -57 -49 47 50 -65 -23 -26 -8 75 -57 -62 72 48 35 -25 7 56 -9 94 -50 -35 28 -59 16 88 91 44 -75 35 48 80 46 -36 85 -46 -98 -26 -67 -56 73 1 27 68 -48 -76 98 -73 54 86 -59 -27 -27 -80 -19 59 -94 -56 -95 -6 32 -14 -23 74 -77 -85 67 -75 4 56 -11 -34 -80 -10 61 -97 92 61 -3 -48 43 -91 -7 -97 -7 -25 -67 44 -87 -59 -8 -43 3 41 20 94 -87 47 -60 -93 -22 82 50 -3 -98 63 -50 44 26 83 61 -39 -14 -23 -23 50 -37 -48 -29 -11 -48 -49 15 -62 88 8 -51 -85 30 -77 93 22 10 13 -16 -97 -68 -34 76 -22 5 -39 90 -45 97 20 -12 61 10 77 79 -87 10 60 44 29 43 98 48 -34 7 35 -60 41 96 1 65 -85 95 73 80 -63 46 74 -77 -36 -52 -21 59 11 23 -38 -94 60 63 -38 66 -22 -47 -75 -74 93 -11 50 -75 -98 -6 -85 69 -62 14 79 27 16 -14 -84 -93 33 -57 51 -96 62 46 -28 86 2 93 -27 73 80 99 -68 89 -82 -10 -83 -70 -82 -6 30 -85 54 -35 -99 -14 -2 43 -87 -4 -90 -30 -13 -44 -60 -52 76 3 -34 70 -23 -8 -27 -19 -33 99 -5 -49 87 -75 -56 -39 85 89 -47 47 -14 -99 -47 -90 62 30 -7 41 -67 -89 13 84 35 -22 -4 -49 44 10 -58 5 21 -76 -52 7 14 -42 -79 34 3 27 71 -94 -28 80 36 -31 -87 -3 -81 -27 15 41 -77 37 -94 12 -35 13 -2
-8 44 57 45 13 -9 -10 93 -21 51 46 99 -3 65 98 31 28 -52 65 -33 -44 -7 -12 -1 -94 -71 95 -40 -22 79 66 77 99 84 -23 -14 90 84 44 -35 79 -2 93 47 -33 99 12 23 -64 63 28 64 -6 95 26 59 1 -53 69 -65 13 -71 4 -39 -39 51 -19 92 -69 -88 -66 38 73 -24 -67 9 -30 -41 -91 31 76 55 -4 48 15 45 21 45 -26 -79 -68 94 -69 61 25 -66 33 83 -88 -56 -33 33 -70 76 24 83 -76 -33 62 -90 86 41 -53 -76 -58 17 -11 10 -81 -77 -31 -44 9 -65 -25 -60 65 -59 69 -53 57 -80 -23 -7 -91 73 10 -57 49 -94 -10 -93 -16 -8 84 -85 71 25 52 81 -44 67 16 -14 81 17 77 85 87 99 -91 21 71 -36 76 -37 -61 69 55 36 -98 97 16 36 57 56 87 -63 -11 80 -33 -20 52 -91 -74 -12 -31 34 -13 92 72 -32 31 21 67 98 2 87 39 -83 -62 -71 70 -50 -98 -3 6 -14 62 46 73 9 -46 15 20 -10 -78 7 -75 1 72 75 13 69 60 74 -95 -83 -93 35 -32 54 69 79 54 17 -84 -67 1 67 42 41 -61 23 75 83 23 -45 -24 24 -15 96 -36 97 -55 81 86 96 -41 -21 89 69 -63 -13 47 -16 73 -6 -25 53 75 31 10 56 -46 -54 83 60 1 -36 -43 21 12 -32 12 63 -18 -36 55 -50 96 13 -53 1 8 -70 68 -67 30 3 6 74 -92 -23 -92 -1 -69 9 -35 81 -87 -99 55 -45 -26 -67 83 14 -23 84 -93 49 20 26 -21 91 -24 36 -94 -51 61 82 -78 -15 84 78 -38 63 -63 -73 -69 -5 58 -59 -65 85 -61 -50 18 65 -77 26 2 36 29 6 -1 34 -66 -7 -82 11 -35 -47 46 7 26 -45 77 96 61 93 55 61 8 56 87 -52 -62 -83 56 71 19 -5 -20 26 -16 18 2 29 32 56 40 52 -85 77 -62 26 29 39 -99 -93 -25 97 -71 63 2 45 49 -94 -97 -56 44 75 -93 47 -40 79 -72 37 48 37 67 -77 4 -35 -39 -33 51 -93 -15 61 35 -44 2 -77 6 62 26 -96 -62 -62 12 -43 -63 -43 1 -45 46 87 87 80 -28 43 -85 -98 81 30 78 -97 -11 60 16 -21 71 22 -54 83 -62 52 -15 -76 -89 51 36 -56 -41 79 -75 34 18 -39 -40 92 -19 -23 -31 -58 74 -18 -53 6 -30 -35 -49 68 -71 -74 -37 -68
42 -68 -94 63 53 -66 34 57 -14 67 8 14 23 -73 -78 53 10 85 13 -13 29 -56 -99 -15 -32 -91 -23 38 -64 -56 90 -71 -15 -24 -33 -13 -8 38 -53 2 -72 -29 -40 -23 -59 54 -97 -51 99 -31 -8 -97 90 21 -7 82 -41 25 19 -71 88 84 19 -46 -87 8 47 15 92 65 -50 49 -58 34 -93 -36 62 13 -54 -41 -87 79 -87 69 12 33 99 -72 -56 68 50 52 -51 29 -1 23 18 -81 -34 76 -69 25 -13 10 19 -63 43 -14 -28 93 15 -94 63 -30 75 -94 77 24 -8 77 27 -95 81 87 88 55 -88 -18 -5 -3 -96 54 2 -62 29 -83 -19 36 8 -92 -51 -63 11 76 75 -22 39 -84 -78 62 43 -86 -93 -7 75 -63 11 42 -38 87 63 91 -89 7 82 43 64 -49 39 -4 -90 -52 13 8 22 -22 84 7 -34 -3 37 40 -44 6 84 84 82 21 65 -87 98 -9 69 -11 -59 -4 35 -44 73 52 -45 43 7 69 -72 -3 12 -51 99 67 -41 11 -54 -74 0 5 4 48 -92 -13 -19 20 -81 -52 47 74 57 87 -19 73 -59 22 -62 -70 -36 -18 67 40 -22 -51 71 76 2 -17 51 -34 90 31 -97 31 98 -14 -39 -58 98 9 -76 64 -86 83 -55 82 -66 -74 -52 63 -42 -24 53 -27 26 -70 26 -30 71 -39 98 78 -3 6 19 -3 -34 47 90 -42 56 35 94 92 -89 -49 -71 -15 88 -38 15 12 28 84 43 -66 43 91 2 -40 -77 47 -3 14 63 -39 30 36 -43 -20 44 -87 55 -51 -82 -43 -92 -88 11 78 -23 -82 95 87 -70 -3 -50 -79 27 81 -87 -50 -17 59 53 20 -10 -93 -86 -78 38 -46 8 -91 -84 39 -91 94 77 1 85 2 -66 22 -83 95 38 30 48 -67 92 39 -53 -40 8 -66 -94 -49 -96 -76 -12 -85 28 9 -31 5 51 -75 80 -27 75 -26 -50 32 -29 64 -40 97 -80 -21 86 -93 -75 -44 -75 -88 -15 -27 -97 94 64 -79 24 26 -70 -79 -25 84 25 -85 73 20 33 43 71 -86 -42 -25 47 -37 93 -34 59 73 40 -75 -24 -36 6 49 -80 -4 -59 -63 -20 83 -12 -72 -80 62 -9 87 67 -31 -65 32 14 -82 -51 -71 54 -26 -75 -48 51 -24 69 80 13 80 -48 -57 -40 -38 12 81 -2 -68 86 -30 -17 48 78 76 60 -28 -69 -7 -74 -6 22 32 58 66 12 -22 -13 -3 -72 76 8 -80 -87 -19
-89 -19 86 -60 -21 -51 -14 -92 -66 6 3 -25 38 -6 43 -57 97 -77 57 -96 20 -67 -39 -92 -74 -38 -41 -50 45 4 -59 -55 -42 58 -12 -31 -87 51 8 -57 75 97 74 -89 -5 -9 33 -38 -3 28 10 -23 73 -59 52 8 -88 14 -48 -45 44 17 -75 -20 3 -48 -19 20 -69 8 76 18 -41 9 82 5 70 99 3 28 -41 86 -36 -48 -3 78 -73 14 -3 79 -35 13 -85 88 49 14 -8 -99 -66 8 89 83 23 -37 4 -93 -70 63 29 -14 73 -42 -10 -34 -50 -57 50 37 -68 -84 4 -32 -74 -4 99 61 -70 -33 -70 -23 -99 -79 48 -77 -59 28 17 81 -5 56 15 55 -94 -53 -21 -48 89 -50 -15 12 -18 8 65 91 93 -25 -3 -5 -2 -35 -49 32 43 47 -53 46 83 -44 -81 49 -15 -54 -48 7 -50 72 94 -33 -2 26 -3 41 -51 22 -60 71 6 1 23 -62 -19 -4 -47 18 72 21 -66 40 -14 18 -73 46 -14 43 -18 52 12 15 78 -33 -68 87 19 23 7 52 -6 -90 -61 9 28 -35 64 -75 -56 -78 -63 75 24 -51 -18 -69 -54 -93 59 1 24 18 73 55 91 85 2 37 62 24 -12 63 -94 12 -75 -71 55 45 -63 64 -50 -41 50 43 -79 -64 -54 -94 -63 15 -41 97 23 50 41 -56 -96 -60 -18 53 74 -64 -26 0 -93 -66 78 -13 -71 -72 -33 14 -8 33 95 19 56 94 -60 -85 4 -66 61 -30 -94 9 -60 52 -60 22 53 62 37 -15 58 49 -60 31 -98 -87 -52 -31 39 75 41 -12 -53 79 -71 37 14 44 16 -99 59 65 24 1 -63 -17 -91 52 21 -33 -21 83 2 -4 34 -22 -88 18 -89 14 -99 -30 -60 -11 -32 -8 25 52 65 81 -59 77 61 -85 30 -69 71 -88 -58 -34 -71 77 19 -62 37 -19 -55 81 91 98 -76 -87 -38 82 -75 0 -97 25 46 -11 84 86 69 24 1 -43 -14 -78 9 37 44 67 70 11 46 16 27 75 34 -28 86 46 -77 2 66 80 -55 -53 -70 -8 -92 78 -53 73 -63 32 26 -38 76 92 22 -72 -96 97 71 51 -80 69 98 1 34 -77 38 -64 -93 -16 50 9 -46 48 43 63 -72 -19 -59 17 22 19 -1 -27 -25 28 42 -50 45 21 66 0 3 -98 -87 48 54 78 98 -45 34 99 -65 72 26 42 38 -21 1 7 -10 -15 62 -90 71 -52 -57 61 -85 83 -14 -40 42 98
91 43 -51 -84 17 77 -13 23 -81 30 -87 46 -54 -65 -33 40 1 -88 10 -97 -90 -39 49 -77 6 53 -77 -98 69 27 89 -48 -64 40 93 79 -86 56 -60 20 10 -63 99 87 -73 16 -80 51 -75 -21 -86 63 41 81 -49 -5 54 40 -27 69 -46 86 25 -27 1 -52 -92 18 15 11 13 -98 5 -64 45 -61 -2 -68 49 -53 -3 97 52 63 9 37 -69 -85 51 -42 -73 37 -96 -30 34 58 -23 -58 -21 -96 -4 45 99 17 55 37 -97 -34 64 -87 -81 -26 11 -19 -56 -86 -59 50 -10 -60 -19 -88 87 -18 29 -65 -96 -14 32 16 2 -61 -30 -57 85 -49 -60 -21 51 -89 -16 68 -21 -86 78 -24 -47 -83 -98 -59 94 38 64 27 62 84 83 -52 48 -84 60 98 -11 -83 -82 76 36 -12 31 13 -10 62 54 87 -86 -53 42 70 0 73 65 -63 -78 -99 44 83 12 61 47 1 -49 -34 -57 35 -40 39 27 -98 14 66 -51 6 -68 55 -32 77 49 11 -45 -59 -33 2 -27 24 41 -47 -27 -5 -76 -43 49 31 -48 -36 29 99 -66 59 -22 -23 73 -20 34 -41 27 -50 68 10 68 -31 21 -13 63 20 60 33 90 88 -61 -49 -73 80 89 -61 43 94 -28 -89 72 -30 16 -12 -1 64 12 31 91 75 -2 94 -56 13 -66 -97 89 97 -95 -95 6 -17 -98 21 8 -94 1 -7 13 50 9 53 67 96 30 0 -3 78 6 -13 66 9 -68 -35 -15 14 -86 -3 8 -40 0 -96 6 67 -32 45 70 -30 30 20 99 -6 97 -97 71 17 33 35 21 -39 85 91 11 -24 99 38 74 -88 -60 -79 97 -25 -7 -76 86 93 64 -89 48 -77 50 73 -42 57 -41 14 76 -94 2 -39 -88 -76 -99 5 93 62 19 -53 97 42 -31 46 61 24 43 99 -85 -15 -93 16 56 -13 3 -2 94 -67 -67 -24 -48 17 6 -71 6 73 38 57 13 83 12 -19 -97 40 -74 -35 -12 -91 -56 -21 44 -84 -88 57 62 27 -7 -69 61 -73 -73 72 11 -79 -83 -17 -94 20 -66 39 30 -66 96 -86 -57 44 -50 -64 43 43 -6 55 19 11 45 -48 30 -74 -44 -29 -73 -3 96 18 33 44 41 0 27 -8 -69 77 -91 -32 11 77 48 -74 -85 24 -67 75 -57 36 -74 20 21 15 23 -20 -7 91 98 -50 -79 -21 73 66 53 87 7 75 -70 5 -30 84 85 78 -61 -17 -69 41 -47 -67
-86 -97 21 -77 -38 9 61 -58 9 -61 -30 -32 20 -88 -13 64 89 -52 23 6 -5 -31 38 76 23 89 96 -73 -28 70 46 4 -8 -70 -55 -49 -82 -21 57 55 75 -39 4 -54 89 -30 -54 -18 -34 2 -44 -90 -14 -51 -91 7 -48 3 55 85 -75 70 -7 -18 -36 49 28 26 89 -11 76 -93 61 31 -31 -98 -26 -93 -90 52 -96 -47 26 58 67 40 10 38 11 27 8 70 -78 9 91 66 91 -78 52 53 -38 -26 32 -42 -91 -63 -40 -90 23 -9 79 -98 49 -89 15 94 -99 -17 72 -7 6 99 9 -10 -33 -14 39 19 -84 -7 64 40 53 91 72 -36 77 -25 51 12 -3 60 36 16 49 12 94 76 20 -81 27 51 -23 -19 -99 68 43 59 -99 67 -87 60 -55 -48 90 -41 0 -81 98 -62 -27 -72 -83 -26 -26 -21 96 -19 -50 0 81 -83 -90 -11 -96 91 -85 -25 -22 22 92 -46 -2 10 -52 30 7 -92 90 2 -7 -86 -98 -39 4 -71 -42 20 -84 36 18 61 -43 -34 15 85 48 -42 4 -67 27 49 8 -13 -64 26 36 38 50 -8 -30 -28 3 63 95 70 47 -24 83 20 99 -33 82 -10 91 -76 3 -47 2 -51 51 1 92 24 65 -4 55 -42 65 35 -44 72 -21 -3 65 -49 61 -72 8 -77 37 18 -48 -47 -40 -13 45 85 51 -21 44 70 3 -25 -86 27 -99 -36 -72 -93 98 35 56 49 -27 39 -20 -99 32 24 -4 58 -72 -52 -21 -16 5 47 -70 19 20 14 77 -51 73 81 -87 3 -18 -86 -9 -30 67 30 -38 -17 -18 -51 29 33 78 -43 25 -83 62 -67 59 -36 61 75 -27 -3 51 87 -30 56 80 -80 -66 -14 42 -21 -79 -35 67 -44 13 -64 22 -30 58 97 -10 28 37 -22 -37 -98 -21 52 -86 92 -45 9 12 -62 75 -20 29 -72 -75 -36 37 -91 73 -19 -11 88 7 8 21 13 75 81 -89 -49 32 53 -87 -1 41 67 -33 -59 -96 24 18 -63 41 -63 14 -16 -88 -64 -69 -63 86 -44 -18 -86 -74 -91 -85 98 -8 3 92 -40 90 -64 37 21 -48 55 7 84 -17 -7 82 -91 -60 -75 21 20 12 72 -22 0 -94 13 36 9 72 -49 91 -16 84 -70 23 19 13 -6 -34 -26 -14 -79 -79 57 -54 60 21 5 -24 51 -1 -2 5 76 -55 75 54 67 -17 3 4 56 -99 49 59 67 69 -95 36 -67 49 -60 -75 -86 -31 -8
-48 70 32 51 58 38 -78 51 9 -9 19 -7 48 -73 -17 47 29 87 -79 -40 72 4 2 86 -96 -90 -60 39 -55 -4 -13 35 22 -9 -80 36 -47 -25 -73 -63 -71 -76 -77 84 75 95 38 1 -32 -74 -42 70 90 -87 75 -11 2 -59 -11 56 -5 -26 -13 -15 -58 19 -93 49 -27 -63 -10 -72 38 1 -91 -3 -63 -10 25 -58 -14 -74 -74 24 -41 42 73 -69 15 -2 65 -22 -84 -17 -41 -93 -55 -74 95 -93 30 -92 34 -1 -29 11 -13 -86 -98 13 48 88 -79 11 -8 5 10 -48 -19 -29 -97 -20 1 -37 15 -10 -83 -94 70 -31 -36 87 -31 12 72 52 -97 -12 -49 -26 49 -17 71 34 87 -72 64 -61 98 -81 88 59 -53 -30 53 85 51 -8 -3 -23 -96 5 90 -98 10 -14 -45 -46 52 -98 81 48 -94 76 21 61 -81 43 -54 46 -28 -28 -63 52 24 -8 57 -79 98 -50 -23 -44 8 -95 -75 -40 -58 -4 -41 45 -31 -56 -28 -99 -91 -33 62 -72 -99 -68 -7 5 -63 97 -77 36 -28 -73 -97 27 -18 68 -81 30 45 -19 36 64 77 9 34 20 5 -83 -28 94 -29 39 -54 19 78 68 7 70 65 45 78 -81 -80 27 81 -69 -32 -24 68 18 -15 8 14 -48 -92 19 5 -14 24 56 -58 87 -32 0 76 -71 81 -22 -84 14 -59 64 66 6 38 -95 -84 30 5 77 97 89 56 -54 -67 83 -6 -18 -19 -38 81 -5 97 47 57 56 63 -9 10 30 20 -22 -46 -8 -65 61 17 16 99 -13 -64 -39 67 -23 96 16 28 -18 15 50 10 -24 43 -2 -26 98 8 14 -16 -63 87 -47 -12 -44 -28 18 10 77 42 42 -57 78 -87 -56 38 14 -76 -97 -38 -5 -75 -49 15 6 33 37 11 -64 -76 54 -56 -12 56 41 26 -51 78 1 -34 73 88 66 -98 -78 -18 76 8 4 -49 -69 97 96 -55 71 84 -99 -59 3 -9 75 67 44 -15 -6 -18 -2 -54 -77 -44 -78 -24 62 -84 81 15 58 -47 3 14 36 -54 -95 -46 -6 14 86 64 70 -75 -35 -27 63 4 -53 -85 24 80 -20 19 75 -22 -2 52 59 -92 23 45 2 -39 74 70 69 72 -29 70 -29 -91 -87 62 8 9 11 -54 -47 49 -49 -86 -16 73 28 55 -37 -1 -96 -15 -33 94 6 -38 43 56 -14 -25 59 -8 -96 85 -53 4 -79 -78 94 68 -91 37 -32 -13 21 89 27 99 74 -91 66
69 -15 -50 -62 9 -54 5 -12 18 63 -78 44 -45 -36 -75 61 25 -17 92 -87 70 88 5 30 5 -52 -10 -7 -71 -61 -64 -7 -48 -34 -46 87 87 -96 21 -18 -70 -28 -28 60 55 78 92 -52 53 43 13 -50 -72 -15 3 50 -79 93 35 14 11 -21 23 -33 -78 -65 72 5 -17 14 9 -47 -74 92 59 -76 -99 -79 -93 42 10 -97 -62 -2 39 22 37 -78 89 58 -74 -10 67 54 -70 37 39 -55 9 -33 -82 -57 -34 82 33 -19 83 -31 16 -30 -4 -18 18 40 98 82 -13 -97 -47 -52 -53 -8 41 -9 -57 75 -84 -5 76 -69 -86 -61 40 -99 -15 42 79 69 -97 -50 -64 34 23 7 99 67 -31 -34 96 31 -34 -37 36 23 -45 55 30 -72 63 54 -42 -61 -84 40 -87 -17 92 41 71 40 -37 86 -83 -15 24 72 94 33 91 97 -25 -2 -72 1 73 -95 -83 -15 -85 19 -46 -92 -83 -10 58 -51 -24 67 64 -46 48 -16 -4 31 -21 -64 -11 90 10 5 22 -79 -81 -60 -98 86 -64 -9 -36 -39 5 -56 49 80 82 -24 76 -44 69 4 -84 77 -13 -66 -3 -76 -95 50 -98 -34 1 91 -53 -64 90 -26 -40 1 -6 17 -6 -28 -42 -56 -19 -23 -31 -54 -29 -29 49 -97 12 58 -26 64 55 51 -8 83 -46 61 69 33 16 -16 -91 18 -11 0 -88 77 -18 95 42 -40 -33 -14 -84 -94 -90 -2 -35 52 84 -85 51 10 81 64 -83 11 -59 39 -31 -59 86 94 -78 -99 -5 80 68 -12 3 -30 -51 66 48 37 19 -32 40 -29 15 28 2 -66 -72 42 12 51 50 20 99 29 59 69 -79 52 -6 22 -35 -18 85 46 -8 -89 -29 14 -50 66 -67 -24 72 38 -50 -39 -25 88 -49 40 -31 53 97 39 -62 65 60 -46 16 70 -71 -72 -97 -39 1 -69 10 -87 -5 -20 34 4 25 7 85 23 68 -17 -83 74 -54 -80 -51 -78 2 -47 -74 31 31 -5 -37 9 -52 65 8 75 -71 -38 90 -82 48 62 7 41 -65 69 37 76 -91 84 -91 7 10 60 64 -99 45 -59 28 -91 -61 -99 -9 -10 79 -5 -36 65 77 67 74 -8 -1 -19 97 1 -3 -84 -74 35 72 6 -93 88 58 98 99 16 -52 -55 -18 17 -50 -87 -26 19 -10 -17 -9 17 -91 80 -93 87 -44 33 -43 97 56 78 7 35 91 64 -81 10 38 75 -47 35 40 23 52 98 65 55 -82 -48
63 65 28 16 19 -14 -16 -79 88 -90 96 -57 -64 -23 -39 68 5 38 -70 -16 -72 79 -91 91 45 11 -18 91 49 -18 77 -84 56 35 56 -77 -81 33 72 83 19 -5 -79 -37 -9 -78 17 50 -52 24 -29 -2 59 83 -14 -72 -68 -74 -40 50 -35 50 -36 0 -58 -55 34 9 -43 88 -99 89 -74 26 35 -80 -35 -65 -76 84 17 44 76 17 -93 -8 -35 -94 -74 -38 87 -42 86 2 2 68 -42 -40 60 -97 -27 -81 -61 -35 92 -55 89 79 -52 74 0 -74 -16 -33 3 14 94 36 17 83 -43 19 15 86 65 -74 47 25 -7 57 48 -91 83 93 45 33 -46 70 69 -81 -16 -13 -34 -75 -98 -65 -69 22 -62 -6 -66 -93 28 -43 -31 -59 -68 28 12 -23 -38 45 42 88 41 -76 -70 51 -26 34 -64 -27 15 52 -70 76 71 -73 -51 -35 -44 79 85 47 -61 57 25 -77 49 73 -44 16 82 -24 -71 -6 65 -75 27 77 -47 -72 -50 93 55 13 -36 2 33 -29 31 -45 -85 48 -41 45 85 76 -64 43 26 -39 -36 83 4 -31 -73 15 -96 69 3 83 -96 43 -50 -93 84 14 -70 -18 -1 -44 -9 -50 -42 -23 82 -55 7 -90 -18 66 -68 -4 56 32 -24 48 -28 22 35 -30 4 46 -29 87 -53 94 -33 -99 67 12 40 -60 6 -80 -90 98 -12 -80 -35 29 -4 3 -35 74 77 28 -9 -10 23 77 61 -51 -83 -89 -10 -35 24 -54 56 17 43 34 -74 -86 -60 68 33 -91 -83 -46 -62 88 63 81 -65 -95 -57 25 -6 -59 -33 -17 23 -82 -37 78 -4 -65 91 -61 10 14 28 -72 -57 16 -13 10 26 -8 62 41 -50 -27 -48 -53 39 -72 39 67 -30 70 -9 89 -48 79 39 60 -5 16 -40 -70 99 47 34 -81 96 -94 -18 -24 34 62 58 -8 55 5 -85 21 38 56 -7 90 -41 93 48 46 -6 35 74 -26 -51 0 -27 17 66 63 28 20 -29 -82 7 -24 92 29 28 -37 52 6 -82 -41 15 49 42 97 -53 -48 -40 -79 67 36 47 -59 -66 76 21 45 64 -85 -8 17 98 46 -10 -84 16 51 97 -73 -66 33 84 71 -44 -98 37 50 4 -70 9 66 -73 -12 73 10 12 -40 -11 31 33 -34 13 56 4 -24 2 -86 93 -30 41 93 -62 -65 -76 -5 -1 -85 -31 73 73 -82 45 -88 -28 99 26 84 78 36 -4 17 49 -91 84 -65 34 -89 -29 -51
-61 -47 90 20 -77 -99 80 68 -82 38 -58 -61 99 -26 -45 30 -90 -43 82 52 74 -20 -11 -7 -2 35 8 81 -34 -19 -20 -38 -43 -69 -59 -27 -3 -82 -22 -94 53 -66 -4 -67 93 53 -8 92 -28 -43 97 94 92 -35 89 -90 -13 -6 6 -40 48 39 -40 75 -32 50 -21 76 -48 -40 5 -86 -46 94 -38 40 4 59 6 7 -65 46 82 73 -68 78 -24 -3 -93 77 68 65 28 -63 57 30 -43 -98 88 48 4 -92 -72 2 98 30 37 46 72 -3 15 26 -98 -48 -92 -50 -48 95 -97 -92 -9 -99 -5 -41 20 68 71 -95 45 -89 83 38 -31 88 55 33 -77 64 25 -47 -82 35 -9 16 35 79 36 69 -10 -39 -75 99 59 31 -1 -44 59 -91 54 53 -55 72 -55 -34 20 67 -72 70 -30 -1 54 -97 -39 -9 -63 16 54 71 21 77 -16 17 54 -95 -85 -16 69 -68 -65 -87 39 -29 14 -36 0 94 96 -52 88 -30 -40 43 25 13 -53 75 47 26 -11 -68 71 6 -75 -13 65 -60 97 -56 -37 76 -60 -43 44 -8 40 71 10 46 -32 -17 1 -76 13 2 28 -61 -56 41 -78 -97 -62 55 15 -8 38 28 -95 -70 -88 46 71 82 -87 -35 -42 51 -28 -1 -6 -15 48 46 28 22 1 -8 81 -34 77 -70 49 85 40 -52 -15 -76 -87 9 -82 -87 34 -11 -60 -36 94 78 -3 94 -19 -26 -66 62 -18 54 78 -25 -86 -1 -8 -11 -97 -40 -78 68 -80 79 49 -15 -92 17 -9 -7 -19 78 -36 30 72 -65 35 -22 -96 -96 -20 3 61 -86 -76 -72 80 58 95 14 67 -82 -33 -15 -92 14 -85 4 73 20 80 31 42 -30 21 93 20 -50 -34 60 -98 79 32 21 -2 -63 -71 -99 -19 -57 -32 89 23 24 67 -15 -99 47 -66 63 50 77 -27 63 2 -97 6 -96 -45 -95 -46 -7 -67 38 -62 -88 91 -89 -67 78 -90 49 -73 95 9 65 -76 -85 -54 -40 -70 -36 -65 75 -30 -8 15 33 2 33 66 32 -27 56 -30 9 -87 -80 -88 -56 -83 -72 99 -32 -83 -55 -86 0 -26 11 -9 86 -88 97 -88 85 -96 60 -27 64 -28 -99 49 -98 89 46 -24 -10 -9 -88 -35 90 52 40 19 -91 -24 -76 91 -8 23 -13 3 71 45 48 -49 18 -47 64 87 98 20 2 -53 18 -7 -14 -22 -94 -68 9 -56 78 -5 83 -84 -3 -65 54 34 21 -6 -10 77 -56 -43 -57
-1 38 -66 -73 96 48 17 -2 72 53 -18 37 85 -62 52 -52 4 97 40 98 -42 25 -27 -64 36 -19 46 80 -54 -20 81 -46 82 88 67 50 -58 33 -69 -17 15 35 95 31 -85 80 34 -17 -75 36 -57 -35 19 38 2 59 31 -78 67 53 14 -56 -90 74 71 92 -10 13 58 24 -58 -52 40 88 -85 27 -60 -40 66 -84 -95 50 -63 -12 17 10 -61 -18 59 43 77 -47 -74 -70 40 37 22 -2 49 4 -63 -90 83 -16 -80 72 -56 36 -87 54 -80 -84 19 -24 -65 22 93 41 96 -47 -34 -6 -35 -86 84 37 84 -28 -83 -6 62 87 1 -39 -99 7 -78 -6 85 15 63 -50 79 -14 22 95 -17 -5 32 -54 9 -52 -46 44 -84 -20 -13 41 91 74 6 -14 24 31 61 83 71 -48 -50 11 57 49 -81 20 74 -13 -7 -29 82 70 15 -57 -42 -76 -89 -93 77 -88 98 -54 -92 -99 16 -68 -39 -32 -14 -10 14 -35 -48 -17 -48 70 4 30 32 -75 -71 58 10 -99 67 -48 31 -60 71 33 -12 3 -39 -95 -84 50 -9 89 50 99 -7 -4 -37 -42 -8 22 -81 59 -75 38 2 84 -11 -71 69 36 83 60 -60 5 93 -27 -65 -88 -37 -98 93 20 6 62 9 30 44 -92 45 -57 -73 -56 81 -8 84 -71 -66 -41 -15 -62 -28 -39 -24 64 3 -87 -6 -74 -36 1 -10 -28 87 -40 -64 69 56 -79 17 45 -64 -11 -26 5 -53 -84 8 5 -50 -73 -82 32 35 45 -44 42 -92 -65 82 -54 77 52 57 -79 -18 79 20 60 -20 -15 -57 70 73 -14 -47 1 -74 23 7 -14 0 -66 27 53 49 70 70 -49 -6 39 73 25 -77 39 73 -78 47 10 -35 12 -40 -92 -19 -97 22 43 -59 -7 -40 -31 24 -68 -85 -58 -96 -64 44 -57 -94 27 -49 -84 60 71 -17 84 3 77 20 -16 -49 38 -94 -36 93 20 -5 -11 75 -7 -49 78 -48 7 -5 8 -64 28 -35 -52 -2 -65 10 84 -34 -4 0 -90 -90 87 23 9 -61 83 -40 22 78 -65 -63 56 22 5 -76 -28 -44 49 -25 69 -36 -33 66 96 38 -60 -2 54 70 -65 15 7 -87 2 23 96 -77 -14 -6 -6 93 -17 -82 64 17 92 -83 -49 70 10 -69 -45 19 3 -73 -87 21 88 80 22 -98 99 53 -13 -45 -98 -79 -58 -65 -3 -39 -22 1 -38 -55 46 -50 -20 41 -45 -91 70 68 -4 -67 12 -56 96
-16 -14 -22 -61 -97 78 -40 20 -45 33 -47 66 41 59 74 -15 -4 -21 -3 67 55 67 9 13 -55 5 -89 18 41 -27 -35 -41 -18 -28 60 87 -88 20 53 -61 -97 70 73 14 -3 15 -16 -42 65 -89 18 14 63 2 63 14 -76 -14 -25 -50 -2 14 11 38 7 -74 -4 -34 -25 91 75 -52 -72 40 -5 -8 -71 27 76 3 74 2 -51 -35 11 -74 68 -96 42 -41 1 -31 -56 -12 -58 -51 -91 48 12 8 -89 -89 -88 -30 87 -84 58 31 76 -1 -50 -35 -9 50 41 10 -38 -1 -48 29 77 26 11 -44 76 -99 -47 -83 56 -94 -54 -95 -43 95 -38 96 1 11 -66 -47 -93 -61 12 95 -81 29 -82 -60 28 12 -74 45 36 -33 31 4 -48 25 -31 -81 91 11 -72 48 -18 32 -41 76 -65 48 22 -96 45 -17 -4 -99 -29 68 -1 96 90 72 -29 38 10 17 72 42 51 -13 87 -18 64 51 58 19 -1 99 40 -75 -73 5 -3 71 -65 -89 71 21 -61 9 76 70 -69 -82 -5 -59 15 -15 -8 -91 -22 -15 -94 -75 11 -18 -68 69 28 -63 -71 -25 -62 -17 -74 -27 -29 -2 -19 54 -11 14 19 59 -32 -5 -74 21 7 8 87 56 -12 5 -69 -39 -9 98 24 -77 -79 65 63 90 19 14 -49 -25 47 -62 -60 -60 -64 -64 94 -46 33 -80 75 -96 7 -50 -29 2 4 -75 69 54 -70 34 99 -42 -97 2 9 27 89 -34 -91 27 57 -14 -19 -57 67 -77 94 68 -58 31 -63 -71 -18 54 -98 2 -76 82 -56 44 -80 -86 -43 -43 -38 -51 7 64 -17 -40 46 94 -63 -99 56 12 64 -72 -27 -39 -80 -83 -16 -24 -56 30 -70 -35 -46 46 -32 -5 90 -98 -10 89 91 44 25 69 -21 75 -20 -59 -79 -37 -68 -19 -54 -67 -13 30 48 89 -1 17 -19 -68 -97 75 -15 -90 -26 62 81 -97 34 -2 -24 78 -42 79 -28 77 -5 20 18 92 80 -25 14 -40 25 86 -91 88 -36 -62 43 45 -35 -35 -54 93 -53 -22 -47 87 96 76 -24 -10 -67 54 36 -4 -16 -85 3 -52 -18 -82 42 48 -11 69 -50 22 29 85 -91 86 5 62 -90 -14 -25 54 53 38 -89 53 58 63 39 28 -90 77 27 -46 -17 -32 98 45 -56 -10 -98 -96 26 36 -58 -77 -19 84 -25 2 31 16 34 51 -70 -86 18 77 32 31 55 31 -82 8 51 95 9 -72 28 -77 7 -99 32 69
49 64 -63 -88 0 56 17 46 -98 72 56 -59 -48 82 6 60 -20 9 -91 53 26 78 -16 9 -90 0 22 67 -33 -74 47 13 -97 80 -74 -71 38 -60 91 78 -2 89 -15 89 -82 38 50 -98 -89 10 45 -31 17 80 87 53 30 -94 -79 -28 55 -67 55 51 40 51 -89 2 66 -9 -26 32 47 -51 36 46 -20 91 23 11 -34 -92 -61 -87 90 -81 -34 65 -13 83 48 60 33 -63 75 -56 -64 -50 -94 97 -9 98 -86 -5 45 74 -28 29 -53 -39 -91 79 -40 36 -66 10 17 85 -24 -46 93 50 61 66 -31 -51 44 98 -57 67 14 67 -71 -96 -79 -80 -41 -27 59 98 -81 85 17 13 -34 -62 38 -56 -34 -52 -87 -29 -29 59 -96 61 -6 29 -95 64 -78 53 -86 -68 48 69 -8 49 -86 53 -66 -15 -13 -34 76 98 -32 -54 -45 -10 -5 -25 -45 86 83 -35 -81 -36 0 76 59 17 49 -60 24 -35 17 93 37 55 -55 -63 34 -3 45 24 75 -94 21 -83 14 -3 -62 -55 72 -28 -72 38 -1 -60 17 -13 92 -12 -19 70 -13 72 -50 30 6 4 30 -47 -72 9 -90 73 52 77 1 -37 -27 -13 -39 -28 84 11 -38 59 -7 -38 -73 20 -95 64 57 -55 -99 -12 -73 40 26 37 -40 43 -94 33 -10 -97 6 -55 -11 -60 2 64 24 -74 83 6 74 6 -12 77 79 62 40 23 47 54 -91 40 10 62 30 -57 92 -78 -72 16 26 -2 68 -67 12 78 -4 -69 82 82 -93 47 95 86 -50 46 -40 27 30 -73 68 59 -3 -97 29 87 56 2 -54 -1 70 5 -91 -67 -88 46 -34 -64 -86 33 24 -28 -89 -45 49 -94 30 -10 39 97 95 -94 -36 66 -67 -35 86 -96 -27 -40 44 97 78 14 61 -71 -65 95 -55 -52 -39 15 84 81 -99 -20 -89 22 86 -50 91 45 -55 39 87 21 16 -74 66 7 -6 90 86 -99 -52 71 -92 -85 -84 -36 56 -71 79 -23 2 12 32 -83 -27 -32 -28 36 -45 71 -42 0 -27 -50 -29 42 -39 -37 42 16 -45 96 -16 6 74 36 21 70 -47 -45 69 -57 15 43 -93 88 -59 -3 -45 29 -17 63 70 -78 99 28 60 -48 -25 28 24 -38 89 -49 17 -22 91 -28 91 -42 -56 -28 -80 -60 -47 -71 -9 27 8 -32 97 53 51 -52 -84 64 -33 23 1 51 -76 91 -31 -36 -61 -32 -58 59 59 54 -38 60 8 7 94 36
21 -44 -74 10 57 -98 54 98 -55 84 4 -53 44 20 69 48 8 68 -19 -55 9 -12 18 -65 52 -20 -15 -98 15 -55 96 -96 -67 -8 -23 86 -27 97 -86 -75 73 -86 40 -18 49 2 -20 83 12 -3 -17 31 12 -38 95 -18 30 -63 47 -83 96 47 5 -53 35 80 10 -37 22 -62 -56 -18 59 -74 -57 -83 -61 -44 78 -64 69 78 66 -19 82 80 -68 3 -45 -4 9 13 54 -67 78 -16 80 54 -34 59 81 -33 42 -41 22 -53 -85 52 72 44 83 -86 -35 -85 69 1 -41 30 -41 65 79 88 30 -26 -8 -43 41 -92 54 -64 -93 63 -33 -45 95 -73 -45 5 -85 68 64 -49 36 -4 -83 27 75 72 -10 86 51 -18 59 -83 -86 -93 67 -35 -71 22 68 16 74 -5 53 67 -67 74 49 92 23 -9 65 -70 -13 63 21 21 -93 -27 22 -92 34 -66 52 -78 56 80 -4 61 55 99 -36 -87 90 -66 26 30 82 -62 32 79 1 -21 -66 7 82 -70 44 -61 12 89 -72 -83 -7 54 -8 -63 -84 26 24 -39 -60 -76 25 -51 1 -17 -97 -23 20 15 53 -62 -69 -68 50 90 84 98 99 32 -38 71 -80 -60 -6 80 -12 -14 64 29 -39 41 -62 46 54 22 -69 -1 47 49 -97 -46 -26 49 6 -94 83 -93 -40 4 82 9 59 88 9 -78 42 -10 -18 -22 42 61 34 -30 18 32 -26 -92 -7 -78 84 65 -63 -24 -18 -91 62 -36 -47 63 25 -1 50 -35 -27 -10 78 42 27 -29 93 99 -67 60 40 94 -57 7 -40 33 -39 37 77 89 12 68 -8 51 0 -89 -14 -61 -10 52 -67 90 -88 -32 11 21 81 36 47 60 -9 43 -87 -16 -80 47 -64 -6 -70 90 -60 -28 37 -98 52 -67 74 -71 -74 15 96 47 -25 -93 -44 -17 -17 65 -5 -38 -87 68 20 -16 15 18 -17 -76 -78 -3 -51 38 40 -44 -47 -6 94 -42 69 56 -25 64 27 38 17 -29 29 49 -44 86 33 62 -1 83 -47 57 -79 60 -9 -67 43 -95 77 38 7 -39 40 54 -75 44 -43 -54 -29 0 -95 34 66 62 -59 59 55 22 22 20 -11 39 9 -29 -93 55 -36 18 94 -56 -29 -46 -5 -55 -33 16 4 -30 10 26 -64 -72 -43 -8 -16 -83 -95 50 27 96 27 -17 -23 54 -31 49 59 -40 68 -36 95 47 72 -72 14 -55 -26 17 -94 1 45 74 -91 -41 85 98 74 -70 41 -10
92 15 -99 75 49 -26 91 -43 -98 -17 85 -95 23 -97 35 -58 -37 87 96 56 -50 83 -56 -36 25 -3 26 2 -28 -14 60 -29 87 -66 -8 49 -5 -48 -40 -41 -10 -65 -3 -82 81 85 46 -60 45 6 -38 -76 15 55 13 -55 -82 94 -3 -20 -82 95 -74 -21 -86 14 -90 -74 -38 50 43 51 11 88 28 -99 85 11 -42 -49 69 -4 59 70 -49 -58 81 5 -67 61 88 -68 17 98 16 0 39 -84 94 -27 57 28 -68 -90 -13 96 52 28 31 99 47 19 -73 56 19 61 99 -52 -38 33 78 -3 -21 -73 19 28 38 -72 -50 -41 79 92 -6 56 -85 17 62 -26 93 -53 15 18 88 -34 -1 -3 68 5 -68 92 -56 -7 -3 -11 42 15 -88 88 -22 40 -83 -6 74 16 59 -52 82 -62 -18 98 22 84 -53 6 -68 -37 35 -81 0 -28 -47 82 -37 78 -53 -40 -65 89 94 21 34 11 52 80 -25 36 95 -29 -75 -67 64 -85 45 54 38 -10 -48 -71 -92 67 18 47 -59 82 76 -68 56 90 2 -72 6 -74 37 71 -50 -40 46 87 -75 88 60 -71 95 54 -66 89 62 -12 -3 -27 86 74 -94 -38 -66 -7 -34 -28 20 -2 95 63 23 88 51 36 -89 -61 -46 60 -96 75 -48 -61 -54 -67 -23 -7 37 91 98 -71 -97 81 20 -59 15 93 -53 85 -27 -39 82 -62 -17 -87 -88 90 -69 19 -64 38 -23 -1 40 72 -38 -40 15 92 86 -16 -71 75 -29 84 -95 26 -66 -55 34 46 12 49 40 -64 68 60 48 13 67 41 75 -56 -82 -47 85 47 -28 27 47 -99 -70 9 -44 -91 77 -94 30 -80 -72 -13 82 -16 -88 56 -65 80 -66 24 67 47 41 -64 -18 59 -40 40 50 11 63 32 -16 73 -90 3 -37 23 -12 -98 91 24 54 -74 -22 25 -71 -62 3 66 27 80 -26 -81 -26 63 57 -61 45 -62 92 -77 6 96 20 -47 -85 43 20 -26 22 -82 66 0 70 -49 92 15 -32 -42 -32 95 34 -71 73 -84 15 -30 -67 -61 83 9 79 68 -69 10 -97 -13 -2 -4 -66 -28 -60 -56 91 60 9 60 9 40 15 -43 -41 1 -93 -71 -62 -67 -34 8 99 -2 -73 -41 70 -89 71 -15 -77 -72 -43 -24 -78 2 86 -22 99 -71 61 -34 7 -43 6 90 14 -68 55 34 55 28 4 -8 61 -95 -28 -94 -13 68 -9 68 -46 98 11 98 58 55 70 -33 -38 38
72 78 2 -35 87 69 52 -29 58 97 -57 -98 72 -35 49 64 76 37 -78 -7 54 -16 43 -2 -85 67 31 66 64 29 66 -84 -28 -89 -22 -66 55 78 -45 46 -18 -75 60 82 38 -75 83 -60 27 -29 60 -41 -76 -48 -89 -9 -32 -64 25 85 -69 99 32 -17 66 -52 -68 51 73 34 92 -12 -28 -23 58 -49 24 -42 -36 25 76 3 -90 81 -71 -27 -31 29 -37 96 -61 0 -24 74 6 -28 98 4 -38 86 -54 62 52 -99 96 48 -58 87 -20 -51 33 -32 -29 83 -79 -37 -49 82 -67 64 -42 53 -19 20 94 -80 4 -44 -15 -85 97 -90 -12 -86 87 46 67 14 -53 -74 -80 16 74 79 57 68 4 -22 -25 15 55 -17 75 30 -47 -89 50 95 -4 -90 -92 -25 25 71 7 -69 13 40 32 -95 -60 26 -30 -6 3 -16 11 0 56 96 12 -57 29 -51 -20 22 -4 92 -99 37 49 44 -51 34 -92 29 20 50 74 -2 66 -22 -84 3 51 -33 -26 -98 -22 -89 -79 -99 -19 -28 -83 -10 88 44 -85 -69 52 -79 -74 9 12 16 -13 -70 30 35 19 -75 -2 -48 -62 72 -17 29 88 73 90 -74 -41 91 -63 -70 30 -21 -57 -24 68 9 -77 -40 21 -42 -26 -13 30 53 5 -80 48 -94 -10 96 -3 90 62 -1 -1 -94 -28 -35 8 40 82 -32 -63 69 -56 -68 1 -77 -51 -82 -34 -1 -15 54 -18 -86 -55 -74 -2 8 34 28 -78 -8 -10 -99 34 -65 26 -41 92 3 -15 65 -74 4 -34 85 86 24 -14 14 29 95 -30 -81 -73 -63 28 57 68 29 -62 72 71 78 -63 56 2 -58 31 19 80 -60 -39 -46 -21 41 31 78 -33 -24 55 -18 -14 44 16 -4 -35 -1 -80 -38 -96 13 -44 -24 43 -24 -15 94 42 12 -59 72 -51 -62 97 -54 89 47 30 -44 41 47 22 -41 -83 14 -1 -97 -35 -21 -66 25 -90 75 97 -86 1 34 -89 5 -70 43 12 32 -15 -94 -88 47 -64 -58 -86 -25 -33 -85 16 65 53 -48 -28 84 87 -75 -72 -33 13 -58 -93 -78 90 -82 23 58 21 1 95 -36 -51 -12 50 -74 -81 -16 32 -91 37 -98 3 -2 -39 -64 -84 72 -86 82 4 68 -98 -39 -9 53 -55 -53 -17 -73 74 -33 -78 -32 76 -85 75 -78 -76 -9 -34 69 73 19 26 -94 -94 -38 40 39 21 5 94 77 -69 27 -17 52 -65 87 -17 -84 3 -1 -84 59 -38 -39
89 74 88 -80 -49 -69 -96 -64 2 20 15 -19 36 4 77 -98 -80 -97 62 61 -65 16 -16 22 -70 2 34 -3 -28 -13 4 -47 4 50 -80 -32 -43 -3 42 20 -41 66 34 27 23 33 -93 -6 7 -3 -2 56 90 -26 54 -43 66 -19 -63 54 0 -92 51 38 33 36 -67 83 -12 51 -42 22 -50 -83 91 -34 -59 77 -29 -83 -49 -6 -65 23 -99 -99 8 2 28 -59 95 -2 8 -45 55 -30 -70 -95 11 -14 79 42 9 -77 69 -40 11 -29 -67 -21 -57 52 -70 27 87 83 -42 -56 -78 86 -56 -73 -67 7 35 -77 -5 -82 -78 -27 40 13 -53 13 10 -33 20 -58 -27 -86 79 -59 99 96 -54 -59 83 -20 16 -93 18 -64 95 -57 -72 56 94 32 -74 50 73 55 -19 -51 91 50 -35 -4 52 36 -84 79 23 -54 -91 34 54 68 7 -23 46 -19 -6 4 97 2 -94 -70 -58 -5 64 75 4 3 -67 61 25 97 12 -34 -80 -48 54 0 49 -90 -6 -97 -42 58 97 -9 -50 8 -77 34 -46 -22 52 28 7 -15 42 -65 62 -96 12 -73 80 -1 94 -54 28 -17 -88 -99 -53 11 25 77 -67 -48 71 38 -79 16 -73 31 20 13 58 -49 99 -40 -48 25 -82 48 26 -96 20 -82 45 -36 -98 -61 -2 65 -86 -48 -6 -47 84 -4 -65 15 46 2 -63 -23 -23 -31 76 70 -79 58 -25 -18 -90 -44 -65 12 -59 18 39 29 73 40 62 -78 -10 79 52 -45 -19 -55 -18 92 -50 -72 66 -78 -57 -49 -55 88 -53 -14 35 -5 93 33 -63 -88 -70 -44 -76 -96 7 16 -35 41 2 -24 12 93 3 -64 -77 96 -30 -92 64 -38 -37 21 23 0 2 -78 -77 86 -51 -47 -60 -23 50 26 -31 9 48 36 27 55 -90 -31 -90 -83 44 -70 66 -43 86 -98 21 48 34 38 -65 -34 32 7 49 -3 87 63 67 55 78 14 34 -27 44 56 0 -83 -29 -55 -10 -68 19 22 39 2 83 -52 41 29 -9 -31 15 56 83 -40 81 93 -74 4 -11 43 66 -81 -26 82 43 -33 -16 4 -56 -22 -45 -99 95 -60 -47 36 -57 -55 -68 -7 -5 93 86 29 0 23 15 -10 -61 -12 -87 64 23 50 -76 64 -49 63 -76 44 -92 63 -74 -7 -57 80 38 69 -94 55 -67 -77 -13 -67 -27 88 -18 52 45 -51 -84 -18 60 86 53 -1 -90 68 -94 -2 13 20 -94 76 79 -45 -82 15 -43 -79
-7 65 -8 -77 -28 -21 -52 -90 -56 -73 -79 -3 -72 -43 72 92 -7 92 -52 27 -24 68 31 -27 -77 3 14 95 -27 45 49 -24 -84 -13 -42 87 -70 -45 20 53 0 8 88 43 19 35 42 -19 -42 -22 -88 -71 -78 9 55 57 -56 14 31 -55 50 -43 9 -18 50 -34 -96 -37 -21 -21 37 37 -10 -13 22 86 -73 -43 49 -10 86 41 50 6 36 -49 -20 -34 87 -91 -55 87 -61 -38 25 -13 68 -43 -65 74 30 -81 27 -41 -74 76 -16 -83 -39 -46 -49 15 -36 34 58 -29 -10 88 49 20 -59 35 21 -40 -45 -66 71 88 -43 76 -93 56 6 98 22 -95 -82 -10 -46 89 -95 99 -8 49 70 -62 -8 -73 26 -87 -3 30 -9 -53 35 16 6 71 52 -19 -79 84 -71 14 -73 19 -35 7 46 -28 -69 0 -30 0 6 56 -39 71 -44 -5 -31 41 51 96 -94 70 -73 38 -13 39 -83 25 93 -80 97 15 10 80 13 47 -69 91 -8 56 -66 62 -21 -69 -7 -31 1 29 -71 -82 -19 31 34 -71 44 -71 74 -28 -95 -45 -34 -7 -39 34 -75 82 18 -89 -98 -13 -46 -46 1 81 -94 -14 36 14 -20 27 64 -20 25 64 45 72 -10 98 -27 -63 -11 24 15 96 -74 -2 67 27 97 -23 -77 93 9 88 46 44 33 -77 31 -60 81 92 -18 38 -93 -78 53 -82 -79 -90 -23 -62 -77 -71 77 52 -22 -15 -80 29 89 37 -24 97 -97 -29 97 60 13 99 -83 -57 26 99 -2 80 -39 -5 49 -70 59 -25 54 18 -12 41 -9 -5 37 32 50 95 0 70 4 14 64 46 37 -43 -44 93 -72 3 -78 71 -56 79 63 39 27 -58 48 -17 74 98 67 74 43 89 -78 40 45 -35 81 87 94 87 -47 9 57 -49 79 49 3 -21 -23 -7 55 94 79 -5 -52 26 92 12 -59 -73 -91 79 77 57 -16 35 -38 -56 35 78 -63 -53 -11 -85 83 -34 41 -89 55 -22 76 91 -44 94 -38 55 -71 38 -93 71 -73 -16 46 -83 -49 89 61 -36 38 22 -87 71 98 -28 -78 -88 59 32 -65 85 60 97 -54 -12 42 21 -10 11 -31 92 0 63 23 29 -82 -18 78 -22 52 46 -60 -21 29 53 -39 17 76 55 89 6 88 -17 -31 39 -70 -22 -34 -57 80 -53 82 -69 13 -63 -86 59 -24 35 -40 27 -17 -82 -88 -75 70 -29 -8 -78 -73 90 1 96 -89 -24 33 39 -31 46
20 19 60 50 -32 -55 -57 -68 -85 40 72 -57 -71 43 4 -9 32 -75 -23 -85 -81 15 -14 -26 -59 55 25 -50 54 27 42 -51 21 59 65 38 38 44 41 78 14 89 16 -74 28 -43 -41 -96 -85 73 96 56 -95 -51 -16 -79 91 53 -12 51 -94 -55 -38 81 8 -45 57 37 29 63 30 56 -28 24 51 -93 42 -47 -33 -20 84 38 76 50 54 21 82 -15 -4 -11 -92 90 97 79 -23 -77 22 41 65 -6 12 -17 74 65 -60 87 20 -54 -54 82 -50 7 9 84 -37 -49 74 -40 43 63 26 -82 74 61 -40 74 96 35 -50 -3 -80 -5 31 -63 -96 51 2 -92 38 -36 -43 36 -16 -33 63 92 -7 56 30 60 69 -48 33 -88 91 -25 69 22 49 41 -82 -96 -73 7 57 -10 -71 76 -38 -71 19 11 76 51 23 32 55 -66 -77 -43 -23 -48 57 -44 41 -99 -75 22 -53 68 -22 -2 -80 -44 -77 69 42 25 -27 -26 28 15 80 93 -95 -32 64 -87 93 21 99 -57 -48 -53 6 -40 -8 59 2 -45 51 74 -93 25 4 35 4 50 7 7 -98 -66 77 28 93 -23 81 -75 51 48 -40 -44 43 -88 -98 -69 -88 76 -56 -1 59 -20 0 -55 6 26 -21 -5 -77 -56 -2 26 24 59 28 -60 -54 21 -71 -44 -63 71 -54 -12 24 27 50 -63 -72 -60 78 92 18 39 23 -49 71 -35 -11 -68 43 36 37 -94 88 -59 -99 -5 -99 27 -34 81 4 18 27 -11 -78 26 47 -73 17 61 30 -74 -44 36 -41 -86 27 13 23 -24 -59 -47 -27 -44 -95 2 -93 73 -68 71 59 53 -9 82 -19 -49 -59 -44 7 58 -1 -76 -55 46 -29 55 76 -64 29 41 -67 28 30 -64 -97 70 -34 17 0 -22 49 -61 78 92 -88 91 83 -79 -71 8 -52 -6 -65 -57 80 1 99 -51 57 -6 9 -32 -3 -75 -86 98 -81 -57 2 -95 -76 -10 99 -27 31 -76 -10 35 -57 69 41 -48 43 17 -41 15 -77 54 -41 23 -67 -46 -24 -71 -31 -32 27 -80 -72 24 86 4 36 -98 30 -86 17 -36 -49 13 78 88 39 -98 40 24 38 -33 64 -13 -1 -40 57 27 -85 -3 21 -22 -19 -36 38 -62 -63 -25 -63 38 96 64 -26 -69 41 -57 8 93 -45 -39 0 -61 -8 -26 39 99 -2 31 -43 -86 18 12 -85 -43 -71 -90 65 -78 86 43 -73 -88 5 -91 64 40 -36 -11 73 36 -26 -42
1 -50 62 -41 -26 3 8 -77 11 -33 73 6 -71 74 -66 -49 -82 34 -88 -47 84 77 -58 -46 97 61 -32 90 57 -23 74 0 -46 67 -75 11 -35 -16 40 60 20 -60 89 -30 -77 12 88 77 -81 -78 85 1 12 50 -68 37 -32 -30 92 88 13 30 -87 87 62 -27 86 27 -96 2 -45 -25 10 69 98 64 -8 47 -98 -35 -45 17 62 -65 -19 68 60 29 -41 95 -50 22 -47 9 -87 -74 32 92 27 -10 37 -26 -14 45 48 15 82 84 -91 -32 -33 7 24 33 54 3 16 25 -75 -20 -89 61 76 -48 93 -33 13 50 -84 -24 -60 -8 -57 -67 -69 -69 -89 -68 -47 89 9 7 27 -52 -27 -13 63 11 -28 30 -95 -77 53 -17 -27 45 49 82 -97 48 75 16 50 81 55 44 15 -95 -43 31 -34 26 -19 48 4 59 91 15 -59 43 -62 -92 -17 5 -87 -16 -66 -56 -13 -4 67 -61 -81 -84 -13 34 -21 -83 -84 95 -98 75 -93 30 -94 70 2 23 -27 1 85 70 58 -24 87 65 15 -13 87 67 69 23 -88 -91 -70 49 40 53 53 87 91 -80 -18 -58 39 -73 -13 -45 37 80 -87 -1 -39 94 -82 -50 -1 -42 94 -45 34 0 82 -84 -34 14 46 -38 -86 45 -31 7 -19 -52 22 -81 60 0 27 -88 -7 -46 37 -9 57 -91 44 -76 73 90 64 -22 44 -34 -92 -64 15 78 -54 11 77 -56 -36 -93 25 -45 -71 -76 -50 -10 17 28 -52 -7 -94 -78 96 88 -25 22 42 69 -92 -15 33 15 -88 -97 -27 97 -77 75 -87 -21 -59 -20 17 4 89 63 -4 4 36 -25 -69 -17 41 22 79 58 65 87 84 -86 -99 49 -80 62 -50 63 46 -81 87 92 95 -76 14 -47 -84 -65 35 9 54 -78 85 97 80 -38 -30 -19 -10 15 90 -78 64 93 -70 17 61 21 -61 42 44 -73 -12 56 -66 -62 88 -97 33 -78 92 8 61 -62 -83 18 -63 91 -99 -18 4 76 17 -28 -85 62 78 95 13 40 54 -54 14 51 -51 -11 -94 27 98 -6 -83 82 -69 65 -5 88 17 54 -12 30 6 -24 -97 -90 59 -80 -46 22 34 -29 -93 -40 80 -67 -36 1 39 11 87 -96 10 10 -77 -50 -4 -89 -18 86 9 -11 -37 95 -47 49 87 31 -19 11 48 -94 80 86 -77 68 52 68 34 28 -1 -44 24 41 70 -31 -24 98 71 11 -73 -99 74 75 30 51 13 69 19 -74
-74 70 90 15 71 -80 -21 87 -68 62 -18 33 -21 -88 -37 47 -23 23 60 -76 -68 -58 84 -31 -20 -77 -78 -47 -41 98 -21 -2 -22 -29 37 -79 -56 78 -75 -88 -87 -93 -86 -40 85 8 -41 -2 3 78 13 95 42 -23 -74 18 94 -79 68 56 28 31 -10 33 68 -61 28 -92 60 26 27 17 6 -74 -32 9 -38 2 -44 54 -8 -91 -54 -71 67 -12 -16 54 -36 87 -1 19 -49 12 79 -56 -53 95 -25 -86 29 79 -50 86 -30 -7 -32 69 -11 -86 68 -15 -99 -1 62 -82 9 3 99 68 22 28 -2 71 2 51 -16 -99 24 -29 -7 87 -19 -77 30 -86 55 -76 -15 -30 48 33 -36 -3 -56 -74 -90 79 -13 -69 -34 -33 74 -91 -86 -92 -40 -5 65 29 -72 -41 95 10 81 22 -36 -78 -86 12 14 22 -57 -21 56 -30 30 -71 93 22 98 13 -17 49 88 -39 -39 26 -40 -62 52 -99 79 75 61 -85 -65 -61 70 44 -13 39 -53 -60 -20 3 97 -37 66 -18 14 69 -24 -23 -71 51 -97 21 -84 -50 47 53 -54 -82 50 -42 49 -97 59 -50 -77 -23 59 -74 -10 60 30 29 -79 31 30 -68 -49 75 -94 48 -76 -89 -89 75 57 15 97 -3 19 61 -74 -89 -50 56 43 -55 59 -18 -69 93 42 -79 64 -89 81 -40 -67 93 -5 17 -75 35 29 -70 95 52 -15 56 12 -46 36 -14 64 84 -75 76 33 93 -16 0 -88 86 65 38 12 -75 -37 3 -27 55 94 55 62 -68 97 58 -25 95 74 -55 38 17 -87 -39 -65 -99 -91 88 35 -7 13 1 -54 -48 -91 -15 -57 44 23 -37 47 8 85 53 -32 -90 58 24 95 70 3 -72 30 42 -80 -20 29 64 40 -25 -78 -63 72 -92 -40 -61 -77 53 52 13 54 -49 -73 -56 -97 -78 13 16 -83 -32 -37 70 21 -52 -86 87 87 75 -45 90 24 72 -58 31 -99 -49 45 15 -5 98 -12 -47 90 33 17 33 53 59 48 70 60 43 47 9 -45 -34 -84 -21 -36 13 71 -45 67 34 79 69 -62 -90 85 74 -96 47 -60 7 5 -38 74 -4 36 57 -68 -88 76 -38 -67 97 -66 17 -52 23 -88 -18 -6 38 72 -10 66 6 97 1 -25 51 77 -39 65 83 65 -64 -33 -52 -34 -13 -50 80 -17 -48 77 -83 79 89 63 34 -78 -66 -13 -63 63 25 39 -44 91 66 90 89 32 -75 21 36 29 -63 77 -91 -15 -24
-84 80 79 6 18 -45 45 -42 -54 -38 53 -60 -78 -57 -99 -77 56 88 -20 33 36 -4 32 -86 -90 41 -62 -57 -76 -74 -24 7 -84 -71 -82 93 53 -86 49 71 -28 11 93 44 32 16 -15 40 71 -70 -17 -72 -5 -20 -20 -46 -19 9 40 7 24 65 35 3 -32 1 -82 71 -20 73 87 -40 -86 52 95 99 -61 -97 -23 -84 -62 -42 -24 45 -36 43 95 27 1 -82 99 -7 -12 -86 -35 -34 -11 -68 -13 86 -72 -38 67 65 -63 -9 90 45 72 -96 91 0 -74 -12 80 55 -71 54 56 -16 -36 -59 32 16 -92 94 55 66 -28 -77 21 10 -53 32 -12 -56 -24 73 83 45 -47 39 -16 68 -59 30 -59 -41 -18 -35 -97 11 33 -26 4 -81 -55 -35 -47 -85 16 47 3 -51 44 -77 -98 36 3 -37 -61 73 16 66 78 60 -51 -76 73 20 -57 20 -12 53 -46 84 98 12 -11 36 32 41 -9 72 -87 13 88 -56 40 -20 -49 -35 65 -32 -2 -35 24 97 -52 66 -22 25 -24 67 -94 -45 -64 58 -36 -66 96 17 43 74 83 -98 50 -46 13 89 33 98 -35 70 58 58 -64 0 96 -7 -59 66 -66 46 24 -64 95 19 21 64 -46 -87 -63 -3 2 57 34 42 45 -60 63 74 -70 48 -18 -61 -26 -70 -56 25 -47 -66 11 -41 -72 50 77 -92 89 81 -76 11 -98 -31 -27 28 5 78 95 61 23 35 -61 14 -94 70 70 -21 81 -86 -4 -16 -51 2 -4 -76 47 -12 -42 33 53 10 81 -52 -20 76 -41 57 54 -15 53 31 90 -16 -38 37 70 24 75 -82 18 21 -20 0 -68 -34 -9 -97 88 -99 52 -18 -56 -76 39 -26 -16 -14 59 -47 -42 95 -49 95 38 -85 -53 59 48 68 -54 71 -76 -30 8 -21 79 71 46 -48 97 43 -11 79 38 -85 44 22 -17 70 -85 24 5 -24 -84 -52 -54 -31 33 99 -99 78 53 73 -47 -42 18 54 91 83 98 -6 31 22 40 76 -28 16 -90 -18 -3 28 28 -96 53 -20 68 21 -85 -61 -60 -79 -45 -31 -14 -68 -71 31 22 59 -30 -29 -27 -30 -21 88 -63 87 -57 69 -8 -39 53 -97 -54 68 17 -92 -54 59 -88 -67 -20 -68 -53 -90 24 68 57 18 -33 54 83 91 -8 -6 -50 -65 5 55 87 -23 -69 -58 -83 0 -19 -35 -51 -56 -85 -15 17 97 -90 6 -19 37 -63 54 -84 90 47 19 -22 34 -38 62 -78 31
-65 79 58 24 52 -47 45 0 -43 -89 -95 26 53 14 -64 -35 65 -11 1 -39 35 -49 -61 -96 -62 -68 -86 66 45 -43 -32 -48 68 -32 -11 40 -99 79 -14 50 99 36 16 82 76 -82 86 76 15 -26 20 -5 31 2 30 48 -94 51 84 45 3 32 -11 -23 51 -43 -37 -22 36 97 -93 77 -59 95 -41 -20 -9 27 36 66 -43 -48 87 29 -78 -37 19 -69 74 -58 -50 57 -69 31 36 -63 -23 55 28 88 65 39 -58 -71 -85 96 74 15 15 -99 66 -20 -96 -58 44 82 10 -62 53 53 54 12 80 92 89 23 35 71 11 -12 78 94 25 -95 70 72 69 -78 -87 41 -87 28 -68 31 -91 90 64 9 -87 -20 4 74 9 -71 -14 63 3 71 -63 84 17 -46 10 -80 61 -33 -4 64 -78 71 -37 -20 -88 -35 25 -66 16 99 -50 28 -28 60 -33 -57 41 88 17 -81 91 42 -59 -83 73 -37 95 34 -55 -48 -46 54 61 -68 20 2 83 94 -15 -5 31 28 84 66 -75 -60 -19 65 -94 -3 19 86 34 -24 80 -78 -92 75 76 2 -11 20 -35 -56 3 -64 4 95 -6 82 15 26 -23 -86 -55 78 3 -38 -30 -83 23 38 -91 -37 95 -51 -10 -28 47 9 -78 89 22 85 43 35 -4 -30 -26 44 20 -70 19 18 -83 69 -69 89 -53 -57 56 80 27 18 46 26 -96 -72 15 -77 -35 -68 31 -89 -15 -69 -86 -11 69 -59 -30 -77 -94 -94 -95 24 -73 79 33 -54 -20 7 35 58 -26 90 36 -63 -53 98 58 1 83 -75 81 11 -97 -23 -98 45 -30 77 -6 32 79 -43 27 -4 -27 46 -26 56 -35 -38 -85 -77 -33 48 -17 -53 39 66 -64 49 -72 95 -83 0 68 -81 -67 -4 -89 -55 -5 -46 -54 -86 -6 -48 -33 -51 -53 35 45 -29 38 87 -7 79 52 81 -35 -73 -91 -40 -14 -73 69 56 -97 -91 17 93 83 42 -8 22 -68 -61 54 -11 80 72 71 -91 -88 -38 68 27 -22 -38 -14 7 -35 -26 44 -18 -41 72 23 4 84 29 -16 44 -72 -31 37 -8 -50 7 40 83 -37 82 -52 -31 52 -50 -82 84 3 19 32 59 59 -60 -93 56 -40 -38 90 -1 -53 -1 -16 9 80 39 -79 14 -77 12 -71 59 -22 -22 82 -36 -73 -98 55 87 35 -14 73 66 85 94 6 -74 -14 92 -33 46 -72 -98 -30 -20 -76 46 -83 58 20 -54 -50 5 45 76 -1 -41
-17 54 -88 -8 35 45 69 -19 -27 -63 -20 97 -83 -58 -90 -51 -50 -82 -84 -37 12 90 61 -71 -56 -17 -63 50 52 -77 13 -10 67 -39 -24 40 74 70 -48 55 -68 -96 -53 -80 9 -60 -15 -4 -13 23 -46 41 -52 -99 -69 55 98 53 -84 -89 36 -76 39 60 4 -13 82 -10 28 -37 -34 -97 -61 34 -81 62 -74 -64 77 -55 -40 -77 65 -8 -44 6 73 -77 96 27 47 -71 -31 -41 -87 83 -18 -30 -96 50 35 83 -68 27 -20 62 -20 -31 -27 -36 14 6 -45 -85 -74 -30 25 -10 77 -83 -35 96 87 13 1 -4 -46 -96 -9 -5 -80 90 -82 -27 -50 -75 -47 -35 -3 57 8 51 -20 -75 85 93 33 13 39 58 -97 0 69 96 59 -45 -93 -60 -29 92 72 67 88 -75 -52 54 8 -30 -26 -7 1 -14 87 -65 34 -70 -54 35 -66 8 -36 -55 10 96 -79 54 77 68 -16 -19 86 10 92 41 99 -26 48 40 62 62 41 -81 99 -8 88 -66 98 -17 99 43 -75 -93 56 -69 -25 1 39 -87 65 -41 35 24 60 56 44 -81 63 10 -29 -57 -78 -2 61 21 15 55 30 42 37 -99 -17 -18 -38 56 -18 35 -60 -70 29 -72 49 66 -45 53 -99 85 -88 97 10 -65 59 36 85 -63 -82 25 -40 -88 -28 1 -99 -7 26 -65 67 -68 10 95 -54 39 -24 -60 57 -75 4 -94 -63 10 -50 -16 -37 85 75 -71 -25 -15 -38 -13 85 22 -83 -91 -33 16 -83 -37 85 40 53 1 -3 -4 -12 -65 32 38 -14 81 52 -59 -92 -96 -73 -90 -66 -24 -36 -12 -36 72 -28 61 26 40 48 -47 68 64 -10 96 -79 -98 -44 52 73 46 -79 -61 23 -16 63 -20 88 -18 -89 -85 -35 -48 -42 -49 -61 0 60 83 -80 -55 48 72 -93 29 -29 -99 -53 53 62 1 -17 -42 -16 -52 74 -77 30 56 59 94 26 50 -57 11 87 49 -97 4 52 -7 48 96 16 1 48 25 -3 -86 39 -39 -57 -51 41 46 29 39 -4 9 60 -47 12 6 -35 38 71 87 32 55 78 -75 -68 74 50 -92 71 26 -48 -17 37 49 28 -25 87 -90 -7 -18 -50 -32 2 -72 -37 -26 -95 -21 -89 -56 62 -40 89 -42 90 39 12 88 -75 -59 -79 94 -92 1 10 95 74 28 -10 -88 -78 -31 -56 -70 -53 -6 -32 23 -43 38 -99 -61 85 -95 -58 30 49 81 -33 73 -72 -58 -65 62 -16 -64 -78 -58
17 69 99 -97 -67 29 92 31 -26 90 -65 28 42 -99 6 -81 -42 46 42 -9 3 -76 24 56 47 -74 94 5 78 71 -21 40 50 3 64 -97 -95 -63 -6 -30 -79 10 -72 -58 65 -19 -5 -21 -74 20 67 81 19 7 19 94 32 -38 29 -62 -19 77 -54 25 -70 -80 -34 -85 -43 49 91 46 -32 16 -7 -28 -82 -76 -99 37 3 -7 48 50 -54 82 -40 -45 -5 17 -4 -99 -50 -37 43 -38 66 -32 31 32 51 -55 -75 38 -51 -78 84 -75 37 29 -70 -69 -80 -81 -6 -34 52 -97 -3 -3 -16 -12 99 -47 -64 41 44 68 17 -37 20 -94 -1 76 -96 -13 -40 25 -54 14 -5 -26 21 -10 -85 26 29 39 35 23 -49 -43 -29 -93 -47 -54 15 66 -63 81 86 4 -7 -20 -61 21 -91 -28 -62 43 5 86 -63 3 -29 -46 89 -87 85 -4 -63 -13 47 68 -64 70 -88 74 88 96 27 13 -34 43 20 -98 51 -21 60 -72 5 -71 3 -82 -26 -99 -6 26 -94 65 -55 78 26 -8 -32 -74 -71 78 -88 51 88 40 -18 -37 4 8 1 92 -79 32 55 -78 37 3 -19 -81 -95 7 -34 -13 94 99 -16 64 6 93 -91 -80 49 -68 -54 -40 -51 -25 -33 -78 13 -19 61 58 -91 -74 -46 52 30 6 26 -97 13 94 -2 78 -34 82 40 -26 -86 60 22 8 34 90 -95 79 87 -14 -84 -4 -6 -4 -17 -17 7 -44 -87 -1 28 -80 -21 62 84 -39 -43 8 -74 -55 63 67 80 51 53 -90 33 -33 -98 -59 17 71 74 29 36 -33 57 -45 -35 -78 -74 48 78 -53 48 95 -83 -95 -31 -64 58 46 81 53 -19 -89 -9 -15 17 27 -88 82 58 -44 -13 74 37 -70 -20 -35 97 3 -82 -61 21 -57 14 -78 -83 56 26 46 -57 69 86 40 -12 3 39 15 17 -9 -21 -33 83 67 7 -49 -74 -86 -68 -91 90 69 39 97 47 -98 -12 -8 -48 95 98 -88 72 17 -93 -72 81 -91 37 48 -35 -33 53 -56 23 -82 46 -39 -73 11 -80 56 88 27 75 6 84 -47 -9 13 22 -89 -12 -46 37 94 98 -92 77 -13 -2 -86 93 -86 73 -61 -43 18 -48 26 -17 -99 60 -40 1 -7 -61 -61 31 3 72 -51 -3 -97 -4 18 -57 92 75 91 57 -79 -96 32 54 -92 33 -63 44 -53 90 65 75 48 -15 -85 23 32 -25 39 90 97 10 -88 16 97 -54 -70 -59 50 45 51
-12 70 48 37 85 -95 32 2 37 -93 -34 80 66 -78 -91 4 88 88 -38 -45 28 59 24 45 -1 -81 -78 -65 96 -52 3 14 -77 13 46 10 58 -66 79 -21 12 8 57 -78 -55 67 85 13 20 11 -37 -93 -16 92 -65 -36 -49 4 74 76 21 -5 36 55 2 -65 65 -55 8 -89 83 44 96 -46 33 -9 -15 6 36 -4 98 -46 -72 57 35 -98 27 -17 -78 -80 -45 -31 22 -53 10 54 95 -14 -99 -42 -33 68 -61 -77 -93 -48 9 -95 64 39 -51 -27 -35 97 68 -91 54 76 -18 1 11 -4 -94 68 -56 75 -24 -38 92 -18 -36 84 64 87 6 -71 -68 -88 5 -25 -38 -29 -22 -91 66 -14 32 75 -33 -31 54 29 -76 -32 84 -57 51 30 63 -75 73 -94 -33 -19 -94 -97 83 -48 -39 8 -7 -65 46 -8 60 5 -67 95 -24 94 -59 -46 -55 16 31 -99 9 -28 -16 59 72 -44 85 54 56 92 1 28 -91 -86 -7 -19 -48 -31 76 70 -43 7 -56 2 -64 -60 -56 3 -30 19 39 90 -48 -48 16 96 -30 -31 -60 15 3 52 -70 -48 8 -47 91 -46 57 -12 -4 96 -49 45 -85 -99 39 85 66 -8 67 15 63 45 26 88 27 31 5 39 -95 17 46 31 -66 77 52 -92 -58 80 85 -83 -57 92 -26 60 89 -89 -27 67 15 -40 -5 34 74 24 -61 92 -96 -44 71 67 -61 59 84 29 -81 -9 -65 52 10 1 -34 -23 70 70 -36 -44 13 -60 60 -69 -80 -49 93 44 75 -84 96 -72 97 -75 -62 77 -25 9 -62 -45 -85 9 -99 49 -77 75 88 -83 -66 -84 -41 -74 82 47 -40 -35 -51 -55 50 -10 -42 49 88 72 -94 -22 -22 41 75 -91 36 18 77 -93 96 -38 -69 -26 13 65 19 -64 66 -26 -47 -51 -32 31 28 -4 -81 71 -62 23 51 -89 11 44 9 16 62 65 -97 30 43 -27 -95 65 58 49 78 -70 -56 67 76 82 -94 9 87 -56 56 1 -92 53 -85 -89 -31 70 -71 -90 -17 2 61 -42 -47 62 -53 75 63 11 1 15 98 84 33 -37 -80 33 -50 82 46 25 92 -87 33 -28 82 -66 13 -43 -68 -43 1 47 -67 3 -57 -81 -87 72 -44 50 28 49 58 44 -80 -31 -83 7 -55 -23 72 64 57 57 -41 32 42 46 2 48 42 -11 -78 -54 94 -52 -88 -29 73 -36 -49 -67 20 30 96 -86 55 69 -53 71 52 -33 -60 -15
55 57 -57 27 14 -48 82 -43 29 -92 62 -93 -12 -14 -97 -77 -52 88 36 -58 -75 27 -17 67 45 -95 32 -88 -4 -77 -96 35 -26 -42 10 -80 24 60 -96 -75 18 74 9 -71 -4 -32 -14 86 -88 -8 -34 40 35 -31 78 -54 99 67 -83 -55 -38 -18 -95 17 -70 -67 91 19 -97 -78 -25 99 -76 26 47 76 9 -43 39 -8 0 37 -79 -16 -67 -93 48 -6 -92 64 -14 -96 -83 -19 -30 52 21 -62 -56 -74 -78 36 90 -9 0 43 -85 -44 15 -63 -93 -26 10 42 -89 49 -58 99 -42 -12 48 -5 -86 69 79 -58 -3 -92 70 -33 -14 -7 -22 91 -40 52 54 78 66 65 10 -24 73 35 45 40 8 -55 79 57 -66 -73 -82 -85 -6 65 13 -83 -88 -39 -88 -38 -7 -20 -68 44 57 50 -88 -12 87 57 -24 96 10 -19 -86 -17 -45 -29 9 -17 -24 64 -98 71 -79 -11 -55 -20 62 -44 -92 93 61 78 -78 19 -20 -91 -18 -29 -68 -93 29 60 58 -40 97 -43 72 -60 -71 4 -88 71 -78 -1 -94 12 29 -3 33 72 -53 -7 49 75 -4 64 40 -36 72 25 66 -86 -63 -98 -65 81 31 45 29 -40 36 -83 31 74 -5 -45 60 -13 90 -60 -33 -53 -13 -33 -2 31 2 -85 -84 77 40 28 10 -55 -94 -44 91 22 -12 75 53 -55 -18 38 -80 98 -18 -37 -9 -7 71 40 -7 -7 36 -26 -77 25 -37 14 -21 -60 57 78 33 -56 -89 58 -9 88 -52 -95 61 -19 14 -75 -92 95 35 16 27 81 96 -87 -91 50 -44 53 -52 72 6 45 8 -5 48 55 -28 -19 76 -61 85 36 -86 59 46 -98 -71 98 1 -59 -99 53 -48 66 -78 47 65 13 -78 -53 73 85 -76 -6 66 -74 67 -83 -15 98 -68 98 57 -36 -9 -67 -26 66 -85 30 -40 87 -34 96 84 -83 -81 10 17 -60 -91 -25 -39 47 -60 52 31 -13 -21 -4 71 93 47 2 82 99 -27 -53 -20 -47 92 88 -75 -97 -45 10 79 -37 -74 -83 -17 -35 61 39 51 -29 -99 -31 -50 67 54 -63 35 37 -2 62 -53 60 79 -36 26 12 -65 -72 22 -47 -47 9 -27 25 36 -94 34 -8 33 -50 17 -15 -25 66 -44 0 -85 -66 90 32 -84 -70 63 76 -21 81 -97 -64 -3 53 -33 -29 64 14 -40 -5 -64 76 99 55 79 60 53 94 46 1 -86 70 10 16 -9 -99 -51 43 43 49 80 65 88 52
-95 53 85 73 -12 -35 -36 86 2 40 -47 -80 -93 -78 18 18 16 -13 9 8 78 -80 -38 34 62 6 -90 11 97 67 6 -89 -29 -97 -15 -15 18 -36 -55 68 -93 -28 39 -36 63 -46 -40 -93 43 -12 -95 -52 -21 -74 -61 -32 13 14 2 49 -46 -9 41 -22 72 -12 58 70 11 -74 -32 64 -58 -38 -87 -46 14 -11 52 -20 40 45 -6 -33 85 -3 -60 13 -33 40 54 92 61 89 -72 95 53 50 87 -23 -78 -55 -27 5 -66 55 74 18 -99 44 90 66 4 15 -79 26 43 38 13 -89 -41 99 -40 -98 -89 -36 39 1 -88 -40 -95 64 -33 83 -44 72 30 35 -65 -42 -64 3 -56 17 -47 83 -69 82 -94 27 -44 74 65 53 -11 54 -76 -85 -88 95 41 -61 -38 44 82 -90 -38 26 -65 82 49 83 -14 -90 -66 87 -84 -89 56 98 62 -36 -71 -39 -85 14 30 57 55 92 -78 41 -26 -74 -69 61 32 -51 37 -91 12 97 -76 97 23 -10 -17 -45 -2 -64 68 6 -23 -43 -4 86 13 36 26 92 63 15 95 10 -20 60 28 -52 -5 83 -57 -81 35 -99 70 72 31 -83 -19 10 -10 31 -49 35 84 32 98 94 80 -80 -54 -29 68 -38 -97 -38 -93 87 -65 -55 35 -35 12 -96 61 94 42 62 27 -53 -67 91 -1 75 -3 -58 -70 94 45 -71 22 25 -40 26 16 95 39 82 -87 -83 -52 88 -85 67 -3 19 70 -68 15 97 75 76 -1 -90 89 77 77 -71 25 -79 -52 -36 67 94 54 -79 -89 -75 64 36 26 -56 90 -69 70 99 -18 82 70 82 -76 -9 -52 22 -48 -90 99 -55 -9 -74 84 -80 -76 -8 83 39 -61 -19 6 79 95 93 -83 27 -42 -77 -8 56 68 -28 75 30 43 73 61 9 -53 -18 -28 41 -42 -70 -28 41 -11 -2 37 -61 -39 -98 -55 -21 80 -41 -37 88 45 37 48 98 67 -19 60 -65 98 -45 55 -54 75 37 -91 -40 -81 36 21 98 -69 58 -36 44 89 74 -99 -47 -90 -48 -46 99 18 -49 -31 -31 12 22 95 -79 -47 -61 -74 24 -11 74 -58 4 -79 -53 9 34 -55 82 85 -10 -9 95 -5 42 -9 76 -73 26 75 43 -23 -77 -10 46 -1 18 -97 98 24 66 1 62 50 83 -49 -17 11 -77 35 -57 -1 -87 -57 -62 26 85 49 -77 81 31 63 70 -19 -52 10 -28 -99 19 -88 -71 -85 16 -31 76 -83 67 2 77
-21 7 -54 27 -79 -84 -61 91 58 -55 -30 87 50 39 -68 26 -67 2 -85 -32 -68 -85 74 41 -68 73 99 55 49 92 2 -70 56 -48 -80 32 -73 -93 81 37 -37 60 54 7 77 -56 -31 -44 73 -68 -21 1 -87 20 73 -35 94 33 85 -57 -11 43 75 36 99 -37 -48 -2 89 -54 93 13 37 -77 85 10 -12 -78 -35 37 -12 35 83 65 36 91 96 -39 -69 -55 -89 -66 -81 10 -46 -55 -64 -48 93 -43 15 86 -90 -19 46 -30 -92 41 90 34 -86 45 31 83 -45 -67 -9 -31 -70 -40 -85 56 76 55 0 -22 28 -60 45 62 -97 -71 75 -86 57 -7 -79 -44 -98 93 -19 -36 -65 -32 41 15 -63 -75 69 -10 -91 54 -44 55 -92 3 -28 -42 -18 -43 12 -93 -91 -48 38 37 -95 -24 -10 54 -70 50 -81 -49 -91 -64 49 0 59 4 23 -39 -42 54 36 9 -89 37 37 56 19 4 76 -97 57 21 25 41 80 84 -71 46 62 15 -17 97 -74 59 70 -23 57 -20 -19 53 -23 39 -47 -67 -46 -94 46 -35 -29 -6 -2 62 92 82 24 73 -48 76 62 59 -65 38 74 -16 -69 -95 39 -61 -5 55 -18 -15 -47 39 -48 -19 -95 -43 21 -46 29 -82 11 53 34 12 34 -57 23 68 -41 -27 -32 12 92 91 -10 65 2 59 -1 42 -88 60 42 -12 14 69 -9 -69 66 32 39 68 -57 -31 46 56 55 79 87 -83 -24 12 -29 -32 14 91 -86 52 -2 -65 -95 0 -18 -85 -65 -35 -87 -4 -5 -21 63 -40 -61 -10 28 -98 9 -76 91 -10 43 -58 -62 -18 95 81 86 -16 -66 -67 16 -88 2 59 82 -66 16 -66 -53 -15 -19 49 16 -76 77 -86 -17 -1 -38 -18 -79 29 -81 74 51 32 82 26 -75 39 -29 -64 42 -14 37 57 -58 -82 97 2 29 22 61 69 50 -82 -17 74 75 -20 90 -79 86 85 -80 -67 40 -79 41 -73 51 -12 20 -2 -11 85 87 -12 -2 -27 -67 3 86 -15 -90 -55 -14 -15 -76 -3 89 -42 49 85 17 -27 36 6 -88 77 36 -13 -99 27 98 14 -63 -55 -64 12 -32 -73 -21 -33 54 -26 -8 21 -43 -59 -34 -6 89 40 43 48 60 -19 -88 -29 -87 -21 96 -75 22 -10 90 -34 94 92 -52 18 -46 -26 -84 63 6 -12 58 -76 52 46 95 70 80 79 -25 -60 40 -94 38 -12 -40 -31 53 12 57 35 -78 -18 -38 -14 64 -42
-68 -24 -66 71 76 0 67 -28 -59 54 -27 89 -11 36 21 98 80 -84 -7 -52 29 59 -64 17 -78 -72 -9 -85 -50 6 42 82 -97 96 71 -58 -18 68 -78 65 19 -9 -46 28 -91 -30 -46 13 58 -61 -3 72 22 31 11 -79 -27 -67 -39 88 63 -72 31 46 90 -7 92 37 12 -39 6 -48 50 -52 89 47 -6 -51 47 95 -71 -5 -89 14 67 63 -3 -20 -72 -66 95 -91 -61 -78 -62 13 4 -55 -93 71 -31 16 -86 59 1 12 0 -78 -28 4 -13 -17 -98 55 -45 -32 37 25 7 40 -45 76 -20 -28 -58 -32 -26 -28 -33 14 -11 69 95 -97 -56 39 0 70 -59 -78 -64 -64 22 -46 -19 -36 62 69 -89 -16 5 49 35 -81 77 57 75 60 -52 83 0 77 -82 -36 -74 52 55 -20 -36 -70 -84 -25 -9 72 97 71 15 -74 -81 -81 -16 -23 -47 39 -25 5 -7 -30 40 -21 -78 -56 -48 -17 -66 58 -40 -21 89 53 -1 -70 -1 -13 -9 -1 -55 3 34 17 -47 21 -82 3 36 3 -40 18 -27 -11 7 -43 -87 -11 34 1 -62 -66 86 18 42 -9 98 -85 -14 -26 -9 60 52 63 98 -39 -70 36 -74 93 -74 -51 -99 42 11 58 25 34 17 59 0 -71 12 -84 -77 -88 -42 -92 83 12 -41 69 0 48 -41 -58 -99 74 -10 49 45 -74 81 -48 60 19 85 -30 -34 55 71 -22 -1 -93 24 16 60 -39 -92 28 -16 -37 -25 59 -14 16 56 59 46 43 79 97 84 78 66 -7 70 10 63 26 -65 -12 -39 -2 37 50 11 -25 -69 47 11 93 -83 -78 -55 -41 87 -64 19 -72 80 -11 -50 -41 82 -12 77 -11 -39 -37 3 -69 65 -44 85 -97 -59 -33 -83 50 -78 -38 -60 75 -2 -22 -30 19 -43 -94 -86 -40 -6 -71 62 -58 -80 34 -57 0 -98 57 98 -67 -58 49 -99 49 -57 -76 -88 -57 -7 56 -27 -42 1 58 -3 -20 14 32 99 47 77 28 -36 -57 -11 -36 10 71 17 -31 76 -94 41 -85 -3 96 -67 7 -29 -62 -91 44 -57 7 98 21 12 86 -84 49 -91 -62 95 -78 22 -49 15 93 23 11 -14 46 60 84 -36 -31 70 56 90 96 24 -93 50 -16 -69 25 -88 -31 -12 -11 -58 -77 50 -25 11 83 -20 98 -62 -54 -32 8 -66 1 97 22 -79 29 -87 81 44 45 -61 38 65 -18 -22 -3 21 95 -21 -11 -22 -64 21 51 79 -78 -23 5
14 -87 -9 84 22 68 20 61 -40 3 -96 -21 57 -46 -34 -84 -73 15 -43 -18 -78 94 -54 -20 2 -23 -1 -49 -78 -66 -71 74 6 82 23 -10 -48 60 31 98 29 71 28 96 5 13 -22 4 56 10 79 97 66 93 -45 67 -15 58 -70 56 -25 -92 -91 -68 -15 66 -98 -90 -44 79 65 -55 95 -54 -98 -37 37 -13 94 -4 -62 -17 34 -15 62 30 91 46 -97 85 18 -17 -24 -84 -35 62 -62 59 50 41 -80 -74 44 99 90 -88 -61 -24 60 69 -82 18 -63 52 37 57 16 -49 41 0 -72 30 31 1 -31 54 -86 18 -34 -46 82 87 -96 -41 -22 -35 -49 -66 -31 -71 -99 9 82 -42 -99 -19 -85 95 -12 -98 -90 54 44 0 -90 64 -92 -14 -31 -20 -42 64 89 77 -54 49 -41 63 -86 56 99 61 92 37 -55 35 -18 -94 47 -75 -92 -2 -93 37 97 -67 71 -3 77 -63 -98 -26 52 67 34 -79 39 -61 79 78 86 -16 27 39 99 1 -20 64 -17 -38 -16 79 -72 64 86 71 79 -1 -10 44 66 8 -85 5 75 34 1 -30 13 26 37 23 -27 -45 -21 -93 0 -84 -46 -8 -29 -82 18 82 -17 -35 21 91 47 -71 -85 3 -82 18 -12 -21 -14 7 21 -88 -27 47 67 -78 99 63 6 67 -83 -38 77 -29 7 -59 -33 88 92 64 50 14 -25 23 47 72 -19 -70 -63 -67 17 -81 -10 81 80 31 83 -68 36 19 -25 -64 14 18 -44 -87 -75 11 89 -33 -58 -10 90 28 -44 -4 -12 -55 77 -26 -70 10 -84 -95 81 -4 -40 53 95 80 15 -86 -50 98 -78 16 63 8 10 26 -27 -8 -74 63 -7 73 92 -61 -91 -61 -30 43 85 -76 -48 72 70 -21 97 61 -30 9 10 -71 81 10 -44 68 -95 -6 87 -15 78 0 92 -44 -75 93 70 -14 -8 -44 88 8 -44 59 -35 34 48 -81 -43 56 78 -44 32 62 -31 -73 -57 37 22 -81 96 -23 87 -2 -86 34 13 87 42 -30 8 -87 -48 63 -46 55 -25 95 57 10 54 -13 47 11 94 68 -35 96 42 95 17 -20 87 -90 -98 -37 47 24 95 48 91 -53 81 15 12 50 87 -68 75 -38 96 37 -17 89 43 73 37 83 2 37 45 67 -32 94 -92 30 75 69 -73 7 60 56 -14 -6 60 -52 94 -92 55 16 -19 66 -25 72 -95 -26 66 -12 40 28 81 5 -87 -71 6 9 40 -96 -44 58
-58 -28 23 -78 74 80 -85 -48 -96 -76 91 31 10 -66 77 83 -92 -82 20 79 11 78 -69 -80 19 -34 -65 -31 3 -1 -38 -66 -84 -28 18 56 -78 96 52 56 48 -10 15 9 -94 -52 -25 -96 -99 70 44 -8 94 -72 67 57 -2 88 -92 -73 23 3 -29 85 -44 -92 21 -26 41 49 29 22 39 -67 89 97 -25 -20 88 -9 -99 25 -93 -39 -81 69 -50 17 -86 31 19 71 13 -92 -75 -76 69 28 79 31 -10 -26 -21 37 4 6 -31 62 97 16 63 -65 19 56 71 -85 61 25 77 -10 39 -73 -69 2 -2 -38 55 41 25 -85 88 29 38 -28 74 17 7 37 -89 -44 -61 9 -84 90 -30 -65 36 3 -74 -31 -92 92 -15 -60 -66 -49 94 35 48 -44 -66 31 68 56 84 86 -86 1 -79 93 -19 -78 -34 47 -49 -21 78 -37 35 -16 -5 28 94 37 -46 77 -22 -28 47 -98 39 94 92 -86 59 -86 48 -9 -53 -51 41 -32 -99 -12 -40 70 -78 -31 -58 95 58 -75 58 16 -8 -98 -85 16 -41 -32 94 30 45 -77 80 -57 -33 45 46 -31 43 -83 -17 3 -92 17 -30 -74 -49 -3 -17 98 -49 81 88 -53 -45 25 -5 10 -29 -23 -1 -2 54 -99 81 -45 -37 91 -73 -34 51 -26 75 -26 19 -99 66 16 61 -83 25 -29 -30 41 -48 -14 -97 -85 83 -19 -12 41 -66 -10 42 39 2 47 15 -94 -41 -95 -31 51 79 -31 63 -19 -74 -43 99 61 29 75 10 53 94 54 -49 88 -55 31 62 -43 3 -94 7 14 36 13 26 -45 -29 19 86 63 96 86 48 -57 -16 81 18 5 -93 -71 26 -23 82 13 74 -16 49 98 -55 3 -98 -67 -21 -95 -59 62 -49 -28 -20 70 -37 12 8 -40 -61 13 15 -12 19 54 -31 -74 33 16 -92 -71 -30 93 32 -62 3 80 -35 -86 -22 -85 -17 3 -79 53 39 -77 62 78 8 -6 -24 68 -49 -69 -77 -6 -48 -6 -96 47 41 68 -87 94 74 43 -56 17 87 -15 -29 -65 -63 -31 -46 54 -6 92 -64 58 -81 -62 92 -89 73 -5 38 -99 -70 -61 76 -68 31 97 -50 26 -50 26 -59 28 85 -16 2 -58 -57 -8 42 38 -46 71 78 5 -86 48 35 75 99 44 -93 54 -62 67 74 -94 -24 -58 -57 24 -79 77 -94 79 -24 -20 -82 -12 39 70 4 -92 -20 -83 -62 43 76 74 -18 68 97 -80 -19 -39 83 84 -56 -23
46 20 30 -40 15 5 35 -25 -6 8 77 -4 -82 -89 9 -23 49 40 -93 -96 -70 -86 90 83 28 -70 -90 87 91 -81 28 34 -63 31 33 -29 -9 48 -94 -73 98 -4 -85 -88 -1 32 -39 -27 80 97 98 -1 71 63 -89 -4 28 16 73 -78 46 -36 26 -57 -62 72 -68 -59 -18 -94 -36 44 -85 -66 34 26 41 -68 37 62 -98 52 -46 26 -70 -61 -52 84 1 -75 -27 42 60 68 -34 71 -45 97 -34 89 30 -11 2 27 -88 -6 -32 -89 -70 -16 4 79 -4 94 -35 60 -30 -19 -85 -90 89 26 40 4 -73 26 73 -88 -31 -73 -88 38 -61 -54 -71 76 71 -32 -98 -77 -12 19 -1 87 60 -57 -8 -69 -27 97 -27 17 52 30 94 18 -33 5 -25 46 12 7 12 42 -36 -54 -38 18 -30 -95 7 -3 83 -50 -13 35 21 99 93 -70 91 -7 22 69 -66 27 97 -35 42 16 89 -42 -87 33 -32 10 49 75 -16 45 91 -96 -9 -6 58 71 -33 -97 -3 -81 36 -45 86 -86 0 -35 77 48 54 -12 -75 82 -12 -47 21 81 87 61 -51 63 54 57 -8 48 -84 24 47 53 52 -28 -23 -91 -75 78 -23 -31 35 -44 -80 -1 -86 73 -52 30 -92 -41 -19 55 50 93 -71 -49 96 -25 -94 43 41 7 -93 -91 52 15 -57 -8 -10 -70 -94 -59 16 -58 -40 -80 17 -39 -71 -31 24 -12 -64 -54 -88 90 24 -17 20 -52 85 29 31 -92 -73 2 88 20 93 -59 -21 34 78 -31 -42 67 -69 29 -57 -11 41 56 57 56 79 97 70 20 74 76 -44 73 51 63 -49 13 -99 -8 0 -99 1 14 44 57 -78 -10 2 91 -93 -13 93 -13 33 -30 73 84 5 -66 -78 -26 -60 -56 -84 -11 89 -49 19 74 -6 -46 -55 -9 -48 0 63 -35 56 -57 -62 -2 -70 -74 -78 36 -80 16 73 1 -1 82 30 22 84 63 52 61 95 -19 -2 -92 -21 -2 93 51 -55 -89 -42 -37 -2 -57 -98 -81 72 61 11 -24 4 96 56 66 -6 32 -98 -50 63 -7 34 -97 -78 53 11 -28 19 41 9 6 -62 -31 -74 -77 -28 -55 84 -70 98 31 19 -99 89 -42 99 93 40 72 -52 24 82 -77 -99 -32 -51 54 92 81 70 68 49 -35 65 98 -66 -81 -53 27 46 -31 4 77 14 -30 31 81 -78 -75 -76 17 4 20 -29 -96 -76 -55 13 -32 -81 -46 99 45 -23 0 -64 3 7 -51
-87 -97 -46 23 95 90 -47 -3 48 -11 48 -23 -70 96 -72 -21 1 -49 -78 -7 86 85 2 51 -71 -78 31 -38 -98 19 -93 0 72 -56 -5 72 42 72 -70 -64 -28 -57 -75 -45 73 -60 66 57 -81 8 -63 -39 -76 -2 47 93 -50 -8 27 -14 26 -76 -9 85 24 29 -92 -71 -7 -88 56 -9 -70 -86 -78 50 17 38 1 -12 24 15 -2 21 -65 99 -54 66 73 44 -79 9 6 18 86 4 83 -20 64 79 -44 -99 -87 -42 84 -47 30 63 8 -94 -89 -37 -89 2 -30 -2 -25 -55 6 -7 -40 -99 -10 13 83 -49 76 -83 97 62 -54 -4 85 30 -29 -97 -79 69 32 33 -94 95 -11 56 -47 98 70 34 -95 -94 -29 60 45 -37 -37 62 -41 -39 -57 88 -36 45 -57 -43 -99 -78 -84 -71 -97 51 -78 27 -16 -49 -50 4 -80 -34 10 98 12 24 -24 43 -74 97 54 -58 35 0 -59 12 69 13 99 93 80 -46 62 20 -67 7 59 78 -82 -70 6 58 -64 -45 0 50 -32 60 -2 41 45 -21 -31 10 5 -12 -44 29 2 89 89 -81 14 4 -36 31 -45 -43 25 64 -4 -78 -82 88 78 5 44 22 -9 -93 18 90 -38 46 8 38 -94 14 14 -51 -54 30 -96 -6 79 37 61 98 60 -84 -69 -64 -46 14 7 -3 -22 -18 93 -8 19 -56 81 3 -53 92 -41 91 68 -37 76 3 84 59 -61 -98 -88 -34 67 -90 31 62 -71 57 70 7 -9 23 45 -4 -76 -22 -12 -13 -59 21 -32 9 -53 -50 39 -89 -48 -44 18 -62 62 -70 -62 16 54 80 -90 -17 -87 27 60 74 -83 42 -86 -40 98 -99 68 26 25 -75 12 -97 64 16 -24 -73 -66 -20 -21 28 -53 2 -15 36 6 -85 11 0 63 -62 41 83 -55 -49 54 27 -15 18 -9 -7 71 -40 59 -31 9 -84 -6 73 -69 -44 -61 -37 -43 24 -57 2 -86 49 -82 -99 -83 72 92 63 50 1 7 79 65 60 57 -12 85 79 84 -40 -45 20 81 94 -64 -56 -21 -42 -84 35 35 -57 -59 42 54 52 -7 72 26 -34 28 86 31 -97 -2 -99 -12 -87 -56 -22 33 -38 83 5 -83 -63 -89 94 10 4 -21 -4 63 22 -19 -39 63 49 97 -34 -21 -11 20 34 -43 -93 -88 40 22 76 16 -8 57 -90 88 80 -9 -4 -26 62 -50 -38 88 93 9 48 -40 64 71 -44 -96 -90 62 -59 -9 31 -68 43 46 55
35 21 -3 -74 -95 -3 -84 45 64 8 20 72 55 2 -23 7 -41 62 7 -55 -47 -40 -74 75 71 52 17 -66 23 14 8 -76 32 -87 76 93 -4 -18 19 -28 -90 15 -36 -18 68 -7 -97 -78 24 -67 70 -88 -97 80 57 -45 87 1 -12 -43 -2 32 -82 -41 64 -40 -9 -64 85 -6 -5 -95 65 58 -26 26 74 73 60 17 -55 -40 91 -13 30 96 -26 -69 -23 -58 18 -72 48 -12 -99 98 -99 46 34 -84 -18 -96 80 -7 -20 -70 -73 -63 85 -91 14 -80 -17 11 74 -61 59 71 -92 3 -39 -74 -14 90 98 -48 86 44 -23 -46 -84 63 -85 -2 -82 -26 -29 -44 22 -77 81 89 -29 -47 71 -97 -45 -6 -47 -9 -22 13 24 -75 -38 -52 -98 3 -22 97 46 -28 58 -50 -54 -90 -46 79 46 -37 34 -52 4 -8 -24 -6 16 61 -22 24 -34 -46 21 -62 -73 -9 -28 54 21 70 86 -21 -20 18 13 -75 29 84 -87 81 -26 -80 -39 -28 49 -51 -67 5 -39 14 -9 74 -71 -21 46 98 -63 -51 34 -13 49 -34 73 10 -84 -90 48 98 41 83 -71 27 41 37 -24 6 18 -65 6 -21 -39 -15 96 -29 -31 -15 98 -65 -30 -89 52 65 -42 46 98 -45 -40 8 -98 21 -76 -31 48 11 53 -19 -6 40 48 -84 29 58 -16 33 99 55 -71 -50 -70 53 -3 -3 55 20 -91 49 26 27 -12 -22 15 -47 -15 -5 59 13 70 8 16 -67 -13 -40 -97 -45 28 45 64 -66 -97 -38 -73 -73 58 22 -52 44 -62 -48 91 83 -22 -86 -17 82 24 16 8 32 -33 -28 -53 -48 11 83 -90 -65 -6 82 25 -59 -87 -75 -50 93 16 -76 -2 25 60 74 -40 -7 -64 39 86 -73 75 86 -38 -67 -72 77 80 -77 -28 25 -65 -39 73 24 97 -47 75 -36 42 -95 -14 9 40 -81 -10 -94 -58 -3 85 -31 14 53 78 49 -51 -54 -95 80 31 12 43 68 -48 -8 36 6 -91 -36 23 -51 -98 57 35 -49 -96 90 19 -28 95 97 -40 -63 -80 26 -42 52 -65 7 18 52 -11 9 -93 31 -97 72 77 18 -26 -58 3 -66 49 57 5 -61 -63 77 51 65 33 81 -85 6 -1 -10 -1 -51 -65 -1 3 -21 -96 39 -31 94 69 -20 61 -9 -48 -32 74 82 40 72 -24 54 -73 1 -97 14 -54 33 46 47 -69 -88 -84 -10 95 -64 -89 -35 -85 62 -8 71 13 -99 -59 -61 85 -55
-90 30 -79 -99 -44 -5 -80 -68 -46 22 15 -51 -97 66 -71 -22 -83 62 -27 -59 -1 73 34 26 -13 -33 29 99 -9 -33 -40 90 4 -74 -40 85 -73 -15 35 81 -29 -28 -56 21 -83 31 -44 -44 -73 12 -73 -16 60 5 69 37 6 36 -54 35 39 49 -17 -57 -34 63 -59 -18 -21 -12 -27 78 -43 59 -56 48 -88 52 -72 93 31 5 35 61 63 9 -73 -23 -38 74 22 -20 1 48 -52 -15 -24 -16 75 -78 20 -80 -76 89 -52 43 -40 -28 -84 77 -38 97 -87 -35 58 -55 -72 -30 -34 11 -17 76 -32 43 -75 -98 -8 -56 -90 9 -96 78 -81 38 9 81 -54 32 11 -23 34 99 84 -25 -75 51 -20 -19 -56 -26 -84 -85 -42 -45 -26 -50 -28 17 55 -31 -13 84 -37 14 67 -69 3 -5 88 1 -91 -71 90 5 -68 9 71 -4 38 -84 -81 -82 31 -7 13 -8 36 -84 70 -14 88 -20 67 64 2 94 66 -39 -85 20 67 -9 59 37 -88 -99 -20 -55 -85 89 81 63 -65 -58 -30 76 85 -81 14 84 80 52 67 77 -15 -56 10 35 -74 10 91 -88 -5 22 -69 -75 -19 -40 68 26 -35 -38 96 88 67 -8 87 -75 35 71 -17 60 73 -45 49 28 20 14 -29 -94 -35 1 -67 -24 70 78 87 -71 18 -76 -25 -98 -41 -92 -51 39 26 -10 -2 -61 77 -20 -96 -24 -50 -51 -16 22 61 55 -59 50 64 -21 73 -1 34 -50 80 52 88 93 41 87 -60 -91 68 19 -13 57 -43 -51 -38 -46 53 35 -25 87 17 -77 89 38 9 75 -70 11 -49 -7 82 -26 -22 -73 46 -17 19 -50 -62 13 -49 -41 -82 15 -2 33 -57 -22 8 58 57 -99 21 -49 83 -54 -36 -13 -99 -8 -54 45 -60 -43 74 43 64 -38 84 89 56 14 -16 -69 -48 -29 86 60 -63 -54 77 -92 73 -51 -72 -65 -19 77 -23 55 52 75 16 33 8 -86 42 12 -56 -59 54 75 26 41 -1 -60 -79 -42 -27 -47 79 45 -31 -47 -39 -42 -79 69 5 -22 -34 -37 -71 -92 88 -3 88 -7 88 93 74 44 -16 -19 41 45 -33 15 70 70 60 13 38 -53 17 3 45 -2 -46 6 10 -6 -40 -69 11 48 -48 -17 78 -57 8 35 9 -27 -76 -84 78 34 49 27 63 -87 -43 34 -5 -24 5 -98 -47 80 86 22 26 74 -36 -28 0 -39 47 -97 -70 -49 -26 -96 21 51 65 -4 16 79 98 36
22 -10 20 -79 52 60 -84 35 67 -44 82 -86 99 7 -48 -19 33 35 75 24 -3 -66 -50 94 85 20 28 52 -93 24 5 -58 86 -84 -1 27 -92 -47 -51 10 30 76 -50 -30 -74 31 7 -49 -84 -75 -14 -8 -51 48 11 -4 -56 -44 -85 -80 -53 -15 -54 -71 -70 -11 -45 -42 32 -36 -95 48 52 33 95 -44 -21 -30 22 56 -5 -57 45 -9 -78 -48 -37 41 -50 -43 -13 -15 -82 82 75 63 -12 -58 32 91 23 66 -87 78 -89 -21 -82 -6 84 -1 55 21 78 51 -13 -16 -13 -77 72 30 -68 -38 74 -4 -14 -33 -18 31 27 66 -38 -25 -38 9 13 60 -37 -95 84 -2 -32 -35 -68 88 -93 71 48 85 77 28 82 52 -47 -18 -16 75 16 -87 16 -52 -52 -54 -78 -41 52 51 -51 66 67 56 39 -1 -20 -44 89 77 59 6 43 -54 -27 -41 -26 1 -15 -39 -31 -31 -63 -20 86 55 -61 13 -68 -31 74 -79 -93 74 41 -32 -82 -52 -74 45 77 28 -3 -81 -40 78 -76 84 -56 -84 -62 -59 -1 68 67 89 -51 -37 90 -35 -38 -66 23 44 47 3 21 -79 -65 25 -5 -12 5 -76 -51 73 -12 -56 26 -66 88 -72 -76 -35 42 -6 59 83 7 25 -49 -18 -37 95 83 -90 -89 -66 -47 -93 7 81 10 79 -76 -58 77 -23 -62 -99 -70 9 8 26 -85 -96 -63 -68 16 -87 -65 -54 -37 -16 74 19 45 9 96 -82 89 51 -22 -36 98 39 -6 -7 36 -82 32 36 69 79 50 -41 -32 96 27 46 -58 80 75 -11 87 -33 -66 59 -79 -61 45 81 63 -52 -4 -89 -48 57 42 5 -2 -30 -60 79 -22 -6 -40 -39 5 -9 72 -11 -30 -43 83 95 -9 3 -75 81 62 -9 -21 84 37 -26 50 16 55 -42 -12 -16 -85 -73 64 -43 -46 -59 81 31 24 -16 -91 68 -92 32 -21 -13 91 49 69 58 26 -10 76 15 -16 -47 -18 -91 -50 42 93 3 27 -81 91 21 -49 64 -96 -5 15 32 6 34 -5 34 22 50 63 23 -4 -19 -91 82 94 -93 36 5 -44 2 -5 -76 -98 -65 19 -47 -55 37 -2 -16 5 52 -35 94 70 88 -88 66 -28 21 -38 56 52 86 -27 -47 16 -71 48 88 93 -24 61 77 49 72 35 15 -2 -40 -5 90 97 80 22 -16 -52 88 -50 53 -95 -71 -78 -77 -26 66 -75 -73 -93 -74 -6 58 -2 57 34 -88 15 -80 42 38 45 48
-64 9 27 5 55 19 54 7 85 90 63 42 30 29 -76 -7 -60 25 97 -16 -33 -42 58 1 -60 -43 -97 98 -44 2 93 88 -50 -22 79 39 66 35 -90 43 -83 68 67 -48 5 -8 -95 27 -95 -95 57 -38 -64 -52 -40 -3 -59 -85 -25 -76 97 -18 -25 -71 -26 92 -69 74 -74 -74 -47 63 49 99 17 22 -50 -41 -9 -16 19 -99 57 -28 -49 -83 -59 -96 -49 -20 -39 46 -28 -76 38 24 -20 -61 91 -56 6 6 -49 52 -63 -48 -12 -22 64 46 92 -54 -8 -32 18 -21 -59 54 -51 58 7 -77 44 -42 -85 -12 46 -49 38 74 92 -13 42 84 -49 -71 21 20 -83 75 -11 66 58 25 -40 83 56 35 78 40 2 -2 -27 -77 -32 -28 73 -59 -10 78 17 -55 -17 67 56 -17 19 -95 -93 68 56 -51 83 -77 16 9 -58 -1 -27 -83 61 48 -94 -58 -29 -27 16 -71 -70 9 96 73 85 61 14 -15 54 -4 84 44 51 -5 22 69 -19 -28 -23 -71 -81 10 59 16 28 44 -29 -16 -20 96 19 -41 -21 58 -4 -47 28 -4 76 0 80 -49 85 -59 -23 12 51 39 -77 -59 -55 74 -81 53 -67 43 -15 -11 -9 91 -73 73 -54 99 -2 95 68 64 -93 11 40 -90 46 -13 -93 -98 42 -3 42 -12 -88 -65 -83 32 -20 41 -97 -57 75 -91 -94 -86 19 34 49 -14 13 89 -70 36 88 52 -37 80 68 18 -9 66 -92 -57 -35 -37 -61 89 82 98 -81 -15 -30 55 -85 83 6 -52 -85 29 -7 42 -24 -56 -90 89 82 -13 32 70 21 60 -77 10 -98 -99 -18 -71 -64 93 41 -92 56 18 87 60 23 -66 0 -25 13 -1 88 16 62 -22 48 60 32 -61 86 -38 -88 -95 -10 79 -51 5 -62 55 95 53 71 41 -23 90 67 -5 -16 61 -48 -73 -39 52 -1 26 22 85 63 -98 67 27 35 -20 3 -34 56 -45 -12 59 -61 -67 15 -88 -23 -5 86 -26 21 -56 28 81 52 17 71 56 87 -28 -49 39 -98 2 -23 39 19 -67 -5 -88 -46 74 -8 71 60 -44 -60 -73 49 95 -68 53 -85 -33 57 -3 -35 -70 -99 -14 76 36 32 -52 -14 -10 8 55 13 -42 -6 98 -65 1 -52 57 -75 -74 69 43 20 -77 54 21 -1 66 92 -88 40 12 71 66 85 80 -35 -92 29 -41 10 -5 88 -18 -53 56 -80 27 40 -31 27 -96 28 -42 -34 88 40 -52 60 -63
-75 -99 99 82 -43 -3 -6 -83 66 77 -5 31 7 -63 55 -48 -10 95 80 45 33 -59 -22 -28 -65 71 8 12 30 -53 37 -23 84 78 93 -81 -21 -54 -88 -22 65 -10 63 -4 40 -39 50 98 32 21 76 82 -49 64 -81 -55 9 -48 73 -76 57 58 22 -25 -3 -41 33 0 74 33 -2 41 1 -39 -76 41 -63 65 -15 -86 -7 44 -91 40 68 28 86 91 -60 16 89 -84 69 50 -1 -31 -26 70 -39 -37 38 -89 59 -67 27 1 50 -70 -60 -53 -42 -62 -8 60 -64 -20 14 25 -25 32 -61 39 -36 -57 -76 -99 34 -23 -97 -81 -86 76 45 -37 -43 38 52 -62 86 -91 -94 75 36 -32 64 -72 -91 17 -72 82 27 -37 -2 -97 40 14 -91 -78 97 70 72 -30 -98 -31 62 -50 13 99 -88 97 74 -49 94 69 -74 44 -69 78 22 74 -74 13 -70 -78 -49 94 -73 -75 -59 -83 55 50 -91 -24 -87 64 99 -71 -12 -45 84 46 71 -81 50 74 -12 45 -78 -22 -10 33 -16 -8 61 58 0 -86 -90 11 -13 -63 69 -32 -72 -49 55 -49 -94 32 31 1 -3 23 62 45 -60 58 -41 17 -11 86 69 -94 -54 -36 -86 -8 -40 -45 -67 88 32 69 30 80 -74 -28 -64 92 33 39 95 -60 -57 -95 -97 -69 74 39 37 -98 80 -50 -43 17 -4 73 44 -16 -64 99 72 -8 -56 33 -88 90 -61 81 -68 -46 26 -37 -36 30 97 18 -7 96 59 -42 90 83 15 -10 -87 10 46 -19 60 -45 71 -37 -97 -47 -34 -36 98 -89 77 -74 -50 37 -9 69 -53 89 18 30 -48 14 91 -40 13 -40 -44 -62 -70 -11 44 -75 76 38 10 26 -92 82 48 -69 -34 -86 -83 -81 -24 18 -47 24 72 -90 10 92 -80 43 12 -12 -98 -59 -75 17 -49 -8 58 57 -60 -35 76 -15 41 -39 -82 -91 -46 72 81 -42 29 84 -75 64 -96 -18 -54 29 30 63 2 58 -25 35 -96 -78 -43 -8 92 -81 67 10 55 -30 -97 -90 43 -11 46 86 -9 84 79 6 10 -70 32 43 26 6 19 52 -21 52 -90 26 -8 -35 -45 -95 -5 -1 -25 52 79 -38 -93 97 80 -10 -80 -37 78 70 -9 -18 45 -49 -14 -76 -1 73 18 -35 19 27 24 41 -89 -17 77 85 -86 -64 75 -10 -25 -11 94 94 -49 62 -6 14 -60 -63 -67 96 -45 90 -41 -19 29 47 37 61 99 32 -12 55 7 26 3 -76
-60 -82 -79 10 88 91 -76 -96 -18 -19 -43 68 39 39 41 9 -40 74 -5 -91 -63 -23 88 -21 16 7 6 30 -95 -9 -33 53 65 60 -78 -43 -80 1 -96 90 26 -75 -45 -68 49 -53 41 34 56 -95 -45 58 41 -85 -92 72 51 -3 30 -95 16 51 79 6 -69 16 -37 -80 -82 62 37 -18 12 87 74 -5 6 99 35 -91 -87 64 -24 -41 -26 81 -48 -92 55 87 98 -98 -16 48 -39 61 -63 -33 21 -67 31 -43 -68 27 -94 -94 97 -96 -51 -71 -21 -81 -23 36 -21 60 -46 -71 -99 -37 31 -20 68 5 -5 60 -45 -93 66 -4 -75 0 71 76 61 82 83 43 -62 5 22 61 22 -89 32 -44 -79 66 24 69 -49 62 18 28 -42 37 0 75 56 -81 31 -51 -73 89 -6 14 16 -59 76 27 -65 45 -23 -41 -72 -75 84 -40 52 -36 72 8 -66 42 -85 -19 -63 -48 -10 34 -85 -96 64 25 17 95 46 13 74 22 -18 -93 76 47 -78 -86 -52 -71 -16 62 39 -48 71 51 -58 -35 -84 -72 58 -41 88 -71 -99 -14 -84 38 3 -34 -86 -24 -59 -64 -30 91 -7 -17 51 38 -2 18 61 -36 -93 88 62 68 -94 77 -74 91 -41 -57 6 1 18 -86 79 44 -78 -82 2 98 -18 75 40 75 24 49 -83 -87 69 -51 11 13 -90 40 45 43 -31 96 12 87 27 85 -10 18 42 -30 -84 54 77 72 71 -54 98 -20 -49 -32 -58 66 -43 -34 17 0 -20 -57 25 -49 45 86 13 81 -43 61 35 -70 31 -57 17 -45 -44 -34 -22 16 -89 68 78 -34 -21 -50 5 -90 -67 -84 53 -3 -12 -47 -29 12 -31 12 -39 90 -13 -87 -7 -70 3 0 66 -2 -87 -11 54 -59 -25 -47 -63 88 95 -39 -49 -61 68 -19 15 -93 -5 -30 -65 41 -2 9 -9 20 63 -77 62 -18 65 -31 -2 -67 -94 -98 43 -97 -17 -68 49 -82 -87 46 -38 -27 20 -2 -98 25 -86 34 4 34 -17 52 -21 20 -75 -55 74 -67 78 -5 -30 58 40 35 99 -37 15 -73 85 45 -9 -41 28 79 -2 46 72 63 86 -33 -84 32 -96 -74 -40 -87 -41 -61 42 -19 45 -45 -13 38 -25 37 -94 -11 -99 -99 41 -9 16 16 65 11 -56 67 -65 -48 -68 -75 78 31 91 42 69 35 -44 79 58 -24 86 1 93 -66 -53 -89 8 19 76 90 -16 -79 97 23 -95 24 4 -12 -4 51 -52 -96 42 -79
-10 48 -31 86 -67 -52 41 23 11 -91 -74 54 -42 -26 -12 66 84 -37 58 65 -9 92 -3 -71 2 9 -6 75 40 59 39 65 -5 -78 49 49 62 12 -87 21 -4 -37 74 -33 98 2 -12 -9 -63 -33 23 -82 -24 11 6 16 -37 -6 85 -56 -16 -16 86 39 -15 30 -80 -57 8 -46 42 0 -29 -13 -71 -7 11 58 -38 -34 67 -98 62 47 -88 -49 -45 58 -51 -46 -52 51 -67 -90 1 -79 5 -64 93 -19 -58 58 53 38 76 -3 -42 -28 82 -77 77 1 90 -64 -11 -23 44 61 86 -96 -67 55 -38 23 24 53 91 -9 -57 18 -44 -18 -23 14 -86 55 80 66 24 90 -33 63 -56 47 -25 91 -22 29 -75 23 42 -76 81 -98 18 -75 -98 -51 60 -78 -83 -21 -91 1 32 64 -65 -12 -36 86 -16 -7 -39 -9 -16 -23 84 82 70 96 -85 25 -46 -80 77 -28 -57 56 -91 70 29 -34 60 85 18 -20 -72 -82 -85 -36 63 45 49 -99 -35 -12 -65 15 18 -23 -4 -2 -18 -32 -35 37 0 -8 -59 -67 44 58 9 84 -72 40 -94 26 82 -79 52 -19 76 -57 86 44 66 -35 12 -6 -11 13 -7 -64 28 -22 -40 -17 -57 -38 52 -30 84 30 -70 4 -72 15 -49 52 53 -77 -58 39 -68 8 -6 93 -56 60 67 55 94 -47 -54 -27 75 93 -44 -19 -45 35 -67 7 57 -33 -14 93 75 -49 60 -59 3 -96 -50 -14 -82 -58 -65 48 -95 26 16 -28 -85 88 -85 62 56 -3 -93 71 -52 -32 -5 -50 39 -60 50 -20 -97 -91 -38 -60 25 76 -54 52 0 56 40 40 -1 66 -71 -46 36 -47 -99 -31 34 70 25 -1 -3 -18 23 28 -49 -9 80 38 -51 28 -81 -78 -40 41 35 11 -18 -43 -38 0 79 92 81 9 -21 30 -15 25 63 -53 10 -78 24 2 -44 -60 -67 -81 83 -27 32 -46 -10 40 -15 -36 -11 34 -62 82 -18 39 35 -61 -85 55 19 93 -40 77 31 -21 56 -45 30 65 65 -13 -97 90 24 -28 -16 89 82 -5 87 -40 -16 12 -45 2 16 -56 -27 -74 91 69 -54 64 17 -92 8 25 69 76 48 30 -47 74 15 -78 -67 54 -48 13 13 15 7 90 -94 -87 -16 58 92 -92 -74 -8 9 -73 30 44 39 46 -28 6 -6 60 53 96 -27 63 91 -57 88 -61 -13 19 60 5 52 -60 -2 -80 30 -72 96 -64 -98 -85 12 23 68 33 44 75
-74 -97 -80 -35 15 78 -32 99 96 11 39 27 -10 18 -78 -33 -53 -16 -11 6 17 -8 -12 -47 -41 -13 36 -64 81 -70 78 59 78 -19 -81 -53 -5 -44 86 -62 -1 49 -99 -79 -58 19 -66 29 -86 -85 39 -67 -44 63 90 -96 93 74 -5 -39 -44 -70 4 90 -11 -50 -14 -48 -47 6 -21 -46 -10 -94 37 -66 48 -67 -32 -31 9 -97 69 -65 24 17 90 -30 86 -92 71 91 -20 33 34 -30 -73 -2 66 21 -21 -70 23 98 89 51 -78 80 72 -63 60 17 61 -33 -95 -11 5 1 -5 -1 42 11 -45 46 -65 73 79 74 -64 -91 43 39 -65 29 -96 6 94 32 -97 -66 -37 -54 -94 2 62 8 52 -20 8 -52 41 -28 -81 -56 -50 47 -53 -69 -84 18 73 48 51 -2 92 77 -35 52 -96 5 -90 -61 -34 74 -81 -3 -13 -69 -76 79 -53 88 -46 55 -7 -75 73 -10 -97 -34 -62 2 -10 -95 54 -35 38 99 13 -1 -54 -22 50 60 12 69 -60 24 -48 42 8 65 -53 -64 -57 -16 62 -24 0 67 41 -6 80 6 -12 57 -81 -50 -89 58 -96 26 82 -6 -90 70 -29 -88 38 94 60 29 -54 76 -50 -67 -95 -5 -72 -74 -73 24 -52 3 -92 -94 96 51 4 -30 -92 8 60 26 69 -44 11 73 49 -48 -8 33 72 -67 42 -5 -31 25 -40 -3 74 50 -54 14 -26 85 64 52 11 -4 37 54 -45 50 -25 7 -91 -12 -99 21 -23 32 -59 -39 -36 42 -75 -86 19 76 -75 -11 91 27 -10 80 -75 -3 58 -65 11 -20 19 -58 -82 -44 -84 36 62 -27 3 -7 -60 -16 -52 29 -9 74 87 -17 -49 -74 25 -9 80 26 39 -67 30 -72 -29 77 -79 38 -20 95 -78 -57 91 71 -81 62 -44 -43 -94 69 56 -51 36 -94 54 56 -80 -28 -39 65 -21 -44 88 -29 26 -24 -78 96 -32 47 -39 -14 -65 -61 17 -48 30 -2 83 -19 -37 55 -76 -82 -82 43 -86 -83 63 -59 -20 -97 -60 45 42 -45 72 86 62 -90 1 -12 -69 51 43 13 -89 93 -28 -68 98 10 -47 -75 82 38 -48 -92 74 46 -52 -1 -77 23 63 42 57 57 18 -42 -22 -48 33 -6 -15 -76 -44 -64 56 -92 26 5 4 5 -53 -24 30 48 -8 -7 17 64 65 -53 -13 -29 76 -36 -83 -47 45 30 63 -63 -81 -90 85 -17 40 42 -10 -15 28 -75 -39 50 82 -56 -24 -70 29 83 -75 8
27 9 -94 -64 61 -56 -89 21 5 6 -90 79 47 33 -80 -64 34 14 38 -4 -36 -28 84 -64 0 97 -98 -86 -91 -93 38 57 -54 -72 -21 77 -15 -25 55 -40 -8 -36 -31 86 -4 -94 -18 21 -47 -15 -10 -85 -66 37 -78 97 78 -88 34 39 -72 32 57 9 -28 -34 -93 12 95 75 -24 -38 37 -47 97 11 81 48 -44 97 -59 73 -3 -82 83 52 -50 2 57 48 51 46 -20 -22 93 -63 58 1 4 -48 -98 21 -66 54 -53 -39 32 -71 11 56 -70 18 -81 85 40 81 62 -4 -72 52 12 84 -28 9 67 -27 32 18 89 80 -22 -53 13 40 -61 -55 10 -40 52 -81 91 -67 29 -13 56 70 -52 -59 69 -40 28 77 -46 17 -45 13 -82 84 -33 -52 28 -50 -1 3 -42 56 -56 73 98 40 96 56 6 -42 -89 80 -90 75 37 -63 -3 -5 -71 -7 3 88 96 7 -60 30 -55 -88 33 -24 -33 33 26 31 75 63 -86 -8 -86 -96 -61 58 -15 -8 -59 56 -65 49 45 -99 -13 -42 -30 52 -28 -85 58 -60 83 32 7 23 -58 30 43 85 -45 19 2 -3 -27 -3 -22 31 -88 -43 -44 -28 39 13 -45 -44 -34 -77 -36 41 -83 91 -5 95 -41 -37 94 43 40 85 -94 85 -93 67 -86 72 22 27 7 -82 -17 89 -29 20 -25 -83 5 87 -1 6 -92 40 -76 -64 95 50 -14 -53 89 93 -14 56 -85 -36 8 -79 -70 86 -22 -53 24 61 94 -37 55 66 33 -95 20 -25 29 -70 -53 66 38 -38 75 24 -59 17 -58 -44 89 -44 42 1 87 11 -3 -91 84 90 1 2 24 56 34 88 85 -8 99 51 1 47 0 -74 -26 -55 90 73 77 52 -73 1 -12 36 -12 -98 8 -73 -47 21 -59 -42 7 -22 89 90 53 -83 -32 -44 -43 -8 -17 -84 -58 -53 59 -82 -36 85 53 -7 -81 -11 90 45 56 -46 -12 -8 -19 -75 -6 -48 65 12 19 -44 -69 -40 -63 71 51 32 56 79 -93 81 -33 84 50 -69 81 -8 -98 63 22 -69 17 30 25 36 79 17 -80 -50 -81 -25 -75 96 -48 92 -75 73 -23 -29 71 -10 -32 26 56 -39 6 -68 -36 -46 -5 7 -16 89 -6 -9 40 28 -29 -45 88 44 35 -86 0 16 81 64 54 -80 46 7 45 34 11 43 -31 -69 -98 79 -69 62 -55 83 70 -73 -93 -73 -49 69 39 23 43 -19 73 0 63 -24 67 -70 -61 -81
82 15 74 96 74 64 53 -86 20 8 -47 71 -94 -61 20 89 -88 -41 3 34 -86 -64 80 91 54 -44 -38 97 75 -19 47 56 26 -16 94 -50 79 -32 -10 -7 8 -55 -78 -75 -59 0 28 70 82 52 -48 69 -99 51 -85 -68 57 -80 38 -56 -94 23 -50 30 -57 32 72 -95 51 -15 60 -15 -80 4 -74 11 64 9 54 15 -58 -54 -29 11 10 19 -70 -45 32 -89 -33 24 96 89 -94 15 -30 82 98 -80 49 -23 -3 -36 77 73 -16 66 25 -28 -44 -47 53 69 -48 -20 -58 -44 -90 12 -46 -71 25 -20 69 49 59 28 -21 -95 18 2 78 34 -7 67 -68 40 7 -31 8 98 -80 29 -34 -21 19 -87 -10 -57 76 -25 23 -49 21 -78 45 49 -46 56 33 -87 -95 45 89 -52 -63 64 32 -2 52 -58 20 -81 -22 -77 -23 82 51 83 -27 -59 26 -87 -64 84 -51 -89 -55 -52 73 60 -92 67 10 84 -69 -84 -32 -7 35 8 68 -28 -50 -33 7 -93 -36 -17 -76 26 41 73 -66 -26 59 38 10 -40 -37 33 -81 68 76 78 -15 78 -61 6 -14 -8 47 53 -16 -67 91 66 -92 -24 -86 64 42 8 69 -90 59 81 23 72 -68 94 56 27 54 77 14 22 58 -7 -44 25 -7 -57 -90 -72 -47 54 44 -55 77 35 20 -76 44 -13 28 71 -4 -52 83 -14 81 84 97 -34 -10 -71 11 -94 -34 43 -57 88 -32 -62 -36 45 -80 -66 -14 -68 37 -62 1 -74 -78 -35 -60 54 73 -73 -76 -82 -10 -42 16 -95 9 -2 -91 23 -56 -33 -18 82 -82 -93 -71 -4 -99 -13 -75 10 25 91 -74 99 -86 46 39 -91 -7 -60 -17 89 63 37 35 -65 -79 -64 48 -50 26 -20 35 40 -53 73 -44 -1 12 52 85 80 91 36 -34 63 -82 38 59 14 87 -59 15 -99 76 -77 -57 52 -75 -94 -39 -30 -74 85 23 79 -82 54 48 15 -88 56 91 -14 61 11 -45 -65 -70 82 89 12 -50 -59 45 35 73 51 46 47 39 52 49 92 17 -34 72 -39 -47 28 37 -85 9 79 -30 -38 -2 -32 65 -18 -57 70 -83 43 -96 27 28 14 -63 -82 64 -4 56 8 21 -97 -71 -56 92 -99 78 -53 74 -97 -4 23 38 -57 85 74 -60 -74 71 -18 94 -66 -13 -31 97 -69 30 -64 -66 70 -70 -38 -33 75 93 -41 27 -71 -82 11 -66 -17 82 26 -51 -45 -34 -89 71 -43 -17 48
7 19 18 -40 84 51 -97 34 76 -80 -92 57 -16 48 -32 -28 -21 46 -62 -28 -53 -82 71 15 -54 -72 -52 9 -15 69 17 62 -83 9 54 -36 35 -17 73 86 13 -80 62 -98 -39 29 62 49 -59 63 -91 -27 -61 59 35 -38 88 -95 95 75 9 -23 89 94 65 81 27 31 92 -42 -35 -8 24 -88 24 -6 -85 -25 -34 11 95 23 26 -54 -40 64 -77 -41 -33 34 2 0 59 -83 -1 -69 -22 -6 -9 -64 -63 33 31 87 35 -98 -31 -93 92 -46 80 -27 15 56 -40 -35 -82 -38 -60 89 64 14 -49 -2 47 -20 -93 -93 -49 56 -14 38 -82 -55 -7 -61 21 65 96 -30 -6 -84 -56 85 83 37 4 26 -49 4 67 5 49 -1 -43 80 7 33 -46 73 -48 50 -12 -21 -37 -54 -15 21 29 -15 -45 -32 -5 58 61 -45 3 -54 54 89 38 -11 -96 -85 11 0 33 -26 -33 -88 56 -73 82 91 76 90 35 -44 16 51 -72 -74 12 31 37 -66 25 68 -61 -94 25 -2 30 77 -93 39 21 -41 -89 94 42 -6 62 -76 15 11 -19 93 76 -60 17 -91 12 84 -86 -91 -2 -14 -3 15 51 54 35 29 57 63 26 -34 -35 35 -7 -54 79 -52 14 -7 -54 17 16 34 -66 90 3 43 -83 43 56 20 32 -83 -94 2 -55 30 -8 53 78 81 5 -29 -72 1 -35 27 81 -12 -18 5 60 -78 -81 41 53 17 48 -94 74 67 0 -66 44 -54 -91 -72 -30 -29 -44 -19 -19 54 -12 -84 -84 -19 33 90 57 -8 62 -46 59 91 -58 -3 -48 -14 77 -38 72 -31 74 5 -97 74 -2 89 -59 55 -20 -41 2 13 5 8 -51 -64 -13 -92 -65 -30 40 -79 27 -66 24 -45 82 -35 45 30 -86 -63 -40 80 -77 31 -15 -11 -93 -99 -6 -94 11 58 -61 82 -76 -80 72 0 -53 75 50 -11 -45 -14 -6 94 -19 -70 14 -11 -24 58 27 -66 -25 -51 -42 31 47 -54 -46 -91 52 90 68 65 -41 -11 -31 -38 -60 38 12 -14 5 34 48 33 43 97 61 52 62 38 52 -29 51 64 2 96 -63 77 31 -88 -44 93 -67 26 -40 -68 91 -74 -80 -17 -87 -78 67 10 -55 -64 -88 -62 60 -63 95 39 62 77 42 -32 -55 -94 -37 78 11 -94 -34 -91 55 86 75 41 48 -38 25 81 13 24 26 13 56 80 29 -4 64 30 19 -36 -92 93 -28 -92 -38 -73 87 51 -16 -17
-84 66 -60 32 -82 -29 -53 72 20 -76 -65 13 -31 -31 -28 3 -95 98 67 -69 36 -66 -80 -1 -3 68 93 -26 93 56 -85 64 11 80 42 -26 17 -67 96 -51 -24 -36 -5 -80 -1 -54 21 55 97 -29 -79 -1 -32 -1 -52 98 38 -43 15 -68 -85 68 87 39 4 63 -20 96 -73 -16 -88 -40 78 52 20 88 94 53 -14 -62 19 -15 17 51 -69 17 37 29 38 1 -10 88 39 -64 83 77 -24 33 33 52 -77 56 57 65 97 66 -54 80 28 -23 84 71 77 67 -41 83 47 88 -4 -89 -16 -4 63 -45 -96 -1 -65 20 73 58 -11 -45 60 74 2 1 46 -80 69 57 -87 40 71 -65 -54 -31 -26 -76 -40 -11 6 55 -47 -73 -67 -53 11 -96 -46 -12 83 94 4 59 82 3 -55 65 -20 -79 -11 90 36 -26 44 37 41 31 -9 50 95 -5 79 -85 89 -71 -79 78 40 28 44 28 59 95 92 -42 83 -79 98 -3 -11 27 -23 -10 -86 51 36 71 54 62 69 -72 -26 -76 -87 -1 -97 61 -89 -2 -53 -12 -36 -68 23 61 -86 -7 16 -89 69 66 61 33 91 86 79 81 -52 -69 71 37 -3 4 15 42 -11 -29 44 -38 -6 -61 -35 52 11 2 -33 -78 0 65 94 -44 -83 -88 97 -9 48 57 -10 92 -52 77 79 -31 44 -28 -74 -57 59 2 68 61 98 81 -6 15 -28 -36 26 -87 52 68 80 -82 -82 27 89 -52 86 -91 75 70 46 25 69 12 -70 2 35 25 -86 -35 -11 -21 5 -98 -55 -23 12 -14 -34 -9 -65 27 -26 63 12 -64 -52 -11 27 -83 -8 -53 27 10 -78 94 -63 5 1 -64 65 -19 86 -26 20 16 85 82 -66 81 -59 42 -41 -73 67 -33 -20 69 -21 -24 54 -24 22 -25 -46 -76 -78 50 -78 26 -17 60 -67 -62 -79 -58 48 83 77 -3 87 -81 -38 96 69 31 -98 -48 75 -57 -8 43 -74 55 -31 -89 -71 -56 -98 13 76 36 -95 -24 23 96 70 -6 -63 74 -44 -55 16 66 42 -41 -37 -51 20 -69 16 55 8 -88 38 -42 40 -28 -68 -76 -7 61 46 32 -35 -86 36 74 42 -47 85 -14 -74 -21 -78 -36 72 51 -37 -47 57 38 -85 84 -51 -36 -60 79 39 -15 -36 55 40 90 -63 -26 -98 -26 -37 4 90 -3 88 10 -98 -44 -55 93 23 41 78 2 -55 64 2 -92 -74 -98 -89 15 64 53 -62 -40 18 18 -19 63
-32 22 -95 -7 14 -60 -38 75 -82 -8 -80 51 80 35 -77 -79 49 36 -58 -17 40 65 46 82 37 86 -27 -15 10 50 71 48 -61 -56 59 71 -19 -8 -58 -33 77 53 45 48 42 -34 75 -82 -97 78 -91 51 -43 -64 -69 10 -5 87 -67 19 4 72 -68 26 -31 -27 83 -61 -20 81 -14 -67 89 44 -40 -45 -67 28 1 90 -36 71 78 37 34 19 -35 52 14 87 89 -89 -28 -18 -71 10 -35 0 -13 23 63 1 -18 -55 14 -44 -1 -98 34 81 -38 -19 79 -69 24 19 73 -50 -65 56 40 -69 60 38 -91 92 -33 -69 93 -73 -39 -72 55 -92 -49 77 -52 -56 -31 -19 82 65 -92 44 -21 53 14 59 55 22 -28 -93 49 26 -81 44 -53 19 -1 -58 85 -16 -66 -48 28 -30 -37 -6 -20 -2 -75 -9 -42 -39 -85 -43 -81 0 -15 13 -97 -47 17 -39 66 -2 -53 73 90 -31 -62 -61 -80 16 48 93 -47 83 77 75 7 -84 85 -29 39 -8 40 -80 -12 -23 15 60 -32 60 -97 48 -37 -12 48 -77 97 -16 -84 76 64 -47 35 76 65 74 -17 59 32 55 91 -57 84 39 15 -62 -26 -54 0 -89 -11 -75 85 -35 -41 -93 94 -79 14 -56 -50 -63 -15 35 -26 31 -69 -50 -81 -76 -58 -12 54 -77 -87 69 -61 20 84 83 45 -82 -84 20 -96 -89 79 37 -48 -51 -4 91 -30 -99 -34 -89 -87 62 -83 -51 53 -51 -2 -53 23 83 -27 -14 66 37 -68 18 -38 18 71 54 41 53 16 12 24 -1 52 -97 58 11 -7 -25 93 -69 -43 -15 -46 97 69 51 -4 -11 -77 36 98 10 45 23 -77 57 -65 69 20 -57 87 5 4 -75 -51 -46 94 33 29 -30 17 33 27 -4 -59 -62 -39 -2 8 -44 90 8 45 32 4 9 59 -58 46 -85 56 -31 68 -9 14 63 3 -50 -20 71 -87 -41 36 96 47 47 -45 -10 -71 46 87 31 -17 -30 -4 -34 16 -14 36 -8 -23 10 71 -93 -48 -43 9 92 67 -14 43 -86 -54 47 -17 10 -11 -21 -11 -25 -35 -73 -58 -77 -56 41 23 3 -18 -20 10 -4 -20 -37 54 3 10 -57 27 -33 -9 -83 50 -23 35 22 -2 -82 46 35 60 59 -68 45 10 -89 0 23 -53 34 0 84 -62 99 -38 -91 69 82 -59 81 -89 40 45 -10 15 70 -41 -30 21 5 -29 3 72 -88 -41 2 51 -61 -77 -78 43 50 53 65 53 66
20 95 21 -46 69 -52 -18 47 95 36 -80 28 56 -24 -22 48 53 -85 75 -57 -41 -79 88 -64 -10 -27 -9 80 -42 -72 31 -19 -41 38 89 46 63 61 -33 29 73 81 -59 -74 -42 42 -27 -36 -15 1 -88 -43 9 52 95 -82 -10 83 85 68 44 -36 56 -23 -37 43 51 53 92 -39 13 -22 -67 -22 40 36 -54 -95 1 -4 9 36 90 69 25 24 -52 -39 -72 21 -91 73 31 -31 -38 -5 56 45 70 71 -14 -37 79 4 30 -84 31 9 -72 -56 59 74 -35 42 67 -58 -54 -32 -69 -88 62 87 25 -71 -14 73 -81 -64 -44 3 55 54 95 -39 -58 -13 -18 -9 47 -22 13 -71 -71 -92 -31 11 47 17 60 -69 49 -18 16 -60 89 -20 47 -61 38 19 -61 31 17 -43 28 75 72 94 91 -72 -82 85 95 -9 86 96 92 6 92 17 52 -96 -2 -84 62 62 50 48 -50 67 89 -77 -55 37 30 -83 -59 -33 -17 21 -3 62 -84 44 1 -49 -42 -2 -62 20 -2 -90 -96 -4 26 94 -5 60 79 -32 -28 -62 70 0 -36 72 -6 62 -38 69 36 -3 -44 50 99 -8 -31 -22 -38 81 -49 -69 -32 35 47 -27 84 -88 46 78 62 53 -97 16 28 9 -98 -54 49 35 -69 -79 81 -66 52 96 -72 -43 -27 -95 45 -11 96 70 -5 -49 -49 5 -32 40 -17 54 48 -2 57 -22 97 -54 95 -37 -85 -15 96 -59 3 71 13 88 -52 -11 8 36 1 -1 73 52 -67 41 -58 73 44 -8 25 7 56 -40 -44 -57 11 82 11 13 98 -23 -85 -4 -69 -71 -70 -18 -58 76 -38 40 -93 53 80 28 -96 -35 34 65 -3 14 35 -83 81 91 60 13 58 63 -62 31 -99 -58 46 88 -40 -66 -44 36 99 -67 29 51 -55 6 43 -71 -38 -37 79 -78 -59 36 73 63 18 -46 -25 -21 -60 12 -45 -7 84 -13 -47 84 2 -70 -17 -37 17 40 89 63 47 67 -91 36 -29 11 -72 -94 -10 -42 34 60 16 -54 32 -53 -92 62 77 -37 -39 19 -78 -73 28 -87 26 -42 -17 -59 94 37 5 -42 -40 -50 51 -49 -78 65 -47 -17 95 33 96 3 71 -71 9 7 -91 -9 29 -27 -50 67 -14 70 90 -52 -10 73 -93 72 -87 85 -90 -9 -65 -62 -42 62 41 21 16 29 91 -26 62 19 -79 59 -31 63 51 99 24 -59 91 15 38 -36 -37 -48 94 -68 -77 73 23 -89 73 29
-87 71 25 -55 -86 30 -25 -68 94 89 81 32 53 95 47 -78 91 7 -89 -47 45 -34 -39 -49 71 64 -52 61 16 23 12 9 19 85 22 58 47 99 82 -73 -15 -9 99 -80 82 41 -90 -41 44 6 27 83 -38 96 -20 -92 -69 -77 -55 68 99 -27 75 -14 -59 -94 15 -88 85 -22 80 -4 -90 -21 -72 75 -99 -13 61 -53 -55 85 -1 -39 59 -91 83 -45 75 -22 -91 12 39 45 37 -84 49 -21 6 -15 18 22 -22 -15 47 81 38 -38 17 38 -37 -51 -79 31 -52 -54 33 -20 16 29 -93 -41 -79 88 -70 46 40 -61 -56 74 39 47 -7 75 -72 16 -38 -25 31 35 37 84 1 87 60 22 58 -18 -29 -20 -96 8 -27 -93 28 -77 -80 -5 -66 56 70 26 77 -14 -83 6 3 60 48 34 28 96 4 6 50 -62 79 65 45 59 35 -90 -15 -23 78 -5 -21 28 96 26 23 -48 -51 -20 8 27 89 75 -22 6 63 17 36 86 -51 -22 78 82 36 53 53 -85 67 26 29 -11 82 48 -47 5 -48 73 41 59 86 -39 9 -57 -23 19 33 -2 83 80 42 -35 17 -61 -54 -7 -51 -86 -20 12 -18 6 -22 5 10 23 80 20 6 82 -60 9 33 44 -55 -2 89 23 -93 -60 12 19 -89 -4 -39 -72 25 -71 -32 -20 78 -40 57 0 7 83 37 -39 -56 29 -64 -92 -55 38 49 -30 -75 -99 -8 -92 -54 9 96 -98 -75 57 -71 46 61 -29 -78 20 92 -91 -92 -90 -79 13 87 -18 -21 2 15 -45 -13 -35 4 -51 -56 -32 -71 -64 -82 -32 31 -68 -97 -16 54 -47 -53 86 43 -76 38 -48 73 -1 -37 86 -4 75 -10 -69 36 4 80 28 -38 67 -39 16 19 83 -1 -37 -33 -97 -7 -76 -54 -13 74 57 -41 -29 -90 2 84 17 -80 -12 -97 -2 33 -93 -66 0 -74 -71 -99 -39 68 63 60 68 57 65 -58 -24 -94 -74 -18 52 -72 -44 -48 30 78 -3 -48 90 -87 -77 -74 17 -20 17 59 60 -45 13 97 76 -81 -77 -78 49 42 -43 -39 -44 -30 44 -95 99 -89 12 88 -85 -27 -30 -86 68 9 -75 -48 12 1 5 80 19 -18 80 -1 -11 -91 -17 56 -93 70 70 11 -99 4 85 -56 13 1 -65 -24 -32 1 55 44 -17 40 -97 51 -85 -78 -93 -23 56 -46 96 32 -90 -40 49 -23 16 -51 -96 31 92 -52 -51 -75 48 13 49 53 36 52 37
-56 73 -21 15 -6 15 40 15 32 -36 16 -44 88 -56 -72 -11 51 6 -85 -23 79 -30 -29 -98 -36 -20 44 31 92 -55 -73 43 -56 90 85 -12 32 -4 -37 0 48 -35 83 48 -12 -21 -10 -4 -58 -88 95 44 -63 39 70 4 67 -11 -72 -90 87 8 -88 95 27 16 -65 -23 -88 22 -68 6 6 46 -78 35 -92 -87 -34 -71 45 49 86 21 41 56 -72 -37 -72 12 50 -37 -86 -15 46 85 -74 -83 -17 -87 -99 -63 32 -8 -58 -45 -4 -55 54 -44 55 43 61 -24 -58 -74 61 36 38 -4 13 94 -98 46 87 49 98 -34 35 75 27 53 -77 -55 56 -8 -46 58 96 67 83 -23 77 -44 -61 -71 58 -92 -12 -36 -56 -94 19 -50 -53 -51 -31 -55 46 -85 -70 -23 -58 25 -94 -12 -67 73 -43 -13 -71 -65 -24 -2 -9 91 -77 -32 -30 53 -85 -27 80 -15 34 -2 -11 -43 -91 96 -57 -62 55 78 57 83 54 77 37 -25 55 -20 -64 -24 87 -62 -17 -39 -86 89 -87 43 -49 -53 78 56 34 29 22 21 70 -25 43 -8 81 62 49 -39 87 70 -2 8 -46 -21 44 28 73 38 -3 -94 67 -43 66 55 -35 -4 48 66 29 9 -29 -63 -88 -35 -29 70 56 -72 -36 -66 -56 -39 74 -33 81 67 7 -67 68 -38 62 -43 -95 90 -83 -13 -52 -10 -54 6 -19 20 -8 -66 -9 -76 -83 -37 75 -18 98 -60 21 -61 2 88 -45 -69 93 73 68 94 78 -49 -23 65 3 -96 -64 39 -7 -85 -99 10 84 36 76 -81 -77 -16 52 -68 83 -21 32 67 84 -25 1 -37 57 49 5 35 -39 92 32 55 45 -98 84 57 27 3 -25 57 48 77 1 34 26 95 50 -84 32 57 69 68 -85 -63 48 33 55 -23 -84 -7 -76 -48 83 -2 86 -77 -75 -17 52 -78 41 -90 16 96 52 -88 10 5 80 -16 -71 84 59 72 20 86 70 71 55 5 93 -83 16 -66 26 -61 -86 78 -76 65 26 -46 35 70 46 61 -42 -48 58 -82 73 -49 4 18 21 18 11 26 46 75 -28 -79 5 -19 -61 -96 -87 64 29 4 98 43 42 85 -92 -59 7 3 80 -32 0 6 -16 96 7 40 85 -32 69 41 92 80 86 76 -3 70 19 16 54 26 55 18 19 76 52 30 -59 25 -17 -54 2 71 99 8 -46 82 67 63 9 -81 -99 0 12 70 -79 96 -67 88 20 34 -29 -65 39 -74
-43 23 59 52 -13 -14 -95 -13 -84 46 9 -18 61 -85 41 -99 -80 1 41 63 -10 -63 -70 -49 56 -80 41 -93 25 -46 -60 -19 -93 45 -20 10 -73 48 95 -30 77 17 -33 3 18 64 56 -35 -29 87 -19 65 40 82 -96 -94 -55 27 2 23 -59 -98 40 36 31 96 59 -18 72 -82 -3 -54 -66 92 -35 -88 -91 -91 73 43 -78 87 -53 34 -59 52 7 -51 -49 52 38 51 2 96 89 86 -84 9 46 -34 38 -89 -14 86 53 38 -66 -98 -79 96 -69 86 -4 78 -81 -80 93 5 -79 -46 -54 18 84 -94 -47 -9 -47 -36 33 -78 23 59 -39 -74 76 -66 80 75 61 45 11 -73 -57 11 13 64 89 34 19 83 50 32 41 -17 98 23 -65 -21 36 -78 63 91 -85 -23 -24 13 44 55 94 -64 -49 -57 76 59 60 -64 99 -11 33 58 -59 -13 -92 26 -21 -37 6 67 63 -6 -45 55 67 29 -49 -9 94 48 52 -52 -16 -69 -77 -16 72 94 4 -30 -24 67 -15 -1 -16 25 -90 72 -41 33 41 66 97 -40 -84 58 85 -78 20 38 33 82 -24 1 -68 91 82 -17 71 -29 27 55 32 -84 -93 30 88 -18 -18 9 61 -8 -79 46 -72 67 -31 6 17 -48 -75 63 -16 -85 0 72 -98 98 80 46 -56 -71 80 -28 10 2 67 -96 8 -62 66 -63 -12 33 21 -82 -45 -76 95 92 -63 -42 -18 35 64 -38 -50 -11 17 -54 13 -9 -15 56 62 -77 -24 -70 34 88 9 33 -51 24 -76 -42 -20 44 -95 -64 -77 -5 96 -2 15 82 -21 60 -64 -6 -90 -79 -74 -47 40 -16 5 -39 33 18 49 58 53 65 -59 -77 -42 74 95 -24 1 -2 -89 7 36 -81 58 13 -54 73 -41 -4 17 22 -14 -79 71 -5 44 78 6 -52 -23 -84 -35 85 -2 52 -41 -65 -82 -50 60 -53 55 20 83 69 -15 76 -6 37 80 -93 37 51 -7 -61 14 86 -99 -70 -2 -60 -39 53 -2 -64 1 -31 91 9 47 24 -8 -49 -70 63 53 -12 -13 -30 73 -49 -91 19 58 45 26 22 -92 -67 43 -50 81 -15 -26 10 -90 -32 63 4 -60 -94 -83 -71 -7 -67 56 -13 -37 37 89 82 -23 7 -83 -1 83 -85 43 -57 25 -89 -97 42 -86 17 -6 -88 -67 31 -62 4 31 97 -9 54 -24 -60 -30 6 39 -94 84 -48 -8 83 -96 -75 -75 38 -87 -86 -67 12 26 20 58 87 -20 36
-20 -38 47 61 -45 -53 -10 -97 -73 -99 52 -74 -78 8 34 56 -72 -35 4 79 73 -36 -47 98 -76 -23 -82 74 -27 89 -47 -28 -83 95 64 -37 24 40 -60 -38 -4 6 35 -47 -14 -92 -22 -92 81 -82 57 48 0 8 -82 -16 -65 -82 -8 -42 96 -74 -27 33 33 60 -43 56 -69 34 -80 72 7 -28 -68 -63 -57 56 12 -27 -15 84 -17 -82 -71 -9 49 66 -29 -99 -19 -71 -58 36 54 29 15 92 12 -62 66 99 -14 73 15 -73 79 19 74 -78 -33 83 -54 57 -11 40 -85 37 -8 -89 13 27 49 91 -70 -10 30 -6 23 -47 -58 56 -72 77 -64 97 54 99 10 -15 24 -30 66 1 41 43 -88 -3 10 -80 -96 -71 79 -91 -77 -21 49 -36 -89 67 -13 19 24 19 -98 -26 -70 -83 -68 86 -13 61 -66 -83 -21 90 -94 -38 -18 28 42 -48 -40 -11 14 85 26 -75 2 17 27 -96 42 7 63 -61 -27 -85 -1 1 34 -41 -98 52 58 -61 -9 30 21 13 32 54 -91 -20 62 -66 66 -15 52 -63 54 17 1 38 -40 98 53 71 -24 -15 -97 55 0 62 12 -51 -80 -88 34 -32 57 68 -41 94 -18 -78 -52 -57 97 36 -37 41 -67 -72 -90 -34 19 28 -50 -20 -37 -76 85 -57 19 -9 -45 8 26 -70 16 65 -11 -84 45 66 -38 85 -53 -4 -46 55 38 -54 46 19 72 -24 -84 -78 20 -91 -10 -76 -41 -34 -17 3 -57 -41 79 81 36 4 -94 62 -2 -57 -95 -28 87 74 -27 95 62 69 -31 -71 -55 -63 -36 -98 -12 -99 94 -50 -16 92 -2 -67 13 97 27 69 66 32 72 -17 -62 -80 -37 -57 55 -77 -90 -2 -73 89 -20 -91 -65 -96 5 -57 97 58 -22 44 -96 -89 20 30 -20 81 10 -75 99 51 -2 3 -15 79 -86 65 -14 -94 -94 -57 -10 -66 42 -35 -44 93 -79 64 -49 -82 -36 -98 7 6 34 9 -47 -4 -77 35 66 32 -39 97 -69 72 45 43 20 10 23 -12 55 -23 -28 -31 -83 -77 70 -45 29 -1 99 -18 44 28 53 89 80 89 8 41 -38 -33 -78 99 81 -16 25 -59 56 6 -85 66 88 60 -6 75 -33 81 99 37 -85 4 45 -45 61 -72 39 44 -87 28 -12 9 -63 -74 -66 -81 -69 -41 16 -67 -59 83 65 85 54 -30 -67 60 -98 28 -36 35 -41 -26 45 3 -20 -40 -6 -71 -90 12 62 73 89 58 -65 37 7 -47
-25 30 37 -86 -40 5 48 25 34 85 87 -85 -35 -82 53 -97 -46 -30 20 -79 -30 2 23 -9 -58 -22 61 -58 23 -49 -13 96 -27 -29 46 40 -1 31 71 -33 -56 88 76 -61 -67 55 -79 -20 79 -22 42 -2 53 46 43 30 -73 -45 -77 97 58 -44 -26 73 6 34 22 2 85 -95 -94 -75 99 -70 -19 81 -58 -54 -45 32 -88 77 -6 -37 15 94 -25 92 -82 8 -9 -56 89 -62 -60 29 49 -72 72 -42 -71 -99 -1 75 -6 -36 -56 69 69 -25 15 20 13 24 39 88 -43 16 -85 61 27 -22 -4 62 51 93 -27 82 -92 -38 -97 -28 -53 -63 48 -43 12 -51 -29 64 50 -73 -88 46 32 43 -94 80 56 39 -37 -39 74 91 -95 -54 -77 78 89 31 9 95 -88 86 -40 27 80 -72 -22 -34 -93 23 95 -81 94 0 -74 -46 57 -31 39 -46 43 -28 -89 66 47 -55 20 18 84 -19 79 -62 -37 -39 -47 47 -14 -37 -36 15 55 10 11 -25 -58 85 -25 74 5 60 8 -79 13 -74 -82 22 93 6 21 40 87 -87 9 -85 67 -1 27 -47 92 67 42 -56 52 81 -31 76 -77 95 84 -61 15 27 -28 -28 16 7 -68 50 89 -21 -70 -13 -80 41 -49 24 36 73 -88 -61 79 -14 52 -39 26 87 5 9 88 -95 82 53 -22 -62 80 46 80 20 -63 -89 -40 -51 -14 85 -58 -37 89 -63 22 -91 -61 -82 76 -95 -32 -5 -17 -3 -3 -69 29 88 84 -11 35 -72 -62 15 -39 -36 -72 -83 26 -24 25 53 -67 39 -25 71 70 -8 -5 -65 46 -70 -34 -89 -19 49 73 71 -61 86 85 -37 -4 38 97 27 50 -80 76 -91 11 27 45 -59 24 87 -27 59 74 -64 -58 -88 -36 58 23 -48 81 39 -54 -39 -45 -26 -27 50 77 -30 -1 17 22 -13 -13 75 -64 81 12 -92 7 -59 23 -2 -14 -68 58 25 -30 97 -57 -22 62 62 -86 -96 75 -92 2 47 -81 80 52 -14 -60 -83 -54 -95 61 81 14 -93 86 -15 -40 -75 54 83 -55 -26 -43 -91 27 53 73 56 21 76 -46 38 71 77 33 36 31 49 -88 -26 94 36 57 -80 -68 11 -36 18 -12 45 54 -75 -80 -57 -72 80 -29 38 -10 84 -26 -51 43 -29 42 -89 38 -16 -57 -5 77 29 -15 -73 -96 -99 44 -83 39 -69 69 -86 -80 23 58 18 -94 62 88 -81 -26 86 70 21 58 37 -34 -50 -70 -73
-95 61 34 77 10 80 29 -32 12 -81 63 83 -57 88 -4 62 -25 68 46 -80 -47 35 -93 14 -12 -15 34 -95 -79 99 -20 70 -88 6 -23 48 64 -59 -49 -11 -48 -8 68 -99 -52 52 -65 -59 -19 14 68 22 -46 -47 -45 -68 75 -4 -57 -34 31 99 72 -25 83 58 30 46 -56 -78 -37 28 52 63 22 94 79 -66 -50 79 -68 -90 97 83 -18 75 -79 -8 -18 64 -61 85 -11 65 90 -15 95 -90 -98 -67 -64 62 -76 -96 53 -65 -90 65 82 55 -50 -75 48 50 1 63 81 89 -76 88 0 53 93 -1 -7 -4 53 -59 10 68 81 13 21 84 98 5 -73 4 66 60 85 15 -1 -93 -80 -52 -67 -14 46 -90 89 53 -31 56 -71 24 36 -74 46 -5 78 -48 -94 -96 18 88 -81 -70 71 85 -35 -81 -77 -89 47 -16 41 73 -97 -80 -56 81 -10 -35 -6 17 78 -35 5 40 23 -5 9 29 82 -25 -3 30 28 -67 -73 33 -51 9 84 95 44 39 5 -13 -92 49 -59 0 5 21 -15 -17 -88 57 -67 60 -77 58 78 -39 -63 65 61 43 15 -44 -32 -51 -20 75 -85 42 -88 -11 41 58 -80 40 -66 32 -83 -30 -98 34 -5 -58 30 -17 5 84 -85 -41 -2 -65 28 35 28 36 94 87 41 -87 -83 -41 79 20 -5 -19 -38 94 -75 62 83 61 -62 -2 -22 -44 -77 33 39 81 -52 28 75 -23 11 -32 -85 68 38 38 -34 -53 -49 47 -86 -29 -96 20 -83 42 -30 -65 -28 64 82 -11 27 93 -89 7 -88 -9 12 22 98 39 -25 -47 -72 37 18 97 -46 -41 -44 -59 40 12 16 58 -70 -53 5 -10 14 2 72 51 47 -1 -57 -39 -27 51 -35 23 -8 -56 -95 12 64 89 3 35 8 -35 -82 36 76 -1 60 16 -60 58 -23 -98 37 -33 72 74 -84 37 -55 -26 5 -87 -37 -89 -11 -85 77 -48 -61 -46 -47 -91 86 -71 -73 -69 7 -34 97 18 5 9 -32 -89 43 -14 42 16 2 -97 51 63 23 -8 28 10 12 94 29 6 -24 -58 -94 -51 36 -29 -82 69 54 -84 94 -19 68 48 73 61 74 -88 -71 62 -7 -66 -24 95 37 56 27 -59 -79 -73 91 -94 -6 74 -41 -54 -49 21 -55 63 -73 64 -24 86 -82 80 -34 95 31 -95 -90 -44 -81 80 45 12 87 -22 -6 10 -53 61 -34 53 -87 43 93 -42 84 -72 -10 74 94 7 10 47 34 -40
49 15 78 -49 31 96 23 -61 73 -40 74 -90 31 -94 24 -34 -59 -93 -94 53 -39 -57 -99 -96 -46 88 98 -19 68 54 -69 -82 -23 80 96 7 84 47 40 39 10 20 47 8 94 -77 59 -54 -26 60 -91 -57 90 57 -10 -81 -42 -55 -88 -30 35 0 70 -74 -25 32 86 18 -2 28 -67 -12 75 -81 -19 83 9 37 13 17 86 -97 -72 48 15 -94 -70 -27 65 -30 63 51 22 -97 71 -20 67 45 -61 -74 2 -70 91 -61 -37 82 -95 42 8 12 70 25 -19 -14 -82 68 -28 -98 1 -48 67 8 -94 -95 76 5 67 87 -82 -24 96 -52 -41 -23 -13 -53 -23 7 -7 -7 -65 46 -27 20 -38 76 90 8 -89 5 55 -81 25 29 -60 44 22 84 24 84 29 3 -4 -43 -18 75 86 -85 50 43 25 93 8 -43 -42 -75 -2 -55 -20 94 86 -65 48 95 85 -20 78 -79 74 56 90 -49 71 40 -11 -22 -22 36 -98 28 -81 3 42 -30 41 -53 87 -91 82 91 -42 -15 26 86 -33 99 -96 80 59 -96 7 26 57 82 -72 80 -28 -87 -94 32 -51 -98 73 -10 32 -51 -45 -95 -71 -54 83 35 41 25 -56 -65 -33 -28 -74 -5 -52 60 -90 -98 -12 -49 8 22 18 15 -66 91 -84 26 22 -13 79 -87 -28 -98 -1 -13 94 -82 -24 -44 -15 89 6 52 5 22 -25 -77 15 70 -45 -5 -93 -86 -96 39 -91 38 -52 -33 -52 76 25 10 -87 68 -18 -11 9 -15 27 62 -94 85 92 -79 -85 92 -46 -72 24 -79 -91 59 -65 32 -95 -76 -21 -10 69 81 -98 18 43 37 -87 7 -19 95 -31 62 78 8 -57 59 -73 -70 43 32 -23 -43 74 -27 75 56 60 -36 56 40 -30 5 89 -54 83 90 -23 36 82 68 -55 2 15 -32 96 57 -4 47 -80 27 4 -9 -65 -59 -51 63 -3 -17 -38 81 95 -79 6 -70 -81 61 82 -99 80 71 -67 31 38 -86 -8 84 95 72 69 16 -57 30 -24 -20 -27 -67 12 70 -38 41 -10 -2 48 -52 85 -26 44 -56 53 -12 -35 62 55 2 57 -30 -87 87 67 81 8 28 -5 -98 -98 40 68 -56 -71 -8 53 -8 51 0 -69 64 66 25 30 77 49 -81 46 83 -94 -46 -21 -10 41 -27 -77 -27 88 -59 23 54 -22 98 -48 -16 98 -47 -43 -51 83 -63 9 23 53 -8 4 -94 -44 -91 76 -98 88 -89 83 -65 -29 -40 -45 47
-40 44 -33 -32 -65 -44 33 -78 25 -45 -27 35 75 80 31 -38 93 -34 -8 -54 -74 -66 46 -19 -98 52 -65 2 -35 -18 -2 -75 -5 -68 -87 -71 -17 47 -71 -29 20 -70 67 -98 -26 46 90 -6 64 85 -20 -16 85 -75 -69 -39 87 -34 -31 90 -76 -9 20 33 25 99 35 33 41 -57 60 -74 47 30 -11 52 -7 -76 49 -8 -24 -9 -72 35 43 -88 -28 1 93 13 54 -10 -41 -62 -53 34 68 30 13 -45 89 10 77 30 99 -35 -21 -56 32 -65 27 93 -72 88 78 29 88 -61 82 19 39 -69 -33 14 -41 -51 39 -31 79 95 -73 19 80 -10 1 -49 42 -66 -29 13 21 -31 33 88 -50 -8 -69 -24 -52 0 -74 -29 91 85 53 13 21 30 0 11 9 -32 -71 -91 12 -78 89 10 -37 82 -73 -4 10 -64 40 -53 59 -9 -62 -38 4 38 40 27 -10 76 -64 29 -93 -40 34 33 -61 85 -57 67 -22 -41 41 75 70 16 49 39 -69 20 -51 57 35 93 66 -99 88 -59 47 97 74 -28 20 -16 61 -83 -5 -94 92 -92 6 -87 -45 -10 -41 -32 -95 91 -2 27 -80 -70 -42 -21 49 -48 73 44 65 -39 3 2 -54 39 16 -49 82 -96 41 19 88 61 43 -48 22 28 -59 20 9 -66 25 24 31 12 -30 42 -87 -64 93 -96 15 8 -41 67 90 8 15 -19 12 -57 32 -10 -89 -33 39 70 -62 64 79 -38 70 4 31 90 68 -20 -80 9 -11 -65 88 -52 -61 57 67 85 84 52 29 -84 -61 85 67 27 -9 -34 -99 2 98 91 27 86 23 51 51 -81 -33 24 -33 -8 -36 11 -30 10 13 8 38 -92 -4 23 65 -93 -57 -94 -38 65 91 30 13 -98 -73 -41 69 73 28 -54 3 98 65 46 -37 -94 -71 85 77 -48 -36 51 51 -21 -2 2 94 13 22 77 -58 68 -16 95 71 21 -42 53 -1 -66 33 -35 25 -76 73 7 -44 14 20 85 -56 -89 -52 73 -4 -51 -37 0 47 62 80 39 7 -75 98 46 -32 -66 -84 -72 38 12 51 -43 -42 65 -88 32 36 -38 -69 33 72 -3 -47 15 -93 33 -96 -28 60 55 90 10 19 -38 -26 -75 -13 46 89 -13 -79 88 47 49 15 -55 -4 -73 5 23 50 49 73 -42 35 -18 46 -26 42 15 49 -56 -63 -52 78 -26 -47 9 34 -67 10 -72 35 4 66 -73 -18 59 -2 64 56 -52 -68 20 -32 -4
-2 -31 -96 -17 -31 12 61 3 -43 77 60 61 -99 -40 67 -66 6 -69 49 -67 57 -33 11 -55 -5 43 -61 96 30 -67 10 66 -16 75 34 46 27 43 94 -69 -98 81 -31 -18 -91 65 82 84 50 29 87 13 -9 12 32 15 91 98 81 -47 -77 -90 47 -13 -55 9 -53 20 -55 20 59 -36 15 -64 77 19 -54 84 94 -5 -75 52 91 -50 -43 -68 -41 94 41 -37 99 -45 28 52 -97 59 -90 2 71 5 -96 53 96 32 40 -25 11 -16 -20 -77 24 79 -38 12 -24 55 46 -88 -23 8 56 69 7 -18 -7 -89 -10 -82 -42 -23 97 -39 -16 30 74 -57 -3 25 56 -38 37 -6 54 82 -21 -26 -45 94 -44 -7 1 -67 -73 -72 -92 25 -52 -60 -15 -22 21 34 -11 65 -27 -9 -47 -27 -83 21 47 -33 78 -62 38 25 -34 31 72 -33 -48 71 -19 77 -59 -60 81 75 44 97 -4 -25 -10 83 -26 70 -41 -4 77 50 44 34 84 -21 56 -62 -72 -69 83 23 -41 -50 -44 60 -48 94 72 -12 -16 -60 4 -53 67 73 -51 90 56 42 -83 84 62 -40 50 35 87 -5 86 -44 -28 -28 -48 -33 -38 -78 -76 -55 -97 70 -69 -98 19 43 -55 -39 -53 -59 -67 -27 40 44 56 -8 32 2 88 -7 -24 -44 21 -55 78 7 34 66 48 -39 -5 69 -56 -89 -51 67 36 -74 79 53 11 63 -70 -15 -12 25 -49 -41 -25 70 -11 -27 19 15 22 50 43 8 -37 -17 -62 -18 -59 -84 -37 -43 -17 13 -3 -32 30 -76 88 -92 21 -61 2 -81 28 -67 -44 69 -74 -62 -52 43 14 -44 -96 61 -77 -73 81 -70 -2 -75 -98 -97 82 15 -57 -12 -19 9 75 95 -89 90 -8 -34 31 -5 -50 -76 -62 60 60 -21 37 -33 23 96 -26 28 46 21 -64 -26 41 -22 64 27 -10 99 -40 -69 -41 -64 -40 -40 -66 -74 -37 -57 67 -87 -31 -34 -82 -37 -76 71 -53 99 24 18 40 41 45 -83 -35 -97 89 -33 -59 10 26 -44 -66 75 87 -34 -28 99 -90 9 -81 64 97 54 -84 30 37 82 -44 -79 -44 59 -17 70 -9 -96 47 18 -34 42 -80 96 89 -53 -82 -49 -26 71 19 -38 -70 10 57 34 -97 65 -39 -37 77 -71 44 99 50 21 67 38 -78 18 30 -59 -49 -89 -6 -45 54 -49 60 -24 -68 87 -87 74 -22 -96 0 -54 87 28 80 -34 98 -51 -60 -51 -82 -11 -49 72
19 51 -43 72 -21 -17 -42 10 58 -51 63 27 -2 -36 -81 -47 -48 96 39 92 67 3 -51 -2 -2 56 61 -3 2 88 35 -7 -76 38 22 -50 50 -82 67 -95 -73 -48 16 -8 44 74 -35 59 95 -68 7 4 -29 0 16 37 -6 -1 -91 -2 -1 67 86 -43 -2 79 71 -82 87 -7 37 -67 45 -34 -23 -66 -82 -82 93 92 72 -44 68 26 88 -16 -24 24 -24 -88 3 12 52 -21 44 -61 -85 90 -79 -4 -26 14 7 14 -27 -12 26 56 -67 -7 69 -89 -48 -22 -62 -21 -95 43 30 83 13 20 -97 -75 88 -42 -5 -75 9 17 65 -88 40 49 -75 16 -65 18 63 2 48 -25 84 -10 -47 11 -92 -71 -50 -77 14 26 49 80 46 75 85 -46 -44 71 98 -42 -68 -17 63 -80 -65 -12 17 -11 -94 93 89 75 14 21 -22 -83 71 10 -86 -70 -74 -64 -97 74 -80 -23 54 -99 -99 -23 -84 45 9 91 52 62 -51 21 -95 58 25 1 67 -22 -44 -15 -24 -70 -40 75 -67 -99 -22 -47 -55 -54 -98 36 -86 99 -27 83 44 -73 -52 57 -64 87 3 -90 -50 92 -19 7 61 42 -47 15 -13 26 89 82 -29 -51 81 18 -16 -93 -76 9 8 -33 23 -22 -17 88 -16 -7 -67 -15 -38 53 14 -84 -78 63 25 -64 -11 48 -75 -63 -62 -44 63 -85 -22 -55 -55 -22 44 91 14 62 15 18 48 -94 -50 -68 -13 -29 -3 92 -69 -4 -58 65 66 -6 -76 92 -79 17 61 -75 62 72 89 -13 77 9 61 1 -99 -83 -47 -78 81 -68 90 -55 -56 4 -1 46 -48 -52 -35 49 68 94 -21 -77 44 34 72 -4 39 -78 -97 87 51 -64 77 -13 -66 -15 71 5 71 73 85 -82 -35 92 0 71 -41 25 85 -44 -75 64 50 -65 44 66 -37 9 -35 46 -40 63 -51 19 -1 13 -11 -29 -27 -91 58 25 -69 99 3 -35 63 31 22 -89 -83 90 -51 26 -52 -40 -81 48 17 -51 -6 61 91 23 -17 -65 76 57 84 39 76 79 -19 -1 -2 -35 -78 54 -29 26 20 -45 7 -56 -16 -50 -83 -94 32 90 0 -33 -62 -92 78 90 -1 -88 77 -52 -14 -39 -53 81 44 -9 36 34 -33 -58 42 -55 1 62 18 -20 -54 -8 10 -45 98 38 -38 61 -45 52 84 -55 -33 33 22 50 -12 7 14 49 30 29 -86 54 -56 64 -92 -67 -93 -8 -28 69 76 52 -70 -53 -20 63 -53 -69
-12 -97 65 -75 -2 59 50 -92 15 -6 -97 9 -48 -59 38 0 -24 -19 -32 -92 -64 57 38 82 19 59 -8 42 -97 -88 78 47 79 -76 92 -31 74 35 36 -98 -50 32 71 -40 26 -47 -46 0 64 -19 -83 -67 -72 -93 -38 -33 -18 56 93 87 90 -80 39 78 93 -86 -8 -88 73 58 -49 -6 0 -90 24 44 43 -62 -60 0 -13 -95 88 34 5 13 42 -17 11 -5 98 -5 3 -46 79 -24 86 82 59 -56 -33 63 -18 -47 -61 27 0 -37 75 -21 19 90 -87 -28 -60 26 77 1 52 -57 82 84 55 -19 -90 0 -59 20 -91 -1 47 47 42 27 59 22 -77 87 6 -37 -82 -70 73 -67 52 -46 -97 -51 52 -34 41 -57 -58 -37 98 -2 15 -99 8 -57 -57 51 -71 57 -93 -89 59 -4 51 95 32 97 70 87 -53 -69 53 92 -46 -38 -77 -77 -62 -25 -96 21 -98 70 74 -91 17 37 -12 13 62 77 67 -84 -49 -6 -46 4 71 -96 68 67 27 40 40 -56 -73 45 -49 96 -27 26 -30 -10 -33 -12 9 23 -32 71 32 40 62 -83 -3 2 -64 -94 72 -32 -50 -69 -39 66 -96 -93 90 -52 -25 56 -94 13 16 -18 61 38 60 -17 -96 -75 79 -39 94 -43 -44 -99 21 -14 -11 -44 -43 -66 -60 -78 -50 -70 50 -20 -21 12 -93 22 0 -71 -99 -45 52 8 97 -20 35 3 28 43 -46 11 -30 17 44 -26 -51 70 79 59 -6 -93 44 69 -29 -9 17 -62 5 26 94 -86 65 19 24 58 66 40 45 -88 94 -92 64 -70 -62 40 42 -58 47 38 22 -92 -88 -25 -99 -19 -53 -52 -30 18 62 -58 92 -14 -11 59 -13 83 -64 -9 40 -98 89 -47 -83 -11 -38 -79 27 -41 67 96 -4 35 -7 20 80 72 75 -66 -41 20 40 -49 88 66 0 -99 -27 -60 15 84 -8 61 99 38 -33 -76 38 92 -41 47 -85 -68 72 -44 63 67 42 -97 19 -25 -79 27 -96 -90 89 -77 -49 95 88 -95 5 92 -85 42 -74 89 -61 -95 40 86 -61 -36 90 80 89 56 -12 1 79 18 26 73 55 14 -24 42 55 76 -24 -68 64 57 -88 -41 -61 -24 81 58 -52 67 58 -3 -82 -73 -44 -64 -71 -60 -17 86 50 -4 91 86 -20 26 37 13 -16 86 -75 -71 84 74 31 63 -33 32 -62 -27 1 -55 -39 58 -76 14 -54 86 87 76 86 91 -73 -60 30 -47 36 -42 84 27
-91 -62 -47 -43 76 95 -62 -50 72 5 -23 -61 48 -95 97 46 -93 96 17 72 -51 51 73 13 40 -41 95 -89 -57 52 47 -99 -90 -1 44 1 -2 98 -90 55 24 -62 76 18 38 52 75 -71 86 -88 -66 55 -41 28 -42 -76 77 -59 51 -93 -73 -94 48 -13 -50 81 -23 -56 -6 26 -38 -53 -97 -9 -93 -67 -72 11 -72 30 74 87 -22 0 -32 -63 39 85 5 41 39 -73 55 98 -58 -17 -69 -44 -81 -26 27 77 -84 94 -57 -39 -56 56 -23 67 39 5 -6 56 -36 31 67 93 89 47 -87 -66 -42 -16 -18 17 28 -37 -57 98 -77 55 38 6 69 87 -62 77 -27 64 24 33 89 93 -71 -98 -60 -91 -83 14 -69 -60 -74 -57 82 7 -10 23 -49 23 78 -44 -72 -43 -41 -54 -16 -83 92 71 49 -74 -63 -18 -80 -48 72 68 -46 -73 -8 -83 -25 -41 -77 98 7 -68 -7 -42 87 95 -82 60 -94 -61 90 -98 92 65 25 13 47 39 -55 -58 -78 84 28 -84 30 -95 -47 18 9 96 -16 26 62 -6 -11 30 -84 45 74 63 13 4 1 14 65 65 -88 56 -85 77 -5 -95 -11 73 -97 -7 -24 -80 -6 26 1 43 -83 -98 30 67 94 -65 -13 -80 -93 -75 5 94 20 -16 -94 30 -42 -29 1 4 -88 70 -83 65 -7 -52 -17 -61 -36 82 72 71 -8 92 69 -88 -85 80 -9 7 -73 -20 77 62 62 81 -97 -10 -84 23 87 -5 -54 32 22 -76 8 -84 45 38 78 -16 -47 -47 96 -45 93 -76 -42 60 53 -62 54 -54 -96 34 39 -45 57 52 54 -60 -53 42 -66 30 -63 93 -44 -46 31 -74 90 -87 89 12 79 -28 90 -58 -44 -65 -93 62 -58 35 81 -56 -55 -85 71 -53 -96 -8 -15 -61 11 87 85 -57 -44 -41 -75 -13 -18 66 20 62 45 32 -7 80 -97 -54 37 56 -45 -92 -85 -78 69 -73 -21 -8 88 71 79 46 -18 97 -44 -96 83 76 -73 6 -60 76 -9 19 -57 -14 46 -95 -26 99 94 58 30 34 -32 65 11 -64 -58 -49 4 2 60 -27 7 -3 -57 53 89 54 64 31 -94 52 -26 -58 -86 77 26 -57 3 98 -5 45 -23 58 95 -70 -66 47 -94 -80 6 -77 -86 -62 -92 56 -44 65 -90 -78 -5 -48 99 85 -93 63 -38 38 -71 -86 48 -98 13 7 -62 96 1 96 -47 54 33 63 -74 -50 -55 2 -25 29 -28 29 60 72 -73 82
-26 17 98 92 17 61 94 14 88 36 62 31 -4 32 -99 88 -70 52 71 -78 -3 57 31 12 -27 -30 91 11 74 -78 -94 -97 -25 58 27 60 -14 72 6 31 0 -47 -48 -98 -9 91 -79 -67 36 -87 14 -94 -37 -61 -50 12 -33 -94 -96 -77 -77 -61 49 98 -6 -80 33 10 24 58 66 -89 29 7 51 -54 -70 83 -81 -8 89 -23 55 16 -94 -57 75 -56 72 86 -75 -47 20 7 -65 10 -70 18 19 80 -83 83 86 95 80 -95 -58 49 -24 97 -68 -92 -17 -28 36 -12 -91 16 97 0 -78 47 -88 -65 -4 63 -45 -81 -1 -19 78 3 65 22 68 43 52 -59 40 63 -3 88 4 47 -67 -42 83 -62 -37 7 59 -48 -86 -64 -14 -93 4 -71 20 -21 -35 43 -38 10 -40 28 -18 44 -51 -67 92 60 39 -35 95 16 -53 45 -11 23 -47 -75 -39 -98 13 88 -12 91 20 -47 35 92 41 -42 94 -21 33 -92 11 -72 -16 -77 44 14 17 49 -35 -6 77 -42 -69 74 -83 -63 46 -42 88 28 -90 -99 -44 13 13 -37 -39 44 -6 27 27 -54 -95 -3 81 80 37 39 -77 -78 -42 -58 -31 -51 -89 64 40 -22 -71 6 -22 -71 25 -32 -87 -30 -3 -78 -23 -63 23 -57 44 -24 47 80 -57 68 -72 -33 -47 37 -94 43 -5 33 -24 -9 -83 -26 84 -9 -16 -42 41 31 99 -16 47 83 55 84 -90 -49 47 64 6 -56 -12 53 -62 -72 -66 -95 -48 -65 12 25 62 42 -17 7 -47 96 -55 0 -25 -21 -55 -8 31 8 17 9 39 -44 14 -63 55 -58 -90 -65 -49 -3 -69 65 -52 70 71 -35 -47 -18 21 32 54 -44 80 33 -30 19 -31 44 -40 58 48 11 94 10 -26 25 49 -21 75 62 78 -20 -92 -11 -89 30 -57 -47 89 47 -82 76 -22 -27 5 -2 32 -24 49 49 33 -94 37 5 93 -31 -80 -16 38 56 65 16 12 -69 -91 -59 -60 -14 21 61 54 6 26 58 -22 -59 30 26 42 89 19 88 42 -76 13 -7 -88 79 -46 84 9 55 -42 32 71 32 77 41 26 -75 -47 -86 71 -90 -40 -7 9 33 -75 -92 74 -38 -71 -17 -69 22 -62 40 -83 12 -75 -7 1 -53 31 40 -68 95 -49 -37 73 67 13 -36 0 -45 -36 -79 -97 22 84 64 -42 88 -77 83 41 -83 48 -38 -62 90 21 34 -9 -40 36 32 -46 -4 -43 -48 81 -10 -95 9 26 -56
51 81 32 -20 -86 59 -40 95 50 -23 -68 -3 -50 74 -98 -75 -66 -73 94 41 92 -49 29 85 60 -96 0 -33 -26 54 14 77 -50 73 -73 -43 -86 -87 -39 58 82 -2 -49 -24 -80 80 -94 8 -27 -93 -3 -60 -82 10 5 -59 -71 -87 35 -50 15 -96 3 65 -45 -10 23 22 89 -73 -98 76 82 77 37 24 86 60 91 -66 -10 96 1 17 -78 -72 -55 -12 61 -7 9 -15 -3 80 11 -96 6 -93 77 -99 67 45 99 43 -59 -85 99 70 -20 -81 27 -31 -3 -81 -98 -93 -78 82 -41 -47 -1 -17 -48 2 70 -80 -3 -85 51 -47 -53 -23 31 27 -2 -4 -88 -82 -76 56 -13 46 -29 2 95 7 -3 10 -16 -71 14 -51 27 -1 -93 -12 -90 96 -34 14 -20 -99 -98 62 -49 -76 -6 -61 5 -94 -39 33 95 -98 33 -32 -99 -59 -4 10 -94 -23 -42 -33 -4 7 22 -94 -54 -39 36 59 16 -72 -59 7 99 -16 52 47 63 56 -70 -50 65 63 32 -34 77 -34 34 -60 53 7 53 -19 -36 -68 -59 40 -94 2 56 60 88 -42 -26 -86 -58 70 -4 -65 52 23 24 7 -79 9 73 26 -5 66 -50 58 -57 -18 40 -83 -94 -90 -46 59 -29 25 -56 -38 -20 98 -88 -98 40 86 -60 80 77 96 -81 10 42 -3 31 69 22 -68 -95 73 -51 93 81 73 -18 -22 -2 -58 -86 79 -73 17 34 29 32 -95 94 -35 -15 -82 37 -19 79 0 -1 -51 -37 88 9 -93 -12 69 9 -38 23 87 94 -37 -67 22 -80 -58 98 -11 40 55 -95 39 -44 -60 41 66 -93 -71 50 -98 -93 -65 64 -12 45 -95 -25 -22 -59 71 1 -36 -29 -82 99 11 95 -51 -85 75 49 -54 -24 12 65 85 -19 -42 -71 -98 -17 -35 -63 -24 83 -2 69 -33 -91 6 -12 -23 49 89 -77 59 -41 17 97 -27 -5 -53 -3 39 23 14 39 -29 -88 9 24 10 20 -98 -71 16 59 -90 31 -88 77 11 69 5 -95 -65 29 -62 30 1 97 -19 -57 -49 74 50 64 -8 -59 71 -21 -44 82 -53 -86 62 88 62 -10 87 -8 88 45 -77 76 49 11 71 -81 -2 -49 -75 -43 -73 -93 6 -41 -13 -33 -83 -7 15 69 -39 68 -90 87 -91 11 -60 21 -67 -53 58 -42 -18 -77 7 -14 30 81 -48 20 -64 -2 15 -23 -52 -57 86 99 -47 -97 -41 95 -14 80 -81 41 96 -95 -78 -36 -32 -82 -40 -29 26
-86 2 72 -17 -58 -38 -91 89 27 69 -10 -56 -96 71 35 80 -18 -62 -19 56 41 24 -19 -58 -98 74 -99 1 61 -63 25 -37 74 94 -47 52 -47 34 68 56 -97 43 74 60 23 -47 -7 58 -4 -52 -24 24 75 59 -31 -54 -4 11 48 -27 -95 41 -80 -61 -48 -84 34 -93 -27 -47 50 -31 -80 67 85 58 10 -15 99 -87 -33 72 37 91 90 35 65 34 -65 -95 -58 43 11 80 -55 -71 -16 81 26 67 -1 71 -30 -98 53 19 -14 -26 60 52 45 -7 46 -2 31 81 28 -65 74 -2 -68 94 -94 -91 58 2 -4 -71 -61 12 -35 -56 -42 77 28 61 -74 -87 -45 -13 91 49 66 36 -72 80 -27 -24 -52 21 -2 56 -19 3 -12 27 29 -19 -75 32 68 -25 62 47 -15 46 -61 93 14 46 73 82 34 -22 -17 -19 -59 52 79 22 98 -25 5 -74 -1 9 93 -3 -57 -85 -19 2 3 55 -95 51 -59 -93 68 94 -15 -13 51 60 -45 9 -72 27 35 -60 78 17 -10 54 82 -39 28 -57 -44 1 26 -18 -63 -48 43 90 8 54 45 75 86 -97 70 -5 8 -43 -17 -77 40 2 8 11 -64 67 -62 -31 13 -9 58 26 70 10 96 86 48 78 -72 -87 -24 33 -50 -96 18 -7 95 -69 67 14 22 -6 75 64 92 -91 81 61 -35 18 -47 -19 62 -39 37 40 -13 90 97 -18 -78 -85 -57 70 -43 -72 87 57 55 97 8 38 -55 -95 -6 72 55 11 -60 39 -38 97 46 90 -2 44 15 -81 -87 -99 9 -83 61 -54 53 60 -84 -23 91 -20 -90 -80 -96 -43 -21 -62 -5 -20 52 88 3 -52 12 -51 52 -6 -4 83 -61 -40 -85 -30 12 33 73 0 -84 -74 27 75 30 -1 28 -47 91 -66 -13 90 -51 -64 -72 -35 26 38 -28 -55 -28 -97 45 -19 -16 86 -74 5 26 -83 -48 -5 -31 54 -62 -49 49 -77 88 -10 74 25 -43 -16 -25 37 -33 -6 -40 61 -83 -81 94 34 48 -61 69 -86 -63 1 -87 35 -66 -81 79 -56 -5 -53 20 -71 98 -60 26 -38 23 44 -24 0 11 68 -67 69 76 -24 -50 31 68 15 17 -74 13 10 17 -59 16 -50 -2 -26 -3 -41 7 46 42 -44 -87 24 -2 -76 -73 19 35 -27 71 75 22 -36 -21 86 -64 -34 -33 65 11 -7 -27 31 12 -96 -82 -90 28 -44 46 -66 -37 27 54 75 96 59 -70 44 87 -20 -24 -44
-84 -48 15 80 -86 64 63 86 -73 -66 55 19 77 -17 -36 -72 -76 67 -41 15 -25 61 51 -84 -41 61 21 96 46 -21 -63 -99 -65 -19 -94 -76 -24 -64 -50 47 18 -83 77 -37 67 41 -32 -69 -14 38 57 -35 24 -17 10 95 -59 59 53 -85 -87 31 -18 -31 -77 -47 -65 -63 9 -63 -54 -32 -67 -4 -86 82 -62 52 -88 -6 4 -27 -46 35 61 -16 9 40 95 56 -69 58 -18 -94 99 -92 83 -55 -99 -31 -89 92 49 -74 -42 10 19 -28 3 -13 91 15 -67 44 -66 -4 47 -37 -77 0 15 93 80 -83 -13 -13 -19 -73 -84 -56 38 -7 -63 32 -27 5 -23 -20 -33 -75 21 -81 71 -48 -77 -78 14 18 -11 -63 90 23 -23 -93 -21 56 -37 -95 -73 41 -57 -50 34 71 -26 35 -4 -63 74 65 73 4 45 -34 -41 57 54 94 -53 -68 78 -10 75 72 13 -94 -24 98 -29 56 28 -14 43 -29 45 -83 19 -48 4 -34 84 -83 -22 -30 -2 91 -86 -44 69 82 81 97 41 32 45 39 -15 51 61 -5 -75 -70 -79 -54 11 -56 69 -95 -8 34 -73 -41 -63 29 -14 70 -84 55 -53 -21 -31 5 61 53 -52 -97 -49 32 -72 -23 -71 -7 -21 46 88 11 -58 -27 -83 89 6 24 -42 -47 84 27 -3 -6 30 -42 -26 -36 -59 -99 90 -48 -26 2 -35 -59 20 -82 90 -56 21 -7 -16 42 11 43 -2 0 -51 73 -63 -99 12 15 -26 97 -3 -3 -8 2 12 -77 67 15 -91 -41 -9 -59 -39 56 90 71 -66 -58 -38 -42 -25 -9 99 -97 -21 -21 -13 78 16 13 54 7 37 33 -12 91 -56 87 -64 71 5 8 -46 -14 83 -40 -52 -89 -77 -32 72 55 48 -41 -18 33 94 -89 61 -52 23 74 -37 -59 89 -69 34 -49 30 3 -1 -24 -54 -76 -45 41 94 47 28 -39 20 -47 -20 33 -33 76 -90 -45 -76 -49 27 -59 82 17 59 -42 -48 5 -30 93 -73 72 4 -43 22 91 -29 14 82 -26 18 6 89 -45 -64 -7 -3 -57 -11 -77 -60 74 75 59 -84 73 27 -9 -42 -43 63 92 -74 -55 57 -74 -33 -66 -1 11 38 -15 70 -1 -69 8 -14 -96 -18 -97 -62 -8 69 13 34 38 -23 16 88 -43 93 -97 -23 81 -92 -98 31 -96 -32 72 18 -5 70 -37 79 -57 -56 -41 -66 18 -7 61 7 96 77 27 -71 96 -59 1 66 75 69 -58 -27 44 -52 25 28 61
-90 92 86 -45 13 52 -66 -4 30 68 78 -47 -12 -28 -33 59 -35 -3 -67 -49 -61 -15 60 74 39 -56 36 -14 97 -3 -47 56 -56 -7 -12 -99 47 -13 19 -28 -23 -67 -8 -27 -18 20 81 28 -9 23 97 22 -26 4 72 -68 83 -67 30 -66 65 -61 -96 -81 85 -16 33 -75 46 7 62 38 -90 -70 -74 -70 98 37 -97 71 19 -21 86 30 79 -54 82 -6 -8 1 -75 59 17 -39 15 -65 -39 98 -17 71 -2 -21 85 51 30 -62 -27 -53 93 -50 -75 -4 53 -12 -77 -26 96 -84 -24 -44 45 -57 -59 -61 -13 -1 -95 -72 49 75 52 24 58 69 -22 -14 21 -87 96 -19 -65 -80 -80 -1 30 -54 -78 29 -25 -48 -54 37 -81 -40 -44 -63 -99 -1 -15 19 65 99 78 -53 -3 58 -56 -51 -12 45 55 99 30 -23 18 -15 -83 -77 -91 -58 53 91 -68 -45 23 18 17 64 39 40 -81 25 -11 -62 -59 -27 -84 -11 16 86 -36 76 27 -38 81 13 61 -95 0 -41 84 -3 -49 17 32 91 14 14 95 -33 -17 5 45 20 97 50 35 -75 52 -20 64 -14 -4 23 -74 -78 68 92 -23 -25 -66 30 -51 -53 -69 -77 -24 57 47 8 93 -40 -93 -64 -91 -4 97 -62 14 -80 38 -52 -33 -58 45 66 98 11 -71 49 -9 13 -35 54 -52 50 61 -7 -88 73 41 51 -3 -59 94 47 -2 8 -13 -77 -24 15 -62 0 -30 -6 -54 -26 -10 -26 75 -29 -10 83 24 -40 -99 -95 29 -62 22 -26 -76 85 85 24 80 52 87 34 67 20 -68 55 53 67 86 -28 68 44 70 79 7 85 86 38 47 48 -8 42 16 36 41 27 -54 40 -80 8 8 -84 37 -26 31 21 11 20 -45 -92 81 5 16 50 43 -40 -69 -6 -53 17 -62 21 -10 -11 30 19 -37 66 11 -70 -27 53 39 97 -6 -55 40 -38 -30 -49 41 -17 48 37 -38 -25 -81 33 21 23 -62 -81 21 -93 -26 -88 42 -21 17 -95 -79 92 70 -50 70 36 -93 -92 23 76 67 63 -6 84 87 -83 -78 98 96 97 59 79 85 -10 -61 13 51 77 -79 -43 -28 66 -12 44 48 72 29 97 58 74 -53 97 25 -63 25 21 80 -72 8 19 -32 61 -77 7 -18 -61 -15 -64 -6 60 35 75 47 0 -84 -17 99 -75 38 2 -95 38 -99 -79 -92 -60 -89 -63 -43 -58 -25 0 35 -8 48 -53 -76 40 -70 -61 25 49
70 19 76 23 -74 -5 -53 72 20 58 -58 98 -73 52 -62 -87 -63 48 9 -2 -64 99 -75 71 2 -35 -70 17 28 48 -75 82 25 29 85 -77 32 -8 -70 76 -95 73 72 12 25 83 95 78 91 90 -50 -7 66 38 -61 6 -88 78 -5 -49 -56 -90 97 -96 88 -81 -66 -90 9 -94 -29 -30 96 4 27 -33 -28 92 -66 -15 27 -84 -43 15 -63 43 -37 83 60 -13 -54 -79 -85 63 34 -36 -62 -69 -85 -69 -25 -42 71 -61 76 -95 -87 -81 -1 -2 86 2 32 -59 -15 64 18 48 0 72 8 -96 -17 31 10 -64 -58 53 10 -65 -24 -3 21 -35 -44 39 85 43 39 4 92 -14 -32 -61 -69 -13 -62 -50 72 -61 -90 53 57 57 96 79 -13 -73 30 87 69 -66 -60 38 32 -86 56 11 21 7 11 -69 -64 36 -96 -76 -66 -50 49 46 86 96 67 64 -74 52 -37 40 18 -57 -50 63 -73 0 -39 30 -30 22 -29 -59 20 -70 -55 21 -15 81 46 -52 -76 85 18 67 -39 -90 98 60 -93 -72 6 69 -13 -42 -41 -3 86 56 84 28 22 -84 64 9 -82 -94 -77 53 -68 -33 70 77 78 82 1 -13 -19 -23 53 8 45 68 -66 11 -88 68 40 -30 45 -32 -48 -15 -12 35 59 57 4 9 41 7 28 23 79 51 -10 -38 -93 -23 -9 33 -6 54 49 82 -23 39 60 -70 -26 -26 30 17 17 -53 0 27 55 9 64 82 -58 -35 -46 42 47 -19 -6 89 -46 -53 86 28 73 -68 -63 -82 -62 6 -91 -8 -92 -94 -29 58 -31 -90 -58 23 54 -67 -79 6 -77 -33 -19 21 25 -90 18 -96 -64 -93 -18 -93 38 58 38 -2 11 2 -33 -46 -69 48 -49 -97 -32 -89 -67 -94 -65 92 30 -40 -94 -42 81 57 26 24 -2 64 -41 -19 61 82 -7 15 10 32 -40 18 -23 -36 72 68 -39 -10 3 -68 -74 -66 -19 18 85 -51 26 58 22 -48 -52 7 30 91 14 37 -19 32 -74 47 -67 -1 99 31 -79 66 89 -82 -69 97 -93 29 -14 40 -64 -99 31 94 73 -2 50 62 55 66 75 83 11 -1 7 -67 -84 13 44 -63 60 -75 87 -47 -21 -39 -95 30 -64 10 8 -14 22 -14 6 97 73 -30 -52 -87 -73 -72 -26 -42 79 -99 -78 49 -87 -50 -66 -40 61 -69 97 -72 8 -4 1 -14 94 70 27 -4 13 52 63 49 64 -77 64 -64 -83 -20 -3 85 -14 -25
-35 77 88 65 -41 -56 -73 -16 41 84 25 -29 18 42 -41 -46 -14 -76 -32 48 -39 28 47 82 64 51 4 -44 30 -52 35 -17 -1 56 -31 -86 -95 -43 43 -34 -3 23 -28 -84 -26 34 73 47 -36 -71 -26 15 67 -22 -54 87 -75 -89 -26 -47 74 92 -76 68 -22 33 -24 -51 26 -74 99 23 -78 -71 74 21 -79 95 -23 95 90 -35 0 -56 -72 -74 16 -68 99 18 -97 37 46 -48 3 -36 53 -16 -81 42 36 -68 30 -12 -21 -12 89 -54 36 -86 -29 6 -56 67 -35 -88 -81 92 10 29 -91 -52 88 -64 -3 52 -78 -70 35 22 55 -55 -8 2 29 -97 93 -99 -24 19 -93 -24 -82 45 -93 -28 39 26 -85 98 -67 -7 -22 -65 -15 18 -84 67 -98 -49 -42 -62 93 39 -26 -61 24 92 58 67 52 -94 50 83 28 64 42 15 -45 -60 -32 9 55 76 -69 90 -61 70 -36 -34 12 -58 -95 -80 -98 -92 69 46 -22 36 69 30 2 -40 -44 -31 64 21 64 68 80 -23 46 79 -62 -18 55 94 35 -1 -35 -72 23 -10 -72 55 45 -59 -83 -50 83 94 98 97 45 95 -87 -26 -69 56 -76 71 -98 -81 -84 -17 -17 -66 97 -34 54 59 73 -98 -36 -46 -67 94 16 -80 -27 -26 65 19 -56 36 -32 -55 -44 -54 -34 66 -16 -26 74 48 15 89 70 29 59 13 -69 53 78 57 67 -6 58 -63 -74 -75 1 50 -34 3 73 -98 -19 68 80 40 60 80 41 -9 -44 34 -21 -98 99 -19 74 67 -94 -15 -1 -34 26 24 29 4 -67 -61 48 -63 56 30 -69 -86 -9 91 0 83 50 -74 70 -60 98 53 -98 13 9 36 -59 -39 -43 34 13 -2 -9 16 65 -67 49 71 53 -50 20 -39 86 42 -68 -85 77 -33 2 -29 30 93 -32 -74 -52 -72 66 -7 92 84 -87 -84 71 95 -80 -33 -84 -82 60 -15 -12 59 50 -57 13 -75 77 74 -57 -29 -20 -86 -16 -1 63 -42 -63 8 54 -88 26 41 36 74 -78 51 -44 30 35 -46 -37 33 63 53 5 -46 42 33 -16 -39 77 64 -91 9 -99 -50 -64 46 -59 -51 29 -35 -90 17 79 -94 94 -36 -13 66 16 7 36 34 8 31 -66 15 97 -43 29 -63 -90 -64 -40 12 36 14 99 -90 -66 22 89 -98 97 -5 50 53 -51 -2 25 -14 43 -41 63 36 -2 34 20 -83 -32 -72 -54 56 -35 -5 -73 96 52 -60 -67 9
38 67 73 24 12 -67 16 -47 -86 58 50 64 26 -99 -95 -98 88 10 14 -88 11 58 -14 66 -70 -68 87 -88 36 11 71 62 -61 -89 87 -53 -29 90 -87 -36 -51 39 -95 54 -51 30 -46 31 -65 -56 31 -39 10 -79 -56 67 -66 -46 48 -21 61 -57 -23 26 32 52 63 18 -5 54 89 -48 -13 -57 -31 -10 -80 -60 66 -79 19 -7 28 30 86 63 -86 7 43 -78 50 -66 -95 49 17 80 -6 -16 -30 4 -58 43 -28 72 -51 -53 5 2 54 68 -57 18 -70 8 12 59 -59 -95 17 -29 -9 8 -62 39 24 83 -53 56 33 16 -92 13 -76 -69 -63 76 -70 93 -73 -32 -15 -98 -54 -47 85 35 -3 -71 -52 70 -70 -9 94 -60 -34 64 -67 31 98 78 -99 -98 86 99 -72 83 -46 -92 -64 -17 -50 79 60 93 80 -98 45 36 -84 39 11 -27 -77 58 -65 36 -86 -79 89 -11 58 -45 -28 76 55 -96 -53 -80 -14 61 -28 -26 7 72 -44 45 -65 97 90 86 -68 -89 61 69 11 87 47 88 47 -71 24 -29 -13 -57 -78 -71 95 -54 58 68 -99 15 -9 2 92 -78 61 -89 -35 79 57 -41 77 -6 -14 -62 37 -1 75 80 -46 76 -4 2 98 3 67 10 29 -52 6 -73 -53 35 14 -81 12 93 60 -51 12 99 34 -55 43 -59 -70 -39 -63 88 -73 -11 81 28 36 -69 -55 12 -34 -48 -89 77 -14 31 53 -20 -99 55 -12 84 -62 -46 -36 -46 -81 75 33 23 -21 69 -93 -14 11 20 -22 82 32 -61 -94 -98 -73 -57 -33 -75 -55 -46 -15 4 -20 -70 -64 -10 78 17 -96 -85 -83 -84 62 -35 63 -55 15 51 41 -84 -28 -20 -80 -52 -78 -98 73 -71 -90 -12 -16 -91 36 10 61 -37 18 23 2 -90 49 90 -98 91 -99 -66 -19 -17 5 96 -25 42 -80 -3 51 39 8 38 -56 -55 -28 -8 -92 68 60 25 -60 4 67 1 76 -63 -64 -74 -90 -90 -97 -86 3 0 -29 84 18 99 9 17 -27 -66 -5 47 38 -97 -50 -49 87 85 81 54 -33 44 -26 -84 -65 49 73 -52 -65 -98 33 -68 44 -86 -49 -87 -15 -18 93 -35 64 -19 84 -67 76 91 57 -76 13 -82 -10 -66 -47 -41 -68 29 -29 -98 2 17 15 -93 37 -75 38 29 13 54 -77 36 89 35 57 -11 49 -38 -87 19 42 24 22 -73 -55 -37 -48 84 53 3 -79 -30 83 -86 -25 -98 -83 83
-81 73 -53 -81 -22 86 -87 80 -92 -89 -41 -57 15 -48 -81 81 87 -27 54 97 51 -57 -84 37 23 -11 19 -80 7 -27 63 30 -46 10 -31 -49 -70 48 37 -33 -66 -11 2 88 -82 -37 79 -43 99 78 86 51 -90 79 -21 60 62 -86 79 -73 59 -83 -63 18 84 35 72 -59 -24 91 21 3 -74 -72 -40 86 18 -3 22 85 37 -97 -98 8 -29 -42 -1 -89 63 95 -17 -43 -18 -57 69 74 71 -49 -89 50 19 58 78 15 83 -59 -88 -65 -50 84 -34 -72 -96 -61 -72 10 24 -25 -52 3 -72 47 -66 -8 64 -41 -92 90 81 7 -69 5 66 69 7 -24 13 7 -17 -1 28 75 68 57 -12 -55 3 -30 -70 36 -24 23 89 -97 -82 -13 2 -15 -62 -26 -58 -95 -35 -99 -91 58 49 75 -42 -72 40 -71 64 -66 -4 16 -24 70 -30 -82 -38 91 42 -15 -66 -80 23 -86 -97 32 83 31 -98 -4 67 19 -3 -66 -94 -37 -18 31 52 -18 62 78 -55 18 -15 -42 81 -73 -74 24 98 -83 28 -96 -72 -46 -95 85 -58 92 8 -44 -73 33 51 57 -52 50 -92 -66 39 -61 -34 -9 -30 60 -82 -35 -92 -2 53 -42 -7 50 -2 -18 68 77 47 -51 -77 87 55 -94 -66 94 -61 28 99 -38 -70 29 -31 -74 -14 62 -55 67 -86 44 -11 -34 -81 6 46 84 95 33 -30 -9 -13 97 -33 -18 -79 5 -20 -60 -79 -91 -63 -16 -78 -14 45 -81 -99 72 31 -30 -64 -61 6 32 86 16 -80 41 -14 98 35 90 3 -65 -46 82 -11 -14 88 15 76 -75 -87 -49 -14 81 26 10 -12 6 38 -67 -78 -27 26 -66 98 29 -89 94 95 90 -67 -71 68 20 97 -13 11 -36 22 -44 81 64 56 -53 90 -77 14 72 88 -66 -93 43 -48 -91 52 -29 -69 34 -1 -17 10 -73 48 96 28 -16 -59 35 47 -2 -91 99 59 -27 -75 44 1 -73 44 8 -79 41 -5 92 -58 99 0 63 -56 -52 -86 10 77 -59 -49 -88 -68 60 -58 23 89 26 -42 -50 -68 93 79 88 -29 55 39 -5 -38 75 -90 -75 99 60 -94 97 -2 -65 6 -99 -27 -53 -65 97 47 20 -86 19 -59 -37 -97 -74 -91 55 43 -7 -78 82 -16 43 59 -61 27 38 -39 -63 0 3 -57 38 81 -46 37 -32 24 71 -46 -31 -78 -49 22 -45 -15 40 -71 -5 24 15 25 64 -92 -51 -43 44 -4 62 -97 37 -88 -50
33 77 -80 59 -28 -66 53 34 26 17 -82 -78 27 -89 -68 88 -78 -48 43 45 -45 7 -79 -51 -95 -28 74 46 -18 -24 -20 5 -53 81 -28 -12 -88 -68 -9 -75 56 -48 -74 -59 5 52 -88 99 -98 88 -90 -90 47 -46 25 57 38 90 -34 15 90 32 51 25 -93 -92 11 7 -5 -15 42 21 46 -94 -5 -82 21 47 46 -92 -24 36 -38 -60 82 -11 -45 72 -49 -18 99 -77 32 -55 -80 -6 -41 39 -19 0 49 41 -72 56 58 -50 4 7 4 27 90 -17 -16 -2 64 13 37 22 61 -95 -45 -5 95 0 38 22 -74 98 58 -44 -24 19 1 6 -26 -40 -18 -13 -8 32 -19 -51 -11 -81 -7 31 83 76 98 38 92 73 -47 37 -53 -67 -8 -56 -91 79 45 87 -21 -54 -73 -50 6 98 -39 -92 66 -90 54 -8 -30 -98 -12 -51 -87 -41 5 -3 -29 17 -35 71 59 33 -23 -72 -33 -63 0 -74 -53 -3 -95 -9 -24 -32 44 -84 -80 78 52 88 -21 54 -56 7 -20 88 24 -86 25 91 -90 -11 -92 -57 37 -25 -45 50 -44 -37 -19 -58 94 -97 -32 37 -51 -86 31 55 -58 -22 89 -69 -26 -58 -80 -24 -82 -40 8 65 74 -22 85 -22 51 67 25 -26 75 -82 69 -2 30 69 -48 58 45 80 87 -72 85 -58 -15 -16 -27 -34 -62 88 62 98 -60 -77 -23 59 -67 2 33 -73 8 67 -61 -63 73 -81 -21 -84 96 73 3 -55 -40 31 71 -81 -83 35 -77 -63 85 -80 53 -30 96 -42 86 -31 -9 28 38 -94 0 4 94 -44 31 17 91 42 16 -77 6 -83 86 55 -75 35 64 39 26 57 -17 7 74 -8 50 13 -81 -54 -85 75 -60 64 -58 36 86 65 55 -45 19 83 4 -71 -46 -23 -33 -89 27 30 -99 -50 9 -10 -45 60 63 7 50 36 -34 75 -59 -44 43 76 95 60 37 6 48 89 -13 94 -82 22 -21 92 -93 -85 33 22 13 12 -8 -7 6 39 56 -27 -94 -8 96 86 -69 -54 53 70 -56 75 71 34 -86 89 3 24 -38 59 -90 24 3 -90 -96 -8 7 -68 -2 -37 90 -95 27 -53 -32 51 86 -77 37 53 -57 93 -45 35 98 -93 12 79 2 -46 -78 58 -83 47 -17 -19 23 44 -13 24 -83 -62 -64 -61 -28 -67 -22 -62 -10 53 41 -16 64 -7 -24 -51 81 -60 35 74 -84 41 -24 -29 -68 -30 78 16 3 -90 -4 11 -97 23 65 90
-95 -58 -72 15 46 -34 -87 -61 49 -75 -89 23 63 31 19 -97 -49 31 -19 91 -31 26 49 -74 -78 -92 -54 -66 -44 -17 -34 43 75 87 4 -42 39 -90 -42 91 -12 95 -44 -71 -77 -94 -73 44 15 -43 -12 -13 32 -61 99 24 -39 -49 -58 -90 -3 -20 -7 50 76 -80 35 -90 -98 -43 34 73 -1 25 -72 -32 13 -22 -28 -43 11 -57 71 36 65 65 83 24 -85 3 9 81 93 2 13 11 -65 -51 -7 51 32 61 -12 52 30 83 32 62 42 94 -59 35 -19 77 -70 -76 10 29 -72 48 65 -95 -69 18 -74 46 7 72 65 86 -65 -51 76 21 -14 -98 -4 -41 -31 68 -71 14 -80 85 12 -4 60 -79 23 -53 82 0 -64 -38 18 24 -24 -64 11 -82 76 -24 -98 -57 -34 42 64 68 39 31 86 -8 -56 -87 58 -63 14 -97 29 27 50 -24 -4 -15 50 91 -29 53 29 -6 99 -42 18 72 -62 -56 -30 -33 -49 79 29 31 45 27 -34 -11 -16 76 -73 96 -23 42 -66 10 43 10 -59 -42 65 -58 66 -96 -60 60 -59 84 9 64 99 6 -55 39 90 32 -32 -29 66 51 59 -40 -88 -12 -27 -94 -14 35 79 86 91 28 -96 89 -18 -55 -22 95 70 86 42 36 -58 -58 89 -56 -63 56 56 62 46 -94 71 77 19 -98 -79 87 -24 31 -41 -19 -2 -88 -86 -32 -97 2 7 -93 56 47 22 4 64 -23 -64 -55 53 -20 22 -57 -6 -76 23 80 -8 -86 -80 96 -24 20 -33 -79 -65 -67 38 89 90 -21 -38 38 -32 67 6 29 59 0 18 -44 9 86 26 2 -97 82 66 -52 -13 78 -24 -18 -52 61 10 67 -90 -67 21 38 87 -33 54 16 97 14 41 -87 -4 97 -69 -28 -54 -85 -49 69 17 75 -9 -57 -73 61 -14 86 49 -17 -65 4 -2 -36 96 -33 89 -19 77 83 91 -30 81 -15 -20 30 -2 -37 -30 96 10 -13 -55 -37 20 -89 -61 99 -41 1 50 -12 54 -94 30 64 -60 88 46 77 -93 43 91 -38 -2 -56 10 8 -78 -51 97 -39 -9 -33 21 39 -71 64 99 -17 -52 25 -54 -37 -34 -73 28 18 -75 21 -80 -58 99 92 -10 89 83 -88 -39 -91 -70 62 -42 -2 22 81 8 -67 -63 29 -49 24 -85 -26 18 -66 -29 44 81 -49 -30 73 8 -69 4 85 29 16 -67 84 34 -17 -34 10 43 -55 -99 98 91 56 94 -18 33 53 -76 34
-63 -66 64 -8 99 17 50 -14 -66 -42 -18 -90 43 34 -13 -91 -82 -56 34 -99 -82 -12 22 -72 -54 66 -94 -15 29 -85 10 -83 -50 41 -57 -87 4 -46 -78 -86 94 24 -36 17 -57 -60 85 -83 -78 -51 -26 68 22 -34 -62 5 -12 -53 8 -23 7 70 67 -21 -31 63 55 39 -89 33 -99 -48 93 -80 -58 38 10 48 -50 85 45 -32 -15 -31 12 86 96 52 -44 50 43 28 -69 54 54 -89 19 -75 5 -63 -43 -17 -13 69 -28 -43 -35 -88 -37 -4 16 46 -89 62 -46 -47 -25 -50 9 99 99 4 62 74 -1 48 -41 92 87 74 -63 -23 35 81 43 77 -32 46 95 -42 -77 95 -55 84 57 22 60 -97 -59 40 0 -18 6 -27 82 91 7 41 34 13 -51 -54 28 -40 80 58 42 -87 -75 -27 -48 91 26 68 28 71 69 -93 49 -32 17 92 -72 -57 27 -1 7 -18 -49 21 32 -79 29 -49 -92 38 -53 -85 85 71 -33 -64 -12 11 -6 84 -29 -98 -66 -2 75 82 -69 -96 -77 -54 -1 61 -13 -11 -40 -18 -59 -47 39 5 61 67 -47 -9 -33 12 -2 47 73 -97 -60 -96 79 11 -86 35 -61 -82 -73 -94 6 37 -72 83 -54 98 -43 50 -4 20 47 88 -3 -61 -20 32 18 -69 78 91 -90 -82 -22 70 70 34 -43 -28 -52 -19 -1 65 91 -79 92 43 28 -3 63 90 -25 73 -95 82 -89 -63 23 79 -70 -33 -19 30 -13 44 -82 31 80 -31 44 24 -82 -12 -48 58 -88 -84 10 14 -84 43 -69 98 -84 70 53 85 48 39 75 -56 0 -27 -2 -95 82 54 37 49 -6 -61 43 32 3 70 15 -47 58 -49 77 43 -50 -11 91 58 -19 45 7 86 69 -91 -13 -75 -49 38 -8 12 40 8 46 -42 -3 65 25 0 60 -52 -8 92 -14 7 46 45 -32 46 48 -17 75 90 83 9 -37 -55 -47 -84 15 -35 8 -21 81 -25 -57 -80 -8 -96 -7 -28 -51 19 -54 95 -74 47 -18 93 50 12 52 -89 94 92 -28 -15 -28 51 16 -67 -21 -91 -87 36 91 71 63 32 77 -57 -73 75 -38 -40 44 17 -52 63 3 -82 51 -54 -25 46 71 -47 -86 96 19 99 95 58 -24 93 85 -95 64 -76 -4 31 19 30 -74 46 98 -95 59 -86 25 -49 -73 83 4 -98 -37 -58 -89 -57 69 42 40 2 -73 -9 14 -6 10 -98 -61 6 -1 -9 48 -96 80 -44 -14 -86
-79 89 -11 50 88 23 30 28 -69 91 73 -84 -44 -56 44 -87 -77 -66 -10 37 -75 -80 9 4 -19 -52 37 -5 20 -43 -37 27 -79 21 50 -41 39 51 8 -12 -1 11 65 -94 -8 -81 0 94 -93 -63 75 53 23 -8 23 -83 -62 51 -41 8 44 10 -57 41 91 57 58 -97 88 94 52 64 41 14 35 -73 5 86 48 86 -49 9 13 -78 73 -96 -95 -82 -87 89 -64 52 9 -40 55 -85 -66 99 -78 -58 -28 34 -90 -3 80 56 90 87 41 72 54 -73 -83 -22 -35 56 -58 -48 -33 52 -88 83 -43 -69 47 31 29 -31 91 3 80 18 97 -37 40 -90 -91 -64 31 22 63 14 25 -49 -92 82 -18 37 45 -51 -49 19 -72 -54 8 -45 -44 51 50 -86 59 97 -38 -72 -37 -72 5 19 80 89 -29 40 97 86 29 61 32 85 93 -63 -71 55 72 90 -26 -14 -25 -29 47 3 -22 82 -84 64 34 -14 64 -49 -73 -27 47 22 -30 10 97 -24 11 -54 17 99 3 -12 96 13 -19 46 76 10 64 -84 -94 17 -11 -80 -40 -44 -29 84 -53 32 19 -61 86 -23 -11 -70 -42 13 25 -89 73 67 54 -78 -76 -25 -25 -32 -63 6 75 47 -57 14 69 -73 8 -20 6 30 -29 -89 88 -34 57 32 51 95 63 7 -78 5 -57 -55 39 2 -82 -81 -42 29 90 25 56 -25 71 41 -3 -24 -91 -57 75 -75 95 79 92 -64 -1 4 16 52 -12 96 -36 -14 -21 -67 -73 49 84 -16 57 -42 51 66 94 -49 29 15 86 -81 -75 83 79 -32 -19 21 -69 -61 -52 50 1 79 61 63 64 -67 -42 68 -95 -66 1 73 34 -5 13 -22 54 96 74 -62 -77 -64 80 -11 -59 31 -66 -51 -63 -85 59 -86 -72 -18 -65 38 33 3 -96 -53 -27 -31 39 48 80 -43 71 -78 86 -56 65 -41 15 -49 -42 -18 37 22 -41 -47 -11 -91 -82 -98 48 76 90 -21 -28 73 0 59 -91 -59 46 -25 -84 -56 56 45 -54 55 51 -35 50 68 -48 64 99 -25 2 56 58 92 22 -41 -36 -48 -2 -18 90 -24 47 -47 -45 15 8 -21 91 83 -1 -66 25 -31 -19 3 -23 54 42 -65 65 -83 13 46 -86 8 76 -27 -65 55 98 42 -61 14 -14 61 -77 64 25 64 17 16 -30 25 39 -61 -15 -26 5 83 -11 -46 40 99 -57 -52 65 -70 -89 -70 3 -88 -93 -6 -41 -9 -27 -1 -65 87
70 -10 -99 -35 70 26 -84 -78 67 96 -3 36 -99 -62 -4 -44 16 -84 -68 -8 -58 16 15 -46 -53 -99 23 21 6 50 -96 0 -80 -67 83 79 2 -39 -20 -43 3 -98 -15 -12 -55 -28 97 -37 22 -4 18 -33 -55 -21 -75 1 77 80 -23 -25 -4 -6 56 -71 6 -50 -83 -13 77 32 16 86 63 -15 -88 1 -54 -46 99 -34 68 4 27 18 13 39 -27 33 66 94 -8 44 -28 39 17 -16 -54 31 9 72 -51 20 -31 71 18 63 -71 11 -63 17 -18 61 -49 -22 -49 67 45 -76 -63 94 -71 -89 -89 57 82 30 -37 -6 -61 -77 -94 60 -97 72 47 82 67 -68 15 -38 74 43 -78 -11 -99 -25 45 -75 75 -89 -55 -17 -7 -85 -65 -46 15 40 -58 -47 50 59 -62 -5 -32 -3 79 -83 -32 87 66 -16 15 15 -45 -54 41 77 -47 28 -75 -44 -52 -72 62 -70 -44 58 -62 -94 -91 -35 99 -2 6 54 -14 -67 6 62 91 -58 -90 96 10 -54 62 -95 99 -43 -99 -18 47 86 -77 -69 0 -25 50 72 -31 16 73 -34 66 6 35 -62 75 -94 70 -50 14 52 -13 -37 -63 -43 -9 92 -89 -97 22 -46 -19 -36 -8 41 -74 -94 27 -44 -74 -89 95 -31 -6 47 92 -67 -50 60 -82 -93 93 42 -53 92 -13 63 86 -78 57 -76 -98 51 95 72 13 -75 -49 -5 -61 64 81 10 -10 -1 -34 -26 54 71 -70 -22 -6 -7 39 -61 -71 -83 -19 80 -19 31 88 51 -55 -10 86 -62 -22 -9 -98 8 2 42 23 83 -23 -83 -65 -61 -79 6 -80 60 -81 -12 61 -96 64 19 -90 -68 -8 98 -57 52 -72 16 75 -73 -35 -60 -78 -57 42 -22 54 12 28 33 13 92 -16 0 11 -21 -18 -52 44 86 64 -47 -87 -12 19 75 46 27 18 -18 -49 79 48 92 -24 91 97 -47 35 -3 95 8 -86 -92 59 -80 -84 -89 73 63 -24 46 62 78 59 -48 -40 -87 18 -98 -57 -1 86 2 26 13 -64 -85 -39 50 39 -7 -80 -39 89 4 -76 79 24 -67 38 56 54 38 -97 -89 -41 5 -35 -38 41 -83 28 -39 -37 -8 -96 43 -99 -11 -66 -84 -95 93 -63 -38 22 76 -8 87 37 -82 -7 -42 14 -94 54 -54 -1 -5 -77 -11 44 -84 -40 54 -27 -62 13 -76 27 -99 -35 64 -79 23 -62 74 -37 78 -48 22 96 1 -31 -40 -21 0 -96 -62 -11 -35 47 -78 -52 -35 1 -81
-18 32 -39 85 40 84 71 87 -8 85 75 -69 -39 75 15 -43 -78 -29 3 -69 34 -48 32 97 -69 -6 -13 -70 -38 -7 -40 -1 -52 -27 88 32 -30 1 67 -29 -8 96 27 -32 -69 51 -14 6 -98 -73 52 -49 -2 26 -38 97 97 63 85 90 -32 52 19 87 33 95 19 49 -65 -24 70 -7 10 23 -24 73 -93 -96 -64 -32 -42 -84 -47 -88 -97 82 19 -68 57 91 -76 4 86 3 52 -25 18 51 -23 -30 -99 -31 55 83 70 86 -47 -59 -31 34 -48 95 90 49 85 -47 -51 26 22 69 -19 48 91 -50 54 61 -49 64 -1 -34 -42 -71 47 -51 74 -48 -52 98 -74 -30 -41 4 86 62 -15 -34 -39 -65 41 86 80 84 15 75 -62 -15 -98 -21 36 -96 55 37 -59 -44 51 28 46 -9 -68 9 20 -22 -48 -66 -10 40 99 -97 79 -88 -34 -61 -68 -8 3 14 -7 -48 -27 59 77 86 20 -84 2 -64 -88 -2 41 79 -85 87 0 -51 -77 27 -51 17 -83 59 -60 96 -62 24 -26 -82 -49 60 -56 -56 -67 -17 31 36 -66 71 -11 58 80 13 57 86 92 40 -78 -70 -63 77 69 85 -94 18 75 -64 33 7 17 -94 -68 95 91 -75 -48 41 70 19 39 -16 74 93 28 -33 51 38 -45 -32 45 -48 -80 -20 -29 -74 -15 56 12 -22 39 -4 47 76 -58 -54 -98 -8 -4 -68 -12 79 42 16 73 -43 67 -57 -41 44 7 77 98 -56 -53 -92 -48 45 56 31 28 56 -62 -96 -37 22 8 -82 26 -95 -9 -53 3 -45 -66 -81 41 80 35 -76 23 30 -97 14 83 -60 97 63 -18 70 22 -12 63 -74 0 7 95 -35 -73 36 50 -47 68 56 84 -71 31 -52 -91 -24 63 -37 -14 71 -8 23 -64 -4 95 73 -40 -90 68 57 76 55 -78 76 46 24 18 -70 6 -72 -59 97 -4 75 99 -49 92 -77 36 1 -81 -95 60 -8 -53 39 -6 55 95 59 57 -23 93 -43 -60 -75 48 58 -74 -7 55 -91 83 -12 60 -60 -71 52 95 75 -62 39 -92 -75 39 -77 -41 -22 -5 30 -50 -83 -19 -89 24 -25 -27 32 -94 71 -76 79 -3 -81 -40 54 -60 -96 -12 96 -65 -14 -46 64 89 -6 -38 -53 36 -45 46 46 -59 -68 -39 70 49 -74 -33 -41 -81 -15 -40 79 25 29 96 51 -9 82 -30 -83 72 -39 73 -45 -59 -42 -40 -72 66 -8 -14 60 -72 84 -28 76 -82 -52
-88 -87 16 37 87 -86 -4 -13 -79 88 -2 -26 59 76 -98 35 79 50 78 87 -20 58 61 -15 41 -74 -74 -95 81 -36 -33 -74 32 2 44 -58 86 -49 -52 -31 -73 -20 31 98 -91 30 20 71 -47 23 -32 -78 68 -99 81 86 -72 -60 -75 45 37 -77 -69 -43 32 39 -95 -73 65 15 -6 -4 41 -5 -88 -17 13 -32 -88 -85 57 94 -10 39 -81 49 63 11 77 -75 73 63 -17 24 -54 33 75 -60 -88 -35 -60 22 60 -1 -10 -81 79 -65 -12 58 30 -66 41 -29 59 25 1 89 -35 -19 -40 29 -72 -41 38 18 30 -51 -97 79 -39 69 86 78 29 -85 53 37 15 -48 25 24 64 64 -83 29 49 -11 -38 -87 -54 -15 -68 -28 13 -92 23 43 56 35 -45 -68 -79 95 77 26 8 -4 83 -29 -58 45 97 -67 93 23 -7 39 -69 -5 41 42 -31 84 -17 15 74 55 29 86 -2 25 22 44 58 77 70 5 -62 -66 -94 83 0 -83 12 -35 0 6 -92 15 -26 44 20 66 23 -62 -80 -94 -44 -46 -24 41 58 21 -47 -18 -86 65 30 85 -57 51 64 96 77 1 91 -64 10 -53 -14 56 7 -37 86 0 82 -41 69 27 -52 98 70 -64 78 -30 11 -22 69 -6 99 -67 69 -76 -18 15 68 45 -13 33 -40 -78 84 20 -1 -47 -8 50 -65 82 80 33 46 5 -28 72 -78 55 77 -97 89 -50 30 53 33 61 -69 50 55 93 31 21 39 83 59 59 -24 93 -64 50 84 41 60 89 -53 -49 -68 -32 -50 -80 -25 -30 51 66 -73 -57 10 -88 -29 -25 -71 -70 75 -81 28 -31 36 -35 -16 -88 -70 -36 -12 15 -45 -29 -2 81 74 -49 -50 -66 89 -80 -24 -94 -97 29 -56 19 -11 83 77 2 -89 -35 44 -53 -56 66 36 -66 5 -37 -92 -39 -60 93 -59 60 -64 93 -33 -28 6 29 -23 -42 64 -38 51 -90 66 67 -8 -10 -20 -64 -53 -45 -24 0 -1 15 -54 -90 18 69 -44 -57 95 -65 -54 59 68 -61 0 88 67 -11 41 26 -68 -77 67 69 61 0 57 82 6 -10 34 25 -36 14 -62 -60 74 89 14 57 31 -21 -20 59 63 48 24 -77 33 1 -17 64 -67 39 -96 -2 62 98 -54 0 -87 68 -38 8 61 11 9 -18 66 10 83 -84 -48 -14 -90 -97 78 87 -3 -38 -29 35 -38 -29 63 67 31 -15 -31 -63 -13 -74 11 -77 98 71 80 -52
86 -77 -50 57 -55 -21 25 -22 -71 -68 -38 46 23 40 63 -61 30 77 -96 -89 -71 -40 37 77 -62 -40 72 -93 3 77 -10 27 60 -77 59 -63 -71 -61 -57 23 64 -1 25 -76 -61 -73 59 -83 99 -18 -60 -45 -49 15 -81 -72 65 16 -73 0 39 -1 67 -85 -62 -42 67 53 -88 -77 -63 79 68 21 -1 62 -98 93 33 24 58 -94 7 -12 35 -28 -62 -53 -10 -19 -43 16 -70 -35 38 3 -28 -11 -29 -1 60 -40 56 97 45 68 -39 50 27 86 -76 -62 -59 36 -98 -30 78 52 3 -19 -51 -75 5 42 73 82 68 30 -37 -5 80 45 -34 57 -23 -6 95 -25 -20 95 71 92 97 99 48 -9 85 -98 42 45 70 64 -98 69 -31 -70 -20 62 26 37 76 -37 -56 38 55 -96 -47 -59 2 89 80 -60 99 72 -86 3 -93 19 -22 29 -50 71 16 67 43 4 86 -39 5 80 -3 84 -90 -27 -80 1 98 -7 2 61 -15 69 64 -13 -6 51 -67 78 -16 -68 86 33 -31 -22 40 97 83 91 -20 24 -38 -87 -37 73 57 -76 -99 -59 87 6 -25 -91 -89 8 67 87 4 45 63 -62 -93 -56 -18 -78 -60 88 -11 21 35 98 3 33 -33 -82 -14 -40 79 -10 67 -67 -41 7 48 3 -30 -67 -79 -75 25 98 -65 19 -42 -66 72 33 -28 56 -41 45 -58 -75 50 41 -97 28 21 -43 -6 65 49 91 9 -45 -6 10 10 9 -56 -40 -57 -37 26 -48 -73 93 46 81 -84 -89 75 -25 -56 -15 39 -50 4 -95 28 -90 -99 -31 -84 13 56 -35 -96 70 -89 22 86 -39 -80 -98 -70 83 -37 -54 -36 -87 -68 -49 12 55 62 -57 -28 29 52 -82 -45 -10 89 8 3 73 74 -54 -37 22 -93 29 -55 -74 49 12 -3 -34 -49 -68 51 -53 96 36 98 -80 66 -45 14 63 38 33 -2 -29 56 39 23 93 -65 -72 51 31 -18 -54 46 59 62 -69 42 -59 -91 -82 -59 44 -19 97 45 -41 -39 -65 -77 67 7 59 67 25 -44 -33 80 64 90 49 21 -20 -75 14 1 -56 74 75 61 -77 8 9 63 -22 51 83 -15 74 84 -13 -58 -48 51 69 -31 -59 62 -9 -66 63 38 70 -22 -37 10 67 63 -95 -91 61 95 -37 63 -17 82 32 -14 -83 46 25 -12 -82 -56 63 -23 -44 21 75 -96 -15 7 -88 -19 15 -61 -63 3 20 -90 6 -23 17 84 -76 -95 -25 -43 -22
57 -53 38 11 36 48 25 51 -67 -38 -55 82 -39 63 36 -6 54 -32 96 -58 -21 -50 65 -48 -91 11 -24 89 -60 44 99 46 -83 -27 12 -54 11 -32 -3 20 73 -36 84 -20 -98 -49 95 -84 42 1 75 80 -70 -37 -42 79 99 -3 -15 91 1 56 93 8 75 48 52 0 -80 75 52 80 52 -2 43 -18 -2 33 -60 -26 70 17 67 96 -77 -59 -73 -80 33 47 97 84 63 -48 -13 66 64 5 27 78 81 54 -96 47 -92 -6 76 -32 -49 -8 1 32 1 -39 58 39 -34 -26 46 54 86 79 91 -44 -45 -58 -5 52 -72 -47 -93 -83 22 63 21 -68 -93 36 -61 -14 -24 43 -37 -88 -12 69 86 89 -88 -67 -79 -73 59 -24 -4 -76 -29 25 56 -25 -60 -31 -89 -58 -70 48 56 2 -81 -50 0 56 -73 -78 -98 41 54 -57 -43 43 72 56 -17 -99 -71 5 -49 13 80 -28 -1 43 53 17 21 -40 16 40 -53 80 -52 96 -23 -94 -99 -39 -63 -10 -24 37 30 -98 -69 40 -45 32 -7 63 59 48 -33 -13 20 -20 93 -21 -1 -17 -27 84 -15 -21 -25 -5 -41 -17 96 63 -94 -94 -28 -50 24 92 -26 68 66 94 8 -43 10 27 -27 88 -26 -10 -89 9 -8 -19 33 79 -82 67 22 34 68 8 -13 81 -34 35 66 -99 -28 -30 78 -60 57 76 -7 62 -86 -30 28 3 -53 -25 72 84 -94 78 46 -9 9 -69 -16 70 -53 -87 -34 13 20 1 73 -11 62 -20 48 71 32 -26 -92 44 0 -11 51 -98 -40 -89 -88 -23 13 -3 64 92 57 10 -40 16 57 42 -2 -42 -79 -85 18 -96 39 62 -11 -59 38 -99 29 72 57 -53 54 79 -55 -48 81 -94 7 -3 -34 -76 55 -25 65 -36 -71 -40 65 69 -32 -71 -61 67 -79 -57 -18 55 0 -5 -1 57 78 64 90 81 92 34 8 70 -86 -74 -37 19 -85 95 72 -32 -17 -75 15 68 -17 16 67 99 34 -68 31 -17 -15 -14 -35 44 -67 -22 45 23 71 -42 -66 -60 2 -55 -29 68 31 59 -86 75 -77 73 -48 -78 86 -68 -81 4 -73 -37 -59 -40 -98 -88 -48 37 -91 22 34 94 -89 1 55 95 81 51 27 74 21 -45 92 -21 -27 -84 -26 -70 -47 39 -20 39 26 68 -40 -67 -29 45 35 88 66 16 18 81 -49 42 -17 -27 35 81 35 49 12 0 0 85 -96 -10 -10 -64 19 57 5 11 16 28
-6 26 -46 83 19 -59 -74 41 93 -25 7 -72 57 43 -71 -11 -80 78 -70 92 -2 98 32 -97 66 -62 34 51 20 45 52 -46 51 -22 65 -64 59 -92 51 18 -45 -29 -71 34 -72 4 -42 -68 -64 87 -5 -80 75 -16 -26 50 36 9 -55 -53 -16 -88 -63 -72 -25 -48 82 48 84 84 -99 -84 68 39 9 74 -89 81 24 70 -28 -30 -92 -19 38 28 3 -58 -44 -59 15 -24 31 -69 52 -97 94 -32 12 -89 85 -26 58 -47 -97 14 61 -96 -17 -23 -16 54 -63 -99 -94 -46 -81 -91 6 94 -73 89 96 23 9 1 -5 38 77 -95 -28 20 -34 -35 -39 31 -97 96 80 -26 98 44 -4 34 94 -34 91 -3 66 70 17 47 67 19 10 14 -85 -67 -57 3 86 10 -19 -51 -29 54 39 76 9 73 11 13 -64 35 54 -98 25 73 68 -62 -3 -76 24 85 -83 58 97 44 -80 60 50 97 28 -36 52 77 93 69 2 -68 -93 -83 -4 -88 -65 68 38 -80 -36 81 35 88 76 28 85 -60 -86 47 53 25 -93 13 16 31 45 -31 56 -77 8 -21 -30 -59 -92 -52 44 -92 -67 31 -43 -18 -35 -9 -36 29 -75 -78 54 -52 -38 53 -41 -10 74 0 -71 -37 -49 -83 86 -85 59 -47 -49 -25 -29 -52 -28 35 75 41 -24 -2 -23 -73 -8 -29 -31 -71 -70 -16 74 -64 -3 35 7 54 14 22 -15 6 92 91 23 22 -25 39 -51 60 97 -34 8 -65 -43 -94 66 -85 82 71 -7 -96 -84 -42 -15 -59 -95 96 -74 -2 -34 44 45 23 87 90 -70 14 -84 20 69 69 52 44 -56 96 -74 74 -73 -66 18 20 -87 -5 -94 -39 14 45 -90 20 53 -23 92 23 43 -86 -73 -33 77 -65 -5 -77 -19 -79 63 4 -13 -11 -57 -77 3 -9 -31 86 18 7 -40 -56 -49 -54 -35 -98 -21 18 -52 74 -31 56 43 47 -36 -34 63 42 32 -27 32 34 22 92 -95 20 56 32 -88 -24 -3 -84 -96 76 -12 35 -32 33 73 15 -62 9 -84 93 -87 -73 14 -38 -93 32 5 -27 -78 61 -96 -3 -59 44 11 76 67 -95 -34 22 -97 4 98 83 77 -77 -6 -35 -43 -81 37 43 -56 99 16 40 -34 34 91 22 -62 -99 25 -46 72 -21 -40 87 -80 55 -88 -1 -18 43 6 -45 52 7 46 -66 39 33 24 -56 72 -89 -7 -91 6 73 -37 63 -95 46 91 -20 -69 -57 -6 -22 -7 61
-61 -77 -59 99 -34 1 5 -80 -72 -65 48 -82 -45 39 41 -14 53 -23 93 -51 53 -47 71 -54 23 38 43 -74 -80 -99 28 -68 -59 -76 -59 44 -81 -90 -63 -97 -2 61 -40 25 -9 82 6 -16 -59 13 -29 -56 86 51 34 -54 53 99 5 -88 -25 92 3 57 11 49 -93 -46 -27 43 5 -68 -28 98 -19 -60 -40 20 90 -54 6 20 -75 26 67 -83 20 41 84 70 -17 -25 20 -32 -99 27 -71 -14 98 32 -60 -19 44 75 -52 11 -40 -79 76 -91 70 -36 20 91 -59 -99 5 70 23 91 37 35 -57 -4 -20 -15 46 -14 -67 25 -73 -22 -34 98 -56 -10 35 -34 -12 80 25 81 80 -48 29 48 57 70 -44 85 74 -35 46 -17 -29 76 -82 -64 87 13 -40 -24 79 -8 36 -18 29 76 -53 -51 -16 54 -45 72 19 15 3 -48 92 -54 3 -52 46 -58 -78 26 46 74 48 -51 13 38 6 -16 45 -61 6 63 91 29 70 34 -31 13 30 -39 40 24 -24 -81 77 -35 49 1 74 85 -8 -3 23 75 49 -79 -53 -5 29 -63 -29 15 -98 37 89 22 5 54 -21 -73 74 -48 -81 19 -13 12 64 -23 97 -59 95 7 -18 64 -46 -74 -77 -4 -86 86 -33 -15 63 -21 60 96 -76 10 99 21 30 76 51 -23 -81 1 22 82 88 -5 17 -57 -95 -70 79 44 -95 52 91 46 39 17 86 97 68 85 -63 -43 46 -59 88 -21 8 -88 -27 55 -45 17 -37 26 45 75 -77 30 -14 42 -19 -16 39 40 -47 -27 -22 -60 6 -71 -16 -74 53 -69 -18 -39 -77 1 79 79 21 -14 7 34 63 44 93 21 -7 -41 -85 -22 -16 -90 -35 -84 89 -70 -37 9 34 -43 71 -33 -36 67 83 13 26 63 42 74 34 -58 3 93 2 95 -41 -60 -43 -37 17 -56 71 -11 55 32 39 23 36 52 95 -24 -69 -82 -92 95 -90 -79 -97 -34 -21 89 58 31 -77 -11 -96 6 51 34 -21 -36 -6 -7 88 -88 29 -49 68 -2 40 -22 -20 16 78 -98 70 -10 -39 1 -60 -81 -75 -3 22 -40 1 24 -69 98 23 -62 8 -77 -59 22 -34 -29 8 3 42 37 -53 94 20 99 -91 68 -40 -38 -28 93 -58 48 -96 36 65 14 80 25 -38 59 -40 71 59 36 -63 83 15 77 93 -37 -78 -30 -76 86 88 77 -6 41 -28 -67 -61 46 -49 -69 71 47 53 53 91 -48 56 -24 -27 -15
83 0 13 98 -21 45 -25 -2 -85 19 -79 -12 -18 -60 -45 -69 -29 57 -84 -61 -69 -88 -74 29 -63 -68 -6 16 -18 10 -32 62 98 -28 29 44 -83 9 -79 -62 -11 -11 39 55 -30 12 -17 -65 98 -72 52 14 55 70 -50 -16 23 39 -59 -40 -23 76 90 22 3 -93 -4 94 93 39 3 -98 82 59 72 -34 -17 34 32 -91 -1 16 -1 93 -31 60 23 94 7 78 87 -79 41 74 -49 -85 -2 40 -89 46 -61 -77 -89 23 64 96 1 -12 10 53 26 -77 -91 -31 76 38 -74 -76 22 71 92 -20 16 -38 69 68 28 -70 93 -42 -69 -33 -1 -50 21 54 -56 4 -47 -72 -1 -82 22 92 -96 57 11 28 -39 -78 79 -7 77 32 82 59 -84 81 61 -59 36 -46 -56 9 -23 -45 -72 52 -46 -73 94 83 -15 20 -69 -17 -49 -74 99 78 -7 -92 -65 69 -75 79 30 -60 -92 -14 -11 -34 -69 85 51 -72 -30 5 -7 -75 -98 75 37 9 71 35 -9 71 82 88 -79 -46 63 -78 -97 69 -71 41 -60 74 -74 -62 12 -43 42 -74 89 52 92 -59 -90 6 -87 73 -31 -99 -23 71 -76 84 66 -66 24 10 -56 -34 -30 64 90 54 -99 8 41 29 19 -18 -1 -8 -10 96 63 72 90 10 64 -31 -82 -22 -96 -71 -64 -25 63 -33 88 -79 -91 -27 25 98 -99 -35 90 10 -9 95 -13 -88 17 -15 -72 -70 -53 -7 -11 -37 -93 -13 -68 33 -52 17 30 -33 -98 82 44 59 -2 93 38 -40 23 -90 -43 -88 -88 66 59 -12 4 -31 -91 38 7 10 43 14 -76 87 84 60 -67 4 51 11 0 36 -66 66 -41 15 56 47 42 96 11 -27 47 -50 -53 77 13 -10 -87 -84 -72 82 5 -31 1 -25 36 98 0 -59 -38 -5 -16 -52 87 55 71 67 71 -72 27 4 -24 85 75 85 26 -27 64 -56 65 67 85 -19 75 -16 -57 -2 -2 90 -46 72 -68 -13 45 28 -77 -83 -53 14 67 70 42 14 24 -64 -21 39 -5 -83 52 -47 -9 -40 -5 -88 29 84 17 65 48 -11 69 75 -3 82 97 -3 82 2 -71 26 96 -79 2 -37 53 -90 -45 -75 -11 -96 -34 92 -69 -79 81 -3 34 39 -74 88 28 60 -46 -26 60 -45 -22 -77 36 -88 57 68 -39 52 -68 41 24 90 -8 17 -52 -62 -9 -8 -28 65 2 2 52 29 27 -29 6 71 70 36 27 -38 81 -64 30 -16
-22 18 75 -39 -62 43 42 -76 0 -31 64 -51 2 31 83 -46 20 -70 -5 80 93 -3 77 -10 -79 -87 53 -4 -71 57 -54 -52 -21 42 9 33 -11 42 -73 50 -74 -53 -85 70 -61 72 -52 -8 44 -42 3 16 77 -37 79 29 -34 -72 55 -62 65 -63 77 17 17 62 68 28 -68 -82 -10 15 76 -88 -24 95 -43 -17 46 83 -42 -11 -98 -24 -92 -95 -95 -14 -57 -45 -52 72 82 31 81 11 36 -95 19 54 -63 -51 -36 -47 62 -61 37 -67 -71 -40 -93 77 -7 -92 -28 -6 2 82 15 60 -49 90 -90 -11 26 -95 99 -56 23 29 -77 -92 68 44 -30 -35 -42 41 20 3 -76 -89 -29 -66 -92 46 -82 -86 99 73 -62 98 52 57 -70 -81 92 21 -4 66 -72 71 -15 -7 -87 -54 36 -27 -20 -53 -19 3 -16 69 88 -63 51 -49 -1 57 0 -24 -9 26 46 44 -69 -17 39 30 93 -53 18 4 -63 61 69 -30 41 -13 -56 -21 10 -9 31 5 53 -94 -11 76 29 85 -53 -36 -42 -64 59 -31 91 1 -73 51 22 -57 -99 61 51 -89 41 3 -27 5 -54 93 11 -78 -37 -9 -39 42 78 -67 -51 -90 84 65 -33 47 44 -58 48 -85 -52 -81 53 14 61 -22 84 -80 48 87 -82 -94 -28 59 -66 80 72 -2 -18 67 76 -73 67 8 17 39 -99 -77 45 -37 5 -86 -43 37 -11 -9 60 26 84 -55 -21 -48 44 84 -41 93 -41 66 33 93 82 -93 69 50 45 2 -44 -86 13 40 79 -36 15 8 -39 2 80 -62 -78 -63 -17 3 23 -90 39 -62 -26 -55 0 81 18 11 27 93 58 18 70 14 75 -68 89 -38 60 76 13 62 -15 -62 -87 -71 14 32 -68 -53 -34 -62 -1 56 89 79 -42 -29 -35 -41 14 -95 86 -89 -56 81 43 -39 -76 -21 -80 50 -68 2 10 -80 9 -39 52 -15 26 78 -84 40 77 -53 38 47 -78 -76 4 -21 -77 -75 -57 8 -64 -53 97 -12 22 -3 -89 -58 7 -74 49 1 57 13 -11 54 25 38 -26 72 62 70 86 -2 81 -97 -35 61 24 69 -27 17 48 7 87 -79 57 61 89 -91 -15 -13 35 53 71 2 -73 96 33 81 -58 68 -76 25 -65 -74 10 -77 12 89 30 96 28 -5 -91 -25 -69 75 -27 59 -53 -38 -71 79 -89 -81 5 -2 -13 41 -7 97 43 -59 -84 56 3 42 -44 30 56 18 -59 18 82 -86 -36 -78
-86 23 74 63 -85 71 -8 -50 0 -36 -38 63 -48 -15 91 60 -7 7 5 97 47 -98 -54 20 14 -81 -99 -72 68 39 -4 -30 -46 -60 -25 -35 -7 -20 78 -99 -35 48 -42 67 -71 -38 57 -60 -48 11 25 -82 -2 -23 -97 10 6 -5 -65 9 74 80 34 -13 -53 -97 -14 14 50 32 77 27 94 98 -27 -8 -84 -15 -80 -66 -61 16 57 53 62 67 79 -33 76 -80 -71 -38 33 -68 76 -74 47 76 24 -31 41 53 66 20 -68 -9 47 15 43 59 -51 -23 55 -70 -59 -93 60 87 -38 86 -96 -3 4 -54 -21 97 -82 -91 -60 39 4 -9 -85 28 -5 66 -68 45 -77 21 60 32 23 -49 -16 -92 -87 -49 -28 6 -62 42 -37 -95 -53 -99 -68 -6 81 -73 -28 -45 -57 -81 66 -28 78 -89 8 58 4 26 -17 66 -88 -66 -98 49 -15 -73 75 -34 -29 58 -29 -21 32 -42 -83 55 -12 69 29 22 19 -60 -70 49 3 -60 31 60 48 41 72 15 -52 -55 50 23 -16 -89 -21 -81 80 -10 78 15 -65 41 -92 32 -78 20 26 79 72 90 43 91 -15 -2 -3 -67 45 80 -49 75 47 -44 -87 -42 -1 -33 65 42 62 -48 0 -56 64 41 66 -99 -87 -84 -83 -17 56 -4 -92 92 4 76 -77 -11 -47 49 72 68 -24 58 23 75 -58 -46 38 65 -35 71 55 76 -67 -47 89 -1 -10 -81 -44 -57 -62 -15 44 14 98 -4 -25 -24 -95 -97 58 -10 2 -82 32 8 65 -15 73 -47 99 -33 91 40 13 40 -97 99 32 -19 -35 -14 -38 -91 -89 99 22 51 24 -39 86 -61 -86 -81 60 -71 34 -51 -17 -21 -94 -36 -61 -78 0 -12 -34 -52 40 5 62 -56 7 66 -20 -56 -56 -30 -72 48 -47 -47 -13 -83 71 53 29 23 -99 0 -57 14 -91 77 36 21 -68 -50 -41 46 -71 66 2 -71 64 -61 73 -30 -79 -26 -23 -24 51 -59 96 -2 52 27 -30 52 3 -26 -33 57 53 40 41 -30 -12 -2 92 -49 78 -67 64 4 -85 -11 15 23 24 -20 14 -7 -59 -38 0 42 -21 -25 46 86 -61 10 -54 -46 15 -96 21 -85 78 59 -53 -77 0 -48 85 -72 89 -55 96 -46 73 75 -70 20 24 -48 94 62 70 -53 -33 -97 53 -43 8 -14 -34 -14 48 67 -19 80 -88 44 -87 84 77 34 -5 -95 -36 -58 -68 99 -93 74 43 -67 -82 56 11 38 59 -23 -38 91 11 58
15 81 41 14 -20 -49 78 67 -98 -13 70 -30 30 -75 15 -87 7 -54 70 51 58 -32 1 65 21 -55 -53 -57 8 -63 19 47 8 -6 -55 37 -68 49 4 47 39 -9 -82 89 11 43 -96 -62 73 -12 96 24 -19 13 76 -39 47 -10 70 -4 -22 18 96 59 -40 -31 -97 -4 -57 -31 -86 -26 20 -98 61 -58 67 94 32 89 71 17 -3 95 83 31 67 97 -75 -20 -81 99 96 14 -47 69 46 -5 96 -53 72 82 -68 71 6 -20 97 -35 9 -18 -61 -29 -77 -23 -85 -89 65 -70 -85 -8 24 20 44 57 -51 56 90 30 -50 -50 -33 86 81 -8 3 67 -59 -21 -56 -47 83 45 99 69 -67 65 56 -42 -72 86 85 -96 56 28 48 60 56 -17 53 -62 -10 -71 15 -66 71 78 75 69 -97 78 52 -13 -70 -35 25 21 -87 29 -5 32 54 -44 -77 -27 -23 40 17 38 63 72 -15 8 -91 17 -4 -26 35 75 82 93 -25 -26 86 59 -48 36 -1 33 -8 85 -14 -47 80 15 -45 63 -21 80 -47 67 -8 10 77 -8 71 47 -25 23 -94 91 49 -95 -60 -97 -29 41 -94 62 36 75 -71 -35 -83 86 -50 -89 37 -22 0 38 31 -78 -28 -49 -31 91 81 3 74 15 -37 45 95 -94 20 -50 -6 93 -81 -63 -27 88 36 -33 79 -54 53 53 -42 39 19 40 -24 56 56 -24 49 -54 -36 -57 75 67 -32 59 -55 -82 72 -72 36 65 5 7 -71 71 2 84 -20 -81 37 36 -50 24 54 -30 62 -47 -83 76 -90 -36 41 -49 88 -34 -84 -27 82 95 72 76 2 73 -50 -12 27 53 59 -66 92 86 -6 -31 11 72 -31 -11 1 41 78 -98 -38 69 98 90 37 -63 94 77 -26 -22 63 19 -74 -58 -95 -86 -36 76 -90 -91 9 83 4 -74 79 -69 24 -91 -27 -26 -4 -48 -36 -92 -26 -6 58 -71 -28 55 55 -63 -98 75 -59 81 -63 -93 -94 -76 85 -58 -56 84 73 -57 86 -58 29 4 75 -57 -20 -33 -22 71 -96 72 -18 -63 -31 69 -58 -85 93 78 65 -89 53 -7 -19 -67 -78 77 66 79 -87 -5 18 7 69 95 37 75 79 -73 -91 34 -74 -95 55 -47 -52 -45 79 -29 -55 -9 8 -57 70 18 -43 34 -51 -99 -14 -53 -92 42 -56 12 13 -34 62 76 -33 -34 36 81 85 45 33 -65 -71 -40 -80 -42 94 -89 26 -64 -81 -45 23 -76 82 36 -88 -35
-50 -98 -14 -26 -44 -83 -63 87 -55 -14 -44 21 -69 50 54 66 -39 13 99 8 -2 -47 -2 -56 39 60 -60 1 24 -21 1 -37 -65 50 61 -22 33 -17 43 -66 79 -9 61 70 -34 97 -35 39 54 56 18 21 57 10 -38 -23 -94 67 29 -47 49 10 16 -83 36 -25 -97 93 40 77 -12 -16 -61 -59 14 46 13 35 79 -72 26 19 -97 14 95 -78 85 45 -75 -36 35 13 2 13 70 -9 17 -25 61 -20 4 43 -74 -68 -1 -5 80 38 39 47 83 -26 -67 78 3 -57 74 -5 56 36 7 -40 52 -35 15 79 38 15 -52 -94 25 -38 -68 92 20 20 -39 12 58 -78 -56 -77 -70 13 23 76 26 -82 -46 36 20 60 38 -82 68 92 56 -51 -41 -81 57 -23 -35 -2 78 97 33 -44 9 -28 -68 -55 91 -4 96 91 -11 51 -18 -19 -16 9 -67 15 77 -45 19 89 99 23 73 0 47 0 6 77 65 36 -24 -56 -92 66 34 -24 76 -91 -70 -62 98 -41 -26 72 8 -34 -16 9 25 -31 92 -18 94 28 -45 45 77 -78 24 -49 96 80 54 -46 7 -94 -58 -74 -23 63 -86 27 -8 93 59 52 -10 -9 -67 -25 -85 -16 -97 56 -16 48 41 3 -1 3 4 34 74 -35 10 -24 -15 -66 35 -78 22 66 -30 -57 -66 -84 -31 -97 90 71 -93 -28 -57 -83 99 -36 -90 -76 -49 40 49 -80 24 58 -19 6 -5 -56 -29 -7 -76 89 59 -41 21 -36 -30 -59 33 58 -8 38 99 -65 45 74 53 -81 -1 -10 -63 32 -33 -61 61 -31 -58 -29 67 -7 36 32 -12 36 -11 -31 2 14 -54 -57 -97 -98 -71 95 -3 38 -26 -23 24 56 -80 -77 90 -19 -5 -73 31 -94 84 95 65 -35 36 91 10 -37 -25 -41 68 73 -91 -70 65 -39 -50 77 75 44 23 -41 -79 -38 -50 -58 -7 -45 -95 18 -29 -38 -46 -27 -69 -48 -66 -44 -30 -70 -3 4 -48 18 70 -23 84 -27 36 66 -84 -78 -24 -75 -26 -90 12 11 -72 62 85 -75 -65 -19 -82 -42 -92 -11 -81 61 65 -18 -8 71 5 -71 -99 95 64 89 47 -17 -74 74 -4 70 22 -69 -46 84 74 -67 0 -60 34 32 65 -39 82 -20 -72 13 72 73 21 -12 -83 22 -36 -78 -4 69 54 -11 54 10 -37 25 56 98 -53 -99 -8 -82 75 16 68 64 -22 -74 -52 65 69 53 -71 59 -55 49 62 -24 70 40 4 -11
22 66 28 -43 58 39 -88 -49 -69 53 -45 -80 59 39 -48 -18 67 21 -78 7 -50 -62 -81 -55 2 72 -67 97 45 -83 -18 -55 7 -74 80 9 27 -47 97 -63 -10 -97 63 42 11 -5 84 45 -41 -12 -84 15 58 70 -16 34 -11 44 -65 -38 20 19 -90 96 -91 -72 -36 -4 87 37 96 -12 94 -27 -50 86 33 -82 28 -97 87 -83 67 90 -51 21 -44 47 28 8 83 -22 27 57 -33 65 -96 -55 -65 -37 69 -16 0 98 8 83 -3 78 48 -28 45 42 78 88 45 -56 -82 68 -82 -39 -82 53 22 -17 -84 -40 73 23 -49 63 68 -25 -46 -51 -27 -72 39 -33 -59 34 98 -35 21 -50 85 -2 -76 64 58 -24 -24 -45 90 61 -64 40 -50 -59 -91 -35 -63 -69 97 70 -29 -11 20 -6 -54 -34 -96 61 24 -70 -95 30 -28 30 -61 74 -99 -11 97 51 51 -70 -1 66 69 -56 4 -45 -72 14 63 -42 -56 -2 -33 65 69 94 59 -82 68 58 -99 -12 84 4 -90 -86 -68 81 -99 36 -31 67 -30 -74 78 -13 -7 16 55 20 -57 -18 75 5 -30 -72 -36 68 -55 -82 -66 -51 32 67 66 89 -91 -93 49 -32 -18 -37 -82 7 -28 42 10 75 -46 -44 -83 70 51 70 -90 -47 -20 54 52 78 22 71 -93 -69 -38 43 -77 -46 -8 81 -69 -35 32 99 38 28 -59 -19 7 -19 81 75 -3 39 -70 -27 -20 -20 -32 -5 -62 69 29 -84 69 34 -71 -32 -42 -49 27 -7 47 -66 -69 41 94 -92 93 -48 80 -79 66 43 -68 61 -79 40 11 44 -18 -87 -13 94 19 -27 -90 -56 -19 88 11 71 21 -23 84 3 -44 88 -55 57 -34 10 -5 -29 -91 89 31 -10 -12 37 -20 -70 58 -70 16 -69 51 30 -71 -14 -50 76 -20 -35 52 76 -91 35 -57 7 -54 42 -3 35 46 47 89 85 -42 -76 -50 58 -23 99 32 -81 3 16 -11 -61 31 77 -96 53 56 -6 -40 65 1 29 26 99 -64 32 10 73 18 1 -37 -73 95 -9 69 -35 -41 60 4 98 94 -22 80 94 79 -17 -52 -84 68 4 33 -41 58 26 50 97 -31 8 -25 36 14 66 7 -58 26 73 56 23 -58 79 -42 69 -8 -39 64 -44 -73 -4 -59 -46 98 -63 -3 71 -28 85 62 -16 0 83 -68 -98 -97 -69 31 -77 -22 75 21 -32 -31 -38 -56 -87 24 53 96 99 23 41 82 -64 8 -88 35 -3
69 -98 24 -92 -19 96 -22 10 4 -37 -46 95 -45 -61 -80 -70 -44 56 67 -23 -36 57 71 20 24 10 45 68 -2 41 20 31 73 14 -40 72 -12 -61 -58 -38 25 -59 -7 85 65 11 27 50 96 -2 -75 -19 -51 25 24 -76 25 -38 30 21 -46 -61 51 65 -12 64 78 66 -30 69 -35 82 -6 -83 79 2 -49 -77 -29 -8 -89 29 -13 -90 -80 -83 35 50 67 -98 -70 -48 -26 -18 86 93 -49 -51 12 -3 -44 23 10 -39 -6 87 89 66 -33 14 -41 -95 -86 -47 26 -89 38 20 -20 90 -15 -39 14 52 86 -58 82 -86 -29 5 62 66 97 39 73 -84 -4 -19 1 -25 39 12 -92 -4 11 -62 80 50 -6 18 15 -91 -16 -13 -49 8 -69 25 -15 -68 -52 -59 -93 -72 3 94 -4 8 48 -85 -89 -13 -12 17 -92 50 55 10 -77 -2 50 -20 13 16 -44 -61 -17 -26 -77 85 34 -46 -49 47 -55 34 -28 3 -83 -5 18 -21 -37 -39 -16 -66 -45 38 -57 88 -23 70 -47 -32 -25 24 -83 4 -54 -76 12 66 46 -20 70 93 21 65 83 64 85 -15 23 20 97 -42 -92 -81 60 -69 -46 -11 -75 -77 -55 -76 -4 -99 31 68 -80 -86 -26 27 84 -97 -75 -77 64 -73 -15 51 67 91 78 93 18 -36 87 -66 52 -18 48 6 -13 -57 -89 -72 14 -20 65 8 -90 -19 36 68 92 -48 98 93 78 -17 67 9 35 -40 -62 37 22 78 -18 -97 -76 -77 68 -58 -63 18 -96 -76 0 34 -56 22 -98 52 -6 3 -79 61 79 -80 -94 -31 -64 -33 5 -56 50 -57 73 5 48 -90 88 -54 51 21 28 -85 -4 99 75 -44 -88 -6 -20 -2 -30 99 25 46 71 20 97 48 53 -77 33 27 -34 85 99 -67 -60 88 3 74 93 19 -50 93 -45 -3 76 -58 71 62 -49 -23 -24 36 -36 22 18 -13 88 -48 -92 -60 -64 67 -13 29 -35 -29 8 -32 -78 -9 89 14 -21 10 71 -45 -6 -54 99 -98 -56 3 3 51 -16 17 15 -46 -64 88 38 65 -3 -79 57 -84 -16 4 81 -61 28 -20 98 -29 -62 -85 62 -40 -39 -55 34 43 43 -61 38 70 -20 -97 -49 -51 4 -29 48 93 56 35 -76 -88 16 11 33 33 -51 25 4 37 40 39 -95 -65 24 -62 43 -20 -2 -37 -10 82 28 20 -38 47 27 37 -94 -83 8 -49 37 -26 1 -87 -95 26 -27 9 97 -59 -14 -7
54 -73 -72 -32 43 -35 39 -48 96 -50 -4 -21 43 93 45 42 37 -59 48 89 -30 -71 -19 98 42 14 -57 50 52 -14 -19 42 64 -27 -55 54 -53 -16 -76 3 95 39 23 25 0 73 30 65 -39 17 65 -99 -29 -8 26 -68 61 97 -86 -18 -32 -83 75 -80 86 38 16 48 -5 -73 -37 -51 97 64 -69 -81 3 70 -82 84 88 57 -28 -3 -18 -82 -48 6 4 -99 39 39 -53 -50 -39 26 27 -81 51 -95 96 -18 37 36 43 -81 75 -8 68 -3 43 99 85 54 -45 39 -73 -74 -55 53 -91 -41 -62 22 -29 94 -59 -52 -81 -6 -16 -77 34 40 -84 -18 88 27 57 -68 -22 -70 -29 -64 56 -99 47 73 -13 79 50 -88 -68 -54 -24 -31 31 4 -50 9 -42 -8 54 -43 58 71 62 19 56 -81 -53 -70 23 67 31 4 1 19 18 -29 76 -82 68 -42 59 92 -41 81 43 57 11 48 -72 -39 22 83 52 -96 79 74 -25 39 90 57 -49 4 44 -38 94 -11 75 -4 -53 -81 -22 -79 -70 -75 -77 -65 -90 11 -38 96 -93 2 44 -34 -77 36 52 -29 -32 -3 -47 -32 -44 -37 14 67 -36 56 72 -22 -52 -57 -20 -8 58 -69 59 -64 -42 -48 -50 11 -87 -98 -7 3 18 9 13 80 66 -41 24 -60 81 -35 37 20 -9 39 -20 66 72 -1 27 -28 -47 52 60 -35 -57 22 -82 -77 41 -53 91 -14 -97 -34 -32 -18 60 14 19 69 95 89 5 96 -32 38 85 20 36 -18 -97 70 47 -36 65 27 -81 2 -47 -96 -64 72 -47 7 80 12 -22 -13 83 38 -70 49 -88 -50 -38 -5 40 62 -17 46 51 90 -58 27 -90 94 -61 27 18 32 -6 55 -31 -25 19 -59 6 67 54 -20 5 -17 58 -29 37 70 59 -71 90 62 20 -10 -61 -71 -69 -38 39 21 64 -93 25 47 -22 -93 -13 -37 -28 51 -80 24 48 63 -49 -56 -62 70 -9 71 -40 -83 -54 -20 -82 33 -50 -85 -90 -35 97 68 -15 41 -82 -41 -14 32 -28 55 28 -85 -90 86 -27 -84 97 71 -12 64 94 86 18 27 -8 -18 28 -39 17 2 -16 -43 70 67 -41 95 94 45 -81 -7 42 42 -45 55 -37 7 -56 -93 -50 -88 63 20 -60 62 -80 -14 8 -32 -43 -97 -36 -93 99 -15 -42 22 20 83 -17 -13 -86 -62 59 -63 94 46 -25 -21 54 -85 -18 -45 9 -71 24 83 -66 -19 -39 -33 84 43
29 22 -71 81 -77 82 75 49 51 23 -64 53 78 73 67 50 -31 71 80 18 13 73 -73 -36 -68 39 95 -88 -60 -80 82 -37 -29 37 39 -63 -99 -60 38 34 -12 -54 -42 -58 -50 58 7 -98 -54 97 -79 57 79 -98 44 -11 74 -81 -62 -19 -37 94 80 65 93 94 -93 62 66 -62 30 -78 46 34 6 95 -53 -57 19 36 -74 32 15 61 -15 -26 -85 22 -41 -3 75 -4 26 36 -32 -91 8 44 86 70 -40 -70 82 -81 73 6 70 73 -95 -52 5 -5 28 54 -33 -30 -67 83 18 -45 -27 -77 -90 38 -70 -93 -13 64 -39 -10 78 -69 -72 43 49 7 7 -8 -64 -60 -69 87 -63 87 -21 72 76 70 -23 -46 60 2 48 12 -88 88 -66 41 -97 -16 -59 -97 -95 -38 -71 69 -37 15 67 65 -90 63 -77 76 -81 22 75 28 -88 -69 49 -61 43 71 -92 13 -57 -98 74 72 -88 77 -99 57 97 -71 -42 73 -41 -42 -99 24 36 -16 27 97 -8 42 48 75 1 87 -75 -44 46 58 43 -94 96 51 -62 -92 -80 35 -87 62 68 -89 7 11 -6 -60 1 -74 -39 -47 -69 95 57 40 -29 58 6 15 89 87 55 74 -50 -27 -69 28 -16 -50 3 21 79 -48 -32 56 -80 -13 57 -83 97 65 74 23 -61 -59 -94 39 -8 -95 40 -18 -99 -57 4 -8 -24 35 71 15 81 23 -17 -73 -28 -64 20 53 72 -8 10 24 -86 -10 -50 55 -70 -48 -91 -93 -40 -72 78 -89 65 -75 -16 -17 -33 88 -75 38 13 65 -16 -17 56 -54 -52 55 -14 -97 -70 30 -68 13 76 86 93 32 -57 65 91 -3 -36 -49 3 -6 47 -20 -76 97 50 68 66 -36 -62 88 18 -4 -83 8 -86 -93 86 19 48 71 34 -19 22 13 -56 11 32 3 72 22 32 86 88 34 21 30 -21 21 -24 -51 -8 39 70 38 42 -79 20 48 -25 96 16 -60 58 -42 -55 80 12 94 -2 -78 64 -20 67 14 -75 -64 90 -69 -77 6 -46 1 22 19 90 30 60 -55 -33 -67 43 -77 -79 -32 34 66 98 33 39 -31 -91 42 -5 24 -17 6 7 -39 -72 -73 83 84 59 4 -6 67 46 87 8 62 37 93 33 38 10 88 -71 83 10 -51 12 31 1 -2 -97 -50 -21 -94 -50 69 79 68 -55 -90 -80 -68 -90 -25 18 45 -95 -29 45 4 -17 -10 24 93 -98 -22 -4 -48 17 -31 -80 -90 -36 -52
-45 9 -42 -81 79 -99 48 -2 -24 31 -34 -78 -40 54 44 -5 -87 -88 7 97 -96 -1 42 -50 62 -35 -52 60 -2 87 -18 46 84 -52 -39 22 -76 -38 -89 -66 46 85 -26 12 -26 -69 83 -41 -76 17 -15 41 16 -93 77 49 -4 84 -21 5 -3 -58 93 -63 -71 -74 -77 -12 19 -81 19 58 25 -48 81 -27 35 -69 -77 87 44 31 -64 14 -92 -45 -30 -71 -30 68 -27 74 46 -99 77 32 58 -63 -39 -53 -24 -35 75 -37 52 -22 -31 -32 49 -68 94 -75 36 75 62 3 78 33 -35 -65 -93 33 79 -21 11 76 -3 4 40 -8 26 -36 -84 73 -78 -95 38 95 -83 -17 78 -4 74 -90 20 98 -41 -73 48 -74 48 31 11 15 89 -92 -20 81 -15 96 16 -50 96 29 -92 26 28 2 -20 -62 26 -19 -63 -5 76 45 11 -92 -89 48 24 1 -5 -75 81 -1 37 -32 -13 51 29 3 -86 75 85 61 13 30 -3 18 62 67 51 -13 -23 -57 5 -69 -69 -63 62 -18 68 34 41 6 -83 -9 78 69 -6 -59 -66 -23 9 -14 31 79 17 -70 -11 -24 -91 -90 -16 32 -5 53 -73 -84 -54 -46 0 60 4 28 69 45 99 -28 -42 12 11 46 5 -63 1 59 -81 -30 13 -64 -52 -29 -37 11 -84 -68 -72 68 -77 8 -70 15 -21 -81 -37 86 -62 24 25 27 -27 -68 -47 89 -42 90 -26 56 -91 66 20 48 -99 90 8 51 -12 -84 52 -14 44 -10 -15 -93 -71 -19 42 -18 56 -28 31 -23 -14 57 -56 37 93 35 88 22 -2 47 48 28 72 -93 78 -42 52 -7 23 4 0 -70 -64 52 -41 -79 19 9 24 67 -63 -12 26 -58 -98 79 -8 24 66 61 -39 -42 -31 29 59 -51 25 -27 -28 8 -51 77 49 90 97 -16 -56 54 -6 15 -99 -83 16 82 -9 83 -88 66 -94 -72 -57 -16 95 49 -39 -49 70 -79 -82 -95 24 -26 -52 8 -27 -79 63 -54 39 -84 28 44 -44 51 -93 12 59 -64 -93 -27 -84 -69 35 61 14 12 67 67 -61 99 -32 1 87 -12 -87 -63 15 -38 -62 5 56 -30 -4 34 8 47 -1 -30 2 73 70 -94 -87 -6 -41 -64 72 -36 -7 97 -57 -87 -45 -40 -62 -10 4 -63 -62 -19 12 29 -40 -18 -40 -32 -14 -91 46 -61 -87 52 89 74 -11 -53 38 -16 86 -98 -45 36 77 -63 -4 -11 65 7 -73 89 99 -27 85 -2 -79 23
73 60 -83 36 1 98 40 65 -15 56 90 52 -60 36 27 35 -60 -90 -22 41 -90 67 -14 74 34 83 16 11 -54 9 -82 -2 -82 -27 -94 13 31 -49 -77 94 -3 48 -32 7 -37 47 75 -14 16 71 -71 -85 -60 21 -16 -25 -10 -8 46 -69 13 82 -77 54 -53 79 46 4 -38 17 -54 -11 -74 38 -40 -58 64 -59 97 -88 -63 51 -98 49 -39 -39 -69 98 32 73 -75 74 67 78 -73 -1 23 -15 -98 39 9 8 91 94 44 -14 88 94 -6 -68 -29 15 89 -61 -75 -41 61 -24 26 -8 15 -59 44 -66 65 5 18 74 29 58 57 -68 3 -61 -34 -13 -29 50 -53 -72 -8 -51 16 -53 -97 -56 31 38 -19 -37 41 29 -79 -83 -20 49 -97 88 28 -87 -66 -74 -57 20 -30 92 -72 -35 80 -20 61 27 85 44 -47 -46 36 -70 61 91 -87 21 41 -44 -79 62 14 55 -46 -71 -4 -62 -14 91 49 88 5 87 -80 54 -62 -43 2 -40 -16 37 16 -74 -25 -39 -46 -95 20 -73 82 -1 23 98 52 85 2 -90 -47 56 15 31 88 24 -87 32 85 24 37 69 58 74 1 30 19 83 92 -92 44 -90 -16 -48 -54 40 8 -71 47 41 -99 89 -6 -73 50 21 49 -28 42 92 -12 51 47 85 54 -5 -17 7 12 -96 81 76 39 -37 41 61 -80 -73 94 81 24 -32 66 15 -55 -92 15 -8 7 -96 -44 22 -94 -94 92 23 -6 -3 24 66 8 45 1 29 -87 -37 43 -66 -44 14 81 -94 83 34 -58 95 22 93 69 76 -24 12 -70 68 -94 89 -47 -76 -68 -80 97 -85 -78 18 -59 -32 -2 82 -90 8 -24 -93 95 88 -32 49 -43 -60 -81 27 -70 -87 -53 -20 -71 8 77 -56 88 -7 28 -82 77 64 18 -38 -74 -88 -66 -98 -90 -90 22 -60 -86 77 -3 94 5 83 -88 59 -37 -61 -40 -10 6 5 10 35 5 80 6 -97 -91 43 -42 -50 28 35 -18 10 -94 46 -32 -96 11 89 84 57 -27 -78 51 40 -58 -12 -3 -17 -30 -69 2 21 -28 -70 37 -3 -13 12 -17 4 58 35 8 -7 -12 49 -29 3 -79 -42 9 39 -59 -48 -81 -80 -79 5 -62 -37 -12 -93 28 -6 59 3 -30 37 48 56 -53 -51 20 4 60 31 -21 -35 -4 18 17 -88 80 -97 -22 19 -79 69 -20 -44 -68 9 21 70 94 77 0 -78 -54 -24 -52 -96 -83 20 1 18 38 -10
7 -16 -82 -83 51 67 -17 46 -3 -81 20 -66 -68 58 23 42 -42 48 -80 -39 -56 87 -91 -90 -55 -65 57 -91 0 51 20 29 21 0 26 -9 -38 -76 0 -87 -18 -19 -93 -96 -25 -50 -36 36 6 12 -82 71 -12 84 73 -7 -41 -99 18 53 -64 -20 26 -8 -28 -99 40 -43 40 -74 -77 95 53 -9 93 71 -6 -31 37 -30 -78 -26 -35 -63 -96 -3 85 -65 79 21 -90 -59 53 -84 89 6 -43 -90 99 -13 92 14 -77 -82 -65 63 -96 -1 79 63 7 -22 -64 33 48 -47 -26 13 49 -88 88 -93 1 -37 -40 49 97 -47 -91 72 -63 -98 1 30 78 -45 -16 -7 0 46 -66 -76 61 -97 78 98 54 19 50 -64 6 17 -83 -77 -53 -84 -86 34 98 -3 -6 -79 -59 45 -6 -51 -44 52 7 -35 -11 43 -5 -50 23 -69 95 83 -84 -13 23 36 -65 13 92 9 -62 22 53 11 -92 21 -20 -49 83 40 -33 17 45 -87 0 28 63 -97 -43 -79 -87 -99 -35 43 -19 -30 84 -81 -30 4 -51 22 -67 89 15 7 50 -94 91 -16 -37 -86 26 95 77 80 26 -40 -47 -64 60 -58 -77 -7 -2 84 -73 -4 -11 76 18 63 -74 -83 -16 70 -60 -58 64 -94 -33 87 37 -1 -51 -56 42 54 -53 15 -37 -25 25 -77 2 -15 -47 -2 40 -52 -54 -52 -6 -85 -47 -51 -85 43 -6 -76 -51 -36 51 44 -10 -4 -39 -29 64 48 -32 -34 -92 -14 27 -67 -86 -94 -57 80 19 -90 49 -30 52 -76 67 27 89 -36 -15 34 7 -33 79 0 7 -96 -64 30 -58 -1 6 -42 52 65 18 97 -78 -43 11 31 -84 -25 98 42 67 -61 -65 82 -7 37 -9 -70 -4 -3 96 -30 -66 90 -93 -42 -19 67 -75 -77 -39 85 92 89 43 -48 59 90 38 98 -74 -71 7 -69 -60 -12 10 84 18 -66 98 -3 56 38 64 42 -91 68 75 -48 -47 62 68 -44 83 99 11 3 20 61 26 -8 73 62 27 -91 -53 86 -77 83 78 66 -43 -58 -44 23 -47 96 -11 -89 59 -98 21 -50 21 -38 -72 -80 5 2 -10 -77 3 27 16 -2 -16 87 82 62 -93 -30 -16 -72 -14 59 36 92 -88 81 21 68 62 22 -11 68 92 75 55 77 -3 49 7 79 60 -37 -27 -32 -91 -52 -32 51 70 -69 -57 26 0 -43 -83 -73 -96 -62 -85 32 27 66 10 -7 52 84 -47 71 16 99 6 96 46 41
-47 -22 66 36 50 33 17 86 3 1 91 -59 -88 5 56 -66 90 -90 -23 -45 46 90 32 11 72 -89 -70 0 -34 30 -87 42 -59 -18 -50 -90 -9 90 -96 80 -89 -30 17 68 -19 1 -40 45 79 -81 -25 -48 88 92 -47 91 -54 31 -99 73 -91 -83 87 -54 -60 -95 -14 31 6 -25 8 -97 -62 -77 6 -40 -86 -80 -52 -1 45 29 78 -33 20 -97 -53 76 91 -51 -98 73 17 -9 -37 -1 2 -18 23 78 -21 -76 -21 -98 76 9 36 79 32 -77 -32 -29 17 77 -17 96 -61 -7 -47 59 71 95 -91 27 -76 4 -55 41 85 -46 67 -46 81 -64 -53 -82 72 -96 77 -58 27 46 -46 85 -73 92 69 16 63 -48 33 -70 41 36 44 -37 82 -57 10 -39 20 -14 52 86 59 -90 21 -19 83 -21 -9 58 86 -34 60 56 -11 -17 -89 31 -76 98 53 8 86 34 31 0 -78 65 40 -70 -32 34 -17 -89 45 69 66 -51 22 24 4 18 24 41 78 -68 42 -61 -39 43 4 -62 -33 -6 22 -55 3 -59 -32 -94 -64 99 -15 27 11 10 6 78 -60 -51 -24 75 -18 -66 -44 38 -81 88 -37 -35 93 -27 66 -16 18 89 12 -10 -55 -4 -73 37 -73 18 31 47 86 -85 -70 56 24 44 68 81 73 23 22 -92 -26 -22 -93 40 61 -41 -90 40 12 49 -5 -75 96 -24 -69 44 44 94 46 12 37 -45 -17 19 52 28 -51 49 -2 5 -38 21 17 -82 -51 16 -41 46 92 -3 55 52 -9 47 -74 -60 -94 -57 80 87 -96 80 41 -87 60 69 -74 75 -21 -77 -28 -57 -32 -56 89 31 42 -13 12 -37 -71 -96 -82 62 -62 30 -18 62 -69 -17 68 -15 -34 -92 39 11 -10 85 -71 -41 -41 29 79 26 -77 -48 62 -96 -35 0 -67 79 3 60 -1 -60 -21 -79 -22 -18 -7 -82 6 -94 -73 80 45 -41 72 -29 85 8 -84 -85 -29 -22 3 38 86 88 79 56 4 -43 -60 10 -73 97 -52 40 46 -13 -22 59 76 90 52 -28 -1 36 78 93 -42 47 71 41 16 -21 20 66 53 64 -24 79 -76 90 -44 11 -91 67 -81 -79 57 79 -57 82 30 -43 -98 -27 86 46 97 -59 -52 70 83 5 77 95 18 58 80 -76 -9 -51 -5 80 -58 52 -5 96 12 23 -2 64 68 -25 -23 85 8 -32 69 -90 66 64 18 83 -53 79 -7 -77 -50 -10 15 -87 2 -48 82 69
8 6 -93 -7 70 39 93 -97 -71 50 -39 77 54 20 -8 25 -68 -6 64 -73 -73 96 -13 -26 -46 -77 10 -19 80 79 39 8 1 -66 72 -41 -22 -84 -73 -63 -8 -82 -15 -36 -82 -27 -57 44 55 -93 24 63 92 -94 -47 -69 54 29 33 91 -65 70 -37 -18 85 99 -30 -54 63 16 -57 15 -75 20 -2 90 95 21 82 27 -12 96 -65 -38 -82 77 -97 -90 23 36 -8 -27 -71 26 22 60 73 -88 74 16 -49 71 -92 -16 87 33 55 2 -38 -66 41 48 -47 67 -26 21 -19 33 -6 -20 55 -64 -48 -80 -38 -13 -50 -31 52 -6 -91 -94 -18 56 95 -59 -83 95 -36 -29 60 -70 84 -32 62 -25 56 34 28 -78 36 21 86 2 46 -3 82 -13 -82 74 29 -46 36 -10 3 46 92 -11 87 53 44 60 97 -28 -81 -38 4 13 -63 95 39 22 32 33 82 -62 0 36 46 21 98 69 -97 -2 -51 90 -53 -2 84 -34 29 -65 -69 47 -86 -60 61 25 15 -98 -17 67 -59 -66 -35 99 61 2 57 -60 -64 -18 -55 63 -59 -8 -92 -70 42 -41 42 19 -34 17 -27 69 -67 -1 -73 38 -4 63 96 6 -97 85 84 96 65 67 -70 6 9 18 -29 73 -15 -47 68 -49 -68 -17 -61 99 96 74 7 65 -64 60 47 -18 -24 28 -70 51 31 22 -27 -84 -19 -13 -7 94 -46 -7 86 -18 12 47 96 -27 -35 -41 -78 37 -34 6 56 -4 65 -7 -41 -64 -51 -66 -35 17 -49 -89 81 -71 -12 -50 -6 60 77 8 -31 7 92 -83 -48 55 -31 28 -49 64 -63 -52 87 78 -40 -19 -96 -85 31 20 83 -35 -22 -66 -68 -96 -15 89 98 99 -18 -11 68 52 74 -95 27 75 25 8 -85 -35 -63 -70 -81 62 -60 43 -63 -8 33 -30 -96 81 69 64 87 72 -96 -57 -17 -5 8 -4 27 -46 1 71 58 -81 20 7 -86 17 41 75 87 -86 -98 -23 -19 43 -75 51 5 -91 -88 -86 -41 -61 63 -51 -14 70 3 54 77 -87 69 -4 -43 -42 68 27 -61 94 25 84 -43 -96 -95 -44 -67 77 64 36 93 -24 16 -14 -15 54 -2 86 70 49 -73 27 -97 -17 57 19 -32 41 12 -95 -83 -12 93 96 -54 -78 98 98 89 -29 -59 56 -32 48 75 -14 -50 -7 32 61 -62 15 32 23 -17 64 -64 43 -10 -56 62 19 -64 -80 67 28 35 38 -92 6 -84 -87 78 61 90 36
44 83 -89 -87 12 38 3 -41 -58 34 -67 51 96 88 46 -34 52 66 85 -81 -79 95 -96 19 -36 -75 45 -61 -57 -58 62 64 -28 -99 67 -23 -67 -93 -25 52 -38 -44 17 69 -61 -65 -17 24 10 -59 -35 -87 -52 -99 39 -44 -57 67 -7 42 69 67 10 24 -15 -35 26 -94 67 -36 -62 -42 94 -12 -15 -17 -56 -25 -31 98 -61 -26 -5 21 88 90 -66 79 -93 -21 -47 26 50 -26 26 -4 63 -83 8 -35 -65 56 72 -84 -62 45 -33 75 -14 63 -97 68 81 59 -21 -53 79 -71 -52 -53 61 -53 -12 7 52 -90 25 31 99 -71 -23 -49 -21 79 5 9 51 -87 94 31 17 -60 8 8 22 50 -63 -62 -59 30 -56 -68 47 70 -42 -84 -18 30 -8 14 -83 26 84 90 86 -16 12 65 5 61 88 39 98 -31 11 69 9 43 -65 40 -35 -1 -60 74 99 -21 -7 57 80 81 35 59 85 -21 -94 -28 -36 -53 95 -41 -78 51 -97 -91 -94 23 92 -94 28 82 38 -55 84 7 -6 63 82 -6 -26 91 22 27 78 -52 73 -59 67 66 4 85 64 50 46 79 -21 -74 -90 39 64 -50 26 21 -36 -79 -96 -27 85 -41 -82 18 -80 63 6 -24 -54 -14 52 -13 -6 90 49 -72 -13 76 -59 -92 -53 45 71 -74 84 98 -94 12 -43 -28 -68 -41 92 5 51 -72 -49 17 43 89 30 64 72 -26 -44 -44 -80 70 -86 -27 41 0 0 -5 -97 89 -95 28 -86 -74 26 -40 -64 3 40 -88 -94 -87 68 56 44 -73 19 -45 32 -34 -31 -44 46 -75 64 64 62 -90 51 -24 13 21 70 -72 -79 42 -76 23 64 60 -3 8 -7 -15 -22 -48 18 -23 -19 -69 46 74 69 75 60 -20 87 -45 27 -79 55 -83 29 -74 27 94 81 84 -99 -93 -1 -89 -84 -20 31 -13 4 -54 -97 19 23 -59 46 62 -61 66 71 -7 -47 -6 -87 -93 16 93 -53 69 69 -73 24 -15 -38 -80 -61 77 30 -72 46 -18 -64 -43 11 5 -57 -84 3 21 -61 64 -11 -8 -16 66 16 -31 13 -55 44 76 -41 59 56 -10 -5 30 -4 -61 93 67 29 -26 -43 94 -81 57 55 77 97 -33 68 12 51 35 74 97 -14 27 57 -49 -26 18 90 43 -36 -14 -61 -9 91 -87 84 54 73 -58 33 6 57 -26 69 15 -78 -61 -29 -99 72 -41 -83 -77 56 -12 -2 81 67 75 -8 39 74 72 34 13
30 -33 -99 -22 -47 7 90 78 -1 96 -62 97 -88 -31 10 2 45 94 25 50 17 -83 87 -26 5 44 61 44 -50 -43 43 -22 -55 -78 73 14 -69 19 -63 18 97 -39 -62 40 -42 83 62 -16 73 -95 -51 70 90 -22 11 -70 -77 58 -85 -10 96 37 -10 80 22 40 86 39 -10 -13 -66 -3 22 -12 7 84 -48 70 -56 -97 -49 28 71 51 -88 22 -36 40 -50 34 -53 30 59 33 26 -36 -15 -80 -12 -11 25 -44 -15 -31 -79 -98 49 -85 44 59 -39 -52 -7 78 -78 69 -18 92 1 -87 -54 65 97 -98 34 -49 -6 81 10 -49 53 -71 58 -50 -45 -1 93 -70 81 21 -52 91 19 60 28 -49 -24 53 63 85 43 -53 93 85 18 34 8 55 -8 -84 -54 -18 49 -65 -40 -5 -50 -83 -9 89 22 -91 4 -54 28 -35 -29 17 -98 -85 -16 -33 -73 58 -61 92 -80 50 4 42 -41 92 -99 89 -82 -6 6 88 35 -59 76 32 21 65 -7 92 23 -71 57 52 -73 -74 -23 49 83 -42 -78 15 2 48 3 -36 35 63 44 -1 -69 33 72 7 71 -30 63 86 13 -37 -99 -98 -63 -9 -3 -83 -19 16 -83 -1 -97 -44 63 -82 55 -39 79 78 85 59 -20 73 -38 -37 11 -90 -5 42 6 -76 -58 -76 -24 54 98 93 59 40 18 -23 -24 60 -79 71 -90 -99 -10 71 -63 -18 -55 -69 98 -39 -3 3 -38 22 -59 -10 15 56 45 -57 -40 -73 89 -48 -16 -70 14 34 -9 -94 17 62 -94 -47 74 91 -88 -6 13 80 -97 -24 83 -50 -93 -30 22 83 -40 -3 95 81 -75 -90 50 80 -4 -51 -26 44 81 -88 -67 33 -19 35 43 -87 -37 -46 -64 -72 -35 -2 7 30 19 79 -92 77 85 -24 10 73 6 -49 29 -55 81 8 68 -9 22 68 -54 -89 61 -89 5 93 67 -25 84 4 23 69 -37 65 13 22 1 14 70 -10 24 68 -86 12 57 38 -6 84 75 -22 -34 -61 -29 -46 -18 17 -62 -78 77 -63 -8 27 -6 -11 -11 93 -98 -50 -11 -41 -28 16 -94 93 73 80 66 -67 64 16 -64 69 23 -24 -67 47 -61 37 -16 -77 34 87 -62 8 51 -93 -30 11 -96 -65 -47 65 44 6 -11 -51 -90 56 83 13 14 -45 -26 73 -24 -93 -30 65 -1 -22 -96 45 30 -97 -47 93 84 -31 -26 -35 26 -45 -90 -72 -50 -57 16 34 91 79 3 -40 -51 -56 35 -64
54 49 53 5 52 -59 69 18 33 -16 69 -65 93 -97 65 7 46 71 -44 -58 89 13 28 -14 26 -13 -52 -91 20 -20 28 -48 81 -20 63 31 46 23 42 22 13 49 63 9 -95 3 60 25 39 -81 -23 53 8 -72 -7 55 49 30 82 -75 -13 48 -68 -59 99 93 35 -10 -91 98 -47 95 40 49 32 -61 -77 17 -31 83 -8 5 -21 -34 -76 92 74 -91 34 69 -40 -98 -24 -2 -36 -34 51 -13 -66 -19 27 5 -73 47 -67 79 13 -99 17 -76 -94 -51 96 39 9 -94 37 -26 -53 70 63 -75 5 53 -65 -8 -21 6 -77 25 -4 -6 -12 63 -18 -37 11 98 -77 -82 -3 55 36 67 77 57 54 82 22 23 85 4 83 -92 37 99 78 -73 -86 -6 32 -94 86 32 -31 -99 -72 96 -53 30 -79 -53 -1 79 2 -88 -10 12 -56 9 -37 39 -27 -79 -28 10 -57 51 -10 -57 92 -58 -99 -1 10 54 -58 -89 11 49 12 -22 -91 -32 -59 87 -29 -98 93 -16 84 -97 -18 60 17 89 -10 81 64 -81 -65 -56 42 54 68 -54 95 -68 87 -63 -68 -17 21 19 -9 -87 17 70 26 -13 45 -78 -25 -9 -71 59 -18 -82 66 70 93 -38 -52 -85 -36 -30 2 -5 45 66 21 -71 -43 31 -49 36 9 53 22 -92 -96 -58 19 5 -6 -51 2 70 -46 -82 -33 41 -59 -80 -20 31 69 85 30 -59 -81 -86 57 -35 31 61 -71 -40 -16 16 -86 -71 -81 18 -9 -93 -34 -82 27 -57 81 38 -82 -22 2 94 -14 24 53 32 -10 -4 -17 -93 59 -26 34 37 39 19 -2 -16 8 -70 -60 29 -11 37 -46 76 -51 37 -72 72 -18 -28 64 -70 -82 88 93 28 20 55 91 16 52 69 5 -36 -45 -96 -21 -53 -96 22 -66 -31 -16 -44 76 20 49 17 -71 63 -35 -29 -74 85 -52 -82 68 -39 -79 -34 -15 -89 21 54 -4 -33 71 40 -99 -32 99 56 25 -63 -15 -29 18 27 72 -60 -4 -67 6 49 54 0 29 25 31 86 -74 -44 77 61 -29 -28 -33 57 11 78 -56 -1 63 28 17 -14 95 -61 -26 -99 -20 71 8 83 96 39 45 6 -82 23 38 33 94 93 -84 -36 -99 -3 30 0 13 -78 -55 -55 -16 14 14 30 64 95 13 -81 67 53 51 84 -2 -33 23 -87 -32 78 82 54 25 -62 -97 76 -14 -21 32 76 -72 32 22 25 -14 -14 89 77 -34 30 7 -86
-84 9 14 72 -93 28 23 -98 -69 77 -60 -57 -80 37 20 -59 -47 -50 -48 39 85 -77 -25 95 -92 -42 -64 29 -54 -64 1 99 61 -41 -74 65 14 -27 73 -48 5 -77 -86 -4 18 -8 -21 36 -2 -28 -49 11 2 28 -16 98 85 -99 -26 -49 22 60 94 -74 64 37 -66 25 -18 -8 -31 66 -47 58 -70 44 -96 16 60 7 -86 -51 52 38 -8 67 -88 -10 -99 -67 -77 -10 10 52 -32 90 33 -87 54 22 -7 -58 74 -94 -82 -74 -98 -92 4 -44 -80 83 19 -44 11 -3 -12 14 -12 97 54 33 -5 -10 -1 -63 14 77 -49 -2 -71 -50 -79 -80 -79 -48 -84 -30 -49 60 58 2 -62 -98 -56 -40 5 95 92 98 31 17 43 3 50 -12 -55 -10 -42 -15 -83 94 69 73 -48 -64 13 75 -64 -35 30 -94 24 -38 20 48 -87 45 -11 -40 -27 86 -92 18 14 -2 -56 -48 -47 -95 -55 -70 97 70 -74 42 -21 27 7 47 13 -50 83 34 24 -89 8 -26 -23 -70 -87 53 -27 -95 -94 76 79 16 -77 23 3 -43 -79 -34 -42 23 -44 98 -84 19 37 85 32 -5 -13 -94 -3 -57 78 -90 -92 13 -46 48 -21 -64 44 -94 24 -31 96 -87 -25 -23 11 -93 -13 55 -54 10 -16 1 7 87 -56 -48 54 71 2 13 86 -58 47 88 11 -10 -36 -63 -29 33 -50 66 57 29 -91 -46 34 28 16 -79 41 -39 -90 5 63 -43 3 12 45 22 93 -71 37 -89 87 -84 -39 5 9 -42 -27 13 77 -65 -79 -32 4 82 -71 97 75 -59 6 25 39 38 14 -15 -26 23 91 53 -70 19 60 48 6 76 50 35 -48 2 -21 -76 -23 -68 51 27 -88 5 -86 -98 52 -16 50 -12 -30 -43 54 -9 50 74 -30 91 9 -30 -19 -29 9 -97 91 -31 99 67 -64 -59 -20 22 85 27 -89 39 28 -64 26 -84 83 29 -65 -32 -82 14 -34 12 -3 -6 -58 35 54 -91 -80 -27 -10 80 -21 -96 -74 -74 -51 86 -10 -88 59 47 -20 -81 81 70 5 -67 79 47 -74 27 83 41 93 -33 -41 17 63 -84 98 -54 17 26 -74 42 -85 -31 -66 52 51 -48 -77 3 -66 68 -35 -28 -49 -50 28 72 39 54 -45 2 40 74 -49 -25 51 39 -44 2 60 -77 70 25 -90 -86 55 -39 -79 -68 -25 -48 -39 96 74 85 -95 -83 34 71 23 65 61 -79 -59 44 -2 53 -35 -75 49 47 -2 -75
-69 1 2 -18 53 52 14 81 89 61 9 18 -19 95 -16 -83 67 -48 -84 25 -67 97 -15 26 4 -15 -96 -20 -74 -79 42 -97 56 53 62 90 1 -48 6 44 -87 95 37 97 -85 59 -85 -92 -12 -27 -33 95 -54 -30 -61 -91 74 -69 56 74 29 -7 -86 -74 -56 46 -22 -70 99 -57 -1 73 -30 -27 -91 -62 -95 -43 -45 80 72 -27 84 31 3 22 81 -92 90 -34 -20 -83 63 -83 -39 45 66 -4 19 -84 98 -39 -5 -37 -32 96 98 -37 6 -67 44 48 87 -67 -45 -9 -16 36 64 -50 -78 -57 95 43 15 -70 48 60 -65 88 31 41 17 26 -31 -37 -66 84 72 -93 9 -23 -87 -53 16 57 -70 -44 9 45 -41 25 -13 -97 -19 28 52 69 -94 -24 50 -59 -76 4 -55 12 40 24 28 -49 32 -33 -58 -58 44 -51 13 34 -9 16 62 54 -36 -56 36 47 -54 72 -42 -17 -88 59 2 -84 -34 97 15 -36 5 95 -66 -79 53 28 92 67 -5 82 -5 4 -58 -42 -70 32 -94 85 -12 1 -86 -53 19 19 99 -41 12 24 -8 52 -91 -64 63 4 28 -85 -40 90 47 -27 -46 -43 -35 60 -66 87 -59 59 95 -44 28 -88 82 -85 -92 57 -66 10 38 -23 94 -2 -34 -47 -53 -44 -56 9 -48 -21 84 -56 -4 89 -39 29 46 -12 7 34 -70 50 -96 32 -98 62 72 84 -60 -26 -66 24 -85 37 75 87 -32 74 -77 50 -95 38 9 62 -52 28 17 -66 99 -62 -79 -20 -51 -80 30 43 64 -4 24 -88 26 92 -78 -25 -99 -13 -89 -20 19 4 53 -51 98 61 -8 4 -9 -79 14 -23 -13 3 -10 -87 -5 -5 94 44 2 82 -50 -41 -89 -9 -76 -70 -55 -21 37 68 88 -39 -38 -69 53 83 24 36 70 83 52 86 94 -2 13 93 1 -96 -79 -43 -36 25 20 55 88 -83 44 -2 -4 -48 25 61 20 -20 52 -24 -39 -83 -70 88 -78 2 -7 33 -74 16 9 86 56 94 9 38 -40 -91 92 -48 -98 96 -23 91 -70 94 83 15 40 53 -19 -31 -13 -75 -42 6 54 87 -60 9 88 -78 7 51 -39 12 -46 -38 55 32 -6 45 12 -83 68 -77 -50 62 -75 67 99 16 90 65 -84 21 -27 -56 93 40 27 -69 -91 19 -88 63 30 84 -48 -55 26 0 -40 28 -28 -19 1 29 31 60 60 -47 68 9 6 -60 17 4 75 44 -24 38 -92 -37 -5 48
-56 -24 45 -79 -30 -24 68 -49 -12 16 -12 -68 -16 -84 76 -59 13 11 90 -12 -48 40 -61 0 46 18 -75 15 -28 -82 33 -43 -37 13 13 85 53 -80 -78 -48 90 67 71 -80 78 -60 41 -7 -75 77 76 65 -58 26 -38 -4 -65 -1 71 91 -96 -46 -74 -97 44 -59 30 -42 38 -6 8 -51 99 -38 6 -92 95 20 18 -20 40 -75 26 28 -68 -32 -50 64 -36 84 -71 18 -24 27 39 -42 86 -18 23 11 -33 -23 -36 -22 46 0 -2 -92 5 -80 8 -75 78 -65 70 41 -62 60 -17 37 -56 -26 -39 54 92 97 83 -37 76 -35 13 1 10 38 1 33 13 -62 99 68 -93 7 1 64 2 13 68 -43 58 -72 38 51 -57 -32 12 -32 30 -13 -28 -25 13 8 -23 -34 -74 30 81 39 53 34 -16 -71 -62 -23 99 -75 -61 23 -58 37 59 -51 -64 77 -45 -19 1 2 -90 -22 -28 -48 -21 -67 69 -12 -99 -72 62 -65 18 -72 -95 61 66 15 47 -15 -24 -73 19 63 -7 80 -66 79 77 -39 -73 67 -90 10 69 98 -32 -3 -29 74 97 -77 31 -13 -53 27 -58 -39 -34 -87 -13 47 -88 -12 -6 22 94 89 50 -77 52 -55 81 -46 57 -69 -75 85 59 -66 70 60 -15 -77 -77 -89 37 92 54 96 40 -12 86 97 -58 -21 -4 38 -23 27 -42 51 -40 -35 7 -76 -65 -14 27 82 -19 34 -48 -3 2 50 85 -46 52 82 18 48 -97 -7 -93 -50 71 -27 65 -96 -89 89 9 32 65 -25 0 69 -73 -1 -78 64 31 57 -96 -81 90 63 -97 86 78 -46 6 -91 -63 88 -58 -56 -12 -11 -7 26 -16 95 76 80 -96 91 72 31 -84 25 -9 17 -3 -93 12 69 -51 88 -1 -49 -58 -7 -45 -74 86 -51 10 31 57 86 -65 -40 -45 0 77 -85 -44 -4 3 -88 -19 -60 13 95 90 98 -76 -91 40 -51 -37 -68 -79 84 39 10 31 -27 -83 74 72 19 -66 57 -5 -14 -56 60 31 -37 3 -14 -3 -22 1 -69 -27 60 89 -32 -86 -46 -81 81 -20 42 6 -41 84 34 -70 77 -41 69 -22 16 -82 -90 -44 88 -57 8 -49 -75 14 26 24 -69 -36 19 88 52 -6 85 43 21 -70 61 55 -71 99 15 26 -62 -34 17 -90 30 25 -18 -88 45 38 72 -22 -29 0 -68 -15 13 -27 27 -24 91 -20 7 -97 -14 58 58 -53 63 -5 -28 -83 18 -19 -48 -73 -47
-25 0 69 -69 -27 28 -49 -66 -98 82 -28 -66 79 -3 -49 -11 -2 -82 71 83 56 37 55 89 97 -50 -71 86 -73 -78 -30 51 62 -1 77 69 -3 -34 51 96 -39 20 65 -35 12 -1 32 27 -25 -88 86 31 -52 63 -83 66 -57 58 63 1 -53 -90 -55 -53 5 -22 -95 -12 3 94 16 -86 1 -9 -20 78 -77 -98 -89 98 70 -40 -88 -49 90 -56 -11 25 -78 94 -60 51 68 -47 64 8 0 -16 47 40 -92 28 -65 86 -33 72 -9 -39 11 -13 59 -5 99 -20 -92 -70 17 -92 -47 -44 56 65 1 87 70 -77 -14 61 -78 61 11 40 5 61 38 -24 -43 97 67 97 -66 7 3 -16 -51 -69 -15 65 8 -89 6 56 93 44 44 -97 -22 54 -65 -24 59 -9 -40 -84 -24 32 78 22 -79 8 3 -24 60 11 77 -85 -77 52 81 51 54 -35 -74 -46 56 -69 27 13 98 -40 85 25 -1 -34 82 -5 65 -70 -8 15 -10 -71 -64 -24 -27 -9 -89 -26 61 -97 -87 -89 74 66 4 -22 -67 95 94 48 56 97 26 11 75 -29 -85 -23 53 -94 -61 60 39 88 35 62 78 -65 1 39 73 31 -29 -50 22 -78 5 -65 -5 11 -96 -27 -96 16 17 -52 39 62 -17 38 20 -47 43 -57 16 55 59 -58 -96 8 -11 -37 -30 -58 66 2 16 -20 26 79 -51 83 -89 80 92 73 96 13 -87 26 -48 -9 53 -65 -55 -77 -3 -71 32 -70 72 32 72 -15 -47 18 52 29 69 -10 90 -89 91 -16 -93 91 32 22 16 74 2 84 12 -30 23 93 84 -47 -86 96 34 -19 -89 47 62 38 -41 -42 -26 -94 -31 -5 -37 60 72 -41 -97 58 77 7 53 41 32 -22 -57 -9 -70 91 -67 64 62 18 -65 70 59 4 -57 19 2 -9 77 -88 62 33 -94 -8 -50 71 5 58 -50 -62 -53 -51 48 92 -9 3 69 57 -92 -10 -69 -78 55 62 -81 -42 7 37 -76 -86 67 -4 14 72 99 47 -83 -28 -28 -18 86 -2 -64 34 -73 16 -55 19 -90 88 -33 79 60 57 -65 72 -17 20 -71 -65 14 -33 58 -74 -84 -3 -33 94 68 24 55 96 -97 -26 12 72 -90 60 30 40 -81 10 25 51 21 -54 -54 -60 14 76 -28 -58 81 29 71 52 44 90 13 62 76 -73 -41 73 -61 15 -1 46 78 46 25 -20 43 66 -79 79 31 -24 46 84 58 1 -59 -76 75 38 -58 97
21 67 14 12 41 49 -40 94 -14 -66 -29 -5 97 16 -73 -76 -48 -20 -92 10 -10 91 -2 -8 38 8 -57 -33 -14 66 80 37 -84 86 -58 -32 49 -59 64 -16 55 84 -61 -62 57 -29 -62 11 -87 19 20 -9 -22 41 -33 -62 78 89 -31 -10 -68 -73 36 -57 -8 4 80 -58 -23 16 2 50 32 -45 -54 36 -70 -21 -94 16 8 -60 -62 -76 7 -99 -95 79 -67 -88 -84 36 32 77 -69 58 -80 -9 73 -68 -80 39 78 74 34 -61 -98 51 74 64 55 -12 74 36 -30 -66 43 75 31 91 -16 6 -52 36 -42 64 0 -55 -31 -56 92 -10 35 68 -33 -47 99 -20 27 -91 -11 67 -4 8 7 -91 -82 15 19 59 -13 71 -86 27 48 -74 31 -53 -68 82 39 -78 63 17 -58 50 36 -35 -90 -31 -39 -62 -64 71 -11 -69 -34 59 -82 65 -13 4 -16 -7 -43 14 -1 74 55 73 -29 -29 10 89 99 -80 -82 88 28 -96 -6 -21 -6 31 92 -21 5 61 66 -85 -47 7 31 -80 -34 -16 -36 -67 -92 -53 -71 -58 27 21 3 -96 20 25 63 -83 9 50 2 67 -49 58 51 97 30 -85 69 -64 -50 23 -17 -19 -93 17 71 -3 -46 75 55 -48 -95 -70 95 63 2 56 -87 62 87 -76 -60 -56 -72 -77 7 53 71 -60 -35 -87 58 -31 -9 -43 57 63 37 -24 60 -65 -7 24 35 41 98 -53 -12 -29 -83 -47 -97 87 11 83 -57 -15 44 -74 99 39 38 23 79 -65 72 -2 -69 48 70 -66 6 26 -16 -32 6 18 87 27 69 -8 -94 -64 -57 72 -17 95 60 -86 35 72 -46 -64 89 -70 -63 -96 -73 30 -84 -95 -36 -32 -55 1 96 56 66 -59 2 -82 14 16 -39 -31 71 65 -89 43 -15 -97 -29 -85 18 33 1 -48 37 83 -33 48 -78 6 19 14 82 -8 -67 41 87 -46 -36 -18 40 -30 49 62 43 -67 -48 -78 -48 -51 -9 17 -18 -38 6 80 -35 -90 66 -69 -37 -35 -72 88 11 -97 -82 -10 -3 -72 71 29 -38 -25 11 52 59 86 -62 -38 72 89 30 28 16 97 18 -92 44 -86 83 -75 20 -8 66 68 -32 46 59 17 -92 -88 -95 -81 -47 69 -50 -76 -24 -2 -70 -22 -79 62 15 21 -51 34 18 -89 -6 9 35 16 70 -65 74 98 -1 -19 -12 65 29 4 68 30 59 54 -36 13 -50 -8 -83 43 -38 -41 81 -44 -46 2 -47 60 42 -33
-66 -59 -21 79 31 -98 -93 -63 98 8 68 64 -85 85 37 45 -81 66 52 38 -45 91 -88 -74 -62 -27 12 -85 -95 -90 35 -24 29 -13 46 -63 71 1 60 -40 94 -29 -69 -33 53 -36 -16 -71 -62 47 66 -97 92 -34 -4 6 10 69 -31 32 61 -28 49 91 -1 -90 88 81 9 16 -51 91 -24 13 -72 65 -8 26 32 71 37 -81 11 82 48 -32 -22 84 -43 -94 -26 30 93 -17 29 26 -26 14 28 -12 39 61 -47 -90 -18 -19 -43 -39 -48 55 -26 -65 51 77 -76 74 -89 -45 -42 40 -83 66 -98 -97 -97 -12 98 -78 -17 54 33 77 18 23 97 77 33 -54 -47 16 6 91 73 97 7 41 39 33 -23 68 80 74 20 16 -94 -71 -96 69 58 -24 68 -5 -17 -89 -41 -91 -84 38 -82 59 -90 -18 32 -56 35 -22 -82 -25 28 1 37 16 -7 28 -4 18 80 -12 32 -7 -26 -74 69 59 65 16 -8 -12 -59 74 -20 11 68 25 84 -72 86 -21 -37 -47 42 69 -57 76 21 78 -42 61 94 29 -42 34 45 -61 32 -39 89 15 12 -5 25 42 -45 37 -51 -88 -79 70 79 68 -21 37 13 28 43 -35 -43 65 -46 -60 -97 -74 6 -46 35 -59 23 -96 34 70 69 35 -57 -80 67 -53 31 -80 83 21 -24 -63 73 -52 19 -81 27 1 -82 -99 71 40 -69 -88 90 1 -43 -61 -17 66 -96 49 -97 36 16 83 -62 -22 64 -51 -29 -80 -38 76 -87 85 -75 12 -7 75 29 62 13 23 -35 11 96 -32 -73 -89 -70 -86 -50 -93 46 12 -89 85 -70 -87 64 41 0 -58 86 -21 -27 29 5 26 60 -98 47 47 -19 -96 -97 98 -31 17 -2 4 -26 26 42 52 39 -31 9 -15 53 -68 -39 -5 -2 -20 17 13 50 1 -57 -23 78 60 -63 62 3 84 9 -75 2 -81 -36 74 -31 -30 -82 70 -77 37 25 44 78 -14 58 33 -19 -93 -58 31 -49 -95 1 50 41 58 -9 5 -57 -85 39 99 67 -92 66 50 40 26 43 -15 92 -45 39 -40 -60 -89 9 -54 -86 2 81 77 -39 -92 2 -62 78 89 -7 -95 -59 -72 -18 0 -99 -27 -77 39 31 -46 53 -54 52 89 40 -30 -30 -4 -13 -8 58 50 7 6 92 55 53 46 87 -4 70 -64 -31 38 1 -82 83 -51 24 83 66 53 72 59 20 86 55 -13 -29 -37 -41 -1 91 -6 28 27 -68 9 90 10
41 -65 -56 17 8 45 60 93 -16 -36 -17 -37 85 -27 -32 -34 -83 -10 69 -82 33 -62 -80 -45 68 33 68 -92 -84 92 -92 -25 7 16 33 -51 15 -14 56 -70 96 52 -76 87 -62 -57 99 -70 94 -71 -61 -96 -29 37 81 -44 63 -65 84 5 7 -62 -4 43 -50 -5 -71 81 -87 64 -28 -63 -17 83 16 -34 -53 -40 84 28 81 -66 19 -5 -16 66 -6 78 9 -75 57 11 35 -25 -65 -31 -6 -6 -51 73 76 39 -68 0 -66 -52 -79 52 52 -67 -75 39 -85 95 48 7 -26 -12 -7 -30 -6 23 -93 -55 -33 -26 -95 -48 38 -3 81 -94 -48 23 54 -93 -46 -81 52 32 37 63 87 73 77 23 -88 62 -30 -81 99 -8 45 75 -89 52 33 76 -83 -91 98 21 23 -86 -10 82 60 14 0 -34 51 29 -47 53 49 21 48 -27 92 -3 -67 64 -1 -16 -91 -9 59 13 0 -27 -84 83 28 -45 18 44 -22 -54 81 78 -94 -46 95 -79 -91 64 14 19 95 -61 -57 7 3 -88 -50 -38 -60 -92 51 -26 -91 41 -76 -67 5 -70 3 -49 -58 97 -23 37 46 81 -83 -46 -80 68 93 -88 1 -85 -3 -18 49 -6 9 3 -13 19 7 -35 91 83 -95 18 76 21 -16 90 -35 -89 -12 -76 62 24 33 37 -52 36 65 -69 -35 96 31 -27 23 -81 4 -23 64 83 81 -75 -68 4 21 -19 39 -85 -47 9 14 -20 -23 -55 -84 70 -93 -94 31 -82 73 60 22 24 -26 99 3 22 -54 -46 -98 -65 -51 -72 -19 85 -93 80 -27 -68 93 93 21 -24 98 -40 -18 -71 -73 45 86 86 -11 31 43 -90 -69 34 -80 47 -49 43 -38 -1 -68 -51 65 -39 62 81 52 53 87 13 13 -13 81 47 -60 96 53 -24 -45 93 87 -47 -86 -19 -84 26 44 84 3 21 84 8 89 40 25 79 -73 89 -99 5 58 -41 35 -29 30 31 65 69 -85 -56 -8 -76 59 -97 20 79 45 68 20 88 48 4 -9 54 -45 80 -62 5 16 9 85 63 -59 -45 -66 94 -33 61 -69 63 -70 88 89 -47 2 -9 32 73 14 4 98 52 0 -72 32 73 -66 -38 86 -45 84 49 -63 -92 -61 -22 -82 58 -29 -66 69 92 -77 73 -62 -10 -18 -35 -66 17 -95 75 -94 -66 -35 -61 6 -22 -46 -60 23 -54 -63 45 -58 -98 1 -15 -95 79 -15 -8 -76 -30 -15 -65 64 86 -79 18 84 35 33 -25
3 -55 -79 -69 78 -34 22 -14 23 36 63 80 52 72 -88 -70 98 89 -77 -34 87 -16 82 -74 79 -48 41 10 83 40 -7 -66 -84 18 -5 86 -15 62 -79 -14 16 15 33 -28 -4 -12 -13 -80 -66 -85 21 -24 15 18 -52 -67 75 -63 -17 -55 55 -32 97 -82 -27 33 8 65 0 -57 -65 -73 23 29 -30 11 -74 68 -90 6 -70 -11 60 89 -49 -45 -34 -23 50 2 -53 7 94 -77 -20 -91 -97 58 -97 -25 76 -17 -60 -9 -47 -20 -84 91 -74 12 27 -94 -33 12 56 96 -76 -23 -78 68 46 96 0 13 8 19 69 -90 21 -70 -55 41 -27 -1 78 -11 63 57 -38 49 48 59 22 -42 12 -71 -82 38 -59 -39 -19 86 -69 -60 79 -41 52 47 -30 -28 74 32 -18 65 91 -15 -83 1 -43 -98 77 -19 98 29 -61 20 -3 -29 -35 22 -54 -10 -56 -61 93 -54 0 31 -19 -89 -30 -28 -41 87 21 14 47 12 -71 -82 -92 -86 -26 19 -9 52 72 -35 93 39 -92 67 -59 78 -70 15 -31 -87 80 60 84 50 62 -48 93 50 38 -90 -40 33 84 44 17 54 -43 -46 -74 -49 42 8 -45 79 -39 38 52 -27 -59 -21 -55 -58 90 -56 -18 -91 30 -55 9 -91 53 16 -44 -35 77 99 -99 33 2 -30 -98 56 -33 -30 44 16 9 -53 14 64 -55 20 -73 -36 -43 -36 -68 46 -11 -79 27 29 -12 -55 -60 11 29 -3 -2 -75 12 98 -52 95 4 -78 93 -7 -55 5 85 3 21 -53 85 77 -38 -32 -96 12 7 32 83 95 55 -12 23 73 52 33 -51 -84 -93 -93 -11 -35 13 -28 15 -76 -47 -10 97 -50 1 70 -56 -34 38 27 22 -65 38 57 44 28 -53 36 74 50 -10 65 89 -49 -7 51 -58 2 26 69 83 2 -64 55 54 96 -39 58 77 59 -71 47 85 82 -7 40 -77 -88 8 -21 -88 -5 92 -38 21 -58 48 42 -92 -68 -97 66 64 94 28 36 53 -75 -31 51 84 45 66 -50 -20 55 73 42 44 -14 79 53 72 72 -84 -99 65 41 5 -9 -52 -49 59 -69 50 -67 99 89 -51 -89 18 98 -83 -20 -18 -36 -84 -82 -30 45 -86 -80 -27 -2 -15 -92 -11 68 -73 -21 -61 66 47 69 28 12 -85 25 -91 -43 35 -1 -10 -17 55 -80 -90 -25 48 7 3 -98 -18 44 -68 89 77 22 28 -62 42 -36 -70 -79 -21 77 24 -41 -93 64 -13 79
94 68 -92 -14 69 69 -39 95 -45 61 -37 62 21 -49 98 -61 -98 10 35 25 98 81 -59 5 -78 -30 67 53 -69 16 -83 -32 -34 -62 27 -86 -2 -37 -54 -43 -7 -50 -80 57 -55 -55 -64 81 -68 -59 -71 27 65 98 21 -89 86 77 75 -93 36 -1 57 49 94 90 87 -97 24 13 -10 -87 -42 -70 52 5 32 -1 -4 -57 83 40 -40 27 62 -38 16 55 97 47 22 39 -91 -49 52 83 25 26 84 82 -57 -6 92 97 -44 31 10 96 -37 14 71 -76 -2 -79 58 6 -79 71 -77 59 -65 5 -62 -70 -61 -6 3 -33 -73 82 -59 -50 71 -53 -82 42 51 84 85 6 98 -95 -3 42 57 60 -29 98 8 39 -18 -72 73 49 4 52 -37 -71 75 68 -62 -23 -54 -66 56 -6 -40 -81 97 53 -5 6 95 92 99 18 61 -47 -87 10 -17 -68 -57 83 -29 20 40 -66 28 -70 0 -85 52 22 -77 37 -66 70 -20 -72 67 72 79 -58 -73 -63 76 6 -91 53 26 0 -98 0 -15 -3 -65 -90 36 18 -18 43 -12 41 -46 93 -58 -53 -10 9 -98 -58 -45 -42 -90 -16 72 -82 -42 -93 95 -50 -50 -57 62 -80 51 -81 -42 -19 -32 -1 -34 -54 -38 -17 -73 82 80 -68 3 37 -47 -87 -98 -36 -88 90 -60 55 40 -14 46 -82 -68 -25 -37 86 72 31 89 -63 12 44 96 -32 68 65 85 -21 -26 3 51 -88 -41 68 -75 -5 7 -22 -91 -77 53 -54 17 40 -36 -70 -65 -15 -55 77 -12 92 41 -58 66 -39 25 -77 -9 62 -23 27 -34 97 38 -16 58 -99 -46 53 -57 -94 -89 5 96 -90 -7 39 1 -59 59 -67 -93 -47 -70 2 -15 -53 -24 14 68 -82 65 7 -91 -55 76 -68 30 28 57 -85 4 49 -43 56 -50 55 -77 96 43 -58 63 -47 9 -33 33 -83 -56 -25 -95 26 -75 46 -30 -93 -92 51 -89 -82 85 -5 66 95 66 -16 -5 55 40 -46 17 37 26 17 -47 35 -68 -20 -31 85 -81 -17 3 86 93 -63 61 72 -38 -9 -54 53 -84 -61 -75 68 -62 64 -84 98 -79 31 70 2 34 -99 -49 50 -32 -38 -83 -10 59 -91 62 -95 90 -59 18 -21 55 -23 -51 -88 -48 -9 32 -9 89 75 -29 76 47 -94 -11 2 8 47 -31 78 -36 -11 76 -59 63 79 55 32 -66 -75 19 -69 97 -67 91 87 -84 54 -27 15 17 58 -30 58 5 78 73 88
-85 11 -13 -49 96 -63 -60 58 -7 93 64 -2 52 76 -86 86 -92 58 -84 93 -11 -28 -71 92 36 -61 29 -62 -28 67 79 43 49 77 -68 35 10 -11 -34 82 1 -14 -53 -26 63 79 -26 -30 -74 3 46 73 59 -27 29 70 13 86 -56 -17 -68 32 17 15 -83 -90 -71 -49 74 -81 66 68 45 -55 58 4 62 82 10 24 -51 55 4 -98 -90 2 54 79 13 87 -60 45 -27 44 40 36 39 60 46 -95 15 -98 -11 -39 35 85 84 -20 -99 -44 -26 20 -11 -51 -87 53 -95 41 -18 53 -88 -31 85 -74 46 -93 -88 -92 -88 -48 3 25 62 50 83 -35 -60 74 -53 31 96 87 76 53 0 59 -1 -80 73 95 -72 95 -27 -46 -92 39 41 -84 -87 -19 -95 9 -58 -27 90 -40 99 -27 -76 78 33 91 -12 82 -89 -20 -35 78 84 -97 95 -67 -30 -8 61 -90 90 73 85 54 64 -5 61 71 36 -76 44 93 -41 -94 62 -11 -95 63 -11 21 91 -78 -90 -97 84 32 95 -56 -58 -19 37 81 -37 -73 53 40 93 -75 -36 -30 70 9 -99 -88 -93 35 44 -81 -14 -97 -58 73 9 -30 59 16 85 -68 65 90 38 38 -35 17 23 -45 96 -81 -3 -14 46 57 62 -90 25 83 -33 38 1 32 -19 -58 24 -46 -97 -71 -36 29 68 35 25 -44 84 45 38 -17 -63 27 91 51 -53 18 96 4 0 96 -15 -16 -91 79 -50 -89 56 -81 -93 -32 -13 98 36 -66 -69 -91 93 45 75 3 62 -24 24 -89 84 -15 -25 -14 50 13 -14 -19 76 -32 38 -39 -58 -15 34 -46 30 50 -61 91 -83 78 13 -16 -89 -30 12 90 -19 -83 -19 30 -92 60 62 -7 -76 -12 34 80 -7 -25 -60 46 68 -64 43 -72 -64 35 -41 -81 46 1 75 -34 30 -73 -82 69 -56 -61 27 -79 24 1 95 -50 -15 14 -8 -63 -72 52 1 16 -28 -4 68 38 -59 -32 72 -88 72 -10 82 69 -97 -12 -72 -16 31 -13 -37 76 -28 59 36 -39 -77 72 -12 -12 -9 -44 -31 -87 45 -31 -34 63 -14 -93 66 -3 -31 29 -89 34 40 -90 -28 -86 -30 -69 61 -15 44 -1 -82 -39 -37 -89 -76 96 59 -52 48 29 -6 -60 91 -3 93 0 -57 -3 -96 -98 -67 -89 -11 -71 -85 -16 94 73 -70 29 7 -38 62 -49 -50 -36 -73 88 -96 30 -13 -35 32 -53 -33 5 -38 54 54 -65 -68 -19 -55 -54
-72 6 42 65 -32 -46 27 -34 -84 58 -33 26 47 -48 -2 72 13 2 17 42 85 -52 -92 54 74 -76 -16 84 40 -1 -75 -87 42 -74 -79 -57 96 -85 3 77 -51 91 55 -28 88 -58 -26 9 29 -73 -34 -27 40 18 79 8 -68 84 13 94 29 79 -6 26 13 -50 45 -66 87 -15 -29 99 -65 25 -45 -67 47 95 25 -45 -82 18 -68 24 -6 -84 -21 -43 -44 -94 -73 68 84 68 64 43 89 -24 -13 -80 -72 -27 89 -98 34 75 30 -16 69 -47 42 -24 -32 -73 -83 -28 -65 -23 -59 13 -89 32 -33 55 -55 -33 -66 -59 -98 -11 -21 -9 -75 20 66 62 74 98 61 -58 98 44 37 -53 -24 -45 23 -82 64 4 94 10 -72 77 -67 12 29 -42 45 -80 -21 -94 -14 -92 19 50 5 90 7 65 55 47 64 18 -31 -37 -92 99 84 -2 -22 -83 -49 -28 -13 89 -94 -77 22 -98 38 25 -51 92 -60 98 48 -28 -82 18 -44 -43 56 16 -3 -35 -64 59 -3 35 57 27 -30 33 67 21 -4 99 18 66 -62 97 51 -13 62 36 50 1 30 -27 30 85 39 -99 73 0 -62 18 -93 -88 -40 -67 -32 2 18 -9 50 27 90 -31 -12 22 -30 -53 36 88 -85 -17 51 66 -93 -27 78 31 20 -19 -40 -87 4 -7 -15 -30 -16 -40 33 -51 -39 69 28 -80 30 8 81 88 -89 90 -28 -58 94 -55 -15 39 -1 14 -59 52 54 -44 52 -36 -4 16 66 49 -69 -39 96 -75 58 70 31 -32 -33 -31 81 91 -67 -94 -12 8 -74 -57 33 -85 6 65 32 -64 -38 93 11 94 21 60 27 -94 33 34 -91 27 0 40 -68 -30 -95 93 13 -21 84 -10 -10 1 -24 -13 -93 -80 74 61 99 -56 74 -89 -10 37 -89 -7 -28 55 -14 44 66 11 -59 -21 24 -67 50 78 -46 -72 -40 -67 33 73 -73 26 -59 10 -47 -96 29 3 -72 -31 89 -49 -42 96 28 60 47 15 82 -40 50 3 40 66 -14 -71 22 31 -99 27 -76 45 75 51 -60 -93 7 66 5 85 99 -23 -39 26 -17 26 -32 34 -89 -33 91 -48 31 37 -32 67 79 42 60 28 -59 -54 -88 -7 -91 -34 -45 -77 24 -35 86 -42 12 -4 84 99 -97 -91 37 90 93 -91 -17 -9 -28 -8 83 -12 87 66 -28 81 -49 -32 43 -8 35 69 19 50 61 -9 -70 79 -47 40 -97 -44 -11 -41 11 -30 2 -97 -38 50
-62 -39 70 67 -23 -55 -87 51 -62 -21 37 82 38 7 38 -57 79 -8 33 83 31 24 1 43 -42 -1 14 -59 -56 73 -39 49 27 70 -73 50 -53 46 66 1 -48 37 -15 26 41 -93 75 -74 -2 57 -67 2 45 29 -79 84 83 87 -13 -26 82 90 42 -38 72 -55 -39 -51 15 -78 -86 -60 -18 -68 -74 -44 -56 72 -81 93 17 70 93 -71 -92 26 -91 -69 -19 -45 -46 12 -86 62 -14 69 11 -93 10 29 -30 42 64 -84 -3 51 79 60 70 -65 -74 41 73 85 -38 -72 58 18 -32 -35 85 -62 76 18 -42 2 -43 -12 -63 -30 -58 -95 71 -69 45 -76 39 -50 83 -11 -27 28 -79 80 48 20 39 -89 69 -97 -38 -59 -51 -1 -73 -81 -31 -29 6 -69 26 -62 -35 14 37 44 97 -75 52 -37 50 76 -63 -25 -55 -60 15 23 89 -7 -70 -93 -11 70 93 -48 64 -35 -23 -41 -68 94 2 78 57 -51 98 -3 81 -18 34 -93 -47 2 52 -23 -75 -5 73 -25 -63 -82 96 13 15 40 29 61 -9 45 10 -66 27 35 -46 2 -15 -39 -17 82 -32 -95 55 36 -87 44 47 -96 -98 -29 -43 45 99 86 -5 -30 39 29 -3 -97 12 31 21 49 48 37 -99 -56 34 -18 36 78 -36 -18 -84 -82 -74 79 -80 86 -23 -34 -81 -41 70 -36 36 -24 19 -26 -49 49 82 86 -47 59 -91 -63 -94 -37 -33 -86 -71 15 -20 -28 -17 51 81 57 -41 -19 -47 -9 86 -93 1 79 17 -93 -25 -65 97 -72 52 48 34 -11 -16 52 46 25 -45 -26 55 -76 -14 19 42 -56 8 -82 -92 -57 83 57 -47 -12 -86 39 43 54 -62 -36 -57 65 -22 33 -96 97 -72 15 94 48 -10 69 -4 66 82 10 17 84 93 6 -43 92 93 -45 -81 46 -79 58 0 72 81 -42 76 20 -55 95 28 -10 -56 42 42 34 -23 -76 -55 97 -81 42 94 61 -28 -50 73 30 28 45 -78 15 -94 -87 -40 -46 59 -10 17 30 50 46 57 13 15 51 -46 13 65 55 -90 71 91 -38 -16 12 76 -86 -77 70 13 47 -75 91 -55 94 -98 60 -67 -88 42 28 -71 -14 -83 20 92 -91 18 71 -28 93 43 -51 -28 -79 16 74 -66 1 90 54 -38 44 -78 54 48 97 38 21 -74 51 77 -64 27 -74 56 91 -36 81 69 -77 18 -83 68 -92 -92 -69 -75 -72 -65 29 -52 -46 -96 -22 -22 -33 -83 27
-64 -38 -28 64 -49 -38 14 -94 -98 -49 61 -66 -6 -81 -28 89 35 -54 -21 23 -16 62 -26 -47 -23 11 25 48 2 95 96 -90 88 -11 40 -11 -91 -12 78 92 43 38 62 26 79 84 67 -50 -66 -56 6 59 -64 15 18 3 -22 -44 -26 36 -9 -77 -68 15 -37 -2 27 82 62 30 36 8 88 -98 -74 98 -42 40 59 -98 -20 -64 -29 -25 47 -8 88 -31 -45 -1 -66 -20 43 44 -80 -92 69 -70 59 -53 73 90 -77 -90 44 -21 -29 -70 59 -60 -36 -82 53 -12 -63 -13 71 -91 95 19 21 -5 18 -19 93 -79 98 -66 -45 -92 27 -88 63 47 93 -99 -75 -12 9 -14 59 -1 -92 -6 42 81 16 72 71 97 -42 -47 30 -4 99 -16 -35 1 18 -80 40 -17 59 -34 4 11 49 -36 -96 -39 45 64 -40 -18 -28 -76 78 77 -24 -75 41 -81 71 -40 16 7 -95 -86 -82 5 68 4 96 37 -30 59 -74 -62 -89 -5 -23 93 -22 -85 29 99 86 69 -59 91 -27 83 -22 76 38 -68 -9 92 90 73 -73 -70 -47 73 -84 64 73 19 49 4 -71 -33 -14 -53 95 31 -87 86 -86 -72 -96 86 -56 -8 65 -46 -7 86 68 32 -88 9 41 64 33 15 32 -27 -83 64 -15 84 11 28 -96 37 11 66 63 -87 91 36 42 57 48 -70 17 -35 35 -74 -61 -36 91 75 76 8 -28 -88 60 86 -40 -89 -40 4 84 -48 -75 -97 -12 -59 -6 21 51 69 -51 67 35 82 61 84 46 -15 -17 73 -94 -45 95 -94 -19 -74 -99 -51 -83 -51 -99 -79 -35 -70 -96 15 88 -54 -14 34 -72 -83 -42 91 -9 4 -47 -35 40 -17 -80 2 29 8 19 49 20 99 -56 -53 4 67 -25 -43 46 -34 -63 -16 -62 90 18 43 58 33 -95 75 -96 55 -74 91 63 -85 -76 -51 -8 -66 -77 53 -55 25 74 -81 -23 39 81 3 -45 45 9 -55 70 -11 84 33 -4 61 -95 84 32 -33 52 21 -44 45 -97 2 -34 -56 44 37 -86 -66 -41 42 -36 59 98 -58 -37 -66 38 47 11 -74 3 99 -97 72 32 -31 70 3 -36 82 -75 -18 1 98 -96 98 -82 -52 32 -79 18 -93 -65 -51 29 61 -75 30 -1 -93 -27 62 51 84 0 -65 -48 66 -42 -61 -78 -51 -89 51 12 -84 36 -43 -43 -1 79 -44 46 88 -77 37 -91 96 -57 -95 -64 -21 -82 32 -17 32 21 52 -53 45 -28 -67
40 -91 42 21 69 99 48 61 -34 -47 -6 -46 77 16 -90 31 -95 83 -50 44 40 80 -67 53 -19 -55 -66 -83 36 18 -41 -86 -81 -69 45 0 -97 -12 5 -13 41 47 64 67 89 8 95 -17 61 -94 89 91 8 0 -96 29 -54 -89 -11 -42 96 -17 -94 -67 -15 98 93 11 65 95 -98 -1 80 46 67 -9 -6 -93 69 4 29 80 -80 -35 -18 41 -60 61 -91 35 -25 85 -55 -19 57 38 80 -83 68 58 -35 25 -95 54 -90 -38 -70 -62 -93 41 97 9 9 -4 -99 -87 50 54 66 -22 -12 -6 -72 15 13 -25 11 47 52 -70 18 74 -6 66 54 -28 -21 6 -50 -70 -31 -34 45 -78 61 44 31 57 66 -22 26 -59 -35 13 34 94 -35 -95 72 95 -71 63 -90 -57 54 87 -87 -59 -57 -29 -58 -25 -72 54 -29 -96 -92 36 83 -53 77 -82 -11 47 24 -35 -37 -17 32 -88 -5 -35 -52 -43 70 -46 34 -4 29 21 25 3 83 17 90 -99 18 92 -85 -16 99 51 -2 91 94 -33 60 41 39 -97 35 -68 -4 3 23 46 77 -48 -20 -47 24 -99 -41 93 94 66 28 -1 62 -61 36 -61 -33 -52 -65 -32 -44 -91 80 79 36 -64 -16 -59 -83 -4 39 88 -42 25 -40 9 13 -86 17 51 -62 82 -99 -13 42 -66 5 94 -25 -9 54 17 -13 -10 55 14 35 55 -98 -22 13 18 66 -18 88 35 -51 -87 -29 40 7 -13 -7 88 -83 -21 9 -41 65 38 68 20 27 -71 9 -12 -12 -94 -40 90 -74 -50 -3 62 33 84 81 -60 -63 37 -74 4 50 -53 -86 -21 4 41 2 -12 -65 -76 80 -82 -63 66 -49 94 2 26 -49 -82 -24 50 -22 56 55 -62 -81 90 -87 70 -28 30 87 -40 82 -81 96 -84 -67 -14 59 -80 -55 63 49 66 -24 2 -57 76 72 20 4 -56 79 89 20 40 -19 74 63 -23 -70 86 -68 74 14 86 -30 -61 87 -39 24 89 -98 21 45 76 84 36 68 -63 -83 -22 28 -55 7 95 64 39 70 -15 -9 -25 64 62 -1 52 39 48 53 -32 41 0 -23 23 3 -85 17 -51 -15 1 -96 -37 11 -2 -53 25 29 25 -49 76 -16 -47 5 -32 -96 45 -66 66 -22 -14 82 -89 -34 3 44 58 7 -80 4 -22 13 -91 -15 -6 65 -78 48 -26 -27 89 -13 -76 77 85 87 -1 -57 -41 11 86 -78 -91 -48 -24 -40 -82 95 -61 -19 -98
-33 31 -54 -22 94 3 13 -75 -9 -28 -40 38 -51 23 41 -26 -72 40 85 75 -39 30 -22 42 -63 96 -28 -61 -87 57 57 42 -31 -51 -73 25 66 -41 56 71 -4 22 66 20 59 73 33 69 -40 -44 -31 27 18 -25 -92 -16 -66 4 53 89 -93 20 51 1 -72 60 69 -87 -30 2 59 83 -93 -12 8 -16 -31 33 39 -32 -81 37 -11 -93 -45 72 -74 10 -73 90 60 -42 84 -83 -50 12 -60 79 -62 65 -16 10 -36 74 48 53 -85 91 -8 -93 -2 92 24 13 -18 -43 48 65 92 -98 82 21 -11 7 -35 81 10 77 2 65 72 43 11 98 2 0 85 5 -78 61 44 89 -44 -88 -64 -49 -31 -14 -29 18 -4 3 -80 45 86 39 -20 5 8 61 77 40 31 99 -32 93 64 87 68 -72 87 73 -7 -77 -3 -17 -36 45 74 -83 85 -88 -33 -64 -50 56 -87 86 43 -77 0 80 -88 -26 -94 38 -39 25 -69 -74 -37 -37 -73 40 4 57 -24 98 -28 -81 -52 80 6 65 21 58 3 -85 45 -52 58 55 -18 -44 -96 64 34 35 -91 78 -53 90 -45 29 31 89 53 46 -84 2 32 -31 -34 -45 -19 -4 -67 37 76 -45 -4 88 -48 62 -37 -44 -66 3 2 70 58 -90 95 -6 -17 -78 67 56 -57 -26 -44 45 -32 -37 84 27 -97 40 -36 40 39 97 1 3 -12 -12 52 -71 -10 11 69 28 -35 -14 -19 -63 13 -55 -30 71 -88 3 -80 27 43 97 17 23 -35 52 92 -24 65 30 78 -28 -2 -35 -66 62 -20 -44 15 -86 -14 51 71 -57 -13 22 92 44 74 -73 8 98 -6 27 -2 15 -74 -85 -12 30 3 87 -88 -81 -45 64 17 64 -70 92 13 82 64 81 92 15 -10 -93 -72 84 74 -29 42 -7 24 -85 -89 -64 24 -43 -89 6 -99 79 -90 -10 -48 90 -75 -31 -73 97 -16 19 -99 -23 -6 98 -42 -42 35 27 -74 -59 -30 32 -7 -52 11 44 87 66 -7 -74 -37 87 -92 -17 -99 87 4 -77 99 -77 76 -91 82 -25 -45 -95 53 -77 -17 -70 58 77 -86 52 -90 97 -29 -35 -40 54 -21 65 66 -37 -78 -94 -71 70 -95 59 -3 -44 95 37 99 -11 -78 -51 30 84 -47 -38 90 16 77 -95 -57 -48 -20 76 20 -30 38 -21 87 -28 -42 -22 68 23 -20 52 -98 -84 -46 -43 -39 -41 52 20 93 -30 40 -17 31 -48 -95 52 -69 1 18 -73
10 -60 -43 91 52 81 37 5 -38 64 74 -52 71 16 -47 71 43 -10 81 -64 91 -72 -21 84 -39 49 56 89 72 -34 46 -82 41 55 10 -12 29 -3 3 -28 74 -12 15 -61 -81 50 52 9 88 48 2 -3 -50 73 -87 89 34 96 1 -86 -59 4 -86 59 -4 -64 46 87 54 -15 -79 -85 14 -27 59 91 78 -49 -55 -31 -90 -43 -67 -83 -10 88 -43 41 10 62 68 -21 -79 -59 85 37 5 73 -21 88 7 41 -28 -89 -44 -74 -53 -33 63 -89 -66 61 15 -16 -25 -35 -56 61 3 40 -41 84 28 -60 28 -5 97 46 -15 -71 -90 -50 -76 -7 -27 0 -88 24 -14 47 -26 -76 -93 -18 -60 64 87 73 65 -1 74 68 73 0 -94 2 35 -49 10 19 -97 18 69 72 -29 85 23 86 89 4 76 -51 -69 -39 24 35 7 61 22 93 30 88 73 85 3 -69 -41 -21 -31 72 87 -84 -10 12 -44 -97 53 17 -34 25 -21 -27 62 -80 -53 -44 78 25 -31 13 -98 42 -96 -56 -43 -31 14 43 -3 -53 49 70 59 22 21 61 39 7 65 39 -74 36 7 38 38 -14 -44 -7 -49 56 3 21 10 -79 -13 -51 -5 74 -2 -47 23 73 -11 75 44 -1 -28 -10 -88 95 82 -96 91 -44 51 -80 15 -13 -21 -16 69 -2 -40 89 -92 -85 8 -89 47 60 1 -48 57 26 16 -8 -85 92 4 45 -89 -15 13 10 99 -43 -3 -33 -65 -63 6 40 -66 74 22 -34 -28 -60 41 -3 -51 6 -17 -33 55 41 1 12 -32 -64 -86 83 -54 30 40 -58 84 69 -70 76 -31 2 51 -76 72 -21 78 99 96 -28 81 32 -13 76 -60 -20 39 31 -44 84 24 79 -83 23 -95 32 21 99 39 21 65 81 -59 43 -32 -46 -75 -52 -41 36 -59 -10 3 67 67 -57 57 83 30 5 -13 75 -32 15 23 73 72 -43 63 49 -85 17 -35 -95 84 -7 -90 -63 -67 -53 -75 68 -86 -55 -67 -76 3 -37 -78 -86 39 74 -44 47 -24 77 71 29 -96 49 41 62 10 -49 26 83 -56 -78 7 -30 -36 -19 66 -13 50 -80 -12 -47 72 -81 -8 92 -8 -67 20 -52 99 19 97 0 17 40 34 69 -61 51 35 -7 16 71 93 -18 16 -91 -88 -28 5 32 -39 79 -97 -82 -12 37 -96 -18 -97 86 89 50 -69 -78 -15 62 -84 42 -45 21 -20 51 4 -91 73 98 62 66 90 81 -77 -7
-18 20 -4 -59 -70 -92 10 -63 -50 -37 98 75 -51 13 9 34 -44 41 -80 -3 84 -76 60 97 20 35 76 99 -1 45 -67 36 -92 43 -82 -16 -82 60 -96 70 -12 46 -51 56 94 1 -26 97 30 -68 82 -2 -96 -16 -3 31 58 -16 -69 -95 -54 -83 -22 -3 40 45 24 -44 -38 -48 -31 -45 83 -22 90 73 43 69 78 5 22 82 17 64 23 53 -55 93 61 -49 26 -79 67 -93 -29 -18 45 -62 -60 59 17 17 -43 39 21 41 17 71 98 65 -8 72 -75 -44 -89 -2 69 -94 38 82 70 19 -47 -50 -50 -14 -26 0 -63 28 -55 63 -57 48 53 17 -88 0 -4 21 53 99 35 -67 -20 85 -68 -45 -13 96 -37 21 -46 15 31 43 20 12 86 81 -45 -52 7 47 -70 23 66 -16 -33 -47 0 -87 26 97 59 -79 -63 82 23 6 -2 24 -9 32 -40 -10 -15 -46 -7 92 -21 -54 6 -23 -11 74 75 -7 -89 97 22 99 -98 -24 50 -32 -26 -68 7 -80 18 71 74 64 -11 -25 -75 14 -62 30 -68 29 2 22 -7 -29 64 97 20 68 27 -11 -17 79 17 -79 19 -17 -33 77 94 41 -93 -49 73 70 -85 -81 -40 -74 -29 34 93 7 -98 -86 68 -10 65 62 -3 6 16 -41 -23 -30 13 13 66 -40 -82 20 -20 -84 -46 42 -39 75 -50 -61 -64 -98 81 -52 -31 -73 -12 -11 49 79 -50 -2 -45 69 -40 -41 89 -99 18 79 -78 -20 7 -94 -1 79 -17 44 57 -68 2 -17 -28 -89 -33 71 -39 32 70 69 57 -13 10 -96 -26 -9 44 -90 89 -76 -81 -75 38 22 31 84 50 29 95 -6 -65 -2 -41 -17 -37 -73 88 -16 -29 -74 -41 39 -26 6 36 48 38 -42 -80 -81 34 -42 62 61 12 -51 -23 39 74 -17 11 67 43 -84 6 10 -38 32 -31 83 91 84 9 -38 -77 92 -84 -13 -42 -83 57 85 -14 -13 -76 54 77 -91 50 -49 -21 -61 -99 46 -71 -34 3 8 -83 -79 1 -8 22 -39 49 32 41 -64 -85 67 19 97 -20 -50 -16 -19 -76 87 31 29 -56 -73 -59 57 -6 52 -32 -12 -37 -36 25 18 -69 -11 -82 94 2 -49 40 31 -7 52 12 31 18 76 68 66 -82 -45 4 -23 76 19 44 34 -31 -39 -66 38 86 97 76 -30 -95 57 55 -81 75 97 -31 68 -49 21 97 -30 21 -49 -52 -18 -55 -40 3 -19 -29 -44 -46 38 37 -17
-55 71 21 -35 52 75 59 -82 73 77 36 -47 -71 -12 -26 11 71 -98 -94 -6 -16 90 -97 -51 -44 -7 -82 30 -88 66 -56 -80 -63 78 2 68 11 -22 10 24 -65 83 -26 -5 95 50 -86 -78 -21 15 -20 2 68 41 58 -33 56 -90 -17 -20 -53 32 -70 10 -31 -46 43 40 -60 -55 -55 -32 -22 31 -37 17 55 -70 95 -97 -15 93 -63 -12 43 64 -3 -57 28 -79 -1 -82 27 16 56 -41 -49 -51 -24 -76 26 33 -14 73 64 31 54 -80 -27 53 -64 -64 91 -41 8 -78 10 -47 -53 10 -29 74 88 40 38 -82 29 63 76 17 55 -72 53 47 84 -38 88 -53 41 -9 42 -49 -34 -53 -96 -76 -75 99 -86 -96 -9 67 -97 98 -26 78 86 99 -82 -2 -98 -65 86 66 -91 3 88 15 -12 -78 -69 -97 -38 -23 -76 -81 79 -35 -8 -31 -44 -50 38 -58 41 52 39 -77 -40 35 -16 35 -60 6 41 -26 27 85 50 -91 69 -67 96 27 -9 -12 -43 -33 94 29 52 -34 43 -40 11 42 85 50 64 56 -64 89 -55 98 68 12 66 26 -26 22 68 12 -26 91 29 -23 -96 75 -67 -77 93 23 -57 51 -18 52 -47 -78 -18 -98 -30 17 80 -37 -48 -98 -60 -33 17 -71 47 9 35 -42 -9 95 29 -97 68 -73 -62 -70 -43 92 -89 -7 18 20 -58 30 -85 8 -76 91 -26 62 41 32 -63 -63 -39 -88 53 -43 73 61 96 84 34 -60 -23 -73 -59 -13 57 -23 45 39 -25 -7 50 0 -66 -59 95 -79 58 31 -95 53 -90 -73 -12 23 -83 -33 9 -88 83 20 -89 39 -57 -3 81 -7 -66 75 -78 74 -35 -47 -62 5 90 44 34 29 33 -53 -94 -26 -68 60 97 41 -38 14 18 74 -80 -99 -30 30 -52 -87 23 -96 -48 -90 62 -58 -97 -91 42 27 -99 -14 25 23 -52 83 -67 -10 -80 -40 89 -26 54 33 48 -21 56 -11 -16 -34 -65 -92 -95 46 -82 -94 33 -93 -72 44 33 -77 29 90 -19 -77 -80 58 -80 34 1 25 94 -79 24 61 -65 64 -26 -27 -39 -39 -43 -73 62 24 -88 45 74 7 -87 43 -48 29 81 94 39 -35 -89 -99 -20 -12 20 -26 60 55 -6 -12 12 -5 -39 -77 75 71 -63 -54 -81 19 -41 98 45 -98 13 -14 5 -88 83 19 88 15 46 -66 72 26 48 72 -6 -8 12 -16 -20 52 -48 22 19 41 83 -59 95 -92 -8 3 72 -33
20 -59 -3 -92 66 73 44 -30 49 57 30 -57 -82 -51 88 -34 -42 -24 27 -47 98 18 94 70 -22 -27 -91 -85 91 18 36 -25 -7 -98 53 -49 0 26 83 98 17 -79 5 16 29 34 -32 -20 96 -36 73 66 57 -22 54 12 -6 -88 -59 -46 52 63 34 30 -27 79 -98 -1 99 -15 -73 -56 35 -86 -64 -99 -51 -14 96 81 -77 -90 79 -40 72 -33 -76 -32 27 -58 -6 2 -50 33 -53 99 12 -66 63 24 -40 -73 -39 58 -41 -88 42 -49 -33 -73 75 94 -30 41 -31 83 -18 61 7 -47 -29 31 93 -71 24 -37 81 35 61 -67 -84 -76 36 90 75 76 -4 -24 8 5 -7 84 -28 -9 42 87 18 -47 65 83 -62 68 68 -50 -93 11 43 49 -13 -16 29 -60 30 -50 30 53 19 -43 68 -19 16 -65 41 7 -18 -9 -90 60 -11 17 -76 45 -96 -95 -82 7 89 -28 -33 -56 4 -46 -10 -31 -17 53 -91 -69 45 75 -89 -37 54 -5 47 -4 -31 -70 46 91 21 53 51 41 -38 -92 24 -89 75 27 -57 10 -80 -72 -4 40 45 82 -31 -47 -53 -16 -24 76 45 15 -78 43 -2 -77 90 -49 43 36 48 44 56 68 -91 -23 1 -30 -47 89 33 99 36 0 53 67 68 5 -73 57 -25 4 -96 57 3 -96 -54 57 -51 -81 53 44 55 -88 -89 26 80 47 -30 -5 91 -31 97 89 -50 -4 -46 11 -47 44 -73 10 0 -68 -33 58 -18 -51 24 -37 -75 -90 -52 99 13 -5 -11 67 65 -61 24 -35 16 19 1 -98 27 51 77 57 -20 47 -41 -65 35 31 53 36 -51 90 -80 -56 -6 56 51 -35 -41 -1 -36 -98 5 -40 54 33 63 21 97 45 -62 18 -22 -79 -32 -40 -97 -49 -27 5 -74 94 -72 66 22 -96 -72 2 42 93 10 45 -93 35 68 37 8 -32 92 -21 -98 -78 7 -62 -34 46 -59 -49 -4 -50 -12 61 51 -87 -63 -36 67 33 92 -63 80 -84 -22 -72 -47 -74 -52 -14 62 -48 -25 55 -38 38 51 -4 -60 19 -23 57 -38 37 -5 -35 61 -7 -19 -8 -31 40 15 -82 -47 -56 -56 32 -42 -90 -12 86 76 19 42 50 80 -63 -24 -1 -27 74 -21 43 -17 -41 -40 46 -56 5 0 -10 69 -79 48 40 -2 -39 -97 36 -82 99 22 58 50 -58 89 35 -59 -37 -30 65 -57 25 -17 28 11 62 -44 -2 -50 9 -30 0 58 -58 54 74 -13 -67
-77 -7 80 -62 47 77 -17 -73 -10 -49 -87 92 -16 -15 99 28 -91 47 -7 -43 62 -99 -30 -98 -67 -99 -73 19 -50 -14 -84 24 -9 -49 -74 -4 14 24 -26 -69 34 38 -65 42 -81 65 70 72 -46 -33 -81 -54 -42 50 15 23 -85 59 52 -47 -62 56 28 49 -22 92 -23 -68 -46 49 24 -20 43 47 21 4 49 -57 -16 66 84 18 87 56 49 5 -68 -71 72 -59 42 -30 -74 -21 25 -24 -11 3 -47 92 49 -7 9 97 4 4 -89 34 -48 48 -59 46 -25 25 -31 -41 -79 -78 43 49 9 -18 66 43 -93 -74 -30 58 34 -43 -7 92 85 89 70 -25 36 -16 72 94 88 30 82 -4 -10 66 -57 -13 -73 -98 42 -75 22 3 91 61 -15 51 15 57 54 -95 -76 1 46 -2 89 -5 24 -4 -75 55 14 7 -71 43 -57 5 -76 39 -17 33 16 65 -2 -69 6 48 -3 -36 -86 -41 36 0 76 -62 80 -51 86 -42 -6 40 69 -50 -62 88 -31 -85 21 -72 -4 -39 6 97 90 84 -73 -9 61 9 79 8 9 -35 -43 31 64 53 -61 93 -21 -53 37 -75 75 15 -85 80 10 66 -48 72 17 -52 96 -34 -54 65 -10 23 68 76 34 57 44 -86 -60 -91 -68 -71 -51 -73 -62 -99 35 54 91 95 68 -54 9 32 62 81 81 56 50 -26 -32 53 -89 40 -27 -86 78 47 -29 67 -10 -26 20 -9 35 57 -18 -96 -96 -65 -97 -9 -12 66 -13 17 51 70 69 36 -52 -77 48 -51 19 -24 37 -49 -98 47 22 -26 15 -74 66 64 -42 -19 77 93 40 -56 15 11 -45 -20 23 78 -37 -32 12 -73 64 64 -64 70 -98 74 -19 12 -94 13 32 -81 52 -41 -14 6 4 81 41 75 -40 17 54 -53 -14 -96 49 2 85 58 22 20 22 67 -94 -14 8 -94 -17 56 88 14 -18 -80 -91 -28 20 73 -38 -60 20 -46 -87 24 -74 -32 -78 95 78 19 -72 11 15 5 48 88 -86 77 45 -43 38 72 23 -64 3 -70 63 12 52 -12 45 5 -15 -59 80 -64 -32 48 23 89 76 -58 45 -4 -85 78 29 -70 -25 43 -2 -14 39 -23 -98 -58 -69 96 54 -69 77 -60 -99 91 77 65 -20 11 37 73 -87 22 -5 -11 11 -59 -91 -75 -12 20 -35 64 -94 -73 -98 88 -10 27 2 -49 -45 -90 93 7 -49 -92 -94 -49 12 7 39 69 81 -70 36 -67 -88 -38 -89 -51
-53 47 -12 45 99 18 -21 -49 -14 -46 14 73 -96 -32 -93 -56 -16 -9 -74 40 25 -68 -86 -75 34 81 0 82 16 71 5 43 49 -13 46 16 -85 -56 -48 -57 -93 -84 78 92 41 -69 -64 -4 -41 36 56 41 23 76 82 -7 94 -71 -15 14 -18 -98 6 -12 68 71 15 18 65 -57 97 -65 -34 -31 94 42 -9 -57 -80 -8 68 -48 -35 65 77 -91 59 -87 -69 26 -17 66 45 41 53 -79 43 31 -42 17 21 23 86 -44 55 -67 50 0 -13 92 11 -72 2 70 26 56 -99 78 -61 -77 55 -49 12 40 -64 -32 76 31 -18 -74 -74 -3 -10 -44 -61 -65 3 -33 40 -40 41 -41 70 -14 -72 17 -78 -84 81 -51 53 -97 95 -29 75 45 86 -49 -69 -76 -61 -73 66 62 18 39 80 -93 -92 -24 -57 -87 -63 -95 -62 -64 -84 -47 -57 13 -73 -47 34 -36 -1 4 -79 -15 -97 -67 -17 -99 -35 17 84 63 63 -7 33 -18 84 -16 -29 -51 -83 -87 -71 56 4 -80 -45 -47 6 47 -27 -26 -8 33 44 -15 43 71 70 71 57 -22 -81 99 96 70 -85 72 61 -36 86 -66 -41 13 78 40 -52 90 71 0 53 -89 15 54 3 61 42 -39 -38 48 28 -79 -38 37 93 -21 -88 16 -44 -89 -21 -39 -92 -59 3 91 18 -53 -52 -56 63 -75 -57 17 -84 51 66 -82 77 -42 38 -39 1 -8 69 -9 -55 -93 -76 38 -76 -24 -42 53 31 -99 -19 33 48 -1 -1 99 -71 -2 65 32 92 -6 -56 -99 -21 -56 54 -45 -11 61 -55 17 67 -4 -2 15 -22 77 -43 -76 -5 -89 56 -42 -98 92 -41 80 40 -22 73 -54 58 -34 17 -36 12 86 13 71 70 97 18 20 -82 13 82 63 60 68 67 12 56 -43 -37 89 53 -54 15 -51 69 -16 -22 98 -10 -3 -3 1 -89 50 9 59 -13 -50 -77 -22 41 -70 57 -93 47 -58 7 -75 84 -20 -91 0 -87 -86 -61 -15 96 35 3 67 -45 96 1 5 71 41 -47 -43 -10 87 -37 -13 32 -8 84 -52 31 -56 -42 -77 10 31 6 20 55 93 15 68 -6 -4 11 -98 -48 22 62 -93 91 -43 -53 -26 49 -24 -92 -24 78 -58 -52 -39 53 -45 -72 60 7 -7 -49 -61 -65 -27 -73 -31 -23 94 25 61 20 87 67 7 -44 74 95 62 -60 -27 8 -74 -28 7 45 99 16 78 30 -78 86 -97 -86 50 -9 -90 -9 51 32 1
38 -43 99 -97 50 16 -7 -40 27 32 -19 60 -50 2 18 10 21 -98 -76 87 -74 49 65 -74 1 -23 -31 27 -4 27 80 92 99 4 69 95 -64 -92 64 49 -46 -42 40 68 -66 -69 -75 70 -26 -60 -16 54 1 -21 -40 -29 -32 -86 -10 40 -1 -36 -83 -38 74 67 50 86 -35 89 -27 83 -58 -61 -18 -74 -40 1 -59 68 -92 3 62 -81 39 49 -29 3 -70 4 -19 19 -45 -12 39 85 0 95 8 21 77 -27 16 56 -79 -10 -23 -63 -49 39 -49 59 23 1 -85 -10 68 57 -67 61 29 4 -8 -89 -31 20 -34 68 55 31 59 -31 72 7 -60 1 32 -41 -26 31 -55 94 -99 -90 32 64 -59 -51 54 -71 -9 2 -67 -18 32 67 88 50 27 90 -98 -5 24 -13 17 -38 31 60 95 -24 7 45 69 98 89 -81 10 70 -48 -77 12 90 35 -71 49 -25 -11 18 36 -85 11 -67 66 -95 -81 94 -31 -1 -75 -48 26 -27 65 -7 -96 -42 -98 2 20 54 -78 27 48 55 -75 -2 -39 -98 -87 -46 53 -19 -43 -29 -39 2 -91 12 69 45 99 67 -84 91 -9 84 -25 40 -71 84 68 72 -7 82 -19 -38 -41 -90 71 -32 44 -78 8 -75 -68 83 -26 25 75 93 29 -5 64 -50 26 2 90 75 96 -64 -92 61 -97 56 41 -33 83 -63 -92 27 -6 -88 -58 52 -85 75 -28 -25 49 74 82 -38 -56 59 -56 16 -72 -75 59 -23 -91 -5 20 58 58 -80 56 -82 -64 -1 39 50 85 -28 -17 -25 -61 -53 -90 13 38 3 24 -90 93 -80 93 68 -56 79 -51 67 79 88 -63 8 72 42 -51 -58 -80 -13 -78 -21 58 -76 -4 52 45 -16 67 -19 -25 -42 -95 -69 12 -88 -64 98 79 -6 81 37 -67 -81 -35 80 -12 -23 -13 -9 46 23 -39 -42 26 34 37 -93 -6 -1 -11 33 54 -7 -8 -88 -17 -68 -13 16 -15 23 35 0 14 84 -34 54 -49 68 -38 34 9 74 80 -74 -50 49 36 -5 -3 -82 94 -15 67 46 -49 1 14 87 19 55 -65 -90 85 41 -52 7 64 37 -58 1 -12 -81 97 59 46 44 -22 61 64 62 71 -82 -72 -12 27 66 -81 34 -4 -34 58 -48 2 38 50 23 -91 -26 48 -89 -90 41 -22 84 49 14 79 -68 97 3 71 74 -54 24 68 -77 80 -43 13 -30 -16 -61 10 5 -14 7 -70 -95 71 -39 -68 23 5 -22 -59 -48
-85 23 -20 -92 -8 -79 20 -68 99 10 -62 -46 -27 54 41 -95 -65 68 5 45 15 -55 88 -36 96 1 94 28 31 27 90 52 81 63 -51 -41 -28 -56 -58 40 31 -40 40 -38 1 31 16 98 -79 39 -25 -62 66 3 92 76 86 0 -89 -32 84 -64 -62 -27 -98 2 -38 29 79 -55 31 6 28 -27 64 20 11 -5 -58 -28 12 66 27 58 86 -59 -39 64 -10 53 -32 -41 -81 70 3 58 49 10 23 -90 21 81 25 -49 48 -98 89 88 88 -7 -88 -7 -31 -40 -71 -24 4 -77 -15 86 91 -34 35 10 -26 32 -77 48 -79 54 -79 -25 49 65 94 -47 91 -92 16 85 -81 29 -74 5 -49 64 66 -66 -89 44 -11 65 32 47 -95 67 -39 87 -63 12 -86 -82 37 -30 80 3 -22 -50 -55 -80 50 42 -2 59 91 -87 81 28 -46 31 40 -79 -74 58 -73 -39 47 -4 16 45 31 39 -57 -95 28 -40 39 -12 -85 -19 57 -33 54 9 -24 33 -53 -8 31 18 77 -46 22 -73 64 29 52 32 87 -39 -93 21 14 54 -14 8 -3 -45 -11 -48 67 65 74 12 -74 -82 94 -18 -21 -22 -75 -33 69 -90 -83 -21 55 69 84 20 -11 -44 31 94 -24 82 76 -94 -86 95 -29 51 -86 62 -80 44 94 -67 48 -21 -57 42 77 -72 -43 -3 -8 38 71 72 66 26 31 -52 48 24 -39 -50 61 63 6 -77 50 -23 -78 4 -48 -7 -26 44 -71 -25 -65 -29 18 -9 -24 -25 -11 -5 -99 82 52 -96 0 4 -35 22 -4 91 20 -5 77 -67 10 25 -28 26 -39 55 43 -63 -8 4 17 30 -59 -39 42 -41 73 46 -80 -57 28 -77 -66 90 96 24 -63 -89 83 97 41 17 85 90 -79 -77 49 -7 15 -49 19 -11 48 -90 53 28 32 -41 91 -82 -92 -93 -33 -73 77 59 43 35 76 50 2 -46 41 85 -29 -23 67 -6 47 -84 -34 31 -67 32 80 -61 57 -50 -14 5 -85 -63 29 98 -89 -26 7 90 -86 -36 -97 22 38 -22 73 29 64 8 31 -64 22 29 -96 -37 80 14 25 -43 39 -99 86 76 -43 83 -7 -41 -34 -47 -44 59 -53 -46 -30 -44 66 -10 -44 -9 74 15 -2 -24 -18 48 -92 40 2 -17 50 -67 7 67 -53 -69 30 13 -68 42 -58 31 -97 21 18 -87 15 14 -91 -9 26 -9 -61 13 0 39 -43 68 91 22 -66 -38 -15 38 64 8 -3 -90
-82 -66 -36 53 -4 51 -33 -32 42 -18 -52 -5 39 73 -99 -17 50 -76 -39 15 -17 -5 -93 88 -53 -75 -43 -44 17 -98 -9 -51 -43 16 -32 -62 -66 59 -76 -47 -86 -60 -21 -65 -6 57 49 98 -17 -75 72 32 92 -35 -17 -70 56 43 -87 -86 -72 97 -11 -30 84 -48 -59 -14 73 -84 68 -84 51 63 -71 62 2 -59 -72 52 -98 -25 65 -10 22 -25 -70 26 81 -30 -99 -46 -67 -31 -72 14 25 -79 -26 -46 -53 55 -39 -42 -16 -76 85 84 19 -50 -80 93 2 87 -44 79 -20 96 -71 -41 -78 -80 82 -41 -15 -74 28 -43 55 -50 55 -29 91 17 46 -66 -60 -10 75 22 -27 -76 11 19 -5 90 99 78 -79 80 89 4 41 13 -75 53 -6 37 59 78 28 6 -65 -70 9 -22 12 -58 77 -92 -44 82 -18 -41 66 -61 9 -70 -40 73 54 97 56 74 -66 53 76 -15 -70 -70 36 82 -18 82 22 -93 -83 -94 72 -98 -48 8 1 -88 -49 74 39 12 -25 41 -77 86 48 0 39 -62 45 -19 -86 49 -24 -67 -62 -4 57 75 94 0 99 61 -26 46 -82 46 79 37 -97 -92 -81 82 -13 -32 -56 -18 88 -77 23 -84 29 -50 60 70 -44 -21 -72 -49 -33 24 47 -92 57 61 -18 27 66 -92 6 21 56 75 28 99 -81 -86 53 48 -76 -33 92 49 -33 24 -32 -41 -68 62 -96 -16 35 88 11 11 -14 4 40 25 39 -6 57 -98 66 -80 -19 -25 -16 92 53 98 -77 -26 60 -18 50 79 -39 42 97 -49 6 6 58 -83 75 46 -93 -80 54 0 -40 -17 -15 77 -94 36 40 40 6 82 5 19 -12 78 -40 -26 58 -68 -73 -3 61 85 49 -3 -43 -22 1 -9 -70 -5 54 66 -84 -33 -51 -98 -46 -69 -55 -26 46 -67 -38 48 52 -85 49 -96 10 94 -11 4 96 12 -27 86 -7 8 86 55 -75 -22 69 68 -45 21 38 -84 -22 -33 30 -3 -8 -93 10 76 -43 62 37 -29 76 -85 10 -41 87 -57 -63 13 -6 67 -26 0 83 50 -98 29 -83 57 11 30 -99 -9 -11 -14 -1 29 -75 69 83 64 2 53 -49 86 -29 -56 -74 -82 96 -59 -27 50 36 94 -59 -12 -53 -92 88 -71 -78 19 -14 -98 -88 -81 75 -88 70 31 81 60 25 0 -92 49 61 -98 97 72 -66 -42 50 7 -52 -62 -24 -82 -32 -80 -30 -80 27 -11 15 -18 -38 52 -21 18 -15 71
65 42 -5 -49 -40 -89 -43 -77 -18 -3 -88 19 -78 90 -3 -79 -1 35 98 83 -15 -48 74 -61 -70 14 -62 -60 33 -12 53 -27 -85 44 73 -67 8 -49 -26 72 -68 36 -8 -48 -97 51 -40 -31 12 95 52 -86 65 74 34 24 18 22 -13 40 84 28 84 91 -95 -73 67 -51 18 14 -59 -14 64 -55 -39 -60 93 -77 -77 10 -8 38 -31 68 -66 90 90 77 -31 81 -4 87 -21 -17 83 -46 -53 -68 -91 -97 45 -92 -22 47 -50 63 -49 46 -79 -48 -93 -23 37 -19 -70 66 47 50 19 -83 93 -82 -28 59 -95 -72 92 -89 -82 64 13 20 18 95 0 -41 -9 30 -12 69 -73 34 -58 -28 76 59 68 -52 34 -6 57 24 -82 -69 1 63 37 -81 -95 56 94 -57 51 -84 -48 15 76 47 -74 94 93 -41 13 16 33 82 -27 -66 -57 94 87 -30 41 56 -80 -66 -88 -52 -48 38 24 -88 49 2 71 -75 -66 54 8 -64 78 39 -39 -96 -40 -33 -22 -63 -73 79 -39 57 -53 17 7 -48 -98 -89 2 65 -91 60 -1 73 96 -77 6 -98 -92 47 72 5 -65 68 -34 -49 -47 -21 -23 -5 -38 -12 -5 31 -57 -30 -89 -22 -92 -85 44 -40 -2 -26 -94 17 -53 62 -49 20 -23 -72 65 -10 71 33 -18 -71 -20 -54 60 -72 -64 -36 -31 -60 -15 10 52 -35 16 53 35 -37 75 -69 -68 -13 -5 -19 -48 -45 -19 5 -94 -38 88 -47 53 3 -74 -58 44 94 31 65 2 69 -79 72 80 26 -87 -67 -79 -60 73 -84 -58 57 21 -18 83 1 39 -47 64 58 81 -44 60 89 60 64 -16 -63 -71 -98 50 88 -98 -7 -68 31 91 -51 -79 94 -63 -90 57 -21 45 -26 39 -1 56 34 -80 -94 -83 47 -28 -91 13 -54 55 -39 31 97 -3 -43 33 -13 94 71 22 48 -27 47 30 27 58 -89 -59 66 93 -61 35 79 94 87 -52 72 -2 -13 -51 -36 -77 -54 62 -69 -13 98 32 99 -37 -77 3 -52 84 -35 56 17 62 -4 -76 19 79 -38 -27 12 -36 87 86 29 -43 33 -83 87 -81 68 81 -9 -20 -36 -78 75 50 41 -56 48 85 -49 98 3 58 13 -97 0 76 -90 -94 -28 -27 85 29 71 -85 7 -26 -60 -47 -50 -62 -76 -79 -48 37 40 -73 19 -11 -98 -59 27 72 73 -49 89 88 -79 83 54 67 34 4 -75 23 95 -63 -15 -94 56 -11 90 1 -98 -92 -85
-66 -96 -39 20 59 -71 18 50 76 78 7 -97 38 8 -80 -42 -19 -49 -53 81 -57 68 -37 71 -66 -6 -96 24 54 -52 -65 -66 -23 -90 -54 91 17 66 47 93 13 74 -28 2 -52 -90 92 60 32 38 86 -77 2 -19 -41 -66 -70 -17 75 -81 -51 69 45 -68 54 30 -60 33 44 -13 -1 -69 -62 -90 50 76 -98 -21 28 35 -33 -6 38 6 44 63 -49 10 -29 -99 43 92 47 -20 13 -57 31 -6 -86 31 -36 50 74 -79 -17 41 34 -35 77 -9 61 -60 53 -61 27 15 13 -4 -81 -36 91 -66 72 -52 -90 -41 -25 -13 3 -24 25 49 -38 -29 -95 -3 -40 -27 -34 14 63 -9 -95 97 -50 88 -86 30 63 84 -12 -18 91 35 -9 11 -43 -62 -13 39 -11 -66 -94 34 28 40 36 56 -3 -22 -1 67 -41 -62 76 -30 35 93 67 15 -24 -94 58 -74 75 67 54 28 -48 -98 -3 -81 61 -58 -51 -80 -89 16 49 -93 -40 -63 -68 -26 -39 66 95 33 -24 52 -19 -95 -32 13 52 -46 76 -10 -47 80 5 -80 95 8 96 30 -98 44 98 -11 -11 10 62 -7 -29 -28 29 77 -5 -61 74 27 75 -4 9 69 50 81 -29 87 -16 67 -54 -63 14 -76 -90 93 -83 -94 -41 31 -38 -96 14 82 -87 60 41 16 20 -47 -93 -26 -81 37 -10 -26 -21 -8 12 -49 -60 0 -16 -1 -35 90 63 -24 -96 -72 -40 -90 28 -8 24 56 38 65 -2 94 -87 66 33 85 6 -96 33 -41 -59 -17 89 -48 87 77 92 -93 -2 -19 -9 43 -85 -6 -34 80 52 -55 95 9 -83 24 43 -47 88 -57 -36 32 77 -66 68 -46 23 -58 -35 22 70 -37 -40 51 -46 68 -35 -57 98 80 -23 -66 -39 4 13 29 58 -58 76 -4 73 -84 -12 54 -47 25 -16 88 -12 -18 82 -82 -69 -2 19 85 -20 24 67 46 -98 8 -93 35 -59 -78 -91 -13 -20 3 33 -40 -79 -47 97 2 -78 35 -49 17 -96 96 -78 -26 -10 77 12 75 -1 -13 62 -20 55 -41 -73 83 33 88 -51 60 -92 -63 79 12 84 -6 30 72 -25 -72 -25 -82 38 -47 -1 -76 4 -98 68 61 -5 -31 8 -31 -64 26 -13 59 60 -82 63 -46 0 43 99 -87 -22 -73 98 -87 -11 -51 49 94 93 -14 -66 32 82 43 42 70 -15 -19 88 -64 -42 56 -64 -67 -30 -42 -34 -24 47 24 -4 3 -69 -24 -68 -65 -19 34
-90 16 -10 70 88 -72 -47 55 55 87 28 97 -13 77 16 64 -74 -85 94 93 -68 65 -76 66 61 62 80 -9 13 -43 -51 55 80 -53 95 83 -56 14 -95 -85 73 94 -91 -7 9 -81 13 16 -52 -72 65 98 -28 -46 92 56 -8 -3 -90 76 -24 28 60 23 35 -10 59 -23 86 40 -81 34 20 72 71 61 18 76 85 -3 -6 -4 68 -85 36 -13 -68 -84 -88 -43 94 -22 -25 -88 24 78 78 9 -58 12 6 47 0 61 20 90 60 29 70 -22 -42 -97 31 33 75 -1 -21 -76 -52 49 -85 11 -92 32 -84 72 -67 -84 -16 23 79 -66 16 7 42 42 63 94 -45 50 55 23 45 -10 -84 19 -21 67 -62 83 -61 -13 -61 -63 -54 -13 91 50 -41 57 56 87 94 -49 31 -46 85 46 -28 -66 -40 -80 44 12 21 -52 31 -32 4 -35 98 57 17 15 -88 72 -41 -5 -21 5 -9 -27 51 94 -49 -62 65 -70 27 -53 40 -13 27 -99 23 -18 87 76 14 -17 -95 -76 17 77 51 -69 31 95 -25 -16 -25 -87 14 7 -9 86 -94 30 -31 13 -99 -97 -64 75 97 72 48 -57 65 -97 70 48 -50 98 29 37 54 -94 -68 -17 -8 -68 -75 3 -78 95 -19 7 16 30 17 90 43 -67 -38 65 53 -18 34 8 -53 -95 4 -6 -93 96 -27 69 77 23 88 -79 81 -81 22 26 97 45 70 -68 74 -71 -48 12 -1 -54 -98 44 -38 -35 -54 24 -9 -51 83 -30 -50 -28 -62 31 -39 -54 29 -33 54 -73 -74 -79 -45 15 -79 83 74 -90 46 15 -21 -97 -75 46 32 80 31 10 -12 -55 -96 -7 44 19 -65 -93 32 79 -74 -11 -60 66 78 -55 -11 39 39 -1 -80 39 -33 48 7 10 0 65 -92 53 -98 96 -36 47 94 -60 -72 -45 -10 -29 70 3 -68 -86 -84 62 -64 94 16 70 -3 66 53 -24 -43 -73 -11 -71 -89 -78 3 -76 -69 39 -49 58 59 -84 47 -11 -11 82 -38 76 76 47 51 -63 -88 -24 -96 58 -81 -60 78 84 -11 -92 62 -20 -26 -25 -77 -33 -9 96 -65 51 28 -34 -42 16 -18 22 14 -32 98 76 -33 44 -53 -89 27 32 67 77 -31 -82 -77 -32 59 5 -21 -35 -21 -72 69 89 -38 -3 -60 12 84 -58 -19 -79 75 0 9 -51 2 62 72 34 -48 77 74 31 14 -63 10 75 9 -24 77 91 63 -87 -39 -80 -67 -16 71 96 70 -92
-19 -55 73 -25 25 77 72 -74 -59 82 68 31 -60 42 -35 -29 -50 37 64 -63 72 -73 56 -65 20 -55 -40 -87 -9 25 -54 22 92 65 12 66 43 63 24 -83 -26 59 31 -26 -55 -26 -23 -19 12 -18 -89 96 38 51 -83 11 33 -3 46 -63 6 99 78 31 13 0 -11 0 -99 -58 62 -39 16 43 -11 17 65 -56 56 -74 26 -4 -44 -75 83 1 -42 -55 74 72 12 23 -12 -64 79 -23 -7 -99 67 11 9 10 71 34 41 98 -51 28 94 -21 83 91 -44 41 74 66 -81 -9 11 -24 18 56 97 -32 -21 -75 -32 88 0 18 71 28 -70 61 -16 85 11 16 -31 56 16 -68 29 68 -64 39 48 35 85 -99 -55 -69 -37 34 -55 85 17 57 27 -25 11 8 14 -72 -56 65 -25 -26 10 25 61 -82 37 -73 -84 12 -52 -74 -8 -35 88 28 37 24 92 -69 -44 -81 -36 16 -71 -61 52 -54 43 -90 95 83 -75 -56 52 91 -44 32 81 -74 81 83 -6 -39 -28 22 43 4 -74 -90 56 74 13 -25 -69 68 -99 -49 90 -85 -9 84 -79 5 -71 24 -62 -59 -3 33 -57 -70 16 25 91 55 -71 86 -70 4 28 -82 54 24 98 24 -44 -49 86 14 4 35 70 93 33 -53 15 42 52 51 81 32 -73 55 97 -95 -91 22 27 70 -63 41 -53 -66 -93 -93 3 -92 29 -31 -98 -50 -17 -41 97 72 -99 35 -65 32 -90 26 -11 -57 -97 89 -72 38 -57 -81 90 -45 63 -24 56 42 84 -49 -44 54 93 -98 8 -49 -6 33 69 -54 2 -60 53 -69 -39 58 27 -2 96 33 15 22 2 88 8 72 4 88 50 96 -20 -39 49 -8 -99 -5 -22 -32 -6 43 -83 -60 76 95 -15 -85 -15 2 50 38 9 -76 -6 42 -53 -19 25 -65 -2 -12 -47 73 -71 -99 51 13 90 -26 -79 99 65 -44 47 89 27 -62 -65 97 34 -93 -14 62 42 -95 0 55 7 23 -37 -91 16 70 3 77 -91 67 30 -66 -41 7 88 24 49 -71 -26 93 41 8 -77 33 88 55 -54 43 -31 21 -1 -28 64 73 -98 -17 33 69 10 5 82 -14 88 -2 -26 -78 -5 42 -17 36 -87 14 -25 98 -9 66 -63 24 39 63 -75 -26 86 12 90 50 12 81 24 25 53 5 -97 63 -83 -54 41 -20 -49 -20 90 -5 37 97 -26 79 -36 -89 16 8 81 13 11 -2 -91 -94 46 -44 79 97
72 87 18 41 -79 -55 15 -72 47 21 47 -9 77 -51 62 -16 7 54 55 56 15 26 64 -77 -6 -71 91 26 41 91 -72 62 37 -67 -36 -5 58 49 -10 -88 32 10 -28 -2 -15 -77 91 -52 -18 17 96 93 -77 -54 79 -25 14 -65 -17 -31 -8 10 -4 -24 22 -95 81 -21 -77 51 59 -55 -5 -47 72 2 82 -18 -89 12 -10 42 9 26 -24 -8 97 19 -81 53 20 -51 -92 32 26 16 42 -59 16 -18 -1 -17 -33 1 -21 20 97 -97 72 70 -68 -72 -38 -61 32 -33 -80 -31 78 -11 81 -95 24 -68 40 35 55 -43 -61 -61 -2 1 -56 55 -91 -96 77 27 86 -65 54 -96 -5 -91 -49 61 13 -29 -98 -94 -10 5 83 -27 -55 44 -33 73 -93 -32 -64 58 13 -85 12 -25 -43 -23 56 -2 48 -14 -69 99 37 -22 18 -25 71 -50 27 -87 28 -34 -33 -68 -23 73 14 41 -41 -57 97 -37 6 -28 8 74 11 51 24 -97 5 75 -9 -9 -55 -92 71 53 22 -11 -28 -70 -44 -76 -46 96 -85 6 -7 -36 -74 -40 -56 -88 -91 55 -86 45 -47 -37 96 47 46 24 -6 -43 8 43 -1 33 -93 40 -4 -15 -92 -69 22 -26 32 8 83 -53 -45 99 -75 -11 52 99 -7 93 -32 37 79 -51 -60 -84 -89 -31 66 -79 -10 -27 -89 -25 98 -84 15 43 36 95 71 80 -93 26 -84 -33 -12 -37 67 -41 95 67 39 93 -86 -61 58 7 -63 26 55 -85 13 57 -98 -74 -99 -22 -39 -97 89 -5 92 20 -50 -58 98 -88 86 -46 -61 -75 -56 -94 -20 -90 -37 -60 -10 -55 -55 -9 -96 33 55 26 24 -58 -12 -29 53 -39 73 36 -13 52 71 -3 9 -26 -73 44 2 85 93 69 -60 93 -67 28 -65 52 38 -28 38 65 -84 95 85 0 74 18 37 -34 -93 81 63 19 -58 76 -96 -28 -63 -28 26 -75 -50 -50 24 98 -54 -77 -12 -35 38 5 96 -13 37 -23 -57 -12 39 -23 92 -28 2 89 -85 -9 -32 -93 -31 91 -92 38 70 21 54 -80 -42 -66 -27 -85 72 0 11 55 -49 -33 85 79 -50 46 10 -75 -46 40 -88 68 91 -60 2 -3 91 -50 93 10 41 88 49 45 -19 43 55 95 33 2 -40 -56 -31 50 -34 99 45 52 93 79 6 -9 5 -57 -9 88 -83 73 -7 -90 -30 -3 -87 -7 78 -28 54 -31 97 10 51 86 39 55 27 -22 -92 59 95 -19
13 71 86 -32 -73 -56 68 8 -91 33 -78 -74 67 79 -7 -93 -33 7 54 83 -77 80 -56 -25 12 -65 -64 -33 -21 60 -18 -87 -88 83 61 -18 91 6 -53 56 67 90 -72 -52 -5 3 -89 -12 22 -12 59 81 51 -77 -27 -65 99 -17 64 34 -73 6 64 -74 -19 -7 59 -91 -12 -71 45 -54 -23 -57 -23 76 -88 74 43 -13 -64 49 6 35 -13 -3 81 35 -65 80 4 34 -31 -20 -15 -95 56 -44 -9 16 -9 -6 93 62 -10 -8 -62 57 -59 77 -48 6 6 4 69 73 14 -28 8 24 -49 -26 -71 32 58 -13 -61 -32 -75 56 -79 0 -81 90 -48 -60 -59 42 52 54 -98 18 -1 -45 12 95 -54 -21 41 52 -27 7 51 -72 40 -89 4 -46 -64 65 -73 68 -1 -17 -30 -12 -25 -63 -91 63 -72 -77 34 -12 -91 51 39 -69 -24 26 16 -15 49 -90 95 -80 2 21 22 1 -83 53 46 -23 -17 0 18 83 -14 -46 -35 -32 65 48 -7 30 89 57 -93 53 22 -32 12 60 12 -80 -56 -89 -84 42 -27 -71 -34 -31 -35 -17 55 -43 75 -56 -11 -97 1 6 -91 7 -23 -85 5 -53 -99 91 -56 93 35 -8 -38 2 25 -34 13 -70 -27 -49 -61 -12 85 32 -8 -67 -38 -16 44 28 -83 -2 43 -49 16 51 -20 57 -91 -16 -89 25 -70 60 -74 -63 -43 -92 38 -53 -87 20 -86 36 8 -22 43 -34 7 93 75 -39 -64 2 79 15 -24 -28 42 -27 25 -69 62 -53 -44 -75 -58 -30 -62 -27 -66 95 76 59 21 -57 56 -85 -28 -95 -96 -45 72 -75 -72 -22 -11 -82 -75 86 3 42 97 17 77 94 10 -88 -5 -79 12 -67 -3 -10 -57 -23 -32 46 73 -67 52 55 -97 -29 -2 -92 60 64 72 33 53 2 19 25 -77 -10 62 45 18 -5 0 -88 -45 8 39 25 15 -35 49 56 1 60 21 -87 43 31 -68 -92 30 28 -51 -11 86 -31 8 24 -43 -7 -70 -89 -92 -53 34 -46 -21 94 -91 -36 -25 -36 18 -5 -59 62 94 26 13 20 -78 -25 36 60 -15 -78 -64 3 2 -28 13 -73 30 -1 -85 59 80 -55 -22 -73 -59 -71 77 13 81 -22 44 -92 63 -22 23 -83 35 -16 2 38 -99 -14 -11 52 56 32 -64 -43 -71 -63 -22 -64 97 -89 14 53 46 -43 -33 -40 26 6 1 -8 -51 14 38 -31 -11 -50 89 47 28 -42 -85 99 -28 -11 24 30 -44 86
99 42 7 24 93 -28 -43 95 81 -90 39 72 -51 6 52 98 -31 59 88 -10 -97 -85 -83 -90 87 -96 87 -61 15 -18 -74 43 -87 83 -32 43 51 -60 48 -70 -69 -22 24 -93 -44 -8 -95 44 79 63 46 -25 17 -93 -73 -38 -16 -24 -68 -63 -96 56 88 60 39 -8 50 59 -42 -33 26 36 -5 98 -56 51 70 -99 59 35 -2 15 -1 59 -15 -7 -52 28 92 -25 35 3 86 41 -81 83 79 -88 57 86 18 -99 30 -67 -11 37 83 -51 45 37 87 -68 -10 -73 -36 54 30 29 86 71 -59 77 58 23 96 -61 84 -9 59 5 15 -70 16 50 63 -98 48 -8 9 54 23 -11 -43 -65 69 -22 -13 -25 -33 94 84 62 -60 13 12 65 -72 4 -45 64 -93 88 -40 42 12 -35 -60 15 82 -41 56 -18 -81 -76 43 -85 -23 -52 87 -38 80 76 -2 78 -66 67 22 -67 -54 -4 -39 -99 79 -4 71 74 -18 -34 64 -69 49 -75 -12 -25 -94 73 63 22 66 -84 -35 85 -61 5 -34 -16 -27 45 34 48 16 19 -86 -23 73 56 -11 42 35 8 -94 58 86 47 88 10 -68 22 -75 -28 69 -78 70 -23 22 -41 -85 44 -48 19 84 -44 2 -79 -49 83 -17 60 -73 -85 -22 -38 59 -95 35 -18 -98 -42 -60 -27 10 -90 85 -22 -77 -9 93 -29 62 -94 -90 -32 26 53 -90 47 -37 19 60 92 -61 -29 89 -83 94 -28 -63 -59 27 14 -25 66 -10 -81 73 40 21 9 29 65 -95 74 89 -46 -88 15 -74 -73 -52 -12 -52 -87 34 66 73 -45 -5 33 -86 69 69 93 18 -47 -9 38 1 17 -70 -96 42 -8 46 78 -47 59 -7 87 -51 -23 90 58 43 -4 -91 -56 67 26 -41 23 -10 -47 0 -95 76 63 94 71 -40 -27 63 -9 -80 53 12 -13 40 72 -78 76 62 -92 -84 -51 11 -61 -48 53 -64 3 28 42 74 -56 46 69 -10 -10 98 14 -41 -94 80 47 95 -42 66 72 18 -54 -59 61 2 42 -25 -50 73 20 -70 23 27 79 5 36 64 2 -64 -41 -97 80 71 7 75 61 42 41 -70 91 91 -34 77 -78 63 -20 15 19 19 -43 -70 -31 84 -84 -20 91 54 -91 -75 89 54 55 12 89 66 -58 23 -36 43 66 58 -56 66 42 11 30 49 -88 89 -76 60 -35 67 -50 -18 -84 31 -4 -75 -9 20 -11 85 -97 83 87 76 -19 -31 4 -8 60
86 -27 -17 -36 31 34 -57 95 43 -29 -47 -85 -72 -2 65 -70 0 -76 -65 26 45 -85 52 87 -25 -56 -92 95 5 -13 -44 36 88 -86 84 -74 78 -7 -79 69 22 -95 -9 33 -73 -85 59 -67 -40 -68 56 33 -94 49 40 41 32 86 -25 15 98 -1 42 19 53 -10 -95 79 -31 14 -96 -76 -93 24 -21 9 -83 -42 -27 93 40 15 68 -9 38 -84 -92 -9 89 -43 -75 -39 0 28 -82 -12 33 39 68 67 56 32 -34 -21 -40 -74 77 -7 -4 -7 38 -19 11 80 48 46 18 68 87 -43 -24 15 -19 98 81 99 26 -66 62 -97 69 59 85 11 0 -17 -28 30 23 -81 -55 -54 70 -6 57 77 59 87 29 -41 79 -14 -12 34 -72 -10 -54 -75 36 32 -7 -15 72 67 -70 -64 59 58 88 4 -51 79 12 -76 68 95 13 -59 54 -50 0 42 -13 -45 -13 -38 73 71 -20 75 51 65 22 10 44 95 -46 -81 89 -37 -92 1 -91 -22 92 75 99 -68 -29 -22 -72 -16 -1 66 37 -20 -31 -68 -18 -59 -9 33 4 -29 -49 26 -65 79 -73 27 -21 60 -93 79 -59 -92 58 -83 87 58 -98 88 -77 92 61 -66 47 -67 15 -5 -8 -89 94 -88 92 -56 -64 -97 -26 96 74 -94 -57 -23 76 -37 -51 57 24 85 33 44 11 -64 -81 -6 -73 56 1 57 -97 -58 36 74 86 17 8 -55 -34 -67 82 -24 89 92 -46 77 26 54 27 -58 -45 -65 -6 -27 65 33 85 4 44 -28 0 -45 40 -54 83 -77 18 -42 -40 -60 5 49 29 -9 -12 -93 81 31 -77 -8 28 86 24 -51 75 14 -32 -89 72 78 69 -53 34 -13 90 -11 -26 71 35 88 -28 -86 -27 62 -19 -34 -50 91 1 -9 99 23 32 -69 -42 44 83 -8 -80 -8 -61 64 -14 49 81 75 -1 -40 79 17 71 -4 -82 -65 -28 64 6 6 -23 70 45 12 46 -59 -50 74 8 -52 -21 97 51 -55 20 -96 19 78 -75 86 67 -91 -56 -51 52 6 38 -97 29 28 -73 21 51 9 -28 -72 -28 90 -74 -2 38 74 81 52 -64 13 -59 -32 -28 70 69 -73 49 -68 -45 35 -74 49 -84 -16 -72 -96 -5 -98 -14 -88 48 46 29 -27 -6 -84 -63 45 -34 -37 -53 -16 -19 16 79 -70 -91 -9 35 -94 31 97 -46 92 43 -42 91 30 31 32 16 -66 -42 -19 74 -5 62 -92 15 -72 98 -86 -2 -7 96 72
-3 12 -22 -40 -27 -64 70 -85 -13 -59 74 83 77 30 85 28 -86 66 10 17 -1 0 -40 -89 0 83 2 3 20 -27 77 75 -26 68 -34 23 -38 55 -50 -76 25 -95 -9 26 6 43 94 86 43 53 10 -90 -12 53 24 -36 -1 68 19 10 -89 5 25 28 52 -56 15 50 -22 57 68 -15 87 65 -73 -64 -91 -21 11 66 -85 36 67 43 5 83 -68 35 78 -84 -17 63 31 77 0 74 -74 48 -16 -19 10 -62 37 -11 -5 -98 -22 -54 -18 66 -64 -39 -69 48 51 91 -94 13 -85 34 -70 -5 -14 62 -56 -28 72 34 -41 -12 -97 72 -94 48 38 32 9 88 -86 -83 -73 84 -5 93 -39 42 86 70 42 -41 39 95 42 82 -98 -61 27 90 57 -14 34 80 -27 74 29 -18 -82 81 -62 35 81 -10 -30 -92 -28 95 97 3 87 -37 72 -23 10 -52 72 -88 66 35 96 17 12 -71 -21 11 75 50 9 87 49 -81 36 42 -91 -36 73 -74 -42 2 -77 -76 -83 -25 56 31 39 -3 -19 -77 42 83 -17 50 -93 -16 79 -38 -76 0 -54 85 -20 65 -66 4 24 -25 -36 -35 71 -34 -31 -41 42 -17 -25 -96 -70 -25 79 17 41 -60 -71 -97 68 88 27 21 -23 -61 -28 -61 40 -43 80 -89 -26 94 45 0 -90 -6 11 -20 76 -69 27 -97 -20 -13 2 -39 20 90 35 -94 -84 -42 14 76 0 -63 50 83 -31 25 -86 -56 53 77 5 1 -39 -27 62 11 -38 34 -21 77 31 35 -76 33 87 -82 73 -26 -58 11 18 -85 43 -61 -76 -65 -20 46 15 53 13 -13 -77 -84 6 -32 30 17 -63 2 -78 10 -99 -59 -71 22 46 -61 33 31 -44 23 -14 31 75 16 -80 -9 27 93 47 3 82 39 34 40 -93 -14 -22 38 24 -33 -90 93 -11 -48 50 33 -60 -91 -49 -19 17 -57 51 -10 -61 -86 -10 -51 15 30 19 92 5 -94 23 99 78 -64 -42 -40 28 -19 -25 -35 -20 40 -67 57 91 -60 89 48 -54 90 69 -45 28 97 -69 87 -48 -66 -37 -27 -65 74 99 -57 3 -46 76 -27 44 55 72 28 73 -28 -33 -25 -58 77 17 -18 10 -19 -92 -98 33 12 -91 -87 -4 37 31 -73 -41 -14 85 -35 11 23 75 -94 67 30 -26 -99 2 -13 6 6 72 14 -46 33 32 -26 25 -69 -55 -25 -22 -71 74 48 80 -8 62 -48 87 -39 -84 -72 -88 -42 49 23
-29 57 -99 78 -39 -17 90 87 -81 -44 16 -8 84 68 86 70 20 -83 -26 22 -90 3 -66 45 -96 85 -92 59 38 -90 -5 -91 -6 -83 68 60 -32 -97 80 -31 51 25 -88 -11 -35 -71 81 -33 -79 70 -78 51 80 -60 34 48 74 -38 38 28 84 6 49 99 13 -91 90 -57 -15 -96 -72 -62 6 67 12 -34 42 9 61 -41 56 -28 -20 -36 -17 24 -35 -95 1 40 -57 38 25 42 -81 52 -85 98 -15 -76 70 38 58 -73 -14 3 -86 -45 -44 76 -8 -48 53 22 75 -44 2 -51 81 15 -14 15 -32 41 -32 72 9 55 -7 14 68 -26 -62 -56 80 -11 -8 -68 -55 36 -92 -69 11 -83 -85 -62 -49 63 90 64 -38 3 -12 71 -7 69 13 -96 64 96 -89 99 -34 84 -13 53 -83 91 4 -14 36 -80 36 91 90 92 49 -63 15 -53 28 -21 89 -46 46 -49 90 98 36 17 -42 -18 -79 -74 -42 0 -33 42 63 -26 -16 -90 -48 -50 15 75 67 79 -35 -30 57 -97 -80 64 89 -22 -37 93 -94 38 46 -38 30 -95 -6 76 92 12 60 -81 -14 -23 -6 87 68 47 -73 9 -89 26 70 13 56 33 22 -24 -75 66 -20 95 -32 -82 -91 -14 23 26 54 14 -96 91 -27 50 -4 -93 -29 -76 48 11 84 -76 -64 -78 -34 -92 -29 14 -10 14 9 43 11 57 -40 38 11 13 75 -39 -96 -26 9 -6 45 -38 -96 0 -88 -47 1 63 89 14 -83 -94 78 -20 -19 -67 -50 -67 -96 46 -88 78 74 51 57 7 92 92 85 -5 85 -99 -50 69 -41 57 -47 -38 -34 -65 97 16 27 12 85 42 54 -86 -56 63 -79 -50 29 -45 49 -52 -44 -4 61 86 -53 -94 95 35 -85 -4 65 62 93 -43 -97 12 59 -5 22 -69 70 29 -42 -62 83 60 -64 51 -38 17 -75 20 -79 88 1 92 -81 -16 61 -3 -42 86 -36 -46 44 55 -28 53 -68 -64 78 -84 71 24 -66 40 -8 -68 -28 -84 -89 -22 -80 -32 53 -20 68 35 -43 -5 -48 -2 59 -1 16 -85 -82 -34 -38 39 -6 -16 32 9 81 17 50 -75 9 -58 -32 79 90 94 63 20 86 13 1 -72 57 -65 -22 -47 -13 55 36 -82 54 76 55 -29 -89 -24 -89 96 -45 85 81 74 -1 -90 -99 -84 54 92 63 69 25 38 -63 -40 12 24 -5 -98 -58 -12 -66 1 -83 -59 -71 -79 18 -16 11 47 -41 -85 -89 74
-41 -62 16 -88 81 -89 -68 51 34 -11 -61 78 75 -15 -92 72 47 5 84 -55 16 11 89 -42 -68 -43 -50 27 24 -42 88 21 54 37 -40 -90 96 87 72 30 41 94 -32 -6 92 -34 -20 90 72 70 -37 52 -83 14 28 21 -80 -40 -15 25 -96 91 60 -47 -39 3 -73 -61 -35 -9 -97 28 79 5 18 -74 -72 -18 -30 26 -27 -39 -76 98 10 39 3 37 -19 -59 54 2 17 94 -25 -4 -5 81 52 91 53 43 -44 -66 -51 -84 73 19 54 -48 98 -75 -76 24 55 24 35 97 -80 -78 -89 33 5 -85 -58 -47 83 -89 37 60 55 -50 -19 54 61 -65 -75 18 51 -91 -55 35 -38 98 61 53 61 1 -79 -60 -55 41 -77 -15 27 24 20 32 59 -31 -14 -5 40 -67 -7 -17 -12 -7 91 -1 78 9 -37 36 20 99 -57 29 -21 -21 -88 73 55 -97 40 73 28 -59 71 -91 -99 96 -86 49 70 30 85 -14 62 -83 -67 59 46 58 23 95 86 52 -94 26 59 38 63 -22 -47 -22 85 -8 89 20 -86 7 -27 54 -18 55 -76 -21 -26 69 -1 61 -7 -97 -34 -19 -11 14 31 -61 9 -97 49 -28 71 -91 44 32 61 97 -72 44 43 -56 35 -28 27 37 14 45 -30 -44 3 54 59 12 -54 32 56 58 94 -57 -21 82 -91 -71 81 83 -65 31 1 -89 -26 64 -32 21 95 -4 -19 -76 70 43 -10 19 -93 -29 -34 -65 84 88 -75 13 18 42 95 90 -98 58 44 -20 60 37 -76 3 39 -63 63 -89 -56 -11 -43 -93 -7 88 58 75 64 4 -50 -71 47 46 6 12 -83 -20 -59 -99 -59 -91 -96 23 -69 -75 85 0 87 -88 -2 76 -98 11 88 91 -65 -36 5 -30 59 -99 38 -33 -26 -54 -20 51 -21 11 -16 49 31 20 94 -62 74 -33 -26 22 -62 60 96 78 -83 94 46 21 19 28 -98 -7 6 -29 -27 53 -87 91 -92 27 14 -75 -88 -67 -72 30 40 -88 11 -17 -36 -15 -83 -94 -3 -33 46 16 43 -26 50 -40 33 -9 25 83 59 22 20 -18 42 -12 63 10 39 -67 76 -23 51 75 -25 94 -3 16 16 9 -57 -42 -57 -13 -26 -10 -66 91 -37 -57 57 -93 51 60 29 1 93 -16 53 50 -78 -72 -72 65 27 94 8 -49 33 43 44 99 -46 -27 -47 -56 -92 28 12 44 -11 -72 5 89 51 -43 56 -48 -82 -6 39 36 -93 45 96 -57
-49 73 -46 5 69 -92 34 -25 -24 -93 64 17 -75 -72 -21 -37 52 7 -86 -19 25 -93 49 5 -31 5 -1 92 -73 72 -59 -93 -68 24 67 80 55 -42 -60 -68 -50 -33 -30 21 -2 -75 26 41 2 -15 88 51 88 52 -51 69 -88 -11 -5 -86 22 10 72 57 -28 66 -86 12 -26 -55 56 -12 -7 41 -39 -68 75 -73 -44 88 36 -10 -65 22 30 36 63 90 49 44 14 -2 -18 83 -67 -42 -25 -98 -34 -16 -85 -34 -84 53 37 -65 -8 -78 47 43 92 -64 69 20 -74 28 -45 -96 -79 85 27 -54 94 4 -32 -6 94 -86 53 -36 -34 -41 4 -81 49 73 88 62 90 -90 39 4 42 -14 -96 -27 -67 -45 3 12 62 -47 -52 99 -55 83 -5 18 -62 -50 -16 -8 75 22 -27 69 30 -20 80 -24 46 -18 -7 -80 17 33 -32 32 -37 79 39 25 51 3 -34 29 -92 -28 -59 18 49 33 -12 35 -75 -14 62 24 -10 -56 -31 -85 -37 -77 -90 -36 -30 10 63 -1 25 97 60 4 17 73 9 46 -91 92 30 58 -95 74 -57 60 31 -72 69 -77 -57 -98 -58 63 -63 -62 87 -62 -21 27 -92 91 -80 -30 -32 -93 48 -38 99 -83 -14 32 5 -20 -21 -76 30 -37 -7 2 99 9 -34 -44 85 47 86 0 37 -46 82 -95 79 62 -40 68 54 14 22 -41 55 -67 -38 -36 68 -59 -82 -85 -58 44 32 -17 -40 -52 -89 92 -9 78 -85 -69 -97 -28 -16 83 -25 -45 54 15 -45 25 -85 -11 -3 32 -89 -96 58 31 90 -73 25 79 30 -42 -90 94 -41 -33 -4 61 -37 -34 -36 0 70 5 34 14 -60 -85 -23 1 -42 45 12 -20 -93 -6 -89 74 4 -45 10 89 52 -80 12 86 19 -22 -1 88 -2 -48 27 -27 -56 -69 13 90 1 17 80 -70 68 60 -38 8 58 -41 40 -55 -81 -41 13 -74 36 60 -34 12 -80 99 -5 -18 -75 -30 -92 83 25 -77 56 -41 -83 90 -16 99 -12 -10 26 -80 -33 -15 39 -4 -29 -58 49 -82 -26 46 -27 53 -77 58 -23 77 40 94 39 -60 -15 -75 98 69 66 -31 65 -83 38 48 58 -55 58 67 66 6 -44 -77 -70 -9 -43 -46 38 -21 93 8 -97 -17 18 -74 56 31 -60 -17 93 71 -13 -4 -7 -31 -91 94 -39 76 -87 98 75 90 -33 -30 66 85 71 -83 -84 42 -97 65 39 -45 -50 12 -12 66 -20 -82 -98 23 67 -71
12 -95 -20 -51 97 -1 -51 -43 -47 38 -40 5 73 -84 -9 -74 -22 19 -79 -45 68 44 -67 -48 -44 88 10 -88 43 61 -1 58 -41 -21 -36 56 -44 30 -57 60 -70 -63 -5 -12 -63 -48 21 -48 54 -94 -18 -3 -94 -31 -37 50 20 55 96 -94 -94 -32 14 96 8 23 91 -70 -76 -82 -67 44 -59 -25 -95 75 -87 42 -27 25 -21 45 66 35 14 61 -36 60 -29 -11 9 -36 41 6 33 79 17 -98 -21 45 -72 38 -58 -16 -8 -12 59 -11 46 -27 -54 -3 -99 9 -23 28 -27 -78 90 -21 23 -16 -89 68 -62 2 -94 -47 -5 -99 17 80 41 -23 -2 13 82 33 -2 -53 73 -45 -75 -34 10 -76 -4 -95 5 94 54 -12 -24 38 22 77 50 33 46 -92 -95 -31 95 -49 85 -38 90 -59 -31 35 44 7 58 -52 -45 -24 96 54 97 26 75 37 58 27 -92 -81 -23 -76 -97 -14 55 12 -88 78 70 -1 -7 -43 -60 96 -18 83 8 67 -23 24 -28 -52 91 -24 -60 84 11 11 90 -60 -59 -50 91 57 37 -31 80 9 75 -34 -57 -84 -6 56 15 -68 -2 -89 -6 -23 -54 19 92 -41 -43 -19 39 95 23 85 -79 -47 2 9 16 -76 80 84 -49 -32 30 -10 43 -17 9 -17 83 58 -73 15 -48 69 6 83 -41 93 -13 -46 27 89 -6 54 63 -5 -69 -35 -51 -78 -46 40 16 18 -85 77 20 44 31 -23 -30 14 -83 52 -39 47 67 73 78 90 -53 94 -30 37 -81 -45 86 -74 -2 -27 -34 -77 73 -94 -38 -48 -27 74 77 -8 96 -12 -28 -35 54 -2 25 -7 -68 85 -23 14 -51 78 64 -8 -26 55 64 31 35 -48 40 57 -46 0 -37 -16 -98 -73 58 -28 -47 92 -75 62 68 -18 -58 56 -38 -87 -78 -16 -5 53 72 42 53 -89 57 -52 19 84 -28 -84 -46 31 98 79 -94 -53 73 98 -51 31 68 -36 3 -7 80 23 80 -46 53 -20 50 -62 -2 -5 24 -22 73 -51 38 -69 89 62 -25 -63 -49 -23 96 -40 51 -67 81 -8 -40 50 -92 96 -77 1 75 -23 72 -34 -57 65 -85 17 3 46 -95 -16 -55 83 -70 -24 -94 64 -72 66 0 38 63 -46 -97 -82 -60 22 -5 72 -91 61 -11 -51 -37 -81 95 -29 96 48 -32 50 -36 -90 48 -97 -78 -52 34 15 98 12 -65 -71 -48 -5 -82 -99 63 -38 43 -54 -40 13 -32 21 -93 45 51 -97 -81 42
96 34 47 -7 52 56 8 41 -23 -91 41 2 18 49 43 97 38 78 46 -58 -25 -98 29 78 -11 -81 60 80 54 -3 53 49 43 24 -47 -27 -49 57 -6 23 51 -4 -48 91 87 -67 -54 30 12 -76 -67 77 -55 -52 -3 -17 -50 -27 63 48 -60 70 94 30 11 -85 68 -33 84 22 -49 -30 39 65 -53 2 -62 76 -61 64 24 90 -86 23 -32 -47 -58 -12 -13 -47 -61 -54 12 -82 -1 -89 48 59 41 23 -82 77 -17 -62 4 -54 -31 47 -76 31 34 29 57 -46 13 -46 11 61 -25 49 17 59 -4 45 98 -9 26 67 -76 85 12 8 56 11 22 -18 -36 26 -60 35 -57 -11 40 -96 26 -13 -79 58 78 12 78 65 24 -27 -74 42 -93 45 -14 20 72 -50 -55 22 50 23 70 17 -75 58 97 -36 -20 34 -76 -17 92 7 25 -58 -48 23 -96 -32 81 -52 74 -17 -28 93 -44 88 59 55 -68 29 38 11 -28 -6 -44 -8 20 48 -31 54 -22 -98 53 -53 75 13 -87 -10 -96 92 51 -12 22 69 94 -25 33 -89 -21 22 -10 -80 -5 22 -7 -30 48 63 -41 -23 -57 0 -51 -35 78 67 -50 -36 97 32 66 -18 -26 90 -44 80 -89 -70 -1 -52 -56 25 -42 33 82 83 72 14 1 42 61 -89 -23 -4 -75 13 33 -44 23 12 21 27 14 -25 71 -5 -12 -54 52 -37 -79 -7 64 0 -34 75 -21 54 92 73 26 -64 -11 -30 -29 42 -73 -48 -79 -6 -19 7 -41 -37 -89 31 -1 -14 79 5 -41 74 -75 -81 -56 42 -84 -24 -51 31 9 11 -33 -31 -34 1 10 74 62 92 39 39 28 7 7 29 -41 -66 -19 28 58 -78 42 -3 -22 -70 96 -26 -77 -72 47 -19 95 -89 -97 66 -42 -39 84 69 76 -35 32 -21 -85 -72 57 63 -5 -23 36 24 -96 54 -66 -91 85 3 -34 49 68 9 86 -88 15 29 16 -62 7 -42 6 59 91 -52 29 -34 -70 24 40 31 65 -67 20 14 4 -56 -92 -34 96 13 85 86 -60 10 -65 45 40 16 98 -42 33 -9 5 11 -81 6 -15 -4 94 -43 26 -94 -2 -8 90 2 98 -82 -19 -64 86 80 57 -44 58 77 -87 -25 -99 17 64 -98 27 -81 -81 -88 11 71 -78 51 49 -41 -87 78 26 -78 62 -2 -81 -78 94 -21 -11 -2 -13 25 3 -91 31 -16 -45 -89 -65 69 46 84 78 -69 -54 -29 50 -57 91 -71
96 -98 97 -42 66 27 66 52 -70 73 -77 13 26 -12 -43 10 2 56 -93 -25 -35 -61 23 80 -42 89 -75 -75 57 13 -33 -37 97 -86 15 -70 45 11 -3 -48 5 67 -12 -85 -70 24 76 25 -91 -74 -62 56 -57 44 60 -6 46 24 21 94 -95 -35 47 -25 -5 21 -95 -61 6 -95 22 46 -50 76 -58 12 92 64 56 -37 -28 -2 -25 41 45 -45 16 -42 85 -51 67 94 28 20 -97 24 -14 46 6 -34 81 61 -71 88 72 -58 3 6 16 -81 -34 -95 96 -94 -33 40 -40 -28 12 87 40 -78 -82 79 57 -69 47 -97 78 -4 98 -17 -89 48 50 -96 -10 55 65 -36 -29 -5 56 -6 6 -25 -3 39 -2 97 -93 -60 -37 -96 -29 38 -29 -22 63 -77 61 90 94 -49 99 -79 26 -73 89 50 32 86 -78 31 35 -20 -85 79 15 -7 61 21 26 17 -33 -24 -22 1 -69 -66 69 68 77 -34 47 67 42 42 62 -16 2 40 52 48 -65 -87 29 51 16 -10 -75 24 96 -71 15 -59 -82 -27 59 29 17 -57 84 99 -15 50 -14 34 -88 81 16 -84 39 92 33 99 -94 21 15 1 -81 31 19 43 -10 12 -85 99 -66 30 -12 -73 38 -80 77 55 64 47 -45 98 35 -77 93 45 30 -10 -97 26 16 -87 -8 53 88 -92 44 -16 -78 55 -53 -1 -1 -8 64 -88 -84 91 -14 28 -94 -26 -43 -39 -2 8 -86 -39 94 -33 -15 -63 51 -16 -93 -44 94 -30 24 41 90 -95 -16 55 -12 -45 -96 -15 72 80 -34 79 16 -57 -3 41 -23 -58 35 -64 30 -87 -86 -62 99 -30 97 0 -74 71 -4 -65 -88 62 -84 -47 -90 25 -1 -56 78 31 -2 76 -72 75 -54 -3 -54 66 26 -54 83 83 -35 -71 14 -18 -22 -6 31 83 21 -30 38 -65 -26 -97 -55 -10 87 -60 14 24 -64 -78 63 -6 -30 11 -75 34 -29 30 -43 -71 10 16 -66 17 41 32 33 72 -92 82 -82 -8 98 57 -46 -74 42 -60 34 -79 37 -96 -64 55 -36 10 -29 53 26 66 30 -77 -57 -2 77 -15 74 -81 -68 88 -15 15 -95 93 37 36 -97 6 5 42 24 -60 85 63 -82 -93 0 27 -84 -4 85 -55 -9 71 48 38 -81 13 -31 -18 26 11 -87 -42 -45 8 -95 -66 82 -60 5 -7 -77 -95 -26 89 74 -7 -7 50 24 63 -81 82 75 72 31 42 -77 94 77 -59 77 34 0 -12
69 38 -91 -67 4 -45 -18 57 53 42 -1 67 -87 -78 33 -88 -38 -88 77 23 -67 27 84 32 -74 0 23 69 6 -21 61 -3 93 -84 -30 56 -19 65 99 -6 92 -94 98 14 -12 83 58 65 91 -60 62 16 47 -38 77 -93 58 60 14 83 59 -38 -37 75 -29 -43 -84 80 72 19 -93 -3 -20 46 76 -52 -55 -20 -78 10 11 20 43 21 -39 21 75 96 77 -51 -57 -69 -60 -72 -44 -69 65 26 -56 -41 14 -12 -16 38 39 -33 67 95 -95 -87 -71 -2 -13 67 14 67 -60 -34 -59 -80 46 -97 6 -16 32 2 -14 -80 -33 -98 90 76 -37 -54 8 33 -57 72 -89 -70 8 90 -80 -52 -88 -69 61 -98 -88 -88 72 -88 62 -75 0 62 -39 -26 -81 79 50 -54 -62 5 29 -19 -48 94 59 91 -79 -72 -69 77 -22 -35 66 -40 -79 -62 39 -10 -43 42 31 -33 -61 -32 68 -1 20 31 -52 -40 -35 56 -85 63 2 56 -32 -3 8 -97 -81 65 66 -4 -51 75 65 47 82 -44 -3 -45 29 -85 -71 81 -19 48 -81 34 23 64 -91 -59 -48 -98 -58 -54 -37 -49 46 99 22 -70 -78 -46 97 12 77 68 67 -16 67 -21 -66 2 31 87 25 -78 6 88 -15 70 -10 -71 45 -87 -82 83 0 5 36 98 64 70 -81 64 34 30 -38 -58 5 45 -95 52 -90 -26 51 -44 -92 -92 -43 16 59 -48 71 79 -56 2 27 -98 -21 -25 -59 -80 -31 -93 18 -31 81 -48 26 66 69 17 59 32 83 -7 38 46 -25 86 19 -58 62 98 -9 -8 -12 -34 -82 23 90 35 79 62 -32 83 54 -25 10 0 -57 -29 -20 -8 -23 -28 13 60 -14 -12 -39 53 -41 56 -76 66 -76 98 34 -52 -71 96 -15 -33 -76 21 -7 39 -42 18 29 -30 -66 -42 -99 -15 9 -25 48 -72 -68 -38 22 0 78 8 25 94 75 -70 -6 91 -32 41 -1 54 16 -1 -82 21 -98 24 -22 78 2 -43 -76 -81 -23 8 61 -48 -90 -91 45 -14 96 -76 34 75 76 6 -42 -53 18 64 -46 -51 -97 -44 41 12 -25 -14 -48 92 -76 -14 55 -95 -37 -5 4 -84 7 -76 93 55 69 -87 87 11 -91 23 1 57 96 -62 62 -95 62 73 -17 -17 50 -35 -14 -34 57 91 35 32 64 -70 68 -77 -21 26 -46 72 -68 93 56 98 85 -30 -54 44 47 30 15 41 -99 -97 13 -64 -54 51 -90 -73 -91 -85
-13 8 36 -24 -33 -33 -60 40 10 -37 -54 60 30 84 56 -81 88 -37 56 -89 75 92 58 -26 67 10 72 -57 29 -11 -45 79 -86 -97 -41 35 -25 35 14 -99 -97 64 -3 -93 -67 55 9 -47 85 -19 44 69 -55 -71 -66 36 94 -81 6 88 44 29 -18 74 24 -74 -19 -44 -30 13 -66 93 -94 17 -11 30 26 -64 -40 -9 82 -30 -27 -92 -99 -9 40 3 74 94 17 89 81 30 -46 -92 -93 40 62 73 89 74 49 -42 -41 41 33 -71 -24 64 -46 96 -87 -99 0 -46 41 -24 0 23 -39 -39 -65 -24 52 7 -42 65 1 61 -45 -91 32 86 8 -37 29 -6 93 -15 57 -11 25 27 -52 -62 -10 -80 15 -25 -98 -44 -12 -99 -76 -16 -6 -19 -35 22 64 93 -60 -46 -46 68 -46 -72 67 94 -81 -20 -91 -80 -87 -60 -98 -75 -31 49 34 79 -24 33 -64 -20 28 -42 -7 57 38 79 8 -19 -21 -97 76 -5 73 -28 -79 42 51 29 -96 -20 -90 -55 72 -52 -43 67 75 79 -93 -96 -58 43 41 -60 36 49 -2 97 -68 88 -83 68 -6 -16 -76 -1 -42 93 95 -83 73 -55 1 -66 15 47 -60 80 44 -75 -52 -49 -63 -12 -45 54 -7 -67 -34 -69 -36 -65 -57 -30 -90 26 76 31 -17 4 59 -57 67 37 31 66 -4 68 3 -13 91 89 36 21 67 -10 -57 21 99 4 -63 -46 -70 -9 86 -67 38 -25 -59 67 -57 -69 81 -27 84 34 -46 91 21 -7 89 5 28 30 -97 -54 -45 23 -80 99 31 -43 88 -47 89 -74 -61 59 -90 -71 -7 -2 -62 -26 59 42 48 -57 -94 75 69 32 -12 -59 -58 -63 -58 75 95 40 -29 -6 13 -58 31 -23 -55 13 -69 -7 -14 -24 -13 35 33 7 -43 58 -31 82 82 -66 67 -1 -37 -20 95 -60 48 2 63 -35 69 42 20 44 71 44 -79 -97 74 -80 -73 37 59 6 8 -42 -54 -15 15 -29 -82 -89 -80 -83 -86 50 -97 -98 8 36 84 44 59 19 77 35 3 72 -26 -81 21 -96 42 -27 75 -43 2 -64 97 38 75 -7 -6 12 -50 91 62 13 71 -37 -39 -24 -96 -89 63 -65 67 87 -10 94 -27 -11 93 32 32 7 5 -23 88 42 98 81 41 -87 79 17 47 -57 -15 33 -34 9 89 -92 39 -88 -56 15 23 68 -37 -75 25 88 54 -71 -69 89 -90 31 -12 -54 -61 4 -16 -59 -75 18 -36 -38 40 44
26 -52 -36 -6 -13 45 -19 22 -32 -86 -66 78 -66 24 82 10 38 84 42 -60 -54 -52 -21 -89 8 -73 -2 67 -51 50 -13 -8 -53 -26 82 -86 -35 28 10 53 21 97 -22 -17 14 96 -65 2 -43 -26 -12 38 79 19 -53 -92 -6 -80 -16 96 57 -14 93 18 67 58 33 21 38 91 56 48 -23 53 17 39 -52 19 45 43 5 -94 -39 42 -71 41 -37 -59 37 -87 -58 -43 22 -95 27 19 46 -68 -32 -88 86 96 -72 72 72 -15 -35 29 54 54 -7 -21 4 -37 -87 18 -5 71 79 15 -68 -23 12 96 29 63 -70 58 16 34 -48 -24 -54 7 95 -75 79 96 -46 -98 85 94 10 -50 -69 45 -93 3 -40 -98 89 38 86 88 12 82 41 68 86 80 76 -76 -70 -99 -24 19 -97 57 -58 -90 90 87 -26 58 88 3 -52 -39 42 -28 -86 -4 -45 27 1 20 13 97 -70 -8 23 -47 39 53 -62 61 62 24 12 10 26 -52 81 61 84 -59 90 69 6 -82 85 50 82 90 -7 -47 77 15 -31 54 83 85 97 -98 -28 -35 -54 38 -90 -18 83 4 46 -76 -10 -63 10 -11 86 -74 -19 21 -26 -61 -19 43 -16 -43 47 32 35 -24 -60 -83 50 -61 84 32 92 -5 51 -2 14 -17 1 99 98 22 -89 52 -8 -39 -80 -89 -96 -54 89 86 92 -67 -93 51 74 -17 -33 -3 93 97 65 -77 30 62 9 -10 79 83 -77 -49 33 20 55 54 -54 -40 74 -65 51 66 -80 33 -3 -45 -15 43 21 -78 -20 98 38 13 -73 -64 -71 68 -30 93 44 85 -57 -89 -45 79 68 24 7 51 -74 -87 66 -12 -13 95 22 77 -48 -91 0 23 72 12 30 46 60 -81 24 81 -98 -27 -2 -83 85 42 -31 -54 47 -60 -82 43 48 -89 -81 54 20 65 -28 -32 53 -41 30 11 49 -64 -59 12 25 37 -69 67 91 49 -73 -23 -80 -58 17 -43 18 79 35 -15 -85 5 -58 -8 -97 81 85 -40 67 11 46 87 -44 83 -18 44 72 -92 70 -92 99 -50 -8 62 20 -98 84 71 -31 -84 83 -7 6 -99 -85 -21 62 -14 42 22 -79 34 -34 -98 37 5 13 84 -47 -63 18 74 -46 35 -7 99 98 -1 28 87 9 -81 -26 -57 -92 -31 58 -5 40 2 -62 -11 -3 38 32 -37 51 -85 -15 -20 9 31 -32 23 66 57 28 -63 48 58 -47 -29 17 -52 62 67 85 -67 -72 38
-72 97 -88 27 -49 5 -43 12 -13 5 -41 -83 72 3 86 -43 81 75 -62 -54 81 32 4 94 -24 99 23 20 -85 86 -51 73 -95 -54 9 40 -92 32 -68 17 0 -44 59 72 -68 20 -42 29 -69 -7 -54 -14 97 59 13 -94 51 20 56 -68 -94 -57 46 -17 47 32 -74 73 17 30 2 26 94 -37 6 -61 -55 38 -84 23 56 98 13 36 58 30 63 -2 -25 60 -15 24 -25 -58 -36 13 33 -45 -29 -65 -17 67 89 -93 -86 21 61 -23 -46 -13 33 -86 95 -39 -88 -3 76 74 73 -18 66 26 -92 -69 48 40 75 86 89 -77 -3 -77 -22 -36 -49 43 28 8 -64 -91 9 64 48 85 96 -44 56 -6 83 97 74 -68 -37 -85 82 15 -73 47 0 -17 42 65 66 -64 6 -16 96 92 45 -15 -33 -41 -18 -33 -42 98 25 -61 -81 -37 -7 93 99 -28 -19 -19 -39 -49 23 15 80 35 -28 -19 50 -72 60 52 -91 90 62 75 87 -31 6 -66 33 34 -37 -27 -95 -56 -53 75 -78 -38 42 -58 -3 -96 -75 -75 -24 33 -21 12 65 -88 -81 -58 -74 -29 25 93 63 75 -44 12 84 -63 11 -48 -20 -43 35 -73 6 -56 56 67 -59 -36 -17 65 -37 68 36 -40 -92 -36 -51 19 36 -34 -18 -75 -18 -83 -9 -48 -18 -68 95 -65 42 27 -50 55 -3 -72 11 -54 -84 82 65 -18 37 41 -88 -2 -49 88 -88 -49 -98 79 -2 76 75 -95 58 -37 -60 -68 2 81 -80 -8 15 38 67 59 34 -5 92 11 -28 59 -88 35 66 -69 -79 47 -8 -7 69 -1 -66 -19 41 -85 64 -47 76 -78 91 -52 -47 -61 -84 -83 35 -65 24 -19 -43 19 -14 -14 19 5 15 75 26 17 48 64 49 21 34 -45 1 1 78 -52 -67 -93 -60 62 38 5 79 80 94 -34 79 22 -64 54 -4 -93 -13 68 -19 -75 -64 -22 27 7 15 -57 -19 -47 -53 -89 90 43 70 18 -84 75 19 -58 34 70 43 72 72 -98 4 24 -36 -71 61 50 26 44 -26 13 -1 -86 28 -44 -62 -95 19 -16 34 -74 -18 -58 -35 5 24 84 58 -10 27 22 90 -23 96 -72 70 52 88 -11 68 68 71 -81 17 36 -97 74 78 95 72 43 56 -75 -21 -84 78 48 45 8 30 -48 93 64 70 5 42 65 -32 -60 91 -3 56 -56 5 -1 36 35 -91 -32 -76 -70 -98 -57 76 -54 16 -69 66 9 17 86
66 -70 16 -82 -41 -40 -43 -20 96 -31 -1 -23 -89 -57 60 -73 27 -92 74 -13 -67 85 89 30 -3 13 -39 12 17 -93 -11 -36 -3 2 90 -52 67 -79 80 -63 66 -22 41 81 -86 95 35 -61 31 6 60 75 10 -47 -59 -95 -98 63 71 -71 9 -98 -39 62 53 -90 34 -29 -62 51 10 -99 -88 -31 16 23 27 66 -73 -53 69 73 39 50 -75 61 -66 -71 -67 -86 11 -76 -86 -11 33 20 46 -40 -68 -50 58 -59 -43 34 -24 -84 -22 3 -15 91 4 -14 17 -29 -33 -48 -86 66 3 -38 -48 81 31 19 69 -50 89 -18 36 93 9 89 -84 41 -14 -38 -74 -27 97 66 -38 -76 18 -35 26 27 63 53 85 94 76 -73 -44 86 -58 83 -50 -4 -42 -75 -19 63 -52 -74 -47 -85 88 -54 51 -12 -56 2 21 -6 52 -84 46 -5 10 -12 -20 -6 22 -94 -42 50 -64 44 34 -64 3 -77 -82 11 9 -17 38 19 -73 75 55 29 -4 -75 -41 45 70 23 61 26 86 -98 76 93 69 -7 -10 73 -19 36 80 15 63 -68 -97 16 41 8 49 74 -40 -49 16 -92 -93 -82 -13 -30 9 -57 -54 -69 74 13 -79 -76 40 65 -67 -90 79 -88 57 -54 63 -12 -17 19 -30 3 -61 -46 21 -66 5 33 88 -56 -12 26 56 40 16 49 8 93 -1 80 -28 69 66 82 -17 79 -67 -57 67 2 14 -52 90 -79 90 -15 -65 72 27 -88 51 47 -16 -58 -57 93 -88 -57 27 -17 20 76 -76 -41 72 -48 -39 -88 68 50 93 16 -71 49 -99 33 48 -9 -44 77 48 -31 17 -49 -5 -4 -21 24 -96 -41 68 64 -52 -40 63 -83 -97 60 -3 44 -41 16 84 54 -30 -85 -82 -64 -90 -60 -30 57 -79 -72 -75 -74 -52 59 38 88 -7 -58 26 -96 -45 -97 20 -19 34 61 45 5 -54 28 8 -46 1 -6 6 -83 -66 -96 -67 -6 90 -29 -11 21 -28 58 -55 -77 35 -97 78 45 19 25 -58 30 53 10 71 70 -80 -5 99 40 -87 -58 -83 -20 39 43 -81 -6 39 -91 9 45 46 -82 71 -95 -47 -93 -81 86 -83 -91 75 36 7 -60 12 -4 -73 -94 2 -10 -13 -51 94 92 -17 29 16 92 -40 58 93 -35 -57 65 -79 -72 -31 -6 79 -94 -74 72 40 17 48 22 -23 -27 57 -49 28 -99 -67 68 -41 -44 -55 43 -85 -72 -71 42 79 -36 90 88 -18 96 -63 69 77 75
-74 -56 45 -68 -6 74 -47 -36 25 -27 -62 -17 78 -37 -1 1 46 70 -2 -19 78 94 54 33 26 33 -42 -51 -44 42 -15 79 -27 10 -16 25 30 -3 27 -48 11 -61 79 -53 62 -29 -3 -5 21 86 -44 -24 -38 -70 11 -33 97 2 39 89 -87 12 49 10 50 -87 8 44 24 -31 -81 -10 98 61 10 -83 -16 98 -21 38 4 -34 -17 17 17 -73 -51 -42 -28 37 -39 -96 29 70 61 81 -40 -41 79 -71 53 -37 20 47 2 55 -49 0 -36 -3 73 69 -42 3 83 7 -1 7 -72 28 -51 23 60 99 -10 -69 -57 -10 24 -81 0 39 -20 -7 -52 22 -73 -49 -10 -59 -61 81 -6 1 -75 90 0 -87 -89 72 42 -95 -36 75 19 37 32 -30 88 -68 -28 35 -64 -64 75 -78 62 9 -96 92 46 -47 55 -57 5 -49 44 87 55 -43 -49 51 30 -24 -31 -61 -98 -98 3 60 70 70 73 -8 92 85 29 17 18 -14 41 -39 58 27 -99 -77 -74 38 -98 13 -97 83 68 -54 70 -99 22 62 74 32 -23 -58 91 -45 97 -55 -82 97 70 93 -34 -7 -16 -50 -51 -97 87 37 -6 -76 -24 -45 -50 7 39 59 -82 -37 -82 -10 -86 -24 12 -62 -90 84 96 38 -78 -60 26 51 53 81 -31 -31 64 -5 -33 -38 -43 78 -21 -44 -83 31 -82 -73 65 68 -94 3 38 38 21 68 -57 25 7 -80 96 -13 -93 -42 6 95 -93 35 -78 -23 50 23 40 82 -35 -68 22 83 56 -78 -84 27 -85 -67 17 -46 -3 99 35 19 -20 98 85 46 8 62 60 72 -42 -73 60 20 93 -26 67 -73 71 64 -42 93 -89 -19 -38 -87 -79 71 3 99 -32 75 27 4 12 5 83 94 -98 -36 -93 8 -77 93 -45 89 17 23 10 55 64 -72 39 -88 17 14 88 -60 83 65 -22 -80 92 53 12 33 59 -72 -45 -21 87 28 51 90 -45 35 -40 19 97 44 -38 -4 -93 35 58 -55 -89 -44 -8 45 -23 40 57 -43 31 -11 -90 -39 66 54 -5 2 -22 -16 -6 79 43 33 3 61 -27 -20 29 -1 16 -7 -14 99 13 0 8 86 59 16 91 62 24 67 36 -61 16 -92 -99 -91 99 -73 82 -65 21 75 -62 34 12 84 2 -19 84 -81 17 -16 19 31 32 -91 57 15 -19 -91 26 42 -41 66 41 -28 -77 77 48 -96 -57 -22 44 -20 39 32 -33 16 -34 64 67 55 82 99
-91 -2 -67 -74 3 36 -48 74 -38 -44 -25 67 -34 -41 1 -41 45 -17 -99 70 -11 84 -26 39 72 64 13 72 -32 -54 19 63 4 -15 -33 -92 21 -9 -33 -30 30 -91 91 65 -25 69 29 20 -55 -90 64 70 63 -43 3 44 -13 -54 -21 59 85 33 -87 -35 -95 90 -48 75 35 -90 67 89 35 -73 55 43 89 11 -18 -37 39 49 77 21 -98 -7 32 64 11 -22 48 92 -20 -41 49 -50 -32 6 -93 -20 89 -44 20 45 69 -94 8 3 99 55 -97 -28 -83 -82 -52 -32 91 -41 -65 -32 -91 -12 92 -32 -97 51 -50 1 -29 35 75 -36 -1 -57 -28 -96 -99 4 33 -51 -48 -34 27 -55 -98 26 -48 53 -40 -5 31 -89 1 -13 -61 -5 -10 -52 -36 11 -69 82 51 94 10 -78 58 -30 -98 -27 -50 31 -95 -94 21 -54 -27 -52 38 -95 2 -36 -86 18 95 -54 -11 87 -69 -93 -76 -41 -30 16 89 87 93 76 43 35 -19 -33 62 -28 -8 -86 -12 -30 -70 -44 -4 92 -30 -57 1 -20 -48 -18 -2 47 -99 -71 -96 -44 -55 44 11 82 98 54 39 -40 -67 -91 39 18 44 -3 10 91 -19 -24 99 -70 -3 14 -64 40 12 48 27 88 46 -25 -59 -74 81 -70 -29 26 -31 30 -42 -79 -37 79 -59 31 -60 -65 -2 -65 -47 -63 0 24 87 -70 76 94 -90 -35 57 -7 34 -24 -26 43 -68 39 -77 -97 91 72 -60 -20 99 -18 -19 82 -29 -91 97 -22 -12 -60 -85 0 -92 -57 -54 -43 25 98 -79 -87 -45 -29 42 -65 36 9 95 3 -59 10 -42 -78 28 18 -34 -72 -97 -73 -52 49 -48 -87 -40 69 -44 -12 -85 74 -85 -27 32 1 57 5 47 63 35 52 71 94 29 -86 74 -43 6 -71 -62 29 27 -79 -45 -69 39 -73 -42 -49 -12 -28 -31 -1 35 -71 44 8 -63 92 90 73 -31 -35 -58 -92 -32 -69 -25 27 -48 43 51 38 64 -4 -7 -53 -60 10 72 6 68 -75 -72 -91 62 -58 25 62 20 -77 -86 -33 -25 -28 -16 -66 -42 78 61 -14 -53 -8 6 -61 83 27 12 82 93 0 -51 95 59 -89 -92 -44 13 40 -71 74 21 93 -99 83 11 57 -28 82 -45 95 -5 45 -7 -55 91 99 -36 -78 33 -25 -7 -73 83 16 40 48 -80 69 -25 16 -6 52 -12 -6 8 21 42 95 -54 9 85 -29 0 56 87 83 -38 -63 71 -36 15 -29 -37 -82 -30 -36
-83 -76 -42 46 66 -8 -38 -26 77 -44 77 61 42 -67 -92 -87 -31 30 79 45 5 79 32 45 -19 44 -90 61 72 -89 -23 54 42 -68 -35 -91 53 -52 40 -61 -55 19 -89 -95 39 -21 -44 53 6 -94 59 -70 8 -82 -43 -13 -72 57 -54 81 -82 85 34 6 -18 16 47 -37 67 -48 36 -53 83 -83 -58 -61 29 92 2 -31 54 16 87 -79 -55 -47 -19 91 8 -54 -72 -24 4 -13 -22 -48 47 37 -87 -99 -14 91 80 -53 45 -23 27 79 24 90 76 86 -14 63 -99 -54 -87 -1 61 88 -96 84 56 -33 80 46 57 95 -30 29 -88 15 75 84 19 88 62 43 -27 75 13 81 78 54 -9 -7 50 87 74 77 -33 30 -61 13 57 96 70 60 -55 -2 53 92 -28 -99 -66 65 56 -4 55 -73 16 26 14 -33 67 13 23 -86 51 -66 61 2 -45 79 -97 42 68 98 1 -67 -95 -88 -38 58 35 17 -92 1 -12 -91 64 -23 -39 64 84 -83 -59 -27 -27 53 -50 -31 -38 -88 18 7 37 -9 -16 54 4 75 -88 -17 -81 -93 19 3 -34 30 -66 77 -55 -15 50 -17 -45 -47 -95 5 53 48 -17 -86 11 49 -90 -14 -77 -10 -1 -97 -21 64 0 -46 -98 -93 23 51 17 -75 -5 20 59 52 97 -78 -19 76 -68 27 -99 54 -9 54 -67 63 -55 35 91 -92 -65 -34 24 4 2 -45 91 -98 -38 54 -38 75 -7 -10 -43 6 -72 18 -10 20 -41 -71 -84 -43 5 -89 57 -82 96 -28 13 39 -24 89 35 53 -15 74 -23 -99 -86 -68 -74 76 -53 25 -86 76 27 23 -63 51 98 79 18 -83 88 -79 -37 -87 -84 -45 -19 25 -71 -54 -71 68 8 -32 -18 -26 -68 -13 -34 8 68 20 48 89 -71 -69 -14 57 58 87 68 -51 25 -43 59 -15 -40 56 58 -48 -21 -35 -58 -48 43 28 63 56 28 65 38 86 -56 89 50 7 61 51 -66 11 75 -38 -39 -79 49 -62 -18 17 -20 -20 -70 69 60 67 2 60 78 -22 -84 94 -78 97 36 -23 -50 50 60 12 -17 -26 78 88 76 -48 -96 0 94 49 -53 -30 87 86 -97 41 18 -3 55 -59 50 -58 40 86 39 -39 67 4 -7 59 -82 94 47 52 -85 97 58 93 61 12 25 92 55 -85 32 -23 74 -10 50 -51 -46 -29 47 -30 42 -99 44 -29 62 99 -40 -93 -3 59 33 -19 -32 2 24 -98 47 36 -77 -85
-2 31 99 92 -56 -10 -75 -11 -42 78 -58 -17 83 79 -36 71 36 41 2 19 25 -98 -24 -20 -85 -27 74 35 54 29 -4 18 -5 35 57 48 -23 -77 71 38 85 -58 -43 -1 -67 -40 -59 -98 -6 -51 -2 94 45 -52 51 -94 -97 -80 27 -86 -16 71 -67 -71 -60 27 -70 -57 93 0 -44 -22 8 -62 94 79 32 17 95 59 -16 -62 36 18 -35 -52 63 82 -85 5 12 31 29 11 -24 -68 -21 -67 -49 -79 95 18 2 -26 94 -57 89 39 -11 81 -83 -96 15 32 -47 -66 -16 67 -72 -15 79 9 47 38 81 25 48 -7 -81 -78 92 28 -39 52 -37 40 -26 -46 -82 -33 -8 53 64 -81 64 88 -48 -36 -2 -2 69 21 29 -79 7 15 46 -96 15 81 58 29 33 84 14 9 87 42 91 93 -1 -70 -90 72 -3 -50 -42 -86 51 23 20 -97 15 58 -36 14 50 -52 87 45 93 49 89 66 35 -82 13 -6 -73 -23 77 46 1 75 -82 -82 6 25 -63 -52 -39 49 -84 97 91 -8 64 23 -47 -24 -68 -34 35 -1 58 71 -61 -61 -23 22 51 -14 52 37 -77 53 -88 50 -36 -92 -31 -35 91 -51 45 98 -32 -95 -10 -81 88 -76 -98 -4 -85 9 -47 -85 -5 -43 13 57 34 -52 -83 53 71 41 -31 -71 -96 5 -30 89 72 41 -8 33 57 33 -59 -68 -51 83 -49 90 -75 -57 -32 -12 -82 -94 -13 -93 8 -63 90 -39 -58 -9 14 -66 80 63 -4 -91 -75 79 7 11 -9 -63 75 -12 64 -52 95 9 38 -97 -22 3 70 57 68 -77 52 15 49 -19 -39 -51 -75 50 -5 -84 -41 -84 -51 -34 53 27 -3 -49 31 -68 37 -49 -56 -81 29 -23 -72 29 32 94 -47 -68 -63 9 64 -69 60 -59 -56 -2 -22 80 -22 -68 11 -39 28 -14 -77 -95 -54 56 72 84 -50 56 -79 69 80 -60 -65 -24 -10 -97 14 -75 12 -43 90 -62 3 15 -83 6 -81 -52 75 68 -96 47 -85 71 13 -42 -72 -40 -81 93 93 43 25 8 24 61 -93 -49 -66 93 55 -32 -37 -89 -77 -13 -63 -76 93 12 90 42 -48 -88 18 -3 4 -54 35 -43 -28 -32 53 93 -41 66 31 76 15 42 42 17 86 -2 1 81 5 -45 -31 -5 29 87 74 82 -81 52 -40 7 10 35 -97 13 -19 -99 26 50 -41 37 -7 74 39 -12 -20 73 74 -78 -30 13 36 52 84 63 94 -11 -89 58
9 -72 -34 10 -40 -10 -70 -14 63 61 -62 1 68 31 36 -14 -87 -15 -53 30 -48 23 37 -17 -4 53 -10 26 60 52 71 -39 41 19 48 32 -15 -52 -89 -10 35 -46 24 1 5 -25 -27 36 -30 -17 31 16 -20 -21 -8 -18 -36 -24 -79 1 -90 25 -33 -33 40 -79 8 15 -76 -81 -87 89 -12 57 -16 60 45 -10 15 83 27 -77 -99 -27 95 -77 -28 43 -73 -63 -30 -60 -95 37 -72 -34 -25 -14 -37 95 -31 13 32 -48 68 89 -54 -87 81 41 -8 0 22 93 44 8 25 -99 -74 -98 -10 71 96 -87 -84 -83 -26 33 -39 -22 79 62 -3 9 -85 95 -76 97 96 96 4 86 -60 -55 -63 -57 -87 -72 -51 -80 19 -57 2 -63 -4 62 -24 -76 -15 20 72 36 -45 94 -27 -17 64 -32 52 48 5 -36 57 -13 -23 15 26 -6 -64 -66 -6 31 -66 -70 26 -68 21 24 99 -19 66 26 -47 -46 81 97 24 -45 -38 77 56 0 40 31 66 -98 93 46 67 -80 74 54 32 -63 -36 -44 -85 -86 2 -9 4 -6 -59 89 -4 29 35 -16 88 -89 -89 44 14 2 13 44 -3 43 -67 -23 -17 94 41 98 -35 -84 23 98 26 34 -2 -84 -19 88 73 89 -56 -98 -31 61 -4 -19 -62 -25 -77 -93 51 -35 32 5 -12 -25 74 82 -9 23 99 73 40 -39 -8 -75 16 -3 -75 -23 50 -51 -25 -31 -2 -73 25 -48 73 -73 -65 89 25 -46 -45 74 41 -14 -41 -13 -6 13 -84 -18 -63 -68 -16 37 56 30 -17 91 -92 -41 -86 -54 15 -69 -69 5 33 -34 -13 57 4 -82 -56 -39 -6 32 -35 -33 -67 -59 5 82 -68 55 27 49 -23 -91 -22 92 44 10 -78 -24 61 -84 95 88 -84 -54 -20 76 5 39 -12 -92 -66 -77 25 -23 -47 -5 -60 -73 66 -18 -88 94 -56 -14 37 -5 50 78 50 -85 -37 -86 21 99 -40 78 -58 62 -60 -19 0 33 77 -80 -74 99 81 27 -43 -9 18 -21 -47 81 31 50 17 1 48 76 -26 76 91 -69 -56 91 -6 -61 -78 -46 18 -87 56 -56 98 94 -62 -6 98 -31 2 86 56 -43 -84 -59 20 -12 -68 57 45 33 53 -21 -97 23 53 32 -21 65 99 53 96 -9 -87 -30 -37 -9 51 -82 80 66 -10 -98 -87 -6 -12 73 -40 -91 -56 74 -4 -87 -20 -2 40 25 -53 2 92 -38 -77 71 -28 -25 63 -8 -80 41 -86 90 92 72
-59 76 -65 -3 -92 -16 -66 -77 -16 -9 -58 10 -25 -34 -85 53 47 -43 74 33 77 25 -98 -9 65 -35 27 -44 -15 -28 -35 39 -51 57 10 22 -17 -24 -15 66 14 6 43 -73 54 -3 37 56 -53 -73 37 10 -8 -29 35 -88 3 -93 -41 -39 -39 -42 89 -88 -82 94 -7 -92 6 74 -22 -16 -84 20 63 43 58 12 -59 86 -36 -84 -4 -93 26 43 -8 65 -91 -91 47 -58 -94 -74 18 -79 59 83 -5 -85 45 9 -30 87 12 74 -80 -19 43 -63 -55 87 -92 80 -67 -63 94 -49 97 8 63 7 79 -14 -82 9 74 -89 51 -4 -86 32 36 -96 -84 -86 39 -61 -21 55 -4 17 -54 -66 -20 28 15 43 61 -12 42 -16 87 -63 -72 -30 -29 66 9 -41 -4 -20 81 -42 69 51 -28 -18 83 -71 49 98 -81 83 -56 -30 72 18 62 10 -94 -53 30 93 15 -33 92 -49 -26 -60 50 -72 67 -75 31 3 -60 60 -85 66 26 26 88 -54 -79 -45 -32 90 -81 -97 2 4 -39 15 -65 -18 -95 -89 -78 -80 -38 89 -14 -37 23 27 30 62 85 -5 83 34 50 -71 45 -95 82 -97 -96 39 -14 62 -31 80 56 -43 45 -12 96 16 -2 -91 20 -28 -53 -30 -87 72 17 -2 58 -40 14 41 6 -55 38 65 65 47 4 3 -32 68 -79 -53 55 15 -11 96 33 30 14 -14 60 92 29 -20 -91 65 76 3 -8 -11 -45 -38 36 67 -55 -72 -12 74 60 53 -98 47 75 64 5 79 32 0 -68 44 22 78 -88 32 -36 71 0 55 -99 -33 55 11 50 69 29 85 -48 13 24 -79 -50 -34 -33 -27 -90 17 -54 56 -63 -26 -46 33 -86 90 97 10 -52 81 31 90 -27 -6 59 51 81 98 38 96 48 -30 10 88 -48 -69 -77 -8 -68 98 -79 26 92 -13 -47 9 -67 25 34 -38 67 -98 8 64 32 93 -91 -71 60 3 78 -38 -12 -95 -19 -69 28 94 41 -73 -6 57 -14 59 89 11 -60 57 -46 52 53 94 -49 82 -94 -20 92 45 -96 56 97 -24 83 -88 4 -22 -59 -77 20 86 19 83 2 60 37 89 -72 -56 66 35 -82 23 -99 -52 -5 -43 13 70 94 43 -88 2 31 -59 52 -89 -8 -61 -88 -46 75 37 40 56 52 -36 -49 -19 28 -35 -91 42 -43 41 -95 37 -44 83 80 50 -52 -45 -13 97 33 -91 -59 92 88 -50 -39 51 33 93 -23 37 -53 -51
-34 -33 -58 47 66 -20 -78 28 48 -63 -69 98 -33 -79 -27 48 94 -81 -17 55 89 -40 -89 30 -87 99 -53 50 10 68 -73 -55 -32 0 -41 -12 40 31 -50 32 66 -15 45 -89 1 3 88 82 -94 -30 82 -12 36 -56 -83 -86 -36 41 11 -53 68 -20 -70 24 -55 72 -64 32 69 -35 -43 54 24 55 -69 31 32 46 -52 35 82 -10 55 80 63 52 88 -64 29 -13 13 43 49 -8 -8 -3 -41 27 15 98 -68 93 94 84 13 29 -26 60 -44 28 65 -64 98 -89 62 58 9 -18 -39 -15 -55 -14 -71 33 34 74 -69 91 42 -5 -94 -79 -33 43 -60 58 -4 -43 -28 -19 -21 -79 96 19 -73 -41 -90 62 -42 -80 17 79 47 73 40 0 52 8 76 4 -85 45 -81 35 -54 -69 -28 63 37 -52 -71 -86 -48 -47 -86 -29 91 19 95 -68 9 -47 -81 95 53 -49 72 64 -35 25 -62 -22 47 50 -19 60 9 98 -13 86 9 -52 -38 7 54 -49 10 -63 78 -66 -95 -15 94 -4 56 16 55 -35 -9 97 -99 58 26 87 -55 11 75 -5 -47 -31 -29 55 97 34 2 -74 84 74 -24 38 -11 32 84 45 79 -31 -56 -68 -91 91 -62 -68 81 -21 -75 -73 14 -68 70 -96 -17 -43 6 -46 -6 23 54 19 71 17 -10 -42 -58 -5 -26 -93 91 42 -49 94 91 1 75 -2 96 69 -28 9 63 -27 -70 69 -90 -83 10 67 30 -56 -51 75 -4 -44 -44 8 -37 -97 -13 -74 76 -75 7 60 24 -71 -63 -59 74 70 -61 -10 9 39 -25 25 -66 19 4 -18 9 -97 -20 92 48 -93 94 28 29 -35 -29 -51 -64 -93 23 -65 -68 7 -2 61 -44 10 -41 -94 -52 -86 44 -77 -6 57 -25 41 6 -70 -84 77 -23 -21 -31 79 -75 77 -26 68 47 4 13 -81 -38 -3 27 21 -10 83 -17 -33 -55 -82 -17 8 93 77 58 -54 -15 99 32 83 48 35 45 -70 -75 -88 -95 -54 -37 14 47 52 -80 -30 -33 12 33 97 76 -57 -97 13 4 1 37 9 -69 46 -11 78 -99 20 -18 4 -71 13 85 43 -8 63 -45 -48 -66 -92 20 -37 54 -51 8 9 6 8 54 -30 38 41 34 -61 41 -43 96 -58 -97 81 48 75 -86 25 -46 57 -50 17 -9 90 -85 13 33 -97 10 66 37 38 -60 15 36 12 38 8 44 -47 -65 61 34 -82 -51 92 53 73 -90 44 -22 -42 18 11
-39 -8 -67 9 95 -46 92 10 -50 57 85 25 -78 57 51 18 14 92 60 -57 58 -51 91 -47 -17 -16 -50 6 23 4 -61 44 -24 22 -18 -57 -5 97 7 33 45 -20 -23 17 -25 99 -77 38 -56 13 23 -40 2 57 -10 1 25 93 67 -63 -40 5 -9 -5 -39 -94 -71 35 0 66 -49 -23 22 23 -64 -77 53 9 -14 48 97 48 -37 -22 67 56 -84 -68 77 1 88 -32 -89 -30 -81 -25 -49 -70 -69 0 88 15 -62 26 -59 -22 94 -3 44 45 -21 58 -50 28 -34 -24 89 33 -91 -13 -20 44 50 -21 41 44 96 -65 89 24 99 -83 -50 -57 79 46 -34 -62 -90 53 48 -81 23 31 -27 -63 -21 -23 -39 17 -85 -42 -90 7 -61 97 -44 40 75 28 -48 44 86 -79 36 64 -48 97 -18 98 -92 42 69 -75 -89 -26 -70 20 5 75 -91 -35 -46 45 63 20 87 -71 -55 -1 -85 -89 30 -49 -53 -42 80 74 39 15 85 81 -20 -45 -57 -51 46 -91 12 -54 58 61 29 39 21 87 -60 -87 -80 -53 59 -82 88 3 -51 -97 -55 -60 75 -5 -50 19 73 -10 26 -70 50 84 58 -34 99 63 46 -54 70 59 -82 57 47 -44 -3 92 72 36 -30 -6 -97 -43 -74 -3 8 86 -28 22 43 33 51 -74 94 61 -14 -59 33 89 72 -88 -92 78 43 -75 42 -50 81 76 -85 75 85 34 -18 -65 1 -59 57 -92 16 -78 64 93 17 -46 -6 90 -21 97 -3 -39 94 55 25 -45 -43 44 80 96 18 -88 38 -44 82 -15 -54 -28 60 4 22 74 -53 57 -45 80 -30 49 -23 85 -56 -60 45 41 -31 -11 27 -95 14 -14 -56 92 40 50 56 -62 -71 -69 84 36 -31 72 -94 -58 93 -66 -58 -25 -58 7 -98 -97 3 -15 87 -12 -70 88 40 -66 35 -56 3 -43 -91 91 88 12 66 7 18 -15 42 -32 73 -75 55 92 -21 14 -46 72 -49 55 18 82 -97 54 -3 -92 -61 78 89 84 -85 64 38 18 76 99 -24 21 89 31 -62 70 -42 -47 -77 14 -94 -73 46 -71 83 -11 87 54 -14 -21 81 -97 74 57 89 -67 71 41 -19 -98 -15 85 38 65 -67 58 -90 -15 -70 94 -99 59 -24 69 -48 64 61 85 -16 -48 28 -56 67 7 72 73 76 8 -89 3 38 19 52 -11 -43 -66 70 65 -31 51 64 -32 -61 95 -80 48 74 72 77 -81 84 2 -53 63 -25 93
-41 71 -39 46 -9 4 38 62 -40 26 73 96 80 -24 52 52 -8 78 -37 -48 -98 46 -26 -84 85 -91 -10 -73 29 87 -48 -93 -1 86 -76 -41 69 -2 45 -14 -53 35 -26 -22 76 86 74 11 -68 74 55 24 32 43 2 -87 86 64 8 23 73 38 -61 -27 -11 -73 -13 62 19 -15 93 -13 10 -48 -38 -68 0 -51 -91 3 -42 49 -33 -15 -87 20 -55 -38 14 -44 85 -42 30 -29 21 22 99 -84 -13 22 -48 31 51 61 42 -79 95 -45 -97 -37 -53 -61 -74 44 -85 73 -32 41 39 -43 55 82 78 82 59 3 75 41 -13 -45 31 37 -76 -5 81 72 29 -27 36 7 -29 -78 86 -35 -69 24 -96 -2 -87 53 95 -58 -50 -20 38 83 -17 -36 0 -39 81 -24 -66 8 29 53 -86 -21 -49 -68 28 -88 62 28 -6 89 -97 32 -32 95 -13 10 -63 -13 68 -29 -80 -27 33 72 7 -86 58 22 81 -16 54 -15 44 -59 -88 -48 -87 -21 -27 -35 -15 -42 -92 61 84 3 -62 -9 82 -75 33 46 61 61 -49 30 -13 -25 -90 -76 82 82 75 -72 -33 -7 35 97 9 -4 -92 93 51 -49 90 -2 -18 -70 59 -67 6 14 90 -63 -53 65 -26 -7 3 46 96 -13 -32 83 -18 99 -3 -47 -31 -72 81 -41 -26 65 -55 49 -15 -6 31 -55 15 -7 -39 86 -84 78 22 -11 61 87 -81 29 -63 -56 -96 86 -62 -31 -19 -72 -62 92 -89 -5 -97 35 31 -76 -42 4 -80 -13 -15 79 -17 -64 80 9 -60 33 41 -71 -94 -50 45 51 35 -93 -4 -78 -57 -8 -68 73 -99 3 -74 -74 -27 39 -5 54 84 1 -27 -94 68 3 22 44 -75 -32 -42 -36 -62 10 20 1 -58 -38 63 14 35 -48 0 -81 80 -81 -27 11 -90 -95 34 96 -30 -64 7 86 22 -75 -56 17 8 -19 -60 -8 -24 -58 -66 -72 16 -15 -56 -29 82 -12 51 -60 73 -39 -45 82 50 11 67 48 -28 -50 62 22 -43 6 93 35 68 45 8 -29 -20 -71 -56 -94 -45 45 -24 -37 -62 27 44 -58 58 -7 20 29 -59 5 33 3 -43 51 96 55 -77 12 53 -30 -41 -95 -25 -8 16 -77 41 -22 39 12 -42 -58 98 -62 77 -64 -75 94 -40 -41 -75 -6 -61 41 -12 77 14 -34 62 -13 66 -20 50 -60 14 -97 -95 93 41 -66 -70 -20 -98 -4 86 -52 50 -7 -64 37 94 45 -44 96 75 -31 -19 78
-2 -54 87 56 43 -48 98 -45 67 28 -45 0 70 -65 7 -41 -36 -22 -92 -10 92 -7 75 -45 90 -89 64 71 66 -49 25 72 39 -82 -23 22 54 -45 -91 12 88 94 -12 -1 -40 -63 80 27 30 2 -92 -20 -66 -84 -81 13 -73 95 11 -66 -50 5 9 -43 77 -46 87 -96 -35 24 -42 16 -21 -64 40 96 -28 12 42 -62 18 -22 -91 35 32 57 6 98 -62 98 -5 -3 -46 -60 27 27 80 87 33 -90 91 53 -24 -18 -72 89 -30 -21 8 34 18 -59 71 -5 -35 67 -78 59 -27 -1 -98 70 75 -58 90 98 -79 -68 -69 -87 24 23 -22 99 -69 -97 51 -41 -71 95 83 -14 -55 -1 -58 -72 -7 30 27 45 72 -70 24 -83 -1 43 49 -37 -77 71 63 16 -95 12 90 59 -50 -85 -58 -61 -31 -37 -83 5 -95 95 48 -5 58 77 7 -55 40 98 70 -25 -97 23 22 -48 -81 -20 -2 -81 -72 8 25 -55 51 -67 -35 -30 99 66 -46 22 -54 -13 -9 -92 42 6 63 53 15 25 88 -73 -4 2 -28 35 81 21 74 24 -49 -36 87 83 -99 6 4 8 47 2 15 -24 44 23 -19 -9 17 79 97 -13 -88 30 36 -18 67 74 -60 -99 2 -47 -33 98 -23 87 6 -93 -83 98 2 -2 24 21 9 -16 48 0 -72 -16 35 -22 69 -61 -53 -58 -39 0 -76 22 87 -87 99 62 87 -29 -6 -50 86 69 -38 -22 -93 -15 -12 21 -24 83 92 36 -73 -15 -28 -67 19 48 34 96 -22 95 29 38 3 -79 22 50 -62 -34 7 2 58 -40 -22 -9 -2 68 3 -66 -20 -5 54 -50 9 -88 64 82 -56 60 52 43 -50 0 44 -64 -44 -93 -62 -28 18 80 87 47 -44 30 65 18 -77 3 -49 -86 -44 -19 61 -43 -88 -22 83 -59 66 -76 -33 3 77 66 -36 9 45 -14 29 6 40 -24 69 8 -70 -86 -53 62 -27 31 -36 -81 63 -17 -46 30 17 -59 4 38 -24 4 -53 -86 44 81 45 -75 30 -70 4 -59 -55 -94 42 51 36 44 -35 88 -60 -66 -65 -22 -77 -68 -86 -15 -77 -56 93 -64 16 2 -16 -71 53 21 -78 -21 83 -1 -15 6 -69 -96 -27 -69 -95 -85 55 -76 -31 83 4 84 24 94 -89 89 28 -31 -68 36 70 63 89 47 10 -73 -41 13 24 6 -67 -69 44 36 76 -97 13 -25 -61 -84 -34 8 -4 51 -29 -99 56 50 -36 82 23 14
-60 -11 -73 24 -68 -4 46 89 -61 -59 -91 -57 -58 19 16 79 9 -37 21 56 73 45 -54 84 -17 -92 -4 -10 66 -54 1 -15 45 89 -28 29 -29 -31 -25 86 -74 85 -98 -17 -90 79 35 66 28 -71 -46 56 23 -52 -4 -53 -87 83 70 -42 99 66 -87 39 -11 38 -3 -64 90 -29 27 97 31 74 -93 38 33 -62 19 -25 96 -25 -87 -4 62 -66 72 40 38 24 -62 34 53 -78 -45 -46 83 44 -27 63 6 92 -41 88 98 -98 -92 -34 25 34 -49 76 -52 29 -20 38 -88 50 -75 -59 -55 39 25 -36 -27 -66 -56 -33 -29 1 24 41 -21 63 -90 -97 38 26 -54 33 -80 46 -6 -40 -39 63 62 -80 38 -38 -3 11 -18 -89 36 -27 75 19 81 45 90 -57 -61 -94 -52 -77 88 63 -53 -7 62 77 71 -60 -38 96 85 68 -99 79 -26 -27 -43 -90 71 52 99 75 -65 -69 -33 46 99 -35 -71 76 -71 12 9 6 -71 -68 -81 67 54 64 -48 -46 98 12 20 76 14 72 -28 34 96 73 99 11 70 78 57 -53 99 -6 -73 -39 57 -8 78 15 -61 45 99 94 58 -55 69 70 -69 -30 64 -32 5 36 88 94 40 -96 -32 -96 56 -43 16 -82 72 16 68 -89 -50 -9 -3 39 35 11 -86 -29 -75 24 -69 -54 -3 -37 -41 -49 -37 90 -42 -56 -88 37 -9 3 -27 12 55 58 26 -41 -86 -3 -29 -6 87 -23 -40 -12 8 74 -75 -73 -72 -4 -70 59 90 77 -11 11 -12 97 -17 98 -53 -4 66 -22 -30 30 4 19 -41 64 89 -17 -18 -20 61 0 -98 90 69 -37 20 98 66 -87 -48 -78 -87 33 76 -92 13 30 -27 -35 -92 32 -26 99 24 93 3 -21 23 -99 -25 4 97 -35 32 86 16 -41 -22 85 -38 41 -98 54 -43 -10 43 -61 -66 -87 16 90 -88 -44 -29 77 83 37 69 -70 98 -76 90 -33 -64 96 73 46 -66 -93 56 53 -76 -56 32 57 98 -48 45 16 68 53 -33 -19 -38 74 -31 26 1 22 83 -27 -98 94 -68 -66 -35 -20 -59 -91 53 -33 38 -2 62 4 -49 29 -2 11 -76 -73 63 3 70 94 56 -81 -61 -16 75 29 10 19 -6 49 -27 -22 4 43 65 -39 -88 -56 72 39 53 8 32 -59 -92 60 68 81 -68 -62 -87 20 -27 72 46 -95 -66 60 97 66 61 7 -36 -61 87 24 43 60 -10 90 -4 -54 -91 50 -19 -73
-44 51 18 12 -44 86 56 93 -95 -59 51 -98 20 -43 -86 -97 -52 8 87 -6 26 -48 92 -84 91 -48 93 -21 -8 -48 53 -88 80 -47 -9 -51 74 15 -35 -83 -21 86 88 12 -73 19 -34 -6 70 6 -22 23 75 92 -6 -68 -69 77 69 97 -90 -66 -82 46 -66 -57 49 -79 -22 -17 -81 -44 70 -43 -7 -52 76 8 -45 49 68 14 80 25 4 -60 17 -30 -33 99 -31 34 -77 12 -18 44 -19 17 -22 7 59 -50 30 -21 -44 -90 65 77 -18 93 30 -86 88 -23 -35 18 62 56 -2 -46 9 4 -66 77 71 79 -89 78 55 17 -69 -10 -91 -56 43 -74 44 60 -90 76 -96 38 59 24 42 20 -71 20 26 -21 -88 -23 46 -2 -82 -35 -88 -5 -17 -47 50 22 1 -69 51 94 -16 16 -58 -89 46 91 20 80 47 79 20 -94 58 -21 -54 62 57 45 -52 52 6 63 -12 13 -39 -14 -53 -16 9 89 -83 -45 43 58 -2 28 -32 -39 81 26 50 70 -36 -43 17 94 -75 -30 -55 -8 7 -51 -29 -98 -4 2 17 -93 28 20 29 5 31 -74 -54 31 -10 20 5 1 -25 84 14 -14 -94 -19 73 28 0 31 51 -36 -45 -89 -49 20 -53 79 79 -21 64 -25 25 -41 -11 -8 10 -82 74 46 -69 -89 -91 -70 28 -55 48 -27 58 83 -58 -96 -61 -51 14 68 56 21 -67 76 -68 -19 -92 3 -36 85 48 62 54 -77 87 88 45 -72 49 -12 -35 -78 -1 -68 -1 87 -39 -58 26 75 6 70 94 -71 19 -47 33 -51 -58 -77 -68 -26 61 -40 -95 -97 -66 91 -76 96 -24 52 -66 18 49 -1 -20 10 56 -32 90 88 -6 44 34 -44 9 -85 46 -61 50 -27 -47 -88 -47 -76 34 4 -84 50 -41 -64 82 -67 -42 5 83 71 63 95 21 -75 35 -60 60 1 31 -55 64 -82 14 -79 -32 -13 -85 1 28 -95 -4 -70 -23 -75 3 59 -39 64 67 12 -30 49 51 -76 -6 -2 -97 -4 14 43 11 -81 96 59 77 88 -99 32 54 51 -37 10 91 -3 31 -68 91 -98 4 -39 73 -30 86 -74 36 -52 31 -34 -32 36 -15 -40 60 -39 95 -15 -41 -68 78 3 66 87 31 -10 -14 -94 -47 55 -1 48 -95 -38 28 89 17 96 69 -9 -65 51 75 10 -79 87 35 -98 -14 84 20 54 89 7 -3 -60 0 -41 -30 28 -75 -1 -38 -4 27 73 70 -7 -83 -5 -99 31
-45 -83 -79 79 14 -92 -49 -92 69 24 65 15 31 55 70 -67 -70 -23 -95 -53 -62 63 69 13 47 -37 28 -75 58 -69 -56 -44 -14 36 -68 63 71 44 49 78 -45 -15 7 -4 83 -61 -84 -10 -74 -57 43 -20 79 8 1 31 5 22 93 -21 92 -22 86 -69 -55 -89 -58 -57 64 72 -85 68 35 72 -88 -76 52 -52 -34 63 -32 -70 21 -4 -83 -63 -55 31 44 13 89 63 -26 84 96 -81 -91 31 -3 56 9 54 25 -38 -41 -59 95 -70 -65 -72 38 -2 97 28 -48 -64 -91 45 -91 -17 -43 -55 -49 -47 -88 -64 -20 48 -96 -53 62 -6 0 -21 37 -18 87 1 22 1 6 -2 -63 -92 45 -4 48 67 35 -96 39 94 -79 -59 25 -54 -80 70 -41 64 -15 2 -8 70 59 -28 -1 13 9 52 -77 -88 -7 -49 66 23 15 79 -17 -94 -63 64 98 4 48 73 90 66 55 -35 -85 60 -56 -96 -16 38 4 -8 43 65 -99 -28 35 1 -93 64 -76 -38 38 88 -97 -68 -98 74 -71 -25 87 19 -62 95 -15 -86 37 37 -75 49 -44 -48 72 90 67 -64 -87 88 43 -11 2 24 -90 18 -71 -13 -13 -45 48 -89 -50 -16 -36 -91 37 -19 37 -18 59 58 59 -91 33 -91 -55 -8 -31 45 -67 56 -58 -35 12 -88 -89 -57 -68 58 -55 25 -12 80 -75 35 18 98 -90 49 -52 -28 -10 96 60 62 84 11 -42 33 44 -7 90 60 15 -8 -7 -72 80 -75 22 1 -98 99 -99 -6 43 -18 -15 34 72 -4 -94 -76 73 -58 -61 53 -55 -37 30 62 -20 -99 5 -40 80 87 -29 61 -91 -28 -70 -21 63 -64 4 26 7 27 -54 -4 33 -17 27 -78 73 74 59 -40 82 -48 -4 -21 -56 -31 40 -47 -26 -79 3 39 -1 31 -12 -12 -52 18 60 -37 -80 -65 40 12 -96 37 -84 -27 -56 3 39 -17 -26 75 44 92 31 -95 61 17 46 45 -15 14 -6 -58 89 33 -81 -27 -74 -75 40 11 62 -68 -20 -70 -28 -28 -83 30 -7 21 3 -77 84 -80 3 -33 -93 62 16 5 8 95 -37 34 94 31 -7 -13 -96 3 -84 0 73 51 -98 34 -59 89 -22 65 -11 5 -63 -19 94 75 40 -9 -23 -15 99 -67 -62 -30 23 -2 63 -5 -46 4 -70 -98 -20 -13 -68 22 11 8 -20 80 40 84 -5 73 8 11 55 -20 73 -78 -68 29 -74 90 -94 81 -87 22 -69 -64 6 -76
94 98 33 -74 -5 5 26 -66 -51 -35 -13 98 -33 5 58 25 51 -81 57 28 -87 66 -98 -71 -59 74 72 99 -11 -52 -58 -39 21 -65 79 -64 20 21 -30 -18 18 0 51 -6 99 -90 93 -20 62 -39 -65 -89 -14 -68 62 -46 -39 -19 -22 89 97 8 69 65 -17 -37 -51 85 -62 -88 -46 -8 44 -9 21 -13 -73 13 67 12 -85 45 57 94 -23 28 4 -3 21 -47 45 -83 -31 -24 27 27 -65 -47 -22 -48 -7 92 -53 18 -17 42 -86 -18 -44 -31 73 -53 29 -30 -70 -64 -90 -20 88 59 76 -12 55 -22 24 82 54 88 -40 -19 -73 1 -69 -58 66 -72 -99 -50 82 8 92 33 -18 -60 3 -54 -26 -97 -48 29 21 -36 -21 -86 -77 33 51 22 65 64 72 -57 5 -35 88 91 -45 35 -21 53 -91 -53 -60 79 13 13 -62 86 81 -29 -97 66 -74 72 -31 -33 63 44 67 -32 93 -2 66 -62 -87 -30 48 19 76 32 2 -48 -84 -87 36 -38 -42 55 -26 97 23 30 29 64 -16 -43 79 -11 60 64 -93 -56 -13 -62 -44 43 1 -10 -20 -27 -95 -18 -29 -31 8 48 -97 0 29 95 37 47 -82 49 -75 -59 35 -14 -95 -65 -98 16 -9 -43 -98 -59 -70 52 -5 -62 92 36 74 -96 -86 -14 75 -62 -20 59 -96 -49 -63 -61 47 74 72 -45 77 -1 -40 82 -99 47 -24 -95 -85 6 -97 -87 46 -61 17 -93 -2 -40 -61 25 57 -22 8 14 -71 -57 -28 -22 7 -15 -46 -25 -5 -58 -42 -33 0 -17 7 42 -42 39 32 21 -52 -14 -17 57 -66 56 2 -72 68 32 77 -45 -56 -64 73 -75 -62 9 42 2 -75 -24 62 -25 24 83 75 48 -40 63 61 46 -38 -89 -92 -70 11 -63 -80 -61 -48 -93 -26 -37 -25 25 45 -86 58 96 -49 -22 -46 -3 27 -95 -86 34 -2 60 72 -37 16 69 -24 -96 93 91 3 51 -7 -9 56 12 -81 -63 6 32 -70 26 -36 -64 2 -99 57 15 -18 -13 -29 -33 80 -42 -69 -10 91 43 -45 -29 41 -46 -34 -55 73 -50 -61 21 31 -95 -25 9 -3 -8 87 -91 -89 45 97 -18 86 -99 58 -21 39 -23 85 23 84 -77 89 -82 69 55 -10 -91 -75 -56 -28 -41 23 -37 -23 -17 48 21 -88 34 -72 -31 83 -83 4 50 73 51 -25 -13 19 55 39 -75 -16 36 -65 86 -95 59 42 63 -84 26 -45 -87 -47 -73 -91 -69 28 32
21 53 -35 97 -88 93 25 75 9 -63 -41 -78 96 3 82 -66 -61 -50 -88 47 -70 -13 23 -57 7 9 18 18 85 -20 50 91 31 -23 -79 19 28 23 -28 -3 97 76 39 -99 79 31 -70 47 92 -22 40 -45 99 28 -72 27 21 -84 50 93 -93 40 -89 -61 58 -39 -33 -57 20 76 -63 46 0 69 -5 -17 -64 8 -22 -33 15 50 9 0 -70 -69 -45 -52 28 48 72 -55 82 -92 -79 46 70 97 -88 66 -79 24 -74 -25 -40 -70 -46 -16 -41 19 1 -95 73 -57 -64 -51 79 -33 10 93 97 -29 43 -67 -81 -84 71 38 61 98 -62 -28 -8 -15 29 45 66 -30 45 -93 -75 12 -55 -2 14 90 39 72 -51 32 16 28 -94 -79 -90 -62 58 13 22 75 -62 -15 92 64 -53 -88 -10 50 35 -93 -51 86 66 21 43 86 76 44 74 17 9 -94 93 28 -77 65 -64 41 -20 77 16 67 -32 12 44 -28 89 -58 68 -53 -18 -58 8 53 -19 -88 56 -83 76 -11 -3 -1 -63 -47 41 -7 -52 82 98 25 59 42 -74 -40 -54 -92 64 -71 30 89 -72 -40 -11 6 -97 83 73 81 -89 -80 32 -32 47 66 -78 -4 -96 -65 -76 44 88 50 57 8 -40 47 79 -49 67 -77 58 -24 24 -88 -37 17 -30 3 -24 -90 20 93 95 -46 -87 -69 -17 1 79 2 58 37 -53 44 35 47 38 -41 -66 -98 -75 -99 -22 53 -2 -73 -10 -34 58 43 -24 -40 -86 11 -98 -63 89 82 63 51 24 63 -63 -69 65 -85 93 -21 20 30 91 -98 -71 39 7 32 73 -94 -60 23 44 9 -12 97 29 -65 32 -61 -44 -76 29 -44 -11 -63 88 49 5 43 -74 -77 -78 82 -73 48 -24 -55 1 -98 92 -80 -67 38 -93 -10 60 -47 -44 -55 -62 78 44 60 90 90 -60 -15 -25 -55 -29 -9 99 25 -98 -12 -88 -96 -20 -11 -3 -28 52 -66 19 -25 -60 -74 -24 19 85 -71 -59 63 -73 -24 72 -52 -95 99 34 91 39 79 20 15 -15 84 9 98 -94 72 80 -64 2 25 -9 -20 -29 20 -12 0 -67 -57 33 -9 -20 83 -79 -91 -2 -92 87 -3 29 -6 -92 -59 42 68 53 76 11 2 6 30 -93 36 -30 15 85 -78 -60 -24 81 26 96 -59 -14 -13 -96 -50 39 -31 87 61 -14 -30 -18 80 57 -29 -67 -14 -32 80 -18 -34 72 82 78 -43 -73 6 -62 -8 2 -19 -20 73 -35 89
-22 -80 34 -94 82 50 -43 -80 -72 -89 -10 -37 -2 90 -59 -58 -67 -63 43 79 -4 -74 29 -48 75 56 -67 -12 -21 45 21 49 3 29 -34 -20 64 98 10 -19 78 -78 -8 34 -99 49 -47 54 7 1 81 -41 80 -84 -31 50 36 -21 80 38 -53 27 -57 30 27 -43 -53 58 17 -30 -45 87 32 -7 -99 91 -54 73 -89 -97 31 86 93 1 -66 -21 -62 16 74 -23 29 -59 78 64 -41 16 68 11 43 72 -22 91 6 82 54 38 -66 -80 90 -9 -49 36 74 -17 -38 67 7 -69 -29 -89 30 -45 28 37 -84 72 -21 56 -13 -41 81 -67 -92 28 21 -66 67 -52 85 88 -54 -49 -43 96 -34 92 53 -14 43 84 40 -58 -25 -12 -12 52 68 -47 -77 53 95 -67 -86 -62 -27 19 -30 24 -18 -21 -68 -40 -79 70 -29 -55 75 -15 98 -67 -70 67 -1 27 24 7 47 16 55 -44 -30 -26 90 61 -91 41 -32 -49 87 50 6 8 2 78 76 93 -9 83 26 72 9 25 -19 69 93 -8 -84 -85 -44 41 -57 29 -11 -18 2 91 99 -26 18 -11 95 -36 90 36 -83 -3 25 60 76 93 16 3 -96 52 -69 -59 -16 -37 6 -90 59 -11 -20 71 -79 -62 -47 -22 -3 -59 88 -11 -97 96 62 94 77 64 43 -8 -74 30 -11 7 -6 42 86 -29 96 -7 -77 -48 -67 -99 -9 -95 -51 -41 -12 65 -81 64 26 -27 -86 -61 11 88 71 -42 -88 29 -30 28 -43 -13 38 87 77 39 -63 10 -33 -84 53 -71 -49 60 -97 85 87 94 16 59 -52 45 59 -46 29 17 88 3 2 22 71 65 -99 71 -27 74 28 -7 69 -54 13 72 -43 -99 81 64 89 -53 49 -63 40 -55 36 20 -90 48 14 61 94 91 65 -47 59 35 31 49 -4 -39 32 99 66 -56 -10 -11 38 -65 50 52 -23 -34 -9 -28 31 53 86 -10 -15 -22 -31 -34 57 13 -91 -23 -13 25 47 -35 8 -8 -70 91 38 -74 87 -13 52 76 56 -10 78 -63 -16 -68 72 29 70 16 4 32 -20 36 41 -72 -71 63 -40 -61 94 -44 67 29 -29 -87 -29 -73 -29 -97 -33 -94 -47 95 -4 99 -74 -20 -31 56 99 -87 -73 44 17 24 44 -87 31 -51 -73 -52 50 94 -46 30 -50 -34 73 56 -16 42 -31 -39 -16 -7 51 -92 -92 98 93 -62 -78 -21 49 -47 -22 -2 -48 -50 61 25 -2 -24 -61 -37 71 24
7 -41 -24 63 54 11 61 -51 -61 43 75 13 78 43 -34 -99 -28 -78 -95 -85 0 -25 66 36 23 -2 -77 -10 -21 52 -68 19 18 -24 88 -72 -89 41 -79 -61 54 -58 68 -17 4 -63 -1 69 60 -85 34 26 68 -53 0 -77 12 28 -50 -58 -82 -64 -33 -56 -73 -83 85 -18 51 -36 70 -39 40 97 -42 -55 61 -7 -72 -65 77 -37 -38 33 3 29 12 -86 -48 -55 45 23 -39 61 -67 89 46 -26 87 1 40 -37 -77 33 -74 68 -86 31 98 -43 -5 91 -55 20 50 53 -45 49 -94 6 83 73 76 -63 11 98 59 -76 27 -99 64 52 31 43 15 -33 -80 31 -34 -31 -8 59 72 -34 82 77 73 -44 44 -47 -42 -39 -97 -4 71 -84 80 -86 -41 -49 -16 -84 47 -57 32 91 -64 77 7 41 75 -48 59 3 13 54 70 77 -86 -93 -83 -44 -89 55 14 42 8 -49 26 1 25 -98 -87 9 29 -28 41 25 -59 -79 -97 -42 68 49 -51 -30 -55 -27 -43 70 -79 49 -78 34 54 44 2 -30 36 67 43 29 90 10 14 -42 70 96 13 -13 -2 61 -59 -21 50 17 96 58 55 52 -87 20 54 3 10 75 -8 -43 -32 17 -42 63 -15 -97 -42 86 -70 -28 51 11 92 -92 -24 4 -29 -34 42 -12 -21 38 -59 3 95 97 -80 -46 69 91 49 64 90 28 21 89 41 24 3 4 -13 87 -60 -28 62 94 -29 -98 -78 56 58 84 -98 -51 70 15 -42 -7 -48 37 40 -10 -48 -81 -31 -75 98 16 37 -93 70 -93 -99 50 64 -26 52 75 -64 96 -42 70 85 77 -12 30 24 76 13 -88 81 84 -22 21 -81 23 45 -66 0 -29 -63 -72 48 23 -2 -42 -76 -96 -88 57 -99 40 -4 -27 -88 -78 -40 30 -37 -3 58 0 14 96 -49 19 -81 -19 -22 1 32 81 -12 17 -94 -67 -14 -68 50 68 51 -26 77 86 -15 61 -89 34 -2 -59 25 11 -99 -82 -92 -57 43 2 11 -38 72 35 62 -18 -9 -52 -52 -98 -32 99 -6 70 66 -53 60 10 -87 20 -58 97 -29 -92 90 73 63 -44 97 -31 33 -47 -32 -77 15 -42 62 -54 51 -39 -48 -92 48 -67 -21 93 -63 26 -62 -54 77 -7 -18 52 26 -48 -1 -36 12 57 -44 -87 45 18 81 -59 4 33 62 60 -89 -23 86 -20 -48 7 1 28 88 -87 21 79 -6 -28 64 48 -79 40 90 5 53 78 -64 89
-5 8 -28 38 -50 -4 99 42 -92 -41 -90 -39 50 71 -67 -99 -81 -64 -94 93 -20 34 78 -58 19 -8 33 -41 -8 31 1 71 -80 39 67 -89 50 -62 91 93 90 -72 6 96 99 -74 -16 7 86 -85 85 6 -74 42 -89 -97 96 27 82 -48 -32 -6 37 53 43 -84 73 -51 -1 45 -13 16 -70 -60 -77 98 41 93 -80 96 83 -12 -40 59 74 91 -60 99 -68 55 -11 -70 44 27 58 16 23 56 -39 -76 -70 -23 -55 -14 -16 -11 -63 -93 -68 -65 -49 -46 -40 -97 -52 41 -56 4 -62 64 4 -42 40 97 -22 85 12 -60 48 -41 7 -90 -7 -33 -4 28 59 73 -96 85 39 62 -46 -61 50 -14 20 -95 81 64 -48 -14 -60 48 -12 -12 -74 -68 52 51 30 62 48 84 -32 90 -16 45 -70 21 79 -75 54 -96 76 -14 42 -13 28 -84 -58 0 62 -92 -89 79 -56 14 -98 64 72 -33 88 73 47 8 -77 -69 64 63 -55 30 76 63 -10 27 -94 74 -4 -97 -99 -22 -21 43 90 75 69 -67 -78 -67 67 -66 86 -11 56 -27 99 -96 96 -98 -93 37 -87 -63 -4 18 -52 43 -47 58 -51 -85 -75 -98 -29 54 65 -28 41 -68 -72 29 -95 -37 -92 -72 81 -18 7 52 -99 63 8 -2 -95 -22 44 0 93 0 -45 67 -55 -55 56 -16 -78 50 88 -66 -16 40 -34 69 34 24 28 -99 -44 -42 -68 59 -28 -71 69 55 -37 78 87 -17 -14 -12 -80 -72 12 30 -83 -27 -63 1 -58 -42 -6 82 25 -87 16 89 64 -56 -60 -42 -20 98 62 40 -15 90 15 -16 56 -79 -33 -20 48 44 -11 94 -3 -42 4 44 -17 -10 50 -90 6 18 -82 -48 64 -3 52 67 -54 -70 62 16 -77 42 -35 59 -86 -74 35 75 -74 -62 65 23 -88 42 -61 -10 -62 11 66 -25 27 -14 -66 74 96 92 40 -11 12 -19 54 16 -45 88 76 -50 78 90 99 -32 -49 -65 42 40 -21 81 -45 -29 50 47 -54 -71 2 -23 1 -70 -91 -81 88 -48 -72 -91 3 44 23 -92 -54 5 81 -67 33 -73 -36 -97 62 16 12 82 15 -46 69 -25 -48 2 84 -92 -86 -33 69 44 -23 93 80 79 93 -26 96 8 44 -10 -57 -13 -50 -75 -78 79 2 20 48 -41 -68 96 -21 41 13 -94 18 25 -54 -54 -67 -41 11 78 10 15 63 -47 -32 24 -64 52 -35 -14 -23 -13 23 94 -35 29 86 67
-82 -81 51 50 -74 86 50 -49 52 12 53 1 56 65 39 36 8 90 -21 32 -10 -87 -10 0 -82 16 -2 14 -48 26 58 65 16 -34 66 -41 52 19 -36 96 47 -8 -64 71 -86 45 -74 36 70 -47 -60 41 75 91 93 -69 -70 -83 40 81 25 -21 -51 42 -18 -4 -58 -71 -68 -94 -18 -54 65 -6 98 -93 15 -66 69 -87 11 -6 47 39 34 -54 -66 47 4 51 26 95 -49 19 -16 -49 18 -12 -36 2 53 40 -4 -6 -79 90 24 55 70 -57 71 15 -15 71 7 -37 13 -10 6 -73 -27 47 -75 99 -55 -83 13 -51 -97 -54 61 -16 80 41 93 -98 83 -88 62 -82 36 68 31 72 66 13 35 -11 35 -13 67 -20 -54 -23 -34 -55 23 -37 51 28 -41 -4 12 17 6 43 -62 -53 -20 36 35 30 81 38 52 -90 -34 82 -61 41 -47 10 85 98 9 -57 -23 -5 11 -72 -86 0 92 -3 65 -15 -68 73 -78 -14 -7 -64 -19 -50 -83 -78 -1 67 62 18 55 6 -55 -26 -15 -56 -26 65 -37 -8 16 -31 -27 45 68 -8 41 -26 83 -8 48 8 -51 92 -95 -38 56 -19 -17 86 5 97 87 -45 18 -24 53 -87 81 61 60 37 59 -99 -40 -22 67 -89 -45 -12 -77 90 47 -40 -37 -55 -70 34 -80 19 16 3 13 -17 88 -69 65 -75 -44 -8 82 16 -50 -74 -60 9 -20 -16 81 68 6 -60 13 60 -64 45 28 -37 -30 -6 62 69 30 96 -56 69 63 79 -54 26 -11 9 -1 -47 8 -8 -9 -40 26 38 54 88 1 97 -57 59 79 94 55 -43 78 31 6 75 -22 -81 -2 18 -58 -10 51 86 46 11 30 51 -36 -19 14 43 37 49 -36 -16 95 -9 -72 20 -42 -2 -91 -74 71 -33 46 -61 -49 -29 -22 68 69 -5 7 -23 -67 -99 55 -90 -37 -88 -11 -33 9 39 -91 -57 -98 -30 -13 60 -15 -6 70 -81 69 -28 32 -59 -65 27 -32 -26 -48 -99 -66 24 3 7 -45 -22 -61 44 30 71 61 4 55 44 -11 -68 56 -77 99 25 -22 -21 -49 -61 97 -84 -64 97 9 52 95 -31 91 76 4 24 -92 93 -3 0 1 80 -76 37 -24 -2 -35 -24 42 70 2 -85 1 -36 -78 49 0 -98 -90 53 -71 -47 -18 -43 84 66 -51 47 -48 -70 -66 -66 -75 64 2 98 59 -64 -97 65 -54 48 -60 -20 -65 -93 40 88 33 -19 15 72 -22 -50 -84 -4
-89 31 96 -23 -52 6 -13 -86 -34 -64 -96 -1 -86 73 -72 -16 -72 -71 70 56 5 63 77 91 -65 -97 -38 -84 82 75 43 68 -99 11 20 95 -46 6 -65 -99 64 19 96 -74 89 -42 -53 -90 62 82 -10 -72 -86 -15 43 -69 -87 -40 -9 83 -47 71 70 51 -67 59 -41 -46 95 3 36 -25 -24 56 16 -48 -40 76 76 48 -59 95 -23 -56 -67 76 7 -8 75 -38 14 -3 -59 44 72 79 76 -72 -19 -95 -20 -19 -41 -77 -28 66 76 63 61 -9 -13 -61 27 45 76 47 -29 87 15 93 86 -1 -23 -10 55 -48 -44 -8 -44 -21 94 72 11 -33 42 43 -52 -54 14 -48 -99 -92 -1 43 89 -25 -49 44 79 59 -80 80 82 30 -79 79 30 56 -33 -6 -36 -20 -21 47 22 -79 -71 -28 24 98 -71 18 -42 28 27 43 94 19 17 -21 69 30 -50 31 99 91 36 -82 95 43 2 3 -15 -29 -38 -40 -73 -59 49 72 -38 40 43 -5 -48 -8 26 -75 -37 -42 -59 -64 69 9 -8 -45 91 73 -41 21 -75 -23 90 -62 -42 -22 -55 53 -35 -95 55 50 87 24 79 20 -6 -50 56 -24 92 -64 14 -83 -3 -91 73 55 -97 -17 61 47 -6 -24 -98 24 -26 75 23 -90 86 68 -98 54 -35 -8 14 69 -25 39 9 31 -90 88 -96 -54 -57 31 -7 -21 34 -52 55 72 -38 -68 -8 2 88 2 25 89 -40 -9 -25 71 35 -78 13 7 8 -35 -79 -71 42 -33 33 -29 -88 -94 57 -95 23 -64 -73 -87 -72 50 -16 12 90 -78 -59 -32 3 86 -76 72 -41 -28 62 69 38 51 -59 16 53 -18 72 -65 -10 92 66 -13 75 -61 -32 9 -48 -18 -32 3 -43 61 59 -5 29 23 -78 71 -44 -95 70 -58 65 13 -92 25 9 73 60 -21 -97 -66 59 48 21 79 -70 43 44 -5 -53 -35 -39 -60 -63 -33 -91 -93 -34 26 9 6 -41 -68 -90 16 90 -16 -45 -15 93 60 20 -79 -74 -44 -9 -4 -99 -21 66 60 -78 52 -60 -31 1 -84 -25 30 73 10 49 58 64 5 -74 -88 -39 90 17 45 -33 40 -16 -92 28 87 -33 47 91 -63 75 -78 4 85 -19 58 42 72 4 -76 53 -45 -22 -57 44 -23 19 -72 -61 97 -92 16 -99 -60 31 -29 53 -83 5 40 -52 12 88 -48 -67 -16 51 -66 9 71 97 42 -74 0 -75 -86 -42 20 -71 46 -81 4 74 -71 77 62
86 4 72 -78 6 47 43 -1 -28 24 3 37 -58 20 89 47 -50 -62 -94 45 34 -13 6 39 64 81 -63 7 7 23 1 -31 -64 -81 32 -3 48 36 93 -3 75 42 -68 58 -9 99 69 -66 34 58 32 1 87 -45 -39 1 0 57 15 -84 45 19 55 -89 48 -86 96 61 59 -12 -16 -10 -48 -32 -47 -99 -66 -76 -78 45 38 -38 -26 -82 -7 57 54 58 95 26 28 -79 18 54 69 -47 -22 -35 -98 -13 -56 85 16 20 -75 19 -89 -30 -89 32 8 -35 54 -44 65 69 -38 -8 -22 32 -85 59 52 46 78 -61 95 -57 -66 54 -29 -12 -32 -25 48 17 -34 59 -64 -77 0 77 -52 -29 -84 -94 79 -1 75 -52 88 89 93 -2 -73 65 20 -49 27 51 56 -22 -32 87 29 -89 97 -61 44 63 -76 -41 75 5 32 58 52 88 71 -84 -56 -74 -14 -19 42 79 -46 5 -66 63 11 51 -73 73 67 81 15 83 70 98 80 48 79 39 93 -30 11 73 53 18 -89 61 -57 -87 -28 44 -32 -84 76 -89 -47 -16 -80 -42 80 -46 -89 -23 -82 3 -59 -7 54 3 -95 54 23 -23 -88 -18 65 -61 -71 -56 -90 27 64 5 -59 -26 40 -66 35 -90 31 89 -26 91 -20 -89 -22 -55 -11 -65 -73 -16 -69 60 48 2 -27 -63 66 -86 -54 29 25 -3 98 29 -33 -65 98 89 4 99 93 -11 7 -65 -89 47 68 35 48 79 87 -69 23 -71 -74 -2 46 47 29 42 28 21 0 -61 -11 -31 -55 -85 86 74 -72 76 -34 49 67 -33 -34 96 -45 -14 -93 29 27 22 68 -14 -5 59 94 17 50 -95 7 -91 -86 9 30 86 30 -59 -59 70 -85 4 -36 -95 -32 -5 -95 71 -38 -54 68 82 66 -91 -59 -49 -38 -76 88 -12 1 43 -75 75 89 -79 -14 -3 -94 -27 52 -23 60 -30 62 -20 23 24 -91 -25 -72 -65 30 35 -65 -3 46 -59 89 9 74 -66 -52 -41 76 -38 77 -50 47 59 34 9 -4 44 4 -79 30 72 -71 2 6 -87 -73 -42 -10 -55 -12 99 72 -47 94 -4 26 -57 94 -71 27 -47 -29 23 -94 76 36 74 -84 15 -57 4 -71 12 37 -95 18 32 91 -53 90 -57 4 -73 48 16 -92 -94 71 50 -73 -15 -8 -59 82 85 -15 28 -28 -69 7 94 -90 60 -74 6 -91 90 41 2 67 -75 51 96 -74 -1 -93 -32 2 51 38 -75 -51 68 21 -69
79 -30 -77 -56 -62 91 71 38 26 23 -62 -46 -8 31 -64 41 34 -44 -8 98 -46 32 -5 -35 93 -13 7 51 -65 74 44 61 60 -27 -25 -81 23 -19 -23 1 92 6 -82 74 -22 98 19 -30 -2 22 99 2 -8 36 82 -68 -92 -47 -67 -66 -21 -31 -58 -69 -1 -54 -11 -38 99 -87 -65 89 -76 -10 1 -57 26 -15 68 -51 -95 -38 83 92 -84 23 -77 53 87 39 95 54 -19 -9 66 88 50 -53 -35 71 76 -23 -85 -71 -24 26 -53 32 -80 -8 62 -69 45 -53 -92 94 -22 -7 -88 -59 -37 35 72 -58 91 77 -78 -11 6 -68 13 -37 -49 29 48 5 -44 -54 77 74 -88 94 52 -61 7 -5 89 61 49 79 -23 -94 94 92 8 -19 -81 -54 -14 -11 -68 -71 -78 36 73 6 -21 -30 -50 74 -23 34 -98 30 -83 -51 99 57 -67 -27 48 64 -53 -28 56 -28 -61 84 26 -11 3 -17 92 -65 -57 29 86 -88 -15 6 -50 -6 8 90 -43 -61 71 78 -28 14 -21 -69 -11 -25 -56 -8 -94 -43 92 -32 64 -98 48 67 -25 0 -35 38 -90 -83 -14 -1 -16 -71 36 -64 -74 54 -92 78 4 -82 -66 -33 5 47 -27 72 21 63 -73 16 36 94 12 -4 -69 93 -11 95 14 21 -71 68 -15 79 47 26 67 -29 2 -52 13 69 21 -42 -76 77 -8 52 55 64 -17 23 18 -67 -24 -50 87 -61 -74 77 8 -2 88 2 -70 94 31 26 89 53 -34 18 12 -34 -57 18 58 86 8 -94 80 30 -59 17 30 -54 40 -21 -63 -11 -96 -83 -79 -47 78 -94 -69 -88 -16 55 -71 -67 -4 98 -90 90 52 55 -60 79 43 32 20 59 -22 85 -78 -25 15 7 -83 54 2 -75 45 85 85 -45 32 90 27 -94 87 56 32 80 -96 71 -48 36 35 29 -59 -25 81 73 -18 19 25 -55 26 -62 71 35 66 -97 70 4 17 71 -42 15 -29 -81 -28 -77 -13 -44 85 -76 -75 21 16 35 32 9 71 -32 61 24 -61 81 50 47 91 26 36 -7 -6 -58 65 -5 17 67 70 25 -38 -64 -68 -41 -27 -56 -13 -69 58 -35 50 80 0 -22 22 16 -47 41 -20 -6 -69 -84 -94 96 -4 27 8 -93 -57 76 1 87 18 76 48 48 93 -94 42 -4 82 25 -67 -66 -59 92 -71 -38 -98 57 -55 88 -94 17 -36 26 39 90 78 -48 43 -52 2 -55 65 30 57 6 -96 -97 -91 56
-19 30 80 -88 1 -60 84 41 -26 93 35 -59 10 -74 -61 -81 39 -39 -53 -92 -4 36 -64 -83 56 -22 78 96 91 -50 -69 63 -5 -45 28 -46 -79 98 -39 -81 -59 96 -26 90 -17 57 -2 86 4 -81 4 20 47 -23 91 -3 78 46 81 68 -73 -84 29 43 -52 -47 86 48 46 6 -7 -83 33 44 19 50 -3 -12 65 -12 66 50 33 42 -10 85 87 -1 86 -91 80 18 -61 -86 60 87 63 -66 35 45 -49 -23 75 52 1 -67 53 -98 59 -70 42 43 -91 -16 -47 -12 16 44 68 -26 57 60 -93 65 -37 -98 80 25 89 -72 49 92 -5 -13 8 -40 60 53 41 88 -98 -51 -77 27 -68 -88 -52 52 -65 -61 -9 -70 86 30 77 -72 43 -98 88 26 -37 -34 78 -94 54 -32 51 49 23 -51 -65 26 -80 45 13 -58 -83 10 35 -15 -53 76 90 43 -62 -50 -89 -49 0 -7 -71 -78 30 -32 79 0 -86 75 -15 -66 78 -53 84 -57 -12 -16 -86 -69 -69 -53 -45 20 77 -89 57 -86 -9 66 98 -93 -96 -22 48 74 -94 28 -97 38 -53 42 4 15 16 95 45 -32 15 91 95 -65 -53 -47 66 -37 -96 75 89 -80 -22 -31 9 46 -75 -17 36 -85 80 -20 -11 -71 31 79 13 -24 -91 -28 37 -66 11 -41 39 -48 21 12 92 84 20 95 -52 -35 42 3 -81 61 -71 -49 -49 -67 -89 -67 -12 22 59 -30 80 98 -12 -76 90 52 -86 -72 33 7 68 -16 16 75 60 42 -82 54 10 -72 23 -63 -16 40 -49 -98 -58 69 63 87 -81 -61 6 -43 31 -1 70 -47 80 -2 10 5 52 -11 74 -28 86 53 24 96 92 53 53 -38 -89 15 -82 -24 -2 76 -42 41 95 51 -11 28 68 79 -50 86 92 -29 -4 43 18 43 79 4 7 24 -4 74 19 14 36 69 -23 -98 42 64 12 -71 0 -60 21 -4 64 53 -70 54 -3 -28 72 88 -10 60 -90 -73 -3 -57 -59 96 -48 -41 7 -1 -56 -23 -14 49 27 -63 1 29 85 79 -24 20 -81 -36 -55 -58 70 -62 10 86 -5 -41 -72 -4 34 -18 -75 25 -60 53 30 1 14 10 -67 -41 -95 38 -61 94 -24 88 93 40 39 17 -41 -81 36 -98 -10 -56 10 26 27 59 61 -23 33 35 -77 -12 50 41 -15 97 16 95 77 -64 -67 77 -49 -98 9 98 3 -57 -55 -80 20 33 93 -99 56 -36 -97 5 -43 88
38 -73 -96 36 58 94 -99 -92 5 62 -33 -11 29 92 -44 17 23 25 -1 30 -15 10 -70 75 36 18 40 40 -31 -85 -89 64 -49 33 31 44 -73 -61 -58 73 -27 72 -99 8 48 98 -90 -59 -35 1 28 30 -64 57 -66 -5 -65 -4 99 -28 18 78 90 16 43 -82 -95 3 8 -4 -94 -79 91 91 2 95 -19 -57 70 -71 43 85 65 96 6 -29 -39 -30 51 -45 -23 -60 -17 14 -49 16 -55 -17 68 32 -96 -87 -13 -55 -87 -51 -60 -32 24 -16 24 35 -42 -84 58 -73 -13 -30 -87 -32 49 97 -6 -23 15 -32 -98 64 36 74 95 98 -1 74 -48 -74 55 -96 58 35 48 96 33 50 80 65 -35 44 -12 65 -24 -96 -36 77 57 -79 -9 -61 45 -60 -1 -77 92 -15 4 -73 35 21 7 71 -72 -46 33 -83 -91 73 31 -53 60 -98 5 14 -7 -57 -19 71 72 -35 52 -14 -90 -24 26 93 40 -19 -74 61 -66 71 -54 -24 79 90 -1 -66 84 -53 67 -9 -53 -49 14 -21 43 -39 59 60 17 -15 8 -53 17 -74 -57 88 4 53 31 -80 -8 20 -22 -47 2 -14 -67 -80 97 -48 3 26 96 -99 -73 -51 -57 -30 -20 -92 46 11 -74 71 80 -28 -2 -9 -22 44 -21 -50 -96 98 -80 -52 -38 -64 -76 12 86 82 62 -46 46 69 39 -97 94 56 83 -5 -45 -12 90 1 59 -3 72 -94 -28 -69 19 -4 37 93 24 -8 22 -35 20 -46 -62 95 6 -88 91 -97 38 -23 -36 70 -11 -37 -82 -74 -67 -10 -78 -12 -79 32 -11 -46 -9 -84 74 19 -44 -43 91 25 -25 -36 -44 -26 -74 -86 -3 21 44 -1 92 89 83 -70 -13 -49 50 -7 -9 -50 8 46 -25 16 -67 12 76 -95 69 -85 63 -67 -42 -15 -51 -13 98 51 54 -20 10 28 2 3 -98 -23 -29 61 79 -90 -9 -82 54 -9 -94 7 -25 81 1 32 33 -33 9 74 -12 -30 99 70 99 -91 -89 -10 89 46 77 -44 -28 -59 40 76 -17 63 -28 -67 89 52 -94 -53 76 7 -90 -2 -37 -26 41 72 -4 -76 -16 -44 -69 4 -72 6 -58 -83 86 -81 -75 -37 73 94 -74 -40 75 -87 -87 86 42 13 50 -30 -2 71 18 43 -98 10 63 79 43 -85 -15 -36 -2 14 -46 65 12 10 1 85 56 -75 -93 -26 7 10 -65 58 11 59 -64 -60 -15 -65 88 6 4 48 45 38 -69 61 -13 -72 95 76
-26 13 -44 -36 80 68 61 -95 82 65 -29 -67 -69 34 34 -67 17 5 -66 -13 78 -14 50 -87 83 -98 8 -22 79 -74 -21 -64 81 12 -86 0 -15 42 88 -17 -77 75 61 17 48 -90 10 91 81 68 81 73 51 72 99 62 95 41 89 9 58 46 -91 26 -55 34 91 -21 75 -98 62 43 48 69 73 93 26 56 -84 13 -61 98 -66 21 72 -10 -76 32 -74 -43 59 57 17 -28 -49 30 41 39 -43 90 -14 -22 38 69 -28 -53 81 1 16 18 -97 -87 -6 90 63 -52 80 65 13 -75 92 86 -66 69 17 -48 -6 -83 -73 48 15 21 -72 -3 -59 71 51 70 -74 -93 -29 -49 25 -25 27 82 -95 -50 -89 -2 0 -31 77 75 0 93 26 -63 87 -3 41 42 -46 -64 24 -92 -56 -53 17 -18 -25 2 -44 56 -18 -15 91 74 -19 -47 2 52 -36 -61 45 26 -61 48 9 -80 46 -7 65 31 14 -93 -75 -98 75 -33 -19 -54 -39 -63 -66 18 43 -60 -91 45 31 -46 -74 94 5 -56 -13 -64 -3 82 -22 -58 5 37 30 -93 -46 34 -3 77 78 66 -51 -94 -33 19 44 93 -43 3 -78 -12 -83 -48 14 51 95 39 24 -22 79 6 -34 19 22 -96 84 -42 91 -40 -63 90 -57 -89 -3 -95 54 -12 35 -5 65 31 -33 -58 76 94 65 -2 -86 30 -65 -32 -91 51 -34 8 88 -31 32 -30 -98 77 -86 65 81 -69 43 88 41 74 79 -63 39 35 -39 21 59 72 16 11 -94 -83 -31 -14 75 77 0 -87 83 27 52 -99 -12 52 -47 61 -42 -11 73 -34 52 91 -89 -70 17 44 10 -27 3 -29 -88 -71 -43 -90 96 -5 41 45 21 -51 73 -16 21 37 24 -62 -49 10 -53 -30 -59 -18 16 3 -58 -36 -94 18 40 -96 -23 49 30 20 -11 -13 -20 -95 -73 75 13 64 -40 -91 47 0 -21 53 -84 -74 -18 -11 -47 -12 -59 -70 -67 9 -48 -26 -31 63 -74 -97 20 70 37 60 88 -82 -78 68 43 -30 -52 -74 62 24 96 30 8 99 66 -76 -7 -37 43 -39 30 86 57 12 -28 -63 40 -43 53 88 -51 -59 39 -40 -26 -97 -42 24 29 31 19 -94 -77 -69 -67 40 -61 -81 -81 -92 78 29 -75 -27 6 84 81 -57 -86 -70 -60 44 -78 -4 36 24 -43 -49 90 -9 -76 38 86 -52 22 75 55 -99 -67 44 -23 86 31 -29 83 27 -7 65 0 -47 39 95
72 -61 72 -73 96 -22 -2 80 -87 39 78 -49 -5 99 -97 -22 48 35 24 76 -81 -49 -17 -10 -67 90 66 73 -49 46 46 -23 -37 -38 -81 2 34 -27 -82 -79 -67 -78 96 -36 47 89 6 -90 71 -46 90 8 -5 -37 -77 -93 67 -74 -88 45 22 39 -98 -65 99 -25 -24 -64 -36 -47 54 48 -89 21 88 92 -19 -13 81 59 -31 24 -55 83 -95 -80 -99 36 53 34 35 3 3 71 99 -16 -9 -9 -38 96 -72 -76 -34 -74 -20 62 -85 -34 -24 58 37 -1 38 7 73 -21 65 89 -71 93 29 33 27 -79 -46 -38 0 -65 -11 36 10 88 68 -96 -93 7 86 -22 0 -28 50 94 87 -26 -75 14 33 -39 -50 -90 2 -70 -83 -14 -58 -78 -86 -39 2 -16 32 4 -23 -39 85 95 84 19 43 8 -86 50 -69 -35 -53 61 -4 72 17 -52 49 5 31 -14 92 -64 56 32 59 -72 35 11 40 71 11 81 48 -25 89 75 96 14 63 -97 -34 -61 96 27 -20 -41 -12 -9 15 -68 74 93 -69 -90 24 96 32 -64 74 -29 63 80 40 42 82 -21 20 -48 -95 -13 94 81 -36 8 -47 -52 17 83 -33 -72 23 -50 23 -87 -20 42 27 4 -60 17 33 7 -68 -89 -71 -58 -39 63 24 -36 10 -11 -53 -96 20 -42 -48 -55 69 -52 47 91 -54 57 -10 38 -33 -88 49 -33 69 42 -99 70 51 -76 -62 95 -34 85 -74 33 47 -98 50 29 97 63 -36 -43 -51 -35 68 -2 12 -29 16 26 38 65 55 -7 -29 7 98 7 97 -74 1 36 -39 77 -89 55 63 -36 -62 85 50 -14 -9 -24 -69 75 33 -97 -96 98 70 99 93 52 50 -46 61 -83 -96 -97 46 -54 24 -23 -30 -18 31 -86 53 -47 74 -97 -11 46 26 51 -83 -67 -4 63 59 35 -15 37 14 -31 5 55 -74 -27 81 31 -65 33 93 -3 -28 26 -62 -46 -54 85 -6 -88 -21 50 -58 2 -68 14 -71 -38 36 -81 17 41 -33 15 51 96 -21 -69 -68 74 -22 -98 82 -60 1 -49 -82 -50 -95 -60 -87 -45 -68 9 -2 -14 -64 -39 -52 -56 89 -7 -99 13 -62 69 0 38 -66 41 46 67 58 21 70 28 16 69 -11 32 24 -5 27 24 -39 52 -91 58 -43 -23 -59 -50 -56 -43 -64 29 53 57 87 -15 88 94 94 74 -75 -74 78 -32 44 -46 -92 61 88 11 -41 -20 -29 -85 82 33 -43 -60 -66 -19
-78 17 95 82 51 18 93 68 -14 55 -17 -71 -62 52 -83 -18 8 74 44 -39 -69 25 -85 -36 -2 -83 -42 -15 75 -3 41 -10 39 -29 51 -16 -48 16 -57 -37 -10 -64 81 -37 -84 -44 99 33 26 -17 29 12 -37 54 -18 -9 96 -64 48 -29 -62 8 -73 -48 -55 97 60 54 -75 77 -19 -32 -26 84 96 98 31 36 89 -91 45 14 36 -11 -8 -83 43 98 77 62 -7 -53 92 -51 86 -66 54 -29 -57 76 -20 -39 32 87 90 -65 -88 -91 77 -70 94 36 -3 -83 64 -10 -67 15 -11 49 23 -96 -75 63 69 4 86 89 -28 -62 -79 -37 89 36 -36 8 53 39 93 6 -98 63 -55 -3 96 -57 64 86 -19 -81 74 76 -92 16 -17 22 -85 25 68 -11 5 89 -95 16 66 3 18 -69 -35 60 -52 55 50 -21 64 -11 80 -77 -32 81 59 87 60 21 51 -74 -69 -76 -40 -52 98 -28 91 48 -57 87 -57 19 28 -29 59 -29 80 -43 9 -9 94 -70 97 -63 61 -22 94 78 -72 64 83 -68 -77 2 10 -21 -47 54 -97 83 -65 71 77 -36 -86 -92 -67 -48 95 -34 8 -81 -72 79 -89 74 -86 70 74 -53 -71 43 99 33 27 -20 -46 39 0 -80 50 22 35 58 84 -86 -9 -13 -25 23 28 19 81 7 35 12 56 -63 -47 47 85 21 31 80 -44 91 -90 72 14 4 11 -79 -29 -94 96 -66 -70 89 -51 14 19 18 -98 -51 1 91 -25 98 -64 67 72 -6 -56 43 47 66 -9 3 -67 -7 94 -53 -58 60 -59 -68 -43 33 -97 82 1 -80 -67 6 -64 27 94 -16 -42 9 -15 -60 21 2 -25 95 28 -85 -69 -45 97 -22 48 56 43 89 43 87 -90 30 58 2 -36 -2 -16 23 -54 5 74 -42 6 -88 95 95 4 21 98 41 -25 9 73 32 84 10 -54 41 18 1 75 67 94 55 -87 -75 80 90 -10 31 19 91 -70 46 43 -41 9 -58 82 51 -29 -29 62 90 36 -97 49 72 6 -65 -22 -87 8 92 62 -69 18 -78 76 -9 64 -83 13 19 66 -13 -11 1 82 -18 5 -4 90 -71 3 -89 51 30 -26 87 99 -54 -24 58 29 57 -84 -96 75 -52 -37 -25 32 97 -47 -42 24 -82 90 72 -49 74 41 -85 10 88 -8 30 -21 -75 -47 -81 -78 59 -92 74 63 7 87 1 -47 66 51 57 25 87 -54 -72 39 -13 -81 44 -91 25 7 -32
84 -12 -24 20 15 -66 -5 -44 -65 81 -45 85 14 -15 68 -74 66 -33 -75 13 -99 49 81 -17 44 17 83 43 61 98 91 -18 -8 43 -71 55 -98 -82 22 48 18 93 -42 -57 96 44 -96 35 42 -44 -26 -60 -26 -48 -97 80 -81 -56 41 -63 -23 22 -75 -94 57 -34 -30 96 88 -45 94 33 40 83 50 -17 90 59 17 -73 -98 8 41 -51 -54 -72 80 -78 -91 56 -18 75 -77 59 -1 4 80 47 -56 82 -32 79 2 -79 -18 -46 72 -87 -73 -64 29 58 -14 47 5 -18 -78 82 57 82 -48 43 -17 41 -17 -60 55 89 -44 20 85 -66 -26 98 -35 83 53 68 24 26 -33 52 76 90 -29 63 67 54 -94 -9 50 -93 18 -84 -65 29 -32 -69 -49 -16 11 -32 99 1 94 -20 5 -20 48 -5 54 54 42 33 49 64 45 36 55 -95 -81 -27 -17 68 86 94 -55 -79 -13 -31 -60 -44 -16 59 31 -52 -87 87 12 2 -3 -47 29 -47 92 -49 21 9 54 -68 -1 -48 -48 18 19 -29 68 -77 92 -96 -55 -53 -99 8 -19 -39 70 6 -89 -5 48 -43 -30 11 -58 -94 -17 -95 -78 64 89 -60 -15 -36 37 62 -40 93 95 -18 7 -70 -24 -9 92 22 40 -18 73 -40 -69 26 -10 -68 15 -84 -70 -55 -81 -99 48 -53 -76 -21 -62 68 33 -51 -92 -65 -84 -4 -61 -10 -24 81 -3 18 77 -49 -92 93 -94 -77 -70 -72 -6 -9 85 -26 43 -83 -18 -5 -47 12 33 76 43 47 -28 53 69 -46 59 -59 88 74 86 81 -31 -63 90 -67 33 -30 10 94 82 42 74 -17 -56 -37 -1 21 -4 -98 -48 68 74 88 -75 -80 98 8 -74 61 62 -80 -42 90 77 -62 -2 81 18 29 35 -44 -47 92 -43 86 -94 -64 -6 41 50 -65 -25 -4 81 60 71 1 -25 85 -5 -66 -15 -83 -29 16 9 -91 19 77 -46 -38 82 -61 67 -4 66 -58 -58 63 47 10 -85 17 -7 -11 -61 69 94 32 -45 -55 37 67 -90 83 13 33 74 62 -96 89 7 19 -92 65 -69 92 -55 61 -50 -83 67 -58 38 -4 -86 54 50 -82 -4 -24 -24 67 -72 -88 -64 -50 -91 17 -10 -95 -19 -56 -60 -72 51 75 6 68 58 -72 -18 50 57 82 6 5 15 89 24 43 -10 12 82 8 15 25 -65 69 4 -6 -10 -91 -98 98 -87 99 11 -79 66 13 34 5 54 -64 23 -85 14 16 -21 -13
23 68 -80 -1 25 36 8 -46 43 -59 -52 -30 18 -89 22 78 28 27 70 46 -98 -82 86 -19 -20 -34 -75 39 57 -97 -8 49 -18 80 65 27 23 -64 -37 57 -94 -40 34 50 84 71 43 29 36 -59 21 -45 66 -33 14 -92 77 -88 -47 -29 -97 -40 53 65 56 -68 -33 93 15 95 67 69 -27 -93 -86 66 -4 -80 -18 -38 -5 -27 -52 23 43 30 99 -76 -67 -94 15 13 44 -82 72 49 69 -71 -76 -65 -78 66 -29 2 68 -49 -74 -33 18 -94 71 -87 55 -22 -70 17 -72 -25 32 -63 -54 26 -52 98 -40 4 -58 72 -80 8 29 62 92 -90 89 9 -86 66 -22 14 17 47 -25 -36 -6 73 6 -13 -28 -48 31 67 90 47 48 -30 -79 -87 -19 15 35 3 28 -42 98 49 27 2 56 19 50 -28 40 -34 -10 -93 -68 67 1 -8 -86 36 55 54 -20 -52 -87 -76 -30 6 30 -54 -13 36 -10 -81 73 -44 28 58 25 11 89 -73 -79 34 -59 29 -5 -58 -65 -26 -68 63 65 90 18 -20 -84 53 45 30 33 35 37 95 95 -77 -18 -26 -49 40 83 43 53 -75 -89 47 88 26 36 67 31 -83 -73 60 27 40 -46 -58 49 -41 14 -12 83 39 88 -12 -10 -71 -75 -33 -63 67 58 -11 15 6 -1 -26 -15 30 -33 85 -55 83 -26 -33 60 -61 28 -98 10 -84 80 95 64 37 42 -78 -41 -42 89 65 61 -74 -88 71 -4 30 38 62 -31 56 48 7 98 -78 -36 48 5 -38 16 -55 -25 97 6 -55 74 -88 23 2 -79 -76 59 -83 -97 -66 -81 15 -82 88 11 -98 -51 99 68 4 -42 29 -18 82 -56 24 -64 -96 -24 -64 84 43 62 40 -42 70 54 8 4 -19 -28 43 79 34 -75 79 -88 85 82 -49 12 19 -40 71 66 -25 94 -91 21 95 75 -9 32 -82 -53 72 80 -74 66 68 74 -24 16 -73 18 11 -43 -36 -5 68 78 -54 -38 51 39 -8 28 -80 -10 -20 -79 3 82 -24 13 -37 77 -58 70 80 -26 -96 -84 -41 75 -15 -73 86 99 54 -12 7 48 -57 -57 -43 -34 29 -74 -42 -41 -90 -21 -25 11 30 -73 41 98 22 -65 -26 50 -77 73 -93 -91 -38 67 -83 43 -77 78 19 -83 -65 48 9 42 -81 75 87 19 1 81 47 4 -90 45 -16 99 -90 -14 65 44 -23 42 76 -27 54 3 -71 64 2 73 -89 -60 82 43 87 88 30
85 13 39 -57 19 -60 14 -85 -42 -38 -23 34 -12 38 -16 27 90 -77 -52 0 12 -3 82 50 28 45 -54 99 93 29 45 42 86 45 81 8 63 -71 78 -80 -34 -41 -17 67 -77 83 27 55 92 84 -37 -61 -19 26 -95 59 50 -30 9 68 -90 13 -54 -68 -11 11 -80 15 -96 -77 19 52 21 23 -78 30 -22 -59 -56 19 -46 67 -31 44 47 -58 10 93 30 40 34 73 52 37 -68 36 57 -84 -89 83 77 71 -72 -90 5 65 33 -96 84 -1 51 -64 -43 -67 -63 17 88 59 24 -12 89 -40 -59 -87 -57 -88 -54 18 -87 -88 -2 82 59 84 38 -8 -24 -60 -32 -17 27 31 -19 -20 -67 -5 97 -50 94 2 15 88 84 98 8 -15 51 22 47 -8 -27 -24 -75 -55 87 88 -29 39 63 55 67 18 96 56 44 72 -35 -17 78 -91 1 18 2 11 -31 -77 40 13 23 87 -2 83 24 -28 -6 35 18 -57 -67 17 -18 -15 54 -43 -58 14 86 33 -95 32 9 16 84 25 -18 21 -97 78 69 -82 -45 -21 -75 28 47 -55 -56 -57 2 -3 25 21 59 -16 -27 -18 92 88 91 -6 87 18 9 15 -78 93 51 -84 -65 84 -17 -85 81 78 73 -87 -2 5 -27 45 65 -79 56 -18 25 -25 57 -15 77 -20 -4 -7 25 21 -80 -51 3 -48 23 92 83 49 -85 59 -98 -42 65 -35 -26 38 38 87 -18 64 -66 -90 57 -56 -24 30 -75 80 -71 44 23 -98 5 42 15 -57 63 -10 -50 15 85 -29 65 -61 -68 -59 69 55 -94 -1 75 35 40 39 15 -86 -85 65 -88 -67 40 -51 33 95 97 63 -59 2 -11 -3 -43 30 -35 -88 -23 -92 74 22 -46 94 -74 -6 -22 7 -84 -96 -15 60 -28 57 3 33 -77 -71 -99 83 52 37 -39 75 51 -95 49 74 23 -65 4 -56 41 24 -43 -68 45 36 76 17 -66 54 78 95 52 24 17 -90 -94 80 -82 -87 -47 -59 79 63 68 42 69 -64 26 69 -9 51 52 41 14 -61 -66 46 97 6 36 -11 -75 -94 32 7 -70 57 -86 -55 9 -46 -19 -20 -24 -51 52 -43 52 -52 10 41 -84 -2 -15 58 -67 -7 -66 -10 -24 -90 -60 -41 83 -80 32 -16 73 -89 24 -27 95 48 0 37 -3 44 -97 81 -34 18 -27 -3 19 -77 -13 -38 -35 79 -60 -99 0 97 -80 52 -43 -91 65 -85 71 -30 -95 30 78 72 18 52
15 -55 -55 -14 37 5 38 35 25 -16 74 -37 -74 -48 73 47 74 36 -64 -39 2 -99 92 61 3 47 -92 -55 -52 69 -56 8 -67 -82 72 42 3 -46 -75 14 -62 -71 21 90 12 -94 97 12 0 -40 -13 66 72 -9 74 62 -86 27 40 66 -95 52 45 25 -38 -77 64 55 -18 86 -58 -27 -99 77 54 63 19 -31 82 9 -79 47 -59 18 78 32 22 94 -95 14 -36 -26 -27 -85 25 -71 58 15 27 85 27 -14 16 -37 -1 -44 -14 71 -27 -89 -73 -43 -47 7 76 -63 -86 -52 -14 -53 42 -14 96 10 79 -83 -76 15 69 -46 6 -60 31 -3 54 -88 -48 58 -39 -7 39 39 61 -26 -15 46 7 96 -42 63 36 30 -25 -40 -52 -68 51 28 42 -91 -49 -52 -7 74 -85 -92 32 -48 62 -8 -34 -85 -32 -1 -6 -1 23 51 -92 16 -49 -18 -80 -4 -41 6 -33 -86 -49 -99 24 34 95 -77 -28 76 -95 -44 76 -55 -33 56 35 79 32 75 4 -94 45 -35 61 -45 93 -64 88 -91 71 -14 -16 -79 64 -89 -98 -90 36 -64 33 40 68 -36 66 52 43 16 80 -64 77 -37 -66 -86 23 66 36 10 87 -75 90 28 -28 81 -82 42 27 -98 34 24 79 -12 -29 -19 57 55 54 96 -22 -25 86 10 36 -48 32 -50 -34 -38 -39 -96 10 32 -54 -16 79 12 -19 -33 -16 81 -67 -98 -6 -21 -19 59 35 -77 -71 32 97 31 83 -70 60 89 -6 51 57 -35 49 7 0 6 19 -23 35 -41 -22 51 -44 66 -75 50 75 -88 -3 22 -85 -67 -31 34 7 -4 -48 33 84 -41 -23 -63 -51 14 37 9 -85 -21 81 -47 -42 -50 67 -61 94 -17 -61 61 17 -80 -88 11 -52 -34 34 17 -59 -68 77 99 -85 63 88 5 -61 -19 -90 98 25 -90 56 -83 -89 51 -49 99 29 -78 -35 -55 44 38 -5 -65 25 -88 44 77 -99 -88 41 -67 67 -22 -99 53 -43 -31 71 -50 -89 92 -10 81 -3 53 -71 46 67 -96 -87 -23 -8 35 62 -54 -73 -78 29 35 64 -98 -28 -28 -67 94 9 64 -24 -89 81 -47 -80 -70 -91 51 -66 40 60 -73 82 26 -29 -24 68 52 93 30 -77 -24 89 -56 -3 -12 -33 15 -3 -50 34 64 -64 3 65 5 -51 -25 6 -89 14 97 -23 -18 -30 48 -81 24 -40 70 32 -92 70 -58 -36 6 78 51 -91 -54 20 4 45 37 5 -49 61 -72
-95 8 52 44 -8 -65 -47 -96 -65 -16 -61 29 73 35 29 -34 -82 97 12 71 -11 -33 3 -6 36 46 -18 79 71 27 72 57 -32 29 -15 -40 -57 -38 29 15 44 21 -29 27 22 64 -6 -12 99 -21 -81 13 -17 16 20 -2 34 -72 -85 34 -71 -97 65 -48 -9 96 89 48 19 79 67 20 34 29 -87 93 94 -49 10 56 -2 80 -85 -53 -22 23 -40 48 38 -22 47 81 -57 94 62 86 -92 -11 45 90 -30 -18 -88 -57 -46 -85 39 -67 64 -3 49 17 -21 -45 -16 -14 -30 92 39 91 7 -30 33 81 -47 51 -15 -11 65 -10 -88 -92 50 20 78 24 31 -29 4 -33 -34 -45 -55 -35 -81 -22 18 55 85 25 88 -24 20 70 50 82 -39 -51 -95 25 -48 4 41 20 -92 35 72 83 44 54 77 78 40 28 -38 -25 -46 34 31 -36 -42 46 -96 -31 94 -34 -34 74 43 70 -53 56 55 -8 -92 62 67 35 -24 79 -46 55 91 -78 26 -17 62 46 -84 80 2 -3 -74 93 -20 72 67 -49 -39 -8 -6 73 -15 5 80 95 -31 25 -55 19 24 66 -55 28 54 -84 4 2 -7 49 -87 -29 -92 7 -6 16 -22 77 99 95 -3 20 11 -19 -90 -46 -74 54 7 71 84 82 -58 -58 58 32 -74 -21 77 -86 -19 20 -95 7 -92 4 54 38 76 -47 53 80 64 -17 14 -43 98 -67 -11 90 -5 41 40 -56 59 -25 40 -30 -26 -37 50 88 15 6 74 91 -70 22 2 -30 -67 -58 -57 -35 45 75 46 85 35 36 70 -85 73 51 23 -14 -36 81 -7 -61 -86 -4 76 13 23 3 15 -84 72 -19 -40 20 28 -19 92 -96 -12 92 67 -91 -8 4 -21 88 -67 -79 79 -53 -22 -20 -30 69 88 90 58 -32 73 47 12 -46 -28 47 36 -42 88 88 -23 15 16 -69 -86 0 -13 -18 47 59 -94 65 -56 -68 -54 14 -73 11 63 -24 41 -50 91 -32 58 -67 -46 -72 84 -90 67 -36 -23 83 13 -7 -4 -14 68 -78 90 57 -52 -66 -75 -68 -17 89 -15 30 -23 -74 -12 58 -63 98 -34 78 -60 57 10 60 -50 11 -43 85 3 75 56 -47 -48 64 -51 73 -29 5 69 30 -91 -3 -65 41 -55 88 97 12 -82 17 63 16 3 -44 24 23 41 -8 -31 98 11 74 -90 43 85 80 -24 -42 68 -23 -52 32 -17 76 78 34 39 -90 -48 49 72 28 -95 69 86 33
74 24 -85 82 -54 4 30 30 -5 51 82 59 47 -73 -29 -4 -9 -27 -8 87 -72 -24 66 85 50 -70 55 89 -50 -48 -56 -40 32 -36 -97 -19 -30 -42 -58 56 80 -94 -49 86 -28 90 89 -20 -84 -52 25 -35 -19 -57 -3 -59 90 72 80 66 25 -96 92 56 80 -3 8 -66 77 -75 -41 86 -80 -78 -82 -86 15 66 -12 2 -19 46 6 75 22 -97 94 79 67 -9 17 12 28 93 -67 75 81 -99 -81 -6 59 -10 30 -91 -15 70 25 60 -24 65 -24 -6 -26 60 40 60 95 82 -68 -64 -86 -87 63 83 -35 -37 -54 -86 -74 -86 -76 -27 -43 -25 -12 22 74 -99 -32 77 76 3 -44 -36 21 -19 -76 -15 54 -76 -7 -80 -27 -17 84 -18 23 -68 -50 30 -25 -64 75 79 -81 -7 34 -37 34 -78 95 -22 -99 52 -30 43 92 -59 -32 35 -12 61 31 -89 -20 49 -42 83 -19 -47 -96 88 -77 -37 42 -70 -51 62 92 -72 -13 -30 -7 -64 27 31 8 -89 -25 -12 54 94 -84 -50 75 -55 6 -74 -73 -31 28 -13 3 -17 -80 59 44 9 88 -26 -8 -34 5 -29 62 -40 67 78 -95 -9 -36 69 81 17 -73 -64 77 81 35 -96 60 79 -5 16 -61 28 -93 -12 -21 -44 -88 14 -19 45 7 78 92 13 67 62 63 -3 10 -12 -3 -99 78 -9 -28 -26 64 -42 -51 -85 69 -87 77 81 -45 53 19 11 87 77 10 30 16 -26 -16 89 -71 0 -69 10 25 73 30 -46 -23 -91 48 3 -64 -77 -50 98 46 29 -30 1 -74 -73 32 -27 75 94 59 60 -24 -98 17 71 93 87 -1 -69 -70 87 -14 -10 48 33 -46 29 75 -79 -50 -34 -85 -59 -64 93 -69 58 58 -58 -35 89 -65 90 87 -48 54 29 81 85 18 62 70 -74 40 8 5 29 48 -97 54 99 -2 -58 -32 -96 93 -49 -5 23 -5 60 70 -97 -88 9 -83 -20 76 -33 62 -95 -7 -36 -52 -85 8 74 2 -85 -66 42 69 -6 -64 88 -1 77 -63 63 89 69 9 73 -28 1 98 -88 62 55 -64 -9 -7 41 8 55 5 -64 44 -73 38 0 -93 -31 -71 91 77 -3 -37 -17 58 39 23 -57 -11 -25 -61 -85 61 -24 21 70 76 -33 -33 23 -34 13 -70 -36 -70 18 -76 19 -31 51 85 32 60 -58 -53 41 12 11 6 25 94 89 10 -63 82 -34 -3 24 -42 -69 -98 25 -63 8 85 83 30 -22
-44 46 -84 -9 -60 59 51 60 28 30 70 -51 -74 -26 -92 -27 52 -64 -60 -70 36 2 -97 -14 22 95 -55 10 55 -43 -11 13 -67 46 74 -46 -10 -34 -82 82 -40 49 95 6 58 11 6 40 -27 34 -47 97 18 -74 -39 -44 -55 25 -93 11 -36 52 27 33 60 27 97 35 40 68 -26 53 -37 82 -58 1 -15 83 -26 -75 98 47 -83 -57 -46 -9 25 48 -36 65 -52 -57 14 -18 80 -72 76 -8 -14 -94 -10 24 30 -65 31 27 30 -19 -86 -32 -52 31 -11 -31 -6 10 -53 -19 41 -51 -21 82 -92 31 96 73 39 47 -94 -25 -5 64 90 35 22 -15 -43 -19 -43 57 8 21 7 -59 92 5 -3 54 38 -49 -45 -25 12 -84 -7 -10 29 -22 -46 68 37 -53 54 75 -39 -26 -25 2 -77 -88 -24 -47 28 3 -2 -71 46 -97 -71 73 9 70 75 -96 38 -19 -98 3 -46 51 -83 -41 55 -14 -35 30 -84 -3 -29 -49 -21 41 -63 -87 74 -71 36 -22 59 38 62 -44 27 35 -77 33 59 -41 -86 73 -23 55 9 70 61 66 16 44 -44 -7 95 93 -70 -86 -40 7 16 27 -15 -97 68 77 -97 -75 67 -88 7 -68 -43 -24 86 85 -72 4 -28 84 -72 -84 1 -53 33 67 -53 87 23 95 -60 15 -92 36 -13 -19 84 -52 26 -69 -59 47 -42 -56 40 -3 -7 66 -2 35 35 -72 -49 62 -2 -85 39 -34 59 -58 -43 72 40 -77 37 -60 -20 55 49 -14 -51 14 49 -9 -22 14 -3 -12 84 49 -85 38 79 83 -45 18 12 7 96 -3 -77 59 62 -61 40 -47 -28 -45 36 -51 46 -80 72 -68 27 -56 -11 69 36 -89 -57 52 -95 55 11 -59 55 66 59 -48 -66 5 -72 -20 19 -24 -15 62 -90 -32 81 -51 -35 -34 -77 8 -60 36 -15 -42 51 57 -93 -28 -94 -27 0 -57 -76 -12 30 9 -18 -72 86 60 -7 -40 -38 -34 -9 59 -86 -8 9 72 -88 37 -3 50 50 -27 -6 71 -77 90 -93 61 79 -88 -89 69 -53 22 -32 55 29 -7 -56 -41 72 89 -46 92 -61 -82 9 53 -43 -4 72 69 -60 -69 -36 7 -91 -30 -21 97 -46 -50 -19 -56 -36 -7 86 -81 54 53 -65 12 54 79 24 -9 35 92 30 29 -54 0 -50 23 47 33 -45 25 -20 74 85 -35 76 -80 -99 93 63 -92 73 -95 -13 15 -7 -70 -25 62 -72 57 91 -10 2 28 -37 34
-41 66 -54 27 -56 -25 44 -13 -35 -8 -71 21 85 -67 47 23 26 80 29 79 67 68 44 -4 -67 -61 -96 -36 -72 -39 60 -10 63 -41 -13 13 -31 3 62 -28 61 -82 80 85 61 -74 -85 67 -52 92 46 78 58 -31 -15 -11 99 35 84 -42 33 14 24 -16 -30 45 -39 -56 72 10 57 -6 -21 -23 7 -65 -2 -13 79 37 78 88 -90 -64 37 -8 12 -9 -20 77 30 -16 -63 -17 47 89 -27 -87 83 -10 -34 -81 0 -64 -52 -67 -62 3 -47 -54 -17 91 -76 -49 -31 -79 -44 74 35 77 -24 6 88 -15 76 -9 70 -61 -3 -67 99 -70 48 84 -63 -50 24 87 1 56 80 -42 76 -38 -14 -39 -40 -50 -90 6 78 -1 -21 -13 -21 -84 -25 29 -30 -24 29 -13 -66 -23 -55 19 -77 -67 34 8 43 -57 -71 40 -25 14 -13 -43 65 -93 58 -56 -60 58 94 86 39 -70 -91 67 37 80 -30 -73 99 48 -93 49 61 51 45 -35 98 88 92 96 27 -70 -90 49 34 50 30 73 -20 61 27 72 72 21 14 -63 -48 73 9 33 -58 -21 96 -76 -19 -21 27 4 -70 49 -2 -36 61 -66 -1 63 41 11 -31 68 10 -17 65 90 20 -28 -8 70 92 -48 35 3 -51 -55 -99 -33 15 -36 49 -61 -22 -65 -10 25 -70 -36 -40 -71 10 7 18 -63 -54 -65 -70 33 83 7 -55 25 87 58 29 -93 -9 -11 16 27 -88 43 -64 69 89 22 69 -67 -12 -31 -75 -9 -18 54 78 68 -54 22 45 63 79 -58 -21 51 -62 -20 -25 -24 28 6 80 -57 -83 -78 -69 -70 -16 82 -46 63 22 -27 22 45 -35 -87 -94 -58 -33 -66 -37 46 -42 -47 32 31 -7 -25 -84 11 -35 21 -69 69 -72 80 -99 67 0 -17 59 39 -9 -3 -91 12 68 46 -6 -63 27 68 61 23 30 -49 16 93 -69 7 43 94 67 -63 46 -69 17 -89 86 -2 25 -35 87 75 -13 -94 69 28 88 37 -50 -44 -68 -48 -92 58 80 99 -54 -18 -96 -28 7 -18 -89 -29 56 -72 99 -79 -63 -14 -17 84 -35 25 75 41 67 46 -98 -28 -1 79 39 -95 -27 42 95 79 9 71 11 45 -66 -52 65 81 2 -17 20 -83 36 -15 48 -55 -70 -74 46 37 -79 53 -80 40 -16 -51 -78 26 87 -89 -19 44 -23 -42 88 -14 40 43 41 4 -7 77 -46 0 -11 45 75 -47 -38 -4 -56 57 -95 -83 4 58
-91 -33 24 9 58 63 -69 -29 -51 74 62 72 71 29 -14 -84 -80 17 -56 -96 46 12 -36 -1 99 99 -8 4 -16 26 -35 -64 -2 -46 -27 -61 11 -32 21 -83 -54 69 1 -80 28 -6 -42 -12 90 -73 -9 -69 47 70 -76 99 -91 -59 34 72 -99 6 -44 69 77 -10 41 20 15 -44 -47 -64 -56 37 -37 84 -12 50 -30 98 -58 -56 -84 -62 8 -49 -40 -89 -17 33 -43 74 10 17 0 25 15 -76 56 29 24 18 46 -85 37 20 -73 -3 31 44 -6 1 34 12 -83 -15 -66 46 -47 -37 -47 13 7 -51 59 -34 -28 -15 72 -91 -72 46 83 -95 -8 -44 -64 -59 62 -5 -83 11 -95 -46 27 57 27 -40 -55 83 83 -65 38 39 -12 67 -24 85 28 -54 -1 21 -51 10 30 11 86 -69 26 -65 51 -73 41 39 -24 21 29 29 59 46 42 39 31 56 -76 41 19 83 41 32 20 27 -96 44 -57 53 -81 -44 -53 -81 -62 25 70 -55 -10 -45 -64 62 43 13 67 29 73 19 -60 -40 98 2 15 -13 93 55 -43 37 -97 38 76 -48 -95 31 20 12 3 80 -1 25 -37 -1 -95 97 8 -88 49 47 25 99 89 -24 40 50 60 -45 -28 -15 -74 28 29 -77 75 -40 8 49 -8 -96 38 -93 -83 11 -63 3 -22 59 -52 15 2 -63 -38 27 20 6 -53 20 -27 -89 51 24 59 82 -60 -32 96 -77 -12 61 -4 -21 -41 20 34 -24 -89 -69 88 -21 -89 -59 -8 -25 74 -55 61 87 -58 20 44 31 -12 -41 7 -57 10 44 75 -69 41 -72 1 14 96 -63 -67 -83 -30 -15 -32 -8 64 78 85 74 15 57 -39 77 43 -69 49 -48 -68 -5 -35 -12 66 -7 -6 61 86 -46 22 97 -13 87 44 -46 -52 26 36 16 -57 41 -86 -40 96 -89 -34 84 0 95 80 87 -36 54 7 92 4 84 -91 -90 95 39 9 -59 -48 -21 -46 33 -54 37 -40 97 -45 -54 92 81 -97 -20 -5 -50 32 -67 -22 48 49 79 -97 -88 25 59 69 -41 38 25 1 53 98 -84 14 -64 -35 26 6 -65 15 54 -13 43 85 -99 -15 58 -35 16 -94 42 -99 -90 96 83 -41 -46 -33 24 -97 -21 83 -51 -63 95 -6 87 0 29 -35 -1 10 -15 50 12 35 66 67 -93 61 -67 -68 -54 97 30 76 9 -55 -54 99 26 60 -52 -54 40 68 7 -13 53 -34 -65 13 -57 29 -94 -55 -80
-58 2 -38 -98 -67 91 22 89 27 45 67 -95 53 45 -6 -49 -8 80 25 75 -83 60 41 -59 -99 89 -6 -94 66 -37 33 -97 -58 93 47 98 -31 -81 7 90 -77 35 86 69 -69 -46 -1 93 -51 -38 -9 -96 -11 -4 -68 -2 60 5 96 -64 75 8 -28 54 81 12 -21 4 75 83 8 -50 -24 -12 -54 -9 -74 -4 98 79 54 74 78 -72 -8 46 66 -32 53 46 -85 -17 7 -10 -67 45 30 39 -49 -23 73 44 -10 60 49 -52 7 58 10 -61 73 10 -6 -57 62 -51 37 -70 -52 -92 -34 39 -38 -71 92 -23 78 96 97 79 88 -72 -88 4 -73 71 81 -36 59 76 98 -31 -34 4 -86 44 -36 66 -56 -72 -25 7 -11 -7 -70 -26 -16 71 87 -69 46 66 38 -74 -52 -76 -6 19 -71 -54 22 77 71 15 93 71 -99 14 63 -7 49 -98 2 55 2 90 -25 -42 41 17 44 65 21 4 -85 59 53 37 7 38 23 -57 78 -29 -53 46 -84 2 -98 35 -71 83 -72 -95 -9 52 43 86 66 -42 33 -2 -20 -18 -14 78 96 25 -43 -13 -82 -14 -30 87 -36 10 10 -90 22 -8 -60 -95 36 40 -33 20 -34 -18 -52 16 55 65 90 94 -75 47 -31 -80 -54 99 25 28 -52 -26 -10 -60 34 -56 19 7 79 75 92 -92 91 -13 67 20 -67 -36 13 -8 37 -9 81 -20 46 97 47 -19 -73 43 -38 -38 -29 -46 -61 61 -44 49 -11 2 2 8 18 26 -89 18 22 95 13 -88 93 -83 -61 -97 -30 -4 -73 55 21 -76 -12 51 82 28 -31 -24 44 -2 6 -37 -13 18 73 -35 -17 57 51 -40 -73 99 -75 79 50 -78 -98 -40 -86 -98 -38 43 -24 -98 -12 -19 -96 -71 18 78 -77 -47 -78 -69 78 -91 -88 -46 23 -28 -31 0 75 39 6 71 81 -77 55 19 -26 -13 33 -3 -49 16 -68 12 -66 48 -28 -58 96 -45 41 -78 77 57 -13 -96 63 -69 -93 -21 -39 -18 -66 24 0 42 52 -46 51 -1 -84 -81 62 -85 -90 5 41 27 89 -83 24 -14 67 -47 -47 6 -69 51 97 -22 43 85 -75 -15 11 -99 -48 45 49 16 0 -72 -64 -17 30 -56 -1 -56 -41 38 -5 28 86 49 34 -3 -7 -42 -71 93 -40 20 -17 -99 -40 69 77 -30 23 -42 62 44 -18 77 16 34 28 -79 1 -96 71 -86 -12 -32 -98 -99 -13 28 -2 20 -60 -61 -11 6 -26 -30
75 34 -30 59 -42 23 -79 73 -64 -89 42 -17 -14 -34 49 -18 39 20 -7 -1 80 76 19 69 -89 72 -4 9 -20 -70 -56 21 35 -94 -39 48 1 -40 65 -47 -38 -63 -35 -22 -42 -20 -29 -31 46 -12 -21 -16 82 77 95 -23 97 38 72 41 -50 31 71 3 25 -13 47 -24 75 -81 -16 -40 45 -2 -91 30 70 -12 2 -78 -30 -69 45 -16 0 -64 -83 17 82 -67 5 10 -23 -4 -9 77 -98 -60 -8 97 74 7 -75 -38 45 -84 -48 52 84 53 -33 -55 99 -36 -99 13 -51 66 6 98 -43 58 66 1 -31 -36 28 -98 57 4 66 -62 -83 -36 -4 84 -3 33 -93 -27 -75 -25 -71 43 17 35 -48 1 -34 -41 14 -46 -23 -43 12 57 -53 63 28 -11 29 92 37 -36 -83 21 75 -44 -83 -34 -75 62 89 90 8 -3 71 -58 38 -47 68 -46 -85 43 -70 -73 30 39 73 -48 -72 42 -71 -31 11 -97 -3 -51 -70 7 -63 -58 -69 17 -94 9 -97 -30 32 -27 -18 1 -17 80 -67 1 -25 80 74 18 -35 -25 -48 -37 -31 47 82 46 44 77 -15 -5 -91 -50 45 50 41 -56 63 43 -45 -8 -20 -84 93 24 90 29 22 -22 73 -98 -42 32 -56 86 32 -13 29 -36 71 30 29 -61 -4 77 -19 -1 -74 -29 -3 -32 33 32 49 -47 46 -29 84 81 58 72 -51 -6 20 -88 91 14 -53 10 -71 65 12 11 54 75 -14 -45 0 95 -80 -90 8 -47 49 83 -87 30 6 72 -91 -34 0 -52 -43 93 29 -2 29 70 -81 20 17 96 15 54 1 45 1 -63 -65 -42 12 -53 -3 -53 -8 68 -14 -93 36 41 75 81 72 50 -31 -98 -84 -57 82 -4 40 -44 38 -26 76 65 -15 57 5 78 53 67 -9 -62 -95 64 63 9 -88 3 -98 -96 -37 18 68 54 -92 -33 67 29 31 7 5 -54 -82 11 -42 29 -40 -4 -79 26 59 -14 -92 -92 -79 17 37 18 65 -46 -14 -6 36 -68 12 -49 30 -56 -51 -37 11 -30 -29 -26 63 86 59 -93 -34 63 74 -82 44 41 -2 56 -24 17 -23 -67 -25 27 84 -59 -93 63 -41 -54 -59 22 -94 -28 1 -93 42 98 -98 -91 -51 82 77 8 -8 -29 -25 -21 50 3 93 -41 -84 20 -1 93 -96 38 -98 -72 -7 15 23 -80 14 -50 79 -31 34 25 -14 -67 -60 66 -37 37 -13 12 -76 57 -85 94 0 41 -7 40 -13 31
75 48 3 98 -42 42 -39 90 15 67 57 -16 93 -85 -37 -99 -5 -27 50 4 10 -91 -99 96 15 91 -49 20 -27 77 -27 94 73 -92 -20 23 8 6 17 41 -44 34 -95 8 -21 7 -5 54 29 53 39 24 -26 -20 -98 12 76 12 -76 -85 30 4 7 87 -60 92 -36 73 -98 -58 91 13 -43 -56 -47 -56 48 -99 -54 -18 63 -47 -1 4 -98 22 71 -39 -24 81 97 6 66 -87 -32 31 -83 13 11 70 -7 -4 52 15 93 -29 9 -37 29 49 7 -58 70 -40 -44 -90 -53 33 63 61 -91 -86 10 61 -43 58 -8 -70 -22 29 -80 86 57 19 32 97 24 -30 90 10 -62 42 -28 -38 -11 -56 -81 -26 -19 -37 32 82 -65 -24 -33 97 -20 12 -51 -32 22 14 -6 -60 25 92 -47 45 -95 10 -48 -45 38 24 11 -82 36 -5 -31 -35 9 23 27 43 50 24 86 55 98 -13 50 15 78 66 -77 26 73 -32 84 68 -77 -4 59 -94 -30 -95 -83 -56 48 24 49 78 90 49 -98 60 -84 31 -47 81 -85 52 60 -96 8 18 -74 79 96 30 6 81 38 -56 -98 -62 -63 -97 38 -71 35 41 69 -36 99 48 -57 -13 -28 -83 -48 -25 -99 -95 -18 -6 -80 -29 -86 -30 75 -51 -90 -89 -53 -41 90 71 -70 22 37 8 75 -16 -50 -77 -71 17 1 -9 -19 -24 42 -80 53 -66 9 94 50 -73 46 75 -73 73 35 86 -23 -5 30 -90 81 57 73 -44 20 15 51 54 58 39 72 81 7 -67 59 -10 72 28 75 69 87 -94 -37 7 89 56 7 -22 64 83 12 22 -11 70 -78 -21 65 4 -59 -44 -43 -31 -46 66 38 62 -27 -58 -75 -85 -85 92 -43 83 -8 36 -91 49 65 -99 94 0 84 37 -58 -2 -19 63 -75 4 73 -9 99 71 -86 91 88 96 41 29 56 56 70 -71 -65 -85 59 18 24 16 55 67 83 -56 96 -86 50 75 -67 -52 -56 26 -75 36 -17 -14 -92 -76 65 -82 73 12 -14 -73 98 -57 -69 -48 -75 -55 7 -91 46 -14 54 -30 -58 44 -76 -76 -51 78 -62 -19 36 75 -63 -78 93 -1 78 17 88 -97 -77 26 52 10 -18 4 -4 95 61 31 -17 67 -55 61 -82 30 62 -62 7 94 24 -1 32 58 61 71 -32 43 -48 48 -80 -16 -48 15 -5 25 -11 -38 -61 79 34 -84 -45 85 -80 60 -33 -13 94 -35 99 16 -37 -2 18 -29
-53 -24 -32 -54 3 -18 34 -35 88 44 71 -30 -5 -80 14 -86 27 74 -24 25 -24 -55 -60 42 -54 -84 -9 86 -24 -26 -72 -28 -21 -24 -14 -82 83 -67 32 76 -20 -70 -16 79 -52 -86 -11 -48 13 -80 0 -43 21 -67 14 6 72 75 28 65 83 -15 -17 70 67 -99 71 -59 -56 -41 85 34 75 -59 94 54 -58 -11 55 59 -73 -40 -40 -74 27 30 32 -51 -39 -70 26 -21 -37 -72 -69 47 -63 65 78 -62 -51 -20 64 54 -97 25 56 -44 -89 66 -41 80 -60 94 93 -96 -47 0 -8 87 83 31 21 82 12 -8 -2 99 -94 -27 -62 -31 17 7 0 61 -46 64 74 73 62 18 92 65 -44 58 -81 95 -35 62 -63 -11 -79 49 -20 -45 29 15 0 -93 86 49 42 -45 -41 85 -21 87 -27 78 -76 -22 79 -13 -94 93 67 21 -99 35 50 -46 -48 29 -77 -4 72 -72 90 -76 -89 72 -73 3 57 92 16 -95 82 50 -55 35 63 12 -82 -28 -24 -7 82 47 95 1 86 58 29 -64 69 -92 -68 -82 -68 -68 8 -2 72 96 -34 -94 60 -62 -92 47 -99 -19 -9 -21 91 -99 89 76 -84 -84 -17 -93 61 98 33 35 10 1 22 58 3 45 -31 17 96 -92 30 88 -63 70 -81 53 -95 52 10 -56 -6 69 56 -82 27 21 38 -44 -63 -56 9 -64 -55 25 -81 1 -73 83 48 -56 23 -90 47 -81 -13 -80 38 -55 75 79 -53 2 -93 -27 -64 -22 51 -55 62 42 93 -72 54 -47 70 1 94 -78 -11 82 -64 -11 -6 -57 -73 94 -25 26 4 -38 -63 -8 58 -68 88 -56 -61 52 -45 45 51 57 -48 72 -67 31 -23 -45 -69 -39 -95 -78 16 -3 -46 -90 -59 -3 -99 35 -43 51 7 23 16 -62 5 53 -57 -53 98 48 75 20 -50 59 44 -79 -60 -18 59 -15 83 -28 -67 53 -41 -5 71 43 -85 -24 20 -8 -96 -5 -62 51 78 -1 22 61 28 67 76 4 -28 37 24 -43 40 40 70 -40 -14 -4 34 -96 95 -48 -82 -22 -30 91 -97 37 7 -54 43 76 -54 88 70 51 29 -37 -70 25 -11 -9 26 -78 -63 -88 -7 -73 -57 21 -59 24 48 -9 -84 55 -18 -67 -11 -21 29 -21 39 84 69 -1 75 98 -92 -75 -42 -6 -2 69 -78 16 53 -9 -82 37 -35 60 -96 -39 -82 -77 9 44 -64 -24 27 -67 -30 30 19 7 -20 4 -93 99 32 -92 94 -99
75 -4 51 55 -3 -58 17 -13 -91 -6 59 31 21 81 -49 89 -20 -17 54 -59 -96 1 -15 -54 4 78 -17 -97 -85 -30 -3 76 -18 -36 -73 -40 -45 -73 -68 66 -92 -76 -17 -48 -90 42 -65 -37 29 -87 -1 17 -12 -18 27 78 -34 69 25 90 -53 -81 -29 18 -88 74 27 -18 -54 -7 -90 -89 -19 86 20 -33 19 -61 43 -59 -85 13 -86 10 77 -53 -63 -69 53 41 -12 89 -89 -96 -44 -20 68 62 -24 -56 -29 78 83 51 -25 80 80 -18 -64 -46 12 -90 66 -76 -17 51 1 76 87 -90 10 -13 1 3 -54 52 -1 79 -98 -47 -98 -3 -71 -7 -47 -96 55 1 -35 -63 19 -40 -71 92 -58 -63 19 -95 89 51 48 -65 29 -66 -61 -74 -19 84 36 -81 74 34 -70 31 24 62 -62 -75 92 -48 6 96 34 93 16 -31 53 -69 -48 -37 80 53 93 -88 -4 3 65 -43 -82 -76 89 65 -86 91 -21 -85 3 41 36 -55 41 -87 76 21 -57 85 60 -85 -48 2 56 -57 -16 50 -93 66 86 60 -59 92 47 -24 15 66 -42 -71 35 -99 -42 -63 10 61 -14 8 36 -25 85 42 -91 96 52 -54 -30 -49 35 -44 -57 -40 26 18 22 -53 -48 -97 -87 61 39 -14 77 19 -7 38 71 -17 42 -10 47 46 68 -94 -16 33 63 73 29 -5 -64 85 -22 -22 -69 85 65 45 24 -56 97 -85 -61 -71 -96 -33 44 -27 23 63 57 90 -75 -94 0 -37 61 66 -50 -72 -57 14 86 -50 -58 47 98 -96 59 -37 73 23 -59 -4 -95 -39 -95 18 1 -49 95 -82 -92 40 15 -8 -51 -86 9 54 -37 -20 79 -24 26 -74 -63 49 -70 80 -46 -75 -76 0 51 13 -64 75 58 75 61 -52 90 68 -23 -57 -96 -98 -19 43 -23 -75 -77 -23 2 -34 -58 -81 7 -45 51 7 -97 43 61 -1 26 -16 -99 29 71 -6 31 -11 70 99 37 32 41 48 -98 -58 72 88 -70 58 -59 87 26 -31 24 97 -10 -63 -65 98 -50 -49 -74 -23 40 24 39 -77 18 5 26 -12 -72 34 49 -78 65 -60 4 -45 -3 -99 35 -76 -46 -82 -96 -7 83 -35 89 10 34 20 57 31 -2 -85 -19 -91 70 61 19 -41 -49 45 -7 34 -75 11 -64 50 32 86 92 1 -73 41 -73 -88 7 -23 2 97 13 35 3 -76 -62 -33 39 -40 23 31 79 -51 62 -57 -62 72 98 41 0 4 64 -61 -12 18
71 61 -82 24 24 76 -38 -97 -74 -91 -86 85 0 35 -9 -69 -13 -3 45 76 49 -64 -38 93 -9 14 -71 -80 33 54 89 -67 -37 84 -18 -2 8 30 -8 27 -81 14 -43 -33 21 -35 95 51 29 -48 58 -11 88 -94 -10 -26 -90 -75 70 -25 14 75 83 56 -5 25 88 -92 -67 -99 -37 -75 -69 -67 55 94 33 -37 76 11 34 92 85 -39 -70 63 -18 -25 -49 80 87 -1 98 25 18 -79 -50 -39 -13 -87 79 -4 38 4 -65 95 57 71 68 -12 14 0 -2 72 29 92 70 -53 -70 21 -83 -38 57 3 69 -69 -3 66 9 -65 52 -38 -99 25 -47 -17 82 55 64 91 -71 -73 45 88 29 -76 -20 63 8 69 -91 -14 -9 -8 44 -12 32 19 -25 73 12 65 51 75 -64 84 47 -26 84 -54 -63 -66 42 38 50 -3 -3 -57 -41 -15 -5 -92 48 -86 61 39 23 -31 -79 85 -80 -8 -8 9 78 12 -19 -38 -36 -67 -33 30 60 -53 -81 7 99 27 -71 -80 -28 44 10 20 40 9 20 55 -76 82 -48 88 -91 41 -90 -28 -57 1 -38 -98 -21 -12 -35 82 5 -76 -29 -3 42 -5 82 -34 -71 45 -91 46 80 -86 -34 6 -97 15 -54 -34 -8 52 50 -86 67 -12 37 80 -45 -38 6 -20 29 97 -11 -59 25 -82 58 -42 13 38 19 -30 39 96 -99 -40 55 -14 -48 32 71 85 -97 98 -72 -56 -27 -6 49 89 50 47 45 25 69 61 23 10 66 49 -76 75 14 66 -9 46 -91 -7 5 -56 84 59 -74 -94 -64 78 59 -93 33 44 62 -64 -96 17 -60 -15 23 -43 -69 -45 -70 -27 18 -21 22 -63 -45 -24 45 -35 80 45 -97 -31 21 86 2 86 4 35 34 81 59 -66 -68 -38 39 67 17 -86 -14 -21 87 -47 -4 86 23 76 53 -75 -6 -63 20 47 35 -58 40 -3 -65 49 43 -77 56 19 86 -71 -63 6 -47 89 -45 -30 44 10 -34 -90 -33 87 18 1 98 48 -90 -32 48 -63 -59 -60 7 -56 59 38 36 48 74 45 85 -19 62 27 72 -42 -80 -48 -70 -18 54 64 -34 0 88 -45 -9 21 50 -87 -77 -5 -54 -37 29 -38 9 55 24 -96 -41 -59 95 74 34 34 79 -62 28 22 79 -30 22 44 41 13 70 -83 48 -31 -19 64 -75 -78 -57 50 87 70 -64 -14 47 -20 -38 -22 40 71 61 44 49 -41 57 91 9 -85 -35 93 -66 34
63 -24 16 16 -54 94 -84 99 -57 84 62 -68 -27 -71 -31 32 95 -85 44 96 -57 77 -87 54 -68 75 69 -33 -78 83 49 -7 49 -14 44 -75 24 45 -8 15 -89 -76 -21 80 -28 33 55 90 -39 95 -67 -99 69 11 76 6 -64 -32 -42 71 -54 30 35 16 32 -5 56 81 46 69 -64 88 -57 -38 -25 65 -86 76 12 63 -13 44 -93 -27 79 90 -12 60 68 76 -67 -50 18 27 -84 -22 -11 55 -50 26 49 -74 -23 34 -78 -62 62 72 -88 22 -82 -22 16 -42 -25 29 -29 81 -32 66 -21 -24 -45 -90 -20 -38 88 31 -58 -40 96 37 84 17 38 8 95 -3 87 -98 -41 79 -40 -89 68 -62 -95 -47 50 -68 -35 3 9 -82 -6 61 -60 -74 -39 6 -65 59 -63 -21 87 2 99 -7 97 -14 69 -32 9 9 -61 -20 73 80 84 38 -83 -19 23 30 79 11 46 -12 74 -83 69 54 -13 5 -70 -52 87 -96 -52 -21 15 95 -10 52 -10 -22 26 4 99 -54 54 -57 44 92 -94 -25 -16 -93 47 25 66 -68 42 -26 -50 98 -93 76 -55 75 91 33 -50 -29 68 23 -47 21 -39 -63 38 84 99 46 -99 -15 -40 -95 -71 51 96 50 81 -5 1 -25 -14 58 -6 -27 -35 -98 -78 -79 66 -29 -96 -33 -13 -10 40 -83 92 -86 24 53 31 -5 -58 28 -40 78 -56 40 -71 80 -1 -61 27 66 22 97 99 -50 18 3 80 -27 16 99 -74 -19 -31 32 32 -33 -35 13 62 27 52 -88 56 0 -71 66 85 -58 -94 56 77 95 94 63 1 -54 72 86 64 23 -22 -68 79 -42 82 62 19 -70 82 -54 36 -9 34 -34 -20 -21 0 -85 -28 -52 14 3 5 12 84 93 -51 -56 4 -56 45 84 20 -92 -55 -30 -18 -24 26 -47 -28 84 -86 5 14 23 39 -32 -4 -80 76 44 20 47 66 97 22 24 58 80 -55 -43 -81 67 -24 -39 -24 30 -27 -99 -63 8 -81 -2 18 35 8 -28 14 -75 75 -59 55 33 -65 -18 67 -30 57 -2 77 82 31 32 -26 -48 -74 76 -97 93 80 14 26 -8 -37 68 40 -11 63 64 -82 -55 6 -79 61 -81 6 -66 -73 76 12 -9 -48 65 -96 -72 -4 -25 89 9 55 -59 50 66 15 -59 74 -82 69 48 -63 25 86 -44 39 85 -71 7 4 55 -85 -20 -23 -59 25 -74 39 -17 52 99 -75 66 16 76 -57 -9 -76 -67 -54 -85
-42 -4 98 51 21 71 -54 -22 13 61 9 -72 73 -4 41 -93 52 29 38 44 -43 -95 67 -36 -97 -43 -98 92 29 -59 -39 72 21 96 -68 34 1 -48 11 -35 -11 -6 25 -1 -86 -46 55 -36 52 3 -86 -22 81 -37 -90 78 -90 92 78 -96 13 -92 73 -62 -49 36 -66 12 -46 5 13 -73 35 -79 28 -69 -59 -5 55 92 -70 -55 -83 -94 7 16 2 14 -69 68 -70 12 84 -17 32 93 27 98 24 -14 63 79 56 -11 97 95 91 -33 -60 -97 -33 15 -68 -55 -50 -46 -96 -59 79 76 42 3 -68 21 56 67 -69 -32 69 -20 -52 21 -14 -11 63 1 22 -66 87 -30 81 81 -68 26 43 43 3 -19 63 17 11 84 16 -47 38 5 34 -72 6 77 9 -77 -97 -11 -29 5 -66 -27 -55 30 -47 -59 54 43 -56 -15 -43 -66 20 99 -20 42 -63 21 97 94 82 80 -35 41 41 80 -59 -51 -73 -47 28 61 56 -95 59 -25 -26 12 52 80 -18 -2 84 -99 -25 -43 -37 -96 27 83 37 51 -5 54 -29 41 -65 43 74 -62 -34 -79 -28 42 74 -91 -45 49 47 -86 -78 77 47 67 71 14 -2 -99 -88 27 -16 -45 86 17 -86 24 55 46 -29 19 31 26 -97 88 -13 -75 -41 -83 0 42 -2 -82 54 66 93 77 -83 40 -86 93 -14 36 95 38 84 -7 48 96 34 75 55 77 87 31 92 -31 83 16 -98 35 10 -56 49 35 20 76 5 -89 36 70 20 9 -60 -60 -18 90 79 32 -53 -64 32 43 -23 9 -20 -65 15 -82 68 81 38 -49 -57 47 13 58 56 21 -62 -58 91 -88 34 -94 -41 51 -78 16 -58 51 85 -52 -33 34 -36 -11 -2 8 -47 -52 -14 -83 -16 89 98 -51 56 -8 58 -58 -37 69 -81 2 -67 29 -22 69 -92 -95 -32 -15 28 -36 -96 -3 25 -67 15 -62 -91 -45 -25 51 33 19 -17 -48 82 -24 -83 -50 -87 71 45 98 -65 -95 -7 -6 -41 -46 -17 15 -69 66 94 -37 34 -21 -2 58 41 46 50 18 55 46 12 22 -42 6 50 17 -94 -57 81 -91 -39 -8 51 -55 -11 97 -36 2 35 -91 50 14 -86 1 93 88 3 -6 -77 52 84 -79 -28 -6 77 -88 57 79 81 50 -15 -66 -52 -1 -19 50 -69 -18 -70 54 12 53 -25 -2 -66 -32 56 23 46 -28 7 16 -96 13 -95 43 79 75 -11 35 -19 -87 -32 -91 -80 -84
78 -33 -54 42 42 49 -57 -72 39 -76 -67 3 86 34 -87 -73 27 -70 -59 -67 65 -83 -34 -48 17 71 -97 54 -64 -96 -29 22 -70 -24 38 75 -5 52 7 20 -21 -47 50 29 27 -61 31 97 62 23 40 -25 -69 80 -25 78 -38 -3 94 46 -94 -10 -57 8 42 72 -33 79 31 -93 -8 24 -6 0 -5 35 -52 64 47 26 -10 84 -97 -53 88 59 -89 7 12 -5 54 33 -32 42 11 48 34 -57 58 76 -19 -20 86 -74 21 31 -26 -92 -71 39 64 4 52 20 30 75 95 18 18 77 8 87 -53 -62 -54 -51 91 48 -17 85 -98 17 -36 17 86 33 -75 -57 33 18 -71 37 7 -57 -37 63 44 10 42 95 68 -83 -19 21 -61 -82 -99 50 -68 -53 -54 46 49 -56 -98 -28 -90 -20 86 -30 19 -49 -4 25 30 75 79 19 -22 9 26 40 -93 -15 35 -93 36 -73 -25 -15 23 -76 -1 -86 32 48 40 69 50 2 -52 -73 -24 44 -90 84 40 35 16 -63 27 -70 67 37 -74 46 -4 -85 -91 16 39 -58 -82 14 -65 -84 89 -62 -28 -75 67 66 59 -90 -54 -33 -3 46 -64 -82 -68 -78 32 -51 -58 -6 88 20 39 -18 24 18 97 62 -24 -49 74 51 95 -37 -41 -17 66 -87 -72 14 79 64 -96 -15 -71 61 -79 3 17 68 -75 72 71 65 -47 -34 -82 24 -46 31 27 -93 96 -51 -9 95 26 -36 34 63 49 41 31 6 -74 76 6 -32 -41 -8 -28 -38 -56 -3 -15 82 -68 -51 58 -95 6 13 -34 -45 44 9 -30 21 67 -30 -58 -45 -40 -12 -81 -77 -19 -84 -16 -79 -8 -99 35 -39 -27 -52 -55 -21 -71 -14 49 -74 -37 82 75 80 -38 -19 -62 4 -98 -96 -2 15 76 86 72 -92 86 8 24 42 43 -28 -36 -91 2 -97 9 87 51 99 -24 -34 -76 56 -33 -22 -20 52 20 51 26 -55 74 30 6 84 -88 -32 -69 -64 73 -77 29 -46 44 -47 -26 93 -95 -66 -31 71 -31 43 -38 66 85 58 15 0 -92 65 -85 43 60 -68 -65 -34 20 -77 -80 -25 62 66 -37 -33 -94 -22 74 56 -30 57 45 97 32 6 88 1 -25 58 -47 37 57 43 -99 18 86 -33 -70 57 -85 73 91 -62 -31 -92 -41 63 74 -10 92 65 60 37 91 4 -80 -56 -67 -7 -56 15 12 7 39 -65 4 94 2 -56 -23 52 -83 21 32 -84 -42 68 41 -69 66 -50
23 -24 -15 33 -45 -94 -17 77 59 8 41 -19 -67 48 -1 -16 77 -18 53 24 -71 -51 6 83 -72 -61 26 88 -53 -33 -35 63 16 19 -44 82 -57 -9 -94 93 -40 -65 90 24 12 15 -64 19 -77 40 4 37 90 13 -57 28 -67 -99 -52 -67 -83 -48 -23 22 -77 -5 -6 -52 86 59 35 38 72 16 68 -44 -64 -51 7 -64 -21 75 52 -97 -27 92 85 -32 -64 -13 49 40 92 91 -20 -70 79 38 74 52 -33 -23 -86 -4 -10 8 -34 -37 -93 96 -42 16 18 -54 55 15 11 46 -70 -34 -33 19 90 -61 -18 52 91 83 -93 -45 -14 -16 87 -45 -1 -56 29 -66 1 3 -71 58 2 9 -40 -68 -71 -76 -35 75 -68 52 78 85 -85 -66 -6 36 92 -74 -46 -57 47 35 -63 -34 5 6 33 34 13 -59 -51 -84 -80 -40 -55 34 -10 39 26 -79 -68 62 55 -66 42 17 -86 -87 -42 -70 -63 -47 -89 64 -97 29 27 2 75 -31 19 56 -2 23 5 53 -9 84 92 68 -89 -5 -89 -68 -95 -84 -60 -30 60 11 -69 6 -76 -47 -64 -27 -3 -25 -97 -77 77 -29 62 -36 -50 -79 19 93 92 -98 4 80 -49 -56 -3 -59 88 -65 26 29 -24 -28 -71 2 29 -99 -48 39 -7 -29 85 -27 35 -15 -69 -86 31 86 46 83 -1 78 -42 62 -65 -62 -98 -92 38 18 62 -46 40 -69 -30 88 30 11 89 63 97 -55 -25 -66 56 94 31 44 -94 66 -88 -42 -62 38 -23 -71 -39 -70 67 -13 -62 -34 -6 77 -99 73 -98 72 93 35 -2 -51 69 -90 -53 38 99 54 -74 46 11 -27 -81 -19 -42 -83 31 47 -6 42 -50 -65 35 -44 -91 -12 -21 55 39 -64 -53 35 -22 80 36 -71 -23 -41 -54 -66 -31 -31 -81 -94 12 21 7 -64 -80 5 48 -78 80 -29 28 18 93 68 -7 57 -43 59 43 41 -59 39 1 -94 -96 15 55 -98 -9 94 21 24 98 -76 60 51 -96 -84 17 43 32 44 -96 -48 -27 75 -63 6 -93 31 -4 41 60 -52 -28 -18 64 -79 -93 93 -80 -7 -8 -35 -13 50 -81 -37 17 68 -84 -91 1 -4 44 -45 14 -96 -68 26 30 27 -97 -33 0 73 19 -35 45 -42 45 -5 49 -86 -96 71 -37 -72 24 20 41 42 -93 -82 -31 57 5 96 -46 88 -28 -61 91 -22 -97 10 26 -17 -64 53 -8 58 47 31 81 74 -23 9 56 93 -76 -94 -97 46
-83 -46 19 91 31 37 -93 -52 -72 54 66 30 3 33 -69 -1 -57 -49 95 22 -7 25 11 -53 -24 -28 20 -89 -16 -65 77 -42 83 -69 97 20 -48 -20 -12 54 18 -43 50 86 -12 94 -96 -52 3 -9 -60 50 -21 71 33 61 -58 -48 -22 -37 -21 55 76 57 -24 -52 15 -38 -41 -18 90 21 93 59 -69 -87 -13 -64 48 -38 -23 -8 82 -8 -66 28 50 57 -89 -45 16 -59 -50 -81 97 82 68 -10 -98 -15 14 -62 -12 -14 -2 39 -52 -98 -2 27 -53 -96 14 27 1 10 66 -32 -95 -54 -30 -50 60 -53 -47 72 75 -27 -84 16 -97 -70 -80 94 55 26 2 56 6 28 41 83 -93 -59 -29 16 66 -43 -15 -14 -96 -83 54 7 18 -66 98 81 24 -89 -85 62 -50 -53 97 -93 84 -88 10 -79 -73 -45 93 22 -74 -42 -80 -5 -73 -65 -41 60 -50 16 11 -20 -82 -25 -71 25 -1 -32 -89 -53 23 -9 56 -19 22 47 82 -59 -32 -3 83 -51 4 -57 -49 73 13 72 37 54 -66 32 95 55 -57 46 5 47 -54 -42 -41 90 86 13 7 -17 -49 -20 35 -93 61 -91 -37 26 10 -39 2 74 -67 84 78 -33 16 -27 48 -52 -57 65 46 42 70 -35 -44 -69 16 -41 11 64 20 -83 52 46 51 -82 82 -9 -72 65 -90 69 -90 -57 -85 -58 12 -32 -4 58 18 1 -29 -81 95 92 19 -36 -10 60 -8 -44 -27 -11 -36 -62 58 -97 2 -45 -23 -75 -14 37 74 58 -62 88 -87 -11 35 60 10 -28 0 -13 -13 83 56 -94 -76 75 67 -57 67 -30 26 -97 -12 -50 48 -64 -80 -10 -27 -78 89 -76 -9 85 -94 -81 -96 -22 97 -14 39 -19 54 -4 43 -40 14 57 32 -91 -99 -52 50 -96 -52 -91 62 -5 26 92 -96 54 -88 -19 -4 -65 89 -91 91 47 28 85 80 64 -93 65 11 -14 -81 -88 -41 49 92 -89 -28 59 -78 88 -42 -14 92 69 -5 27 74 17 62 -85 80 -8 -78 -94 23 -7 12 46 -53 -59 17 -35 55 -81 10 20 53 2 74 -82 -66 -69 -40 42 93 28 -82 0 3 34 -17 -59 -54 63 73 29 39 -17 61 -85 81 93 -84 -28 -93 -63 35 66 -33 30 -59 95 -96 98 -77 8 -81 -84 -77 88 -23 46 57 58 -90 48 22 57 -51 -38 -23 -82 -42 -45 -61 97 -55 -76 -31 87 -77 53 -44 16 26 0 13 20 74 -84 83 -62 -20 -82
25 8 35 -38 52 4 47 56 73 -78 -24 -61 42 -93 62 91 -19 68 49 27 35 34 49 -65 68 82 -83 -12 52 -87 -41 -42 -12 -96 -59 -5 -71 59 95 75 13 31 -81 25 -31 -83 -61 28 -88 -16 -10 19 81 -51 -60 93 -76 -3 53 -91 55 -76 -18 -95 -62 -86 -54 -7 39 11 -79 81 9 38 -21 -71 -49 -45 -25 88 -24 7 -54 -11 41 -39 27 -50 78 -65 13 -58 -95 15 -4 -53 20 81 72 -32 35 15 80 -90 -34 -14 83 91 14 90 65 -67 7 52 25 -52 -30 56 74 84 -40 27 -40 -15 -46 19 -39 -16 -97 -60 30 30 -94 76 30 8 32 13 78 -88 -30 49 0 29 -66 -59 -94 75 -68 -50 -50 -65 23 6 83 39 -12 -78 21 -24 99 -86 -99 15 18 28 -6 53 -19 -43 93 87 -34 -36 -53 24 9 -11 -54 39 10 -69 23 56 34 99 -13 -26 77 -97 37 -91 -23 65 -81 -13 92 -15 -99 -90 92 61 56 -2 24 17 -73 -86 49 12 -55 -88 -77 -39 89 -38 -43 83 -70 -59 -10 40 73 30 -85 81 30 26 96 96 -97 29 77 -65 67 -22 -98 91 61 -32 79 -98 25 -9 74 81 0 -4 76 87 72 47 -94 -58 18 -2 47 -79 82 -33 -69 64 -81 -28 24 -5 30 23 -36 83 16 -3 -20 -79 -21 -31 -8 -99 96 -95 -8 -67 45 -32 -4 -52 -11 -34 86 -87 -18 8 93 1 -34 34 -37 48 78 25 95 -97 25 -94 -88 43 6 -5 -74 97 -42 -28 68 42 26 54 -29 -70 -74 -76 42 53 71 -9 31 -30 -20 80 55 87 38 -18 74 -23 -88 -27 -59 -84 65 -77 -40 62 83 -83 -52 -94 97 -36 81 -37 68 -57 -9 -54 -71 93 -97 -38 91 3 -37 69 26 34 -56 -37 -74 -77 43 22 -98 79 -67 69 -92 -70 31 -93 -84 1 23 -90 91 36 -63 70 72 -93 99 -1 39 -8 -76 60 -8 -32 67 -10 21 13 -48 44 93 69 -46 47 29 -11 -36 78 0 -71 61 -15 -80 14 49 -47 20 29 1 47 4 -24 2 91 -22 -69 -14 76 -48 -86 29 -79 49 -93 -11 11 -69 76 -18 95 -98 5 -11 94 -10 50 11 -93 70 65 -70 62 13 -25 -76 91 14 42 46 32 -94 3 -23 36 -82 -70 1 6 -92 -51 -32 57 -67 48 1 47 -23 -45 36 -23 -55 -42 45 94 -78 93 79 -89 59 88 -83 2 2 66 89 81 62 21
-87 -69 91 -96 89 -74 -9 24 35 52 -50 -14 -58 -49 13 93 11 92 40 -70 -31 -42 57 20 0 34 80 81 62 -55 57 -89 -54 -36 65 89 2 -53 -71 57 -13 63 -17 -60 17 15 26 -44 59 69 -31 -49 -59 -23 22 22 -59 11 -1 50 -3 -83 -72 82 -71 11 54 30 -17 10 -48 3 97 35 -90 50 23 -65 -26 -10 83 75 20 -5 -80 3 53 -65 26 -21 -19 75 83 -33 -76 15 20 -76 -99 -71 68 99 78 98 68 13 -33 -68 25 -34 -61 -97 -45 -98 -54 54 -69 -17 -42 81 -23 -83 -98 13 40 60 33 -10 -79 14 73 89 72 73 61 18 22 -60 91 20 32 -71 27 56 10 10 -4 35 -65 59 14 23 -4 25 -29 50 32 43 -84 95 82 23 74 30 -85 80 96 39 -15 -13 -38 7 -71 -50 89 99 -16 -3 -60 82 48 -71 -60 0 -55 -70 24 -55 -46 95 -76 -85 73 34 -61 -67 -86 -91 6 58 9 -7 -64 -82 86 -13 74 74 -5 85 23 -17 -88 -47 -90 47 79 -76 -15 38 89 87 35 -83 28 97 23 -78 -68 28 -30 -58 17 -84 -32 -73 -26 -61 -66 -70 -21 -93 -45 -95 -2 -11 82 97 -21 32 -21 41 -82 -79 90 -10 -39 -48 -24 99 83 -27 -29 68 -77 -66 -92 -63 48 50 38 -48 -6 81 44 56 -70 93 62 24 -99 40 60 -5 -55 52 35 -26 9 1 19 -67 37 -56 -25 85 6 -5 -50 -72 -21 -27 -67 93 75 -31 -70 -40 -27 -47 16 -39 -73 81 -9 -3 59 84 45 45 -2 90 -82 -12 -22 -40 79 -62 41 -14 -48 57 -9 5 32 -26 53 -47 10 12 -76 -41 -61 -79 -30 16 81 -53 77 75 -35 -71 -27 20 -42 71 31 -99 -22 26 57 -14 -59 -86 98 5 -22 -89 -90 67 -85 -28 50 -49 -4 25 62 -16 -2 -65 -91 -77 -23 -13 87 92 -38 -10 88 24 55 14 51 37 75 -32 14 -98 -39 -86 70 -70 -96 32 81 89 0 -72 5 59 -53 -74 51 -42 -67 -6 14 7 -44 8 -3 49 -50 -66 16 -44 -4 89 13 -36 42 12 83 -32 90 -47 -96 65 24 27 -58 14 95 43 -7 -87 -16 52 99 -43 99 36 -64 50 -17 -50 13 -51 21 85 -25 41 -77 -5 -61 -39 58 -54 70 3 75 -8 50 50 85 48 48 50 27 -12 -51 43 -24 -71 42 37 -77 -61 57 71 52 -35 96 -8 11 -31 -3 68 -20 -42
-32 -82 38 -76 -47 -24 -45 -60 -14 11 -26 -79 -15 -99 74 -33 10 -79 13 13 78 17 -89 -18 59 -92 -93 -61 3 73 85 53 -47 -66 -33 -14 -13 -59 36 63 8 64 38 73 -24 80 -98 -17 43 -40 -45 -37 81 49 1 -65 93 5 1 -96 -19 -76 -12 43 16 51 -88 88 -57 -59 -62 97 -24 -95 22 95 -15 -10 39 24 0 -39 -96 21 58 -38 20 -4 -52 -51 -15 -22 52 -26 86 24 38 -8 -51 -81 -47 75 -28 11 -51 24 49 -17 -14 18 -74 -64 53 -35 14 -43 27 97 73 -64 -36 -11 -41 33 0 90 -66 15 -15 -45 -25 -24 55 -5 80 -28 81 -22 -74 -20 18 -82 66 18 -24 96 -31 38 -19 -13 -35 -5 -1 -82 43 90 80 38 13 -95 -48 -16 -37 61 -27 -98 -98 54 13 -34 84 -78 79 13 37 -58 -58 62 -28 19 -79 -96 -72 -99 -85 -84 30 71 -17 53 80 47 88 66 86 46 52 -84 -60 -57 14 96 -85 -97 -15 84 -84 -8 54 -19 26 -4 -52 6 -30 -28 -18 -64 -55 44 -18 -39 -90 -67 38 -77 -46 41 -49 67 72 70 74 -35 44 97 -90 -77 18 -56 43 -69 -65 -90 87 -25 -77 -10 27 -4 -49 12 88 34 -52 -6 -2 -3 48 -1 -2 25 64 61 -14 0 97 -25 -8 4 -29 -59 54 58 -50 -12 -96 8 -35 1 72 47 10 -72 85 -46 72 -45 21 16 -85 -32 62 -65 -98 -37 -59 78 25 28 31 -98 19 93 37 -3 22 -49 57 -94 79 -96 92 -34 39 -65 30 5 -49 33 1 -11 -76 75 -40 65 25 38 -86 -98 -7 -39 71 -47 -30 -6 61 -23 -96 93 -12 -54 -18 -15 85 -69 4 51 -76 93 90 10 40 -45 54 18 36 -73 92 -28 25 -34 -55 69 65 59 -80 -51 93 15 46 85 97 95 -2 -27 29 96 76 2 -19 -81 31 -64 -46 -17 -62 -31 -45 77 64 84 24 -18 67 65 29 -60 28 -32 75 44 87 -4 -46 -50 72 22 26 -8 14 -37 68 -73 -74 -45 80 -77 -83 -46 53 79 -44 -5 -68 23 -90 -51 75 -84 83 -2 -28 -48 44 96 -5 -83 -26 -50 44 4 82 -92 44 23 85 -69 3 -38 81 -69 -53 -30 93 -8 35 -64 -94 4 -81 95 -1 30 -48 -90 0 74 -90 54 52 67 -48 49 9 -33 -47 -40 -7 86 -31 32 -71 7 62 -68 43 42 61 68 84 15 56 33 -59 -30 -52 -78 -59 33
67 -25 -2 98 -41 -7 -77 -53 62 -34 65 63 30 90 73 79 -66 -48 43 51 63 88 -41 62 65 52 -61 1 -36 -6 -84 15 -40 -73 35 -8 94 -2 2 3 -54 0 80 -3 60 -96 47 0 -77 96 57 42 -94 -90 -92 3 5 95 -44 -23 99 -56 24 -70 42 35 -32 3 -77 -92 -56 -94 -12 -97 40 90 -57 -12 -68 -30 33 -11 -38 -86 95 61 -80 -91 48 84 76 -23 66 48 -96 -21 34 47 -19 -78 97 4 -63 52 -41 67 -37 -37 -55 77 -3 96 25 93 7 62 40 82 -59 -2 -20 -97 69 -71 72 -72 -79 -17 6 48 53 9 36 89 62 89 -64 -80 61 67 -30 -20 23 -59 -46 61 45 44 -13 8 59 61 27 -82 -41 82 66 13 23 78 -53 -52 -59 19 1 -45 -85 -14 96 52 -25 -40 -28 -84 -24 21 -77 -97 -42 87 99 25 60 -48 69 -48 28 -69 79 94 -48 36 66 36 -45 82 35 -25 -22 93 21 73 74 -91 8 -5 -67 -96 54 96 -40 46 -84 97 -94 91 -79 43 4 -72 60 -99 -52 7 88 -48 -73 -26 -15 -87 3 -9 8 -1 -51 60 14 67 -94 -75 88 -3 21 -19 50 -48 -50 -14 68 -46 -62 92 3 39 -72 -98 41 -96 -16 73 70 -1 66 7 -36 -44 41 76 -91 13 67 -15 -20 -57 65 57 11 -10 71 -84 -6 70 87 -89 -64 -82 -40 -88 -64 22 -9 79 42 -70 -91 67 -75 -41 -2 18 78 -7 40 96 -31 -45 19 -53 -55 88 -41 -75 -55 2 -34 -20 -96 -49 -91 -13 -83 59 -75 19 -26 15 -23 96 12 98 69 26 -91 12 -63 73 72 -15 -18 29 73 -52 40 -39 39 -16 14 -35 -82 -54 74 -42 62 41 -68 -39 -58 -87 19 -52 -36 -34 88 26 2 86 6 37 38 86 56 86 -64 97 20 92 12 -10 -31 -96 89 -89 11 -43 -24 14 -38 95 -28 -9 -96 44 7 48 8 -17 -94 -99 -87 -33 51 16 76 79 97 40 -20 8 5 -80 90 80 20 -50 -19 94 -64 -97 -61 -77 -39 -26 94 54 7 -7 -91 15 14 -37 -43 -46 -87 70 -96 -29 -55 -99 -64 88 -19 25 87 -84 -56 -78 -44 -40 -9 56 -31 82 -21 48 -67 -85 60 52 -53 -82 98 21 -86 78 -84 87 50 63 73 74 -68 20 0 26 -3 64 -55 -8 -5 19 91 -94 -75 0 36 -71 19 57 -56 87 -74 -97 -54 10 86 87 22 -74 -7 -60
1 25 -65 -42 30 57 12 -17 68 42 -47 -68 56 -31 -60 -75 -76 -34 96 -76 -9 94 40 46 51 15 -4 53 -93 33 -81 -79 91 82 27 -54 48 -79 -50 46 6 36 22 -92 -56 72 -69 -78 -88 -25 83 10 56 -97 2 12 -18 34 57 18 85 29 37 -91 36 -39 70 -35 11 65 41 63 -98 -41 66 -93 -67 13 58 -84 -69 -99 -69 -11 51 97 -9 19 29 24 -88 -28 44 56 -21 -31 7 78 95 -96 -71 -29 72 -55 -66 -21 7 -33 -57 9 -69 -41 42 55 66 -20 -63 31 57 93 -71 -90 -7 0 -2 60 -47 -55 6 -13 19 16 -67 73 -57 -97 -12 21 45 -99 82 97 -53 82 99 -5 -54 -6 30 17 -74 17 -22 49 -91 -96 31 89 -89 65 32 -94 30 -93 42 -67 -21 26 -91 -64 -2 -97 30 40 -66 15 24 -3 -99 97 -19 -44 78 -42 -33 96 -88 -5 69 16 61 -28 -68 44 44 -38 90 -31 -5 -98 -65 -43 23 -67 -12 53 44 72 75 77 -14 -74 92 15 -64 14 -19 94 76 -37 -70 44 93 -73 44 -27 66 -29 -94 -91 47 30 69 90 -54 -36 -4 8 52 -11 62 38 17 -29 48 -76 1 -45 -91 41 -49 -76 89 12 -79 72 34 -9 -95 -7 -13 23 -99 -75 31 41 -61 71 -59 22 3 -22 19 -44 -24 25 -24 25 -73 81 67 43 -58 -70 -37 -91 6 35 29 -97 -55 46 -91 -62 60 -82 -27 9 -80 86 11 46 -92 30 -66 38 35 -6 -13 11 39 -34 -10 -45 -44 -27 -2 -15 -20 -6 69 -59 -53 -17 -18 -51 -57 94 97 -2 -49 -20 -2 23 33 -59 -9 -48 -28 65 7 47 68 13 59 -94 -70 0 -42 28 95 11 33 -39 -69 -2 -93 -53 99 19 -17 20 -72 47 45 8 -11 -10 -76 -95 48 83 -20 80 -14 10 61 24 41 0 63 4 -43 7 -56 34 -90 92 64 0 73 -64 -6 97 -9 -90 -52 -14 80 -96 -50 56 -68 40 9 40 -25 53 8 6 78 57 -62 38 41 -52 -77 -94 0 4 -47 -91 -51 37 -65 57 52 72 24 -32 56 63 -36 -10 22 -51 70 43 37 88 -67 -30 -37 -64 -76 61 37 -58 3 64 28 91 56 82 -26 -91 -3 -16 78 65 67 52 20 -85 -62 57 16 62 -27 48 -35 -71 76 -28 7 24 33 -52 -20 -76 -34 30 -71 -96 -51 48 75 15 31 28 -73 67 76 91 48 -42 -62 -56 -48 -68
99 -91 -35 -83 20 -15 -38 70 71 69 83 -15 -4 83 -2 -82 -33 56 -78 82 54 10 -5 7 -86 73 -58 33 -73 47 95 -58 -34 -8 -19 22 -88 57 5 -63 47 14 -41 -96 10 94 -81 -74 68 57 -90 -26 70 18 30 -68 -97 -55 -72 64 51 18 79 -65 -60 45 -74 77 34 61 0 -48 19 36 81 -38 -36 -98 25 -13 -83 -8 65 23 -79 -68 93 -7 54 -46 -83 62 -45 97 -6 -70 -72 32 79 -66 -26 -30 78 74 57 89 54 -24 30 -76 -88 71 69 23 -85 31 -19 9 -76 67 -51 46 86 -88 -54 50 -99 -34 66 15 -78 8 87 -40 -67 41 59 -28 -26 -46 -19 -14 -52 85 74 55 7 78 -56 -41 15 -46 -11 -56 26 54 -82 6 52 75 20 -61 41 -48 72 -77 72 -68 77 -5 95 4 -82 -1 24 -28 94 25 -68 12 94 -44 -66 -27 38 -69 15 -13 17 -37 33 42 56 40 -20 11 -19 -69 31 35 18 -97 -90 -84 84 -90 14 -57 16 -72 -43 0 -70 -47 89 95 -70 40 -65 -26 68 -38 -21 -43 -8 22 -67 -89 10 -26 11 26 56 32 27 44 -93 56 62 28 -52 11 -68 -30 -41 0 -94 -87 91 3 -76 -4 -50 -60 -34 -74 -5 94 -68 54 81 -88 -78 -19 -21 -50 -74 89 96 58 18 50 52 -54 17 72 -51 -74 65 63 45 -19 -20 -15 69 -33 30 83 95 -1 70 22 61 36 74 -10 -86 6 14 69 91 -33 -21 -31 72 6 63 43 97 61 1 -75 15 -27 96 -98 -66 16 66 -32 -37 -76 65 24 -24 29 88 67 -30 -98 62 -52 -90 67 -44 79 7 -79 -77 16 5 76 27 85 -94 -57 42 -52 55 -55 90 -68 66 37 4 -70 -22 84 -76 22 -3 76 9 40 -68 -75 -76 -86 40 -9 -33 6 13 -83 34 19 -82 39 24 -18 81 65 73 82 43 4 14 -28 -76 69 -72 55 -5 -12 -42 -73 -98 -20 12 -70 6 -35 -72 -9 -80 -70 17 39 51 -59 93 47 40 -96 99 76 18 -85 -81 57 -36 -84 -6 42 -70 96 16 -39 -38 73 -21 22 10 0 10 62 7 21 -87 -37 70 33 -14 70 80 21 -20 92 55 -48 -98 3 -84 24 -47 -82 20 13 -57 -41 -72 -16 -92 49 -26 -78 -22 -47 27 70 -37 93 77 -9 -6 11 -32 -36 -79 -59 18 -67 31 77 50 -25 -64 90 -96 22 26 12 50 61 -62 87 -55 -52 -21 -62
23 -17 11 89 43 48 -35 -93 81 31 -98 -32 -26 -42 64 81 24 94 -41 58 6 -30 -52 -98 57 69 84 -71 70 -9 59 33 -58 75 -41 -21 90 -92 -5 -37 -66 -98 -51 35 86 42 -96 -18 -21 90 -54 11 -24 -72 49 -32 -33 -77 82 68 25 2 -24 -69 -99 35 84 63 -55 3 -94 67 81 53 -97 33 -28 -84 -27 47 -19 99 -13 82 -12 -58 -97 38 -59 46 -15 55 73 -18 4 -57 -50 39 -24 0 -29 55 -22 63 4 -23 -58 -83 85 0 -21 42 -77 -20 89 -7 0 85 -54 18 25 -66 -78 -45 -19 6 95 16 -90 33 30 28 9 81 -95 -35 28 6 65 57 25 -1 41 -84 35 -26 80 75 57 67 -65 -10 -51 28 34 -75 4 37 14 66 -49 -21 25 -3 3 66 65 -80 47 74 82 -67 43 2 -5 -39 30 -70 -73 -43 -92 36 69 90 96 -2 20 -81 -15 5 84 -88 -33 73 74 -87 38 -98 8 -46 76 -21 92 27 -83 33 88 -47 -8 -10 31 -40 51 -51 -30 -5 5 -79 -96 50 28 85 -24 7 10 18 81 -87 82 14 28 32 -29 -72 -10 -59 86 86 73 86 1 -62 69 73 85 87 -47 -6 -73 13 -67 24 -73 -17 17 -40 -50 -18 -88 -20 6 70 -29 61 -78 -89 -88 -79 90 12 31 -95 -43 23 39 -31 -72 45 -10 -17 -97 47 55 -11 69 -73 -46 -13 19 -17 -45 -3 92 -48 -24 61 16 -21 17 95 23 62 32 -28 -74 -36 33 -62 25 -95 84 67 72 72 89 94 -91 -73 -80 -85 -97 -87 -56 -39 69 -86 55 -72 1 21 -43 -74 -20 32 -34 37 -54 15 -22 59 41 -67 -67 1 -98 -78 -52 88 -73 -64 5 57 -37 80 80 2 -82 -84 -56 16 -22 -69 38 51 12 66 -83 -1 -37 -88 26 -85 30 -16 -35 34 -34 -76 -39 -74 34 53 -41 71 56 97 17 -91 98 -22 -3 -61 -85 -27 -43 -83 -29 97 -42 9 79 -80 90 -7 97 -55 6 32 31 75 99 81 28 45 -19 98 -15 -62 27 -66 -22 48 -28 23 0 -85 67 -10 10 -10 67 28 -82 -6 -38 11 -66 -65 63 14 -67 30 -57 -54 22 -14 -37 32 -46 70 54 -28 -22 -52 -50 -36 -74 57 -12 -33 -41 63 56 35 -83 -88 27 88 -82 -56 -24 57 -33 77 -34 19 74 -36 -51 -11 -7 -48 -61 -12 -92 -18 64 85 72 -79 21 45 -83 -93 -81 61 19 24 29 39
41 -96 45 77 -73 -45 -71 96 19 -4 -18 17 0 62 98 -67 -31 60 -41 -44 11 75 -91 72 3 -74 50 -1 -91 -38 -75 -13 17 -66 7 59 -97 65 50 -99 -47 33 6 -58 -85 68 31 38 26 -16 20 -16 -32 6 -58 44 -75 -92 14 16 88 40 23 12 98 87 -36 -77 -9 85 -9 20 -75 38 18 94 12 82 -67 -8 -34 -43 -10 82 -59 -20 -68 13 90 -88 -14 -56 7 -65 -50 -4 80 9 -84 60 -83 90 14 64 18 -92 80 -15 -15 95 49 98 -92 -9 -80 42 0 60 79 56 -50 45 33 -67 88 -63 24 36 -31 56 -21 16 -58 12 -10 94 -47 89 -8 -70 18 40 -26 83 -98 82 45 -99 -81 18 -78 74 -7 -73 91 41 20 -77 1 -83 38 -48 61 -14 -28 -52 82 17 -58 8 -78 26 74 -62 30 17 -13 41 -16 -61 -4 67 -42 -92 89 23 59 81 23 50 61 -21 -99 72 -39 -23 -38 67 21 80 9 -23 7 21 10 63 26 78 41 -26 -55 93 77 72 4 10 56 21 -73 -89 36 -7 -56 -46 -88 38 97 3 -60 -38 21 -32 41 87 46 -72 -53 -20 36 -92 88 -57 84 70 -67 12 97 -32 92 96 -3 49 -92 -22 18 -39 -80 55 69 25 96 -25 -52 92 -51 27 -47 -68 -17 30 -58 -35 -70 89 -63 40 -24 -99 -86 25 38 -20 86 53 -91 89 8 -98 24 79 53 -25 91 -18 98 97 12 24 -16 -82 59 74 -64 4 18 -14 22 20 51 95 -96 -86 20 8 1 -95 87 -43 42 -91 -81 73 95 -50 29 -82 -63 -4 -1 60 48 -77 13 28 -46 35 86 92 61 -77 -89 41 99 -25 -59 -7 49 25 75 -17 -51 -40 -17 48 -37 92 79 4 83 20 44 -28 -20 -8 -67 -56 -66 14 89 44 23 -91 84 55 -73 26 73 -3 -51 2 96 -72 -81 -91 -58 79 -42 -88 92 -80 -8 50 96 -53 19 94 -77 40 -87 57 27 -22 79 29 89 30 25 -91 -55 -30 61 72 -89 36 54 6 3 66 -99 31 -92 -11 -76 -62 -89 -79 -50 35 98 -56 -21 39 -63 -34 61 -42 81 -53 3 -96 53 -95 -91 -73 -67 10 26 35 73 31 61 90 -35 10 -11 -28 54 70 0 25 38 19 21 -47 -32 98 -42 42 -8 3 -4 -2 97 -65 77 35 -42 -13 -8 25 32 -93 27 88 -27 -63 70 -65 49 -75 -55 14 -67 -78 10 -65 -73 2 71 62
-25 -73 -56 96 95 -22 -97 -52 -12 -2 -25 65 -81 55 29 23 -55 -79 -2 -88 -61 -70 -61 -83 63 -70 6 48 -27 27 -34 42 42 -73 19 75 -2 -82 -3 -31 58 -82 48 -75 -94 -36 -82 -48 99 99 79 19 38 -99 -26 -31 -62 -10 1 -9 -46 -3 -57 46 69 15 9 52 12 23 -23 85 60 -64 50 -83 -19 33 -63 -39 97 -96 -35 -2 89 44 3 99 21 11 -44 -94 12 -17 -59 81 91 -96 56 95 -80 -17 -69 -63 44 93 89 48 -51 37 82 42 71 -52 18 48 -61 27 49 28 -31 -88 -92 20 2 58 27 81 -97 -89 -66 27 16 2 13 -11 70 50 -66 -66 25 -22 23 90 -60 91 70 73 69 36 58 -88 38 21 -98 -10 -94 -58 -15 92 48 41 70 -15 -41 -8 -27 41 -35 -54 -10 -3 -71 33 86 -71 11 95 77 -52 -36 -24 -89 -39 -62 -98 -1 -55 -99 -66 -22 93 55 -35 95 68 -68 -27 70 22 -5 -99 18 5 98 -35 52 -27 -43 70 -36 -77 79 70 99 -91 86 76 -94 40 83 -41 98 -22 62 43 31 -9 -25 -2 -83 -55 49 53 0 -85 48 87 91 -5 -2 -16 53 -26 -53 -99 -68 49 45 67 -86 -50 -71 70 -99 83 -93 77 93 -19 28 -6 86 45 -12 -70 -79 -31 24 -33 18 -86 -6 97 59 9 18 41 -85 31 -12 22 -62 66 67 -76 42 -72 -25 87 36 69 17 97 -70 -32 11 53 69 55 5 -49 -96 -79 2 -5 -84 -61 -73 -33 60 84 81 -70 11 64 43 -2 64 61 -26 -22 74 51 51 -34 -20 -25 -55 -66 90 85 -99 27 81 57 54 35 82 61 92 -92 -82 -75 52 28 55 83 45 81 -41 -29 36 88 -3 56 -49 -28 45 -57 -33 67 89 12 -49 -85 -88 92 86 -27 -73 -92 -33 51 -50 10 -55 -57 15 -45 -51 -26 -75 -59 -80 79 49 15 89 -82 -11 43 62 -26 -80 53 -10 14 -74 72 -78 -79 14 13 -61 25 -87 -32 67 -37 -49 42 76 1 76 55 45 42 38 84 84 76 6 39 -66 -36 21 -48 -25 97 -55 -51 -15 -86 -22 63 30 50 76 -92 65 83 -28 -45 18 93 -9 -47 -43 -80 -90 -36 -35 -75 -45 39 15 67 -22 -46 -30 -20 -11 -12 -85 77 -67 66 -87 66 24 -5 -68 -79 6 -24 54 -41 -6 78 -16 67 22 -85 -95 0 1 -19 -74 68 -75 -56 17 76 11 -81 -65 -58 -32 43
80 -46 -3 -61 -32 60 -61 -96 40 -91 -53 -75 -63 -86 57 94 -1 43 84 -17 75 -61 -4 -11 -15 55 -99 -42 17 26 -31 -1 -98 76 -6 44 35 -69 -96 46 59 -52 49 9 13 -93 -49 -12 -58 -87 -39 21 -83 10 -41 53 31 -73 -67 3 10 -58 -44 52 87 -19 54 61 24 50 2 84 19 99 -98 20 32 -88 71 63 7 -69 49 -7 -93 -17 2 98 1 -59 44 37 31 49 63 -93 -20 -57 17 63 14 40 -50 77 -15 70 9 57 82 -26 -33 -65 -30 81 18 -38 40 -75 -99 45 76 61 -77 -70 44 -38 -34 -1 44 -18 70 3 11 -30 24 99 -83 45 -79 30 51 -88 -11 13 61 -78 51 74 -39 -10 -91 69 -42 -88 67 -51 65 34 78 92 -72 11 -23 68 -1 31 -81 26 19 81 -62 -32 -81 52 -95 -9 -45 36 -17 93 62 -21 -78 66 56 58 -59 72 12 -16 62 -31 -86 -62 -85 -56 54 51 62 79 56 15 70 19 77 -8 22 -9 -92 -8 -20 -63 -46 14 9 -76 86 29 -43 -47 -88 -46 -38 78 96 -24 12 -63 -4 30 72 -15 -6 54 -21 -57 67 -91 -34 -85 -27 -63 83 -41 -78 -29 10 -37 70 -31 71 -82 94 3 -48 -65 78 -49 -86 84 34 -13 97 99 7 93 50 -55 -97 67 16 -12 -86 -13 52 45 -36 41 -45 -14 52 -79 41 50 -5 97 -99 -96 42 -40 -82 -4 57 -39 78 37 79 -73 91 -77 86 25 77 -45 51 6 -86 -67 -30 -44 90 -30 -47 -94 12 -73 -97 90 -15 -34 22 -48 -30 -38 23 73 97 35 64 37 -45 58 -54 -21 -70 94 -9 -73 25 96 -20 85 76 46 -4 18 -34 -6 88 -47 -71 -23 -23 50 48 -5 -10 -74 23 -71 13 54 -59 -45 -30 -63 -70 -3 59 -89 -4 2 83 -32 83 61 7 58 -47 -26 -14 -32 -70 -19 -41 -3 -86 18 21 12 55 -55 -45 54 -19 88 -26 25 -78 6 72 -43 -27 -65 86 -57 -52 -70 70 32 -16 43 -55 22 34 73 19 -15 -29 -40 52 -67 81 41 96 96 -8 -21 -83 -32 30 41 -42 -26 -23 82 99 35 -71 -1 -52 -50 -44 5 96 -10 74 26 29 -88 96 -55 79 -54 -14 86 44 -78 70 -54 24 -17 20 -51 2 -76 -92 71 -94 66 -93 -35 53 78 -79 -73 26 -78 32 10 -89 46 -8 -7 87 -27 -42 73 -2 -49 -59 -52 18 47 -72 33 -45 30 -34 55
-66 -97 1 26 -24 4 22 -94 -10 -51 87 19 7 31 -61 -17 61 31 10 -56 -57 59 87 -11 99 -74 78 -52 -3 70 -41 49 81 9 -81 71 8 -26 -56 9 -60 30 56 4 53 28 55 62 -1 -92 51 -71 21 58 -61 29 7 92 72 80 21 -35 -3 -14 -49 15 72 -52 -12 -66 7 -42 31 -73 40 -48 77 -62 -75 55 6 -92 80 -36 -75 10 80 25 -46 81 -47 88 -23 -84 -69 -82 44 51 54 90 66 64 84 -3 18 39 -56 -48 -99 71 67 42 47 -38 -35 82 47 38 9 -70 4 -57 -45 -66 45 0 -21 -92 98 -57 -10 -40 22 -58 -77 -30 74 -79 -63 -90 -57 -53 34 -78 -95 31 -67 20 -64 97 15 -75 -9 -70 -28 88 -94 4 35 97 -43 10 97 -42 92 59 70 22 30 -41 30 -40 -61 -75 29 94 -18 12 88 39 23 55 45 8 -25 -14 -54 42 -2 91 82 96 16 -33 -95 20 41 88 60 -27 54 17 97 -2 61 -96 -5 -34 49 -26 -57 42 51 71 -20 -85 -64 -10 4 54 -81 76 5 -46 99 15 6 81 -70 22 99 -17 79 61 49 97 -58 62 -24 60 -51 86 2 -41 93 -87 -26 15 89 -62 -8 -60 -11 85 -94 -66 57 38 11 20 -9 -71 -82 86 -84 89 -15 27 85 -68 -70 -95 -8 -25 57 44 -77 -84 -12 76 -51 -56 -8 -51 -21 -68 39 19 86 41 -44 -93 -35 -60 31 44 53 90 -37 -36 -34 4 61 -64 -59 93 46 20 82 44 -50 -9 -49 -66 -27 99 24 -51 44 48 13 87 -99 89 -98 85 34 98 -22 79 34 40 -60 -49 27 80 26 3 47 46 30 6 -51 6 39 24 -86 93 72 53 7 28 -24 52 15 10 -95 27 -69 -1 75 17 96 -7 79 -31 10 95 -19 28 -35 -30 -13 1 12 -16 0 -46 4 -63 -96 67 72 15 -54 -4 0 19 -61 -10 48 3 -1 -6 54 -10 87 24 29 81 -17 -6 59 -90 97 10 -32 -50 55 18 29 -46 -10 50 47 76 -26 -15 -62 17 86 -80 -26 8 -90 -51 -47 -44 -71 -81 88 25 -45 -30 -59 -76 8 78 29 25 95 -82 64 -36 29 43 36 23 -16 -7 -14 28 50 -43 -9 -66 -25 -24 -94 60 20 49 77 -56 38 88 59 84 -27 8 -35 -19 -14 -83 -37 94 -97 -44 55 -30 -11 4 -18 87 12 -74 -6 23 -42 -19 70 50 67 12 73 -16 42 -66 -39 53
96 62 -69 46 90 -67 98 -2 -24 -80 87 -15 -47 94 14 -15 84 -63 3 35 47 18 -85 92 42 26 -55 -52 89 36 -60 -99 -11 -97 55 25 -56 92 42 -90 -20 -96 49 36 -86 51 -49 68 -14 59 -63 12 -76 69 75 -24 40 -70 37 99 32 98 32 -7 15 -41 51 55 -58 46 -75 -75 -56 -15 -59 11 7 19 -42 -40 -42 70 56 -74 -91 -43 66 67 36 -15 -3 44 -88 -87 21 -7 -64 -42 -17 34 96 -19 -60 -84 -94 25 53 65 16 91 44 -5 -55 82 -9 -54 -18 74 18 -6 -92 -22 17 -79 -46 65 -52 -38 20 -86 70 -53 -11 -85 71 27 -29 -92 -16 -59 -48 31 -31 -29 -38 11 15 -58 -13 35 -96 -22 -66 98 95 -13 -77 -21 -90 -22 -33 90 -18 -2 93 95 -97 25 -17 -47 -86 6 -63 42 -11 20 85 63 20 -86 41 46 -75 -29 95 49 -44 4 38 0 26 -40 -66 -50 -21 96 -99 -21 -45 88 -71 -56 -49 3 40 94 3 -57 -13 72 37 40 -79 -74 -84 58 29 6 63 37 -95 -13 43 -10 -82 8 59 24 -94 -80 71 58 92 40 91 93 1 39 15 -41 10 66 83 -93 -42 -16 10 43 -70 90 55 10 -70 46 -12 72 -42 61 -77 4 62 -72 55 70 -54 -26 1 -79 65 44 -7 -82 -63 85 -60 -60 -66 46 83 -20 -45 52 62 -96 -51 19 35 -83 -47 3 -66 -61 -52 47 -84 -3 54 -15 -90 -20 -87 84 -25 37 19 -85 59 98 -59 15 -32 -72 19 2 -66 -74 -52 55 47 -55 -36 -86 98 91 14 13 62 25 45 54 97 -58 90 -50 42 -70 -51 93 -17 -12 -12 -52 -67 9 -72 -14 51 91 -78 81 53 1 3 83 -63 46 -59 55 -30 39 -72 99 -20 47 82 -94 64 55 45 71 -89 81 -32 -43 -45 44 -21 62 50 6 -39 38 1 -95 -36 -38 72 -9 -2 42 36 53 67 -54 -4 67 33 67 -78 -39 -99 84 66 59 77 10 -57 13 -77 -34 -49 -45 83 85 -52 34 17 77 89 -27 -99 20 -63 53 71 -60 -23 -29 46 -77 12 22 -68 -82 -84 79 -24 -16 69 -83 27 28 47 -62 -95 -52 31 -54 7 -64 -31 -30 -14 -22 -22 -2 -19 -95 44 -49 30 47 15 -4 -80 94 83 60 67 5 -64 -74 -39 20 71 -33 87 2 24 99 24 -18 62 -89 95 36 40 -50 66 85 0 47 96 -7 18 59 -28 88 41 7
-58 -82 13 97 25 62 11 -66 -64 27 72 -87 -34 -72 -8 -5 -46 -47 -13 -93 71 63 -64 -83 68 45 64 -22 68 42 -87 -95 -7 16 75 -9 88 -28 -80 52 -44 69 -43 68 58 63 -74 41 -48 82 -12 78 59 18 -39 -86 41 -58 -66 3 76 -55 -57 -86 -78 -44 98 99 98 -72 -73 -25 62 -40 61 -19 32 21 -85 16 -33 -97 -38 50 -15 -73 46 18 87 80 -55 -44 -21 -55 -38 -92 62 3 52 -23 24 46 51 -46 -24 -77 23 -42 66 64 21 51 -64 30 -21 93 -29 -3 35 48 7 37 87 53 41 84 56 80 78 64 1 -91 -81 -68 -76 -88 -46 -26 -62 61 -76 -60 -3 -68 21 -55 -92 14 -72 98 42 -52 -7 -71 -88 -21 -52 -41 45 86 -67 79 -39 59 10 -4 -47 70 18 -94 31 41 34 -35 96 11 98 55 47 -82 14 22 29 8 49 92 7 41 44 18 30 -39 -30 4 63 -34 -65 -94 -49 -94 57 -66 -47 -33 10 34 75 24 -91 -6 74 -87 -36 78 78 -58 -67 -79 41 83 -60 69 59 72 -30 -77 -61 89 -33 -82 -7 77 -33 19 -88 90 -20 73 13 19 17 -98 -37 -80 -10 -88 -31 20 47 72 89 -35 -49 57 -15 -72 71 54 -8 70 -68 77 -12 -38 28 73 -14 6 -40 78 -38 -79 52 -60 97 40 44 -7 65 -80 -31 -7 59 -83 -33 50 74 5 -92 60 35 -39 -84 -50 65 -42 60 93 99 -45 62 -26 -68 4 62 45 -98 -93 -36 80 -65 43 -71 23 90 61 -59 -62 24 -62 -73 15 -63 89 -20 -46 62 7 -88 11 -29 -43 -31 42 -70 24 -17 -6 80 97 -17 92 -27 -62 38 -57 16 -50 90 37 90 -1 -2 38 93 -43 -13 19 -30 7 18 -62 61 -87 -91 -25 53 -53 15 -25 80 89 -77 -85 -93 -10 16 65 71 -94 -53 -29 68 40 -6 31 -93 52 92 29 -63 -30 -38 5 -61 -65 -65 -98 -92 5 -57 43 29 -51 90 36 -36 -53 10 57 -97 -67 49 -22 -99 29 -15 -28 -24 53 62 -23 77 43 83 -71 40 61 -48 -9 -13 -79 -66 72 -62 -72 -50 -85 23 -77 -53 -60 90 99 1 14 -18 -39 23 51 -11 61 -63 73 -2 53 10 -95 57 -9 37 74 18 36 -50 -8 -63 98 -73 53 -28 -16 63 68 70 -39 -9 69 -96 63 -17 54 94 -10 42 -15 88 -30 95 33 -10 16 -91 38 -83 3 -76 6 -45 28
-43 38 3 16 -37 -33 -19 30 18 -45 97 -94 29 83 87 98 -43 86 37 -80 -33 -91 -41 7 53 96 -91 46 63 43 -27 -28 19 26 -74 -87 -61 22 -26 30 33 -54 -31 91 -22 -29 -12 -50 30 -34 -7 14 97 54 -39 -71 -94 -18 -93 29 -18 15 60 -35 25 -69 2 -95 89 -7 44 3 12 22 -33 13 66 77 -75 70 57 -62 -12 75 36 -77 52 52 24 12 -29 -65 58 97 -71 15 6 -77 33 4 58 85 55 -40 83 -48 33 41 93 -67 -70 46 19 -88 1 12 -45 -82 74 -16 36 -3 -71 55 91 93 35 -69 -58 1 49 12 -1 -82 -86 -75 -88 40 48 -11 30 85 99 71 44 -42 -83 -10 11 -85 -43 63 57 -12 38 74 49 -31 18 -19 53 95 -88 93 94 -47 -16 84 32 -27 -59 66 17 91 -24 8 10 -6 11 50 61 81 40 17 -52 -72 65 -89 -55 -99 -57 -16 95 53 19 -6 28 -60 62 -20 47 -31 8 54 -76 -50 2 42 68 -32 -14 2 -46 -34 27 -72 -99 -78 94 -52 -74 49 75 66 -36 99 79 92 -84 -39 -95 -30 -85 42 -60 67 77 85 -3 85 22 -62 74 59 81 -57 -98 96 -14 -19 62 -75 69 19 49 -53 78 -44 -19 18 -64 11 -62 99 30 12 34 -60 61 80 19 9 5 -38 68 -26 13 -79 -48 -68 94 -82 62 -88 50 -98 43 -22 -24 38 6 20 68 69 -1 -28 -33 -17 -94 90 92 86 -13 37 81 21 22 -48 71 -59 -52 -35 -16 -10 -14 -38 74 -85 -42 87 -78 -82 -52 55 22 -93 97 -33 1 -82 -54 26 56 -49 -60 77 78 -73 -87 46 -49 -13 7 25 -5 8 46 -33 -85 -77 36 -70 12 45 59 -46 64 -88 73 63 -72 37 96 -51 -70 39 -99 -52 25 66 96 -66 -77 -20 -14 -7 89 60 -3 -89 44 -87 -34 37 -97 86 32 44 -64 51 74 -98 -51 91 -6 58 -88 24 -15 37 55 65 -15 -57 -11 11 37 -22 -68 -38 29 -74 83 87 52 -59 96 22 -35 35 -22 96 35 -87 -69 56 49 -95 66 84 94 -78 -88 -72 60 -63 -43 42 66 -74 55 95 23 35 9 -13 -67 93 -44 -1 -95 -88 9 53 68 88 -44 42 11 89 24 87 -62 73 -32 57 70 10 16 -66 -78 61 -83 97 -61 -80 88 31 -92 7 87 23 -96 58 -23 14 53 11 25 -72 27 -91 -75 31 -90 -48 -21 96 33 62
80 -64 74 70 -99 -12 84 5 69 36 -94 -47 -94 -42 -8 48 -99 -8 68 86 20 74 54 -8 -94 -67 -45 -88 43 61 -40 61 18 -92 72 -87 94 26 60 65 15 54 72 -43 -38 -63 -65 -52 -14 44 -91 36 59 -98 36 51 23 -52 -47 -6 -21 58 5 -64 -68 70 -86 -95 -22 70 -86 -75 83 -60 -60 14 -43 64 30 -23 66 -20 28 39 -21 -17 -37 85 25 74 -10 19 -46 -74 62 27 -81 56 -74 53 -76 -8 -6 -54 -15 3 67 37 7 58 -95 17 -61 -43 -41 69 15 94 -39 -74 -87 -85 -20 54 -35 -9 11 -46 -45 -96 21 -51 39 -58 27 -61 21 -97 96 -58 3 67 73 -20 27 29 16 -48 81 58 20 -34 -72 8 -34 14 83 16 24 76 -63 -34 25 21 -42 -23 -95 -46 -32 -51 -28 65 14 14 82 37 -98 69 -80 -54 -42 -2 -81 -69 -78 11 86 -42 -92 -76 25 33 -95 -23 33 -26 89 28 88 85 3 39 85 -62 -33 55 23 -25 -82 73 61 53 -4 81 53 20 -64 -65 91 -58 -14 -41 -34 62 -9 -80 33 69 67 -34 -61 -23 -12 -3 -31 -54 -69 -30 -97 37 -36 -53 -4 -30 3 -58 55 41 52 -43 -67 1 69 -83 -10 97 -34 -74 -62 42 53 -88 -87 78 52 -92 77 -92 3 5 94 -77 60 -84 -8 -75 -79 73 -64 67 -31 99 52 -7 -39 90 88 23 23 66 25 93 53 -69 42 -70 -89 91 -29 37 22 -66 -86 -20 -42 94 -92 -52 56 55 46 95 -89 2 -47 -42 -60 -7 -83 89 96 13 -87 37 -21 34 67 -48 0 -81 -29 75 -39 16 -75 -66 -81 -16 39 -77 -2 29 4 -38 -76 6 -34 -29 -88 29 78 -71 67 3 -90 21 -86 99 -59 80 13 68 -51 52 -58 -95 -70 -85 7 -73 57 -52 44 -67 12 12 -9 -60 -28 -22 41 35 7 -29 43 32 -3 20 -23 74 95 95 -7 24 1 35 23 70 41 15 -24 -88 -20 -98 7 -27 -92 91 36 74 41 60 -22 14 86 96 36 33 -89 -92 60 11 85 8 -52 -52 93 99 -61 48 -15 2 -57 83 70 11 -54 53 25 39 46 36 5 -98 70 12 27 74 10 32 99 -86 73 -8 -21 -12 -44 -26 92 55 -38 -66 77 78 -39 -31 61 -88 76 -96 30 -34 69 86 22 -81 28 -85 -47 18 -37 -64 37 -59 80 70 -97 72 52 11 66 -11 71 30 -96 -92 61 -76 -96 -32
35 88 41 98 -42 56 -74 -73 -94 -83 -56 35 -43 37 -3 33 -45 -72 53 14 12 83 -46 -77 84 -8 -16 18 84 4 22 -92 -65 72 73 -46 -89 36 81 -66 -99 82 83 28 64 26 43 77 96 90 87 88 8 64 -56 -23 -51 -98 -27 74 -76 -23 41 -86 80 35 74 12 -72 -85 15 -27 4 24 -62 12 93 16 24 -32 -34 20 82 -8 6 -97 -98 96 61 -50 95 -65 68 55 74 52 74 34 89 -98 -92 21 -1 -28 70 62 -1 49 -26 72 -29 -69 -16 8 99 -54 -33 9 11 -49 20 -86 -99 -84 77 -85 91 18 -68 63 -41 -26 18 62 43 52 -59 -62 13 -61 13 -94 -96 25 -83 -27 28 65 -29 29 25 -69 -76 -59 -35 -65 -82 -57 -41 -15 48 -41 29 54 44 40 -11 -87 3 51 21 23 -65 48 77 61 -80 54 59 88 34 47 61 -81 99 9 26 63 -11 -6 -70 -14 41 -51 99 25 -93 -30 87 -34 76 11 22 -75 -80 46 36 -30 -88 56 -36 2 17 -95 -93 52 93 96 -48 -2 -17 95 85 -72 -97 -41 -6 -32 -83 61 -94 -39 -15 65 -61 -9 61 -93 -33 87 -65 33 -85 -97 94 -47 -49 23 -7 -13 68 -15 59 -43 45 -63 -74 -61 2 -2 1 37 -85 -30 -16 27 -81 -11 41 50 53 63 88 -34 -34 84 23 75 -92 46 -26 -87 -32 -76 93 83 -24 -47 -40 -1 -87 53 -83 70 49 -77 69 -70 14 -12 66 -71 39 68 81 83 -93 -79 -45 -55 77 -2 -80 37 -42 13 78 36 -17 -58 -15 -25 73 1 -11 52 -4 -41 -12 -64 14 -89 -90 -38 33 -26 94 -71 67 75 2 7 -83 -97 -92 -21 39 -66 -79 5 4 -60 1 -79 -34 82 15 -35 77 -46 15 77 -45 -88 -87 -52 80 -79 -17 -94 70 46 -52 -84 -39 -80 46 73 83 44 -17 -43 42 12 65 -60 97 30 16 19 27 61 -30 4 -90 11 -87 11 31 -62 -65 -63 -69 -31 -68 49 -77 0 90 90 91 -61 34 -67 -69 -54 -2 -42 -14 -36 86 -68 -65 -42 90 -22 -92 35 -58 34 55 -52 -28 -18 -6 -49 -8 20 22 92 -52 13 26 7 -35 -39 81 -54 -63 -90 54 52 42 33 -82 45 -62 -90 31 54 31 34 64 64 -53 -43 50 65 -70 -52 12 -93 63 65 -38 8 37 54 -23 -53 -48 97 -68 90 12 -98 -91 -59 -66 -28 26 86 18 -40 -8 52 -95 4 -42 -89
4 -31 28 -68 46 68 -33 46 3 -89 94 -16 -50 75 -9 53 63 70 12 63 4 -13 49 58 36 80 -19 -79 -66 -9 -43 1 93 28 -65 80 17 94 99 -78 30 -45 13 -78 19 36 -3 12 -63 -1 85 -70 45 -49 -43 10 91 54 -41 25 -65 -16 38 50 32 37 98 82 30 47 97 24 83 -46 32 -53 -14 -63 -28 -79 10 82 -47 -29 25 -32 9 38 -49 -24 58 -66 97 30 -26 28 43 -51 83 -91 83 -13 53 -6 -71 78 -14 12 -93 47 26 -40 -84 0 82 48 31 -82 -91 55 -91 40 27 -17 61 -51 -43 79 18 74 90 -74 76 47 -63 16 -94 -56 44 72 -53 27 -87 20 -43 -8 21 -42 -41 -6 43 -12 63 -97 33 -58 60 -50 -33 6 48 -30 -3 83 75 48 -33 -22 40 -62 85 21 -67 26 69 19 29 57 3 81 76 -3 60 -91 31 -92 34 56 64 -3 30 21 -9 41 89 -17 -47 -18 21 35 -20 73 18 -59 69 -37 48 -83 12 -95 22 -52 90 53 0 82 -12 -78 33 -14 -67 -19 58 57 -57 98 -18 -13 41 9 97 -4 29 47 -24 -71 6 -11 -85 -72 92 93 -70 25 21 -28 70 96 -91 26 57 49 -9 -14 -64 43 -76 -37 87 -60 -46 -40 96 72 24 75 -36 -66 43 77 95 74 -27 80 71 12 16 -93 -4 -98 59 11 91 -28 20 -90 97 -46 97 -53 -78 -3 -82 45 73 29 38 69 -60 -50 -22 74 -54 -99 -13 -14 0 61 -93 18 75 61 49 -97 28 72 85 -81 -92 32 51 -12 -64 -65 56 48 16 -77 10 -85 38 55 84 -89 27 -18 -93 -75 -63 28 -82 76 -17 -92 19 -62 -59 65 -78 86 73 57 63 -17 87 -43 -90 -38 -88 -98 21 37 36 15 -42 19 -74 -99 -57 -5 49 54 74 -49 -71 58 92 6 38 20 4 -13 15 -8 29 38 -70 89 -87 62 58 51 -59 76 18 -97 71 -85 81 -63 61 37 33 26 -21 61 78 -26 26 -55 -36 -78 -94 -8 -55 41 86 60 -43 -2 -64 4 -79 -6 -37 -50 -31 -76 74 26 -72 15 -77 -59 -68 -77 62 -84 -52 -94 89 -93 -41 61 10 -65 -28 86 -62 63 92 -39 97 -31 -19 63 -25 -36 -28 -26 0 46 88 55 -12 -32 80 -60 98 -73 80 29 55 2 13 -22 -23 37 -98 -89 -58 66 42 -90 23 35 -98 81 29 -14 94 75 -12 24 35 -93 -76 92 -43 -62
-58 77 22 -30 67 7 96 -79 57 -23 -26 -41 -86 93 -78 48 -11 -53 8 8 82 -10 -69 -46 -74 12 28 31 27 -84 3 9 -19 96 5 30 62 23 32 46 32 75 -55 31 91 -6 15 -26 47 54 -44 -43 -69 38 21 -41 -26 13 -64 70 -29 -53 17 28 -48 -49 -41 -77 -39 -96 -56 72 1 -75 -62 43 -82 1 45 5 -61 82 -19 56 72 30 -38 -63 -71 -11 95 -98 -29 -49 -90 -16 10 25 54 -20 37 22 48 -22 -81 -66 -15 94 68 63 -66 -61 82 -79 -81 -3 -53 22 32 94 -49 -35 34 4 -25 -56 -10 -24 -9 53 -12 36 31 90 -38 78 84 -52 -24 -90 -56 37 -24 46 91 73 39 8 25 -3 -9 -43 35 -1 46 89 -43 -28 60 92 50 92 -92 -97 -82 9 21 -38 19 -83 20 74 76 -84 -90 -85 75 37 -48 -78 38 -70 17 -45 52 -77 -80 62 13 45 -10 -40 81 27 -26 -13 -11 95 38 59 -11 -15 -28 15 97 -33 -96 -34 -95 -40 99 97 33 -90 -10 -74 -20 -60 53 -11 94 -52 -90 -20 -72 -11 80 38 -67 -23 -19 23 -95 21 -11 -55 45 -95 43 -97 61 34 73 17 26 39 97 -76 -68 -74 -67 75 -80 0 24 27 -65 18 -72 52 90 -62 59 -34 3 -33 91 -31 99 -10 -6 90 -21 -82 -54 -59 -49 32 60 67 -88 98 -9 -61 40 -89 -11 -29 64 76 77 -64 -54 -32 -82 -47 -27 -31 6 77 -47 -81 38 91 -69 -36 10 52 71 8 -3 84 -99 -40 -91 -56 5 -50 22 -72 38 -74 65 71 -26 -14 8 65 35 44 98 -96 -49 21 7 -34 5 -45 53 -86 63 -85 57 19 -64 47 76 49 61 32 58 2 -30 55 -5 13 59 59 18 70 67 9 -94 35 -82 -39 -47 5 37 -64 -8 -91 79 83 -53 70 -22 -82 20 96 -79 91 -27 -31 -97 23 -9 -99 -26 -35 62 -4 -95 -51 0 -35 45 10 44 46 -62 -62 72 13 -25 -84 -8 -24 -50 51 11 -18 -24 72 -28 -83 -82 -64 -14 53 -7 39 -75 80 -50 -31 33 -41 23 -4 93 -30 -10 48 98 -67 -4 -2 64 -90 -39 -39 -11 -51 91 32 84 19 -26 -44 5 20 72 33 53 48 19 24 -39 74 74 -88 -29 51 -87 60 19 97 66 50 -97 90 -64 94 1 3 -9 65 -67 -72 -94 -22 -29 95 -51 35 52 63 -90 91 -37 -18 -36 -85 81 -48 1 33 26 21
3 -20 -69 64 61 23 9 90 58 42 57 90 -62 38 -77 -57 13 -5 58 6 8 48 -53 -57 -27 -74 -28 52 -34 -85 26 -69 -17 89 0 -75 -42 -6 92 -15 -87 -52 81 25 26 52 -74 -82 -38 -9 -38 -2 -62 -71 22 78 -88 -55 -24 -3 71 -5 -24 -43 -56 65 -81 -77 59 94 72 92 -95 91 63 32 -5 -1 -82 40 -17 -16 70 11 -87 63 -43 -49 -52 55 61 88 9 -39 83 -58 -2 45 -76 -40 85 57 27 -25 33 89 -1 42 8 -14 97 -92 -69 21 91 12 -88 11 38 50 -76 37 49 -53 57 -1 -5 85 66 -93 -20 52 76 -89 -45 0 56 -15 59 12 88 3 31 92 -14 -74 37 70 -50 -14 -58 50 -65 76 11 -75 49 37 14 -63 76 73 -11 63 63 -81 -48 -47 -71 89 16 20 7 -32 -80 -73 -22 94 56 11 -19 58 1 36 61 -48 -83 -38 -41 36 53 -94 99 -70 -91 76 -73 37 -61 -82 12 17 36 -54 33 -59 76 30 -3 -38 33 -32 84 93 -73 -1 39 -85 -82 -39 25 -44 79 15 89 -84 -24 93 6 -84 -24 43 65 4 -90 29 47 17 -73 -32 89 90 -82 75 30 74 74 25 -85 4 96 -90 -88 77 -33 -17 -25 16 -11 28 -30 63 -83 35 71 -28 -20 -95 -45 6 -57 54 49 -21 -88 20 78 99 -49 55 26 86 1 -52 94 63 -45 -96 33 -90 -10 8 66 -86 -23 92 -86 -47 -58 6 82 83 -9 54 11 -4 -73 54 3 94 0 44 90 -44 -68 -93 -76 92 72 -34 16 -22 -1 6 -61 -99 75 -57 84 -73 4 -73 -37 57 -7 -38 78 -48 71 8 -89 25 -21 -99 43 -15 -16 24 -55 15 -84 41 36 6 33 -31 -84 -36 26 -64 -75 6 -28 -1 -47 -94 3 53 -42 84 19 79 70 72 -52 -7 -49 56 50 28 10 -42 62 27 84 35 -59 -97 13 22 4 -17 28 89 26 -25 -20 -6 65 24 89 -69 -82 -45 -74 83 -25 5 -97 -56 -90 -21 8 -35 -37 -4 44 -4 -82 69 53 10 -31 -99 97 96 -48 -37 40 99 -34 81 80 83 37 87 -24 90 26 52 -48 65 29 -9 29 -4 52 88 -49 -82 -81 47 -7 -4 93 84 -73 -74 -74 -15 55 -79 9 56 -8 -66 13 -65 41 -26 -79 -89 36 -20 -9 -44 -15 16 59 47 60 35 -44 72 15 92 -26 98 95 38 15 42 23 46 -49 -78 -80 35 -16 96
-43 32 -83 -67 10 -93 78 16 82 -31 91 -71 24 29 -37 99 17 -13 82 21 -84 63 -34 -32 91 -4 -57 26 -82 68 48 72 37 95 -30 13 66 -18 -54 78 -36 -92 -15 -20 -28 66 51 -70 -2 62 -42 -28 3 98 36 12 2 -35 34 -53 1 52 -28 66 65 -4 -80 -96 65 -47 88 -54 -91 -33 -69 -56 56 -77 -9 54 -57 15 -9 -67 -85 80 78 -59 63 -38 -52 52 25 -89 36 77 72 -61 62 -69 -30 90 -47 12 -27 -30 39 89 -48 45 -66 -15 50 -21 -46 57 62 -93 -46 -12 -40 -68 40 84 -83 -75 62 -52 -50 80 -31 -9 57 63 -6 -23 -67 -74 21 75 -48 91 78 -8 -81 -69 -73 -8 -79 -25 42 -81 90 -38 -73 89 -13 56 -44 22 72 -31 79 55 24 -76 -68 81 -35 44 82 87 -13 -68 52 -26 1 -14 -12 -82 -95 83 93 -17 7 -40 75 -57 -3 50 34 26 -77 87 -14 13 -64 15 -65 67 -81 43 41 21 85 81 -17 -41 67 49 -46 80 -74 -31 -83 4 11 -6 73 -61 -1 62 -20 14 -20 -72 99 -22 -67 70 -94 -19 41 -75 -86 85 -11 -10 63 62 -70 94 -49 -61 0 -9 51 1 -92 0 -90 66 -18 -70 91 -3 39 52 81 -81 -60 55 2 -52 33 -76 -54 94 14 -46 64 -38 86 35 -77 -87 4 -82 0 -88 52 54 -99 40 -39 -47 -26 -64 -72 93 -10 -29 67 78 -5 -41 36 37 13 -81 -84 -88 24 85 81 9 43 -66 -18 -54 38 98 -80 -47 -45 -31 -46 -86 19 -24 -9 94 -22 -5 8 -79 -56 44 -67 -41 59 -41 -86 -29 -34 -48 32 31 -63 -79 -10 59 -27 98 -78 65 80 -22 -80 12 28 -23 -52 -12 -32 -23 -39 -25 97 42 -76 86 -5 95 -32 -94 30 -17 57 31 39 -89 -45 14 -54 3 -63 -76 -16 33 -35 45 -64 35 83 -35 57 66 -82 -10 70 64 18 -61 -12 18 39 3 47 39 -6 88 92 4 65 75 -27 92 79 99 23 19 21 -34 93 -90 53 -52 -71 -94 -92 -38 -92 -71 79 -47 -20 2 69 -58 27 46 -16 91 -46 -61 13 19 97 -71 -93 14 54 -88 38 85 83 -64 -35 -26 -51 58 77 -91 -19 -6 -97 75 -75 31 85 18 63 41 41 46 -80 -51 49 -21 -80 94 79 -66 -76 -93 0 4 -70 -1 -11 -8 -54 -49 -6 -59 -6 -65 14 -95 -67 42 25 -49 -52 -65 53 -46 42 98
45 -65 24 82 28 -71 21 -83 -91 -18 -93 -80 -74 10 -1 -58 -48 -42 -79 -58 -94 54 35 19 -94 43 77 10 89 -63 -40 -65 -13 -7 76 -4 -18 99 32 26 -33 -75 5 -90 -44 4 22 -82 -43 -28 81 9 36 43 92 80 7 43 81 49 -34 92 -28 80 -56 -24 -1 68 69 94 -22 -19 -92 60 48 66 -92 -14 68 -94 -83 -82 -96 71 64 -85 -18 -35 -93 -40 -11 -40 -98 56 -2 -23 50 -93 24 -7 72 -81 -84 18 -34 21 4 98 -86 86 -93 -54 -53 11 -88 -49 -6 -64 53 81 -53 18 -44 -60 36 55 82 6 63 -10 2 -35 -40 84 18 -72 54 34 -3 78 -56 -76 48 -10 24 -40 -60 -89 84 -61 87 80 -75 -61 -37 -40 55 47 99 -90 -80 70 72 99 -52 -97 -60 35 -17 -72 23 -21 -68 -33 45 -21 -77 85 24 30 -63 -44 80 -95 -76 2 25 -70 -41 -25 36 -40 7 73 -63 62 60 -28 -74 -36 -73 -51 82 -86 -69 -32 -63 -36 63 48 86 90 81 54 -89 10 -58 96 -6 -44 -7 7 55 86 -30 33 -24 63 -17 -87 41 29 -60 -62 15 -30 26 -46 -30 -48 -23 -43 39 -92 45 74 72 -73 -73 -46 93 -94 -57 -4 -31 -3 -31 -82 -65 85 -48 5 25 -59 -6 78 6 58 -35 -38 11 44 40 -45 -66 -35 51 -37 -34 86 -35 25 -58 49 -73 -40 -66 -4 -78 54 -26 91 81 -54 42 -68 90 32 88 54 -88 22 16 73 -5 -59 3 65 57 -19 60 -56 -7 9 20 -82 60 -50 5 46 -9 13 -43 -28 -50 14 -89 -15 -96 41 -87 -67 -13 -73 -56 -84 -14 -80 9 -96 47 -70 -11 15 19 27 3 -72 50 36 49 88 -63 -42 -29 11 96 52 -63 64 78 -47 95 -40 -5 -36 -55 24 58 70 89 62 59 -97 37 -49 38 79 44 -92 -99 -28 50 -15 -44 -66 -93 -35 16 97 64 34 -57 9 -78 -61 45 -20 -49 -81 22 19 -9 39 -71 17 -92 -35 90 58 -47 -98 -56 20 66 0 35 -7 51 -96 77 -78 87 -1 97 -24 -46 80 11 -66 -81 4 67 59 52 -89 -19 -46 8 -15 11 -46 -38 10 63 -44 45 82 49 -99 -85 -24 48 -51 54 10 -98 15 -14 54 -80 -91 53 2 -54 86 -99 -21 -75 -88 -38 87 76 33 -89 83 -71 -41 -85 1 27 93 0 -23 -92 36 41 26 -40 -13 84 -30 18 -10 68 -49 95 8 66 -83
30 -60 36 -42 -12 -27 -38 -53 -40 -61 -55 83 4 -77 -75 41 -16 -91 7 76 -80 50 83 44 58 -19 81 40 53 45 60 -64 79 -51 -55 51 52 -70 -27 6 -68 -82 80 79 57 79 90 -94 -8 -80 -56 40 -22 -24 -46 81 -94 -53 -25 -47 -2 37 44 82 -28 -68 68 -65 31 87 -46 97 9 36 -65 52 -13 5 -43 13 -15 -76 21 86 57 73 72 76 -85 -98 -53 -42 -40 -30 15 -38 -3 71 50 -13 73 -6 -85 54 49 -44 -43 25 6 14 6 -54 -60 -62 -15 -5 88 -36 60 -70 73 22 46 -65 11 -56 71 14 -28 -57 47 -62 -89 -83 14 61 21 -90 35 75 94 -76 23 41 26 82 -72 -18 -39 -3 -90 -36 -53 -24 -35 -98 -69 -90 76 78 12 20 -39 55 3 -71 -86 22 33 85 62 6 -77 85 -66 4 -47 20 8 42 -55 -65 -68 -33 -69 -2 -9 42 71 52 97 51 -77 -58 22 83 34 55 48 62 -78 9 87 -66 -99 -28 98 -57 -52 41 -58 -67 -66 2 38 -62 -28 2 16 -29 -81 44 26 67 -88 -11 88 37 -83 -1 -93 -68 74 18 5 83 93 86 89 11 -6 -6 17 30 46 -42 -46 39 8 54 -37 -79 -25 -22 28 56 56 76 75 58 -30 -56 51 12 -9 8 -55 -12 -11 84 18 53 -74 -1 67 -15 -64 7 -8 29 69 33 -88 87 32 -93 -42 83 -86 27 94 -21 -33 6 14 60 -16 -55 80 -60 -45 41 98 -50 -78 -72 32 -72 60 89 78 -20 -57 -28 -90 -94 93 7 -37 18 58 34 99 -14 -31 81 -65 49 -58 67 -76 -12 -41 98 -16 53 91 -58 89 16 -71 -55 3 77 55 -11 52 -86 19 -62 -92 70 -63 73 -58 1 -54 68 -16 42 -9 -76 99 4 40 -88 -6 74 74 -13 21 -28 51 -81 -97 7 -59 -11 14 32 29 -2 -48 -77 33 17 12 -7 -16 17 19 69 16 64 -43 -83 -48 42 60 -97 55 48 93 53 -41 -55 -7 64 -44 81 70 -2 -6 -44 -16 31 57 38 17 -43 -62 -71 -39 58 -96 82 78 -91 -8 -38 -40 -15 -96 4 61 -68 -97 -75 71 50 45 99 -20 82 51 37 91 64 11 -20 48 66 18 40 29 -62 -9 -82 -58 -14 49 18 -74 66 -9 -13 27 -55 -53 -23 -86 -57 -58 77 19 68 -1 -55 -75 41 -54 -48 -35 -49 -22 -13 -11 48 -32 -97 -94 4 5 -63 -5 15 93 49 16 -36
-19 56 60 -91 -25 53 -91 38 -69 -70 59 -64 2 67 -85 -76 4 -4 89 4 -35 -62 -29 40 76 3 -90 19 -9 -13 98 7 5 15 -61 52 -8 -49 57 -42 54 -53 88 -67 -76 -70 -30 82 65 76 70 64 30 14 42 -96 -61 -65 30 -86 74 -15 -14 -47 9 77 34 50 -13 -54 79 44 -13 28 -21 30 -73 -98 1 97 -87 -66 95 -39 57 5 -36 -71 -92 -20 -38 -99 -49 -8 17 96 -40 -22 53 -96 -30 -38 12 10 57 -93 -71 7 -99 -39 -45 -75 -20 -95 98 -44 -21 39 -54 -43 61 -3 26 -3 -3 -6 75 88 89 85 55 -7 57 73 -26 -55 -26 20 -46 81 -32 -10 87 -77 -12 81 -15 26 -49 -61 41 39 -14 7 -42 -81 -67 -33 3 77 15 14 72 89 -88 -36 -84 -13 43 10 46 40 -60 59 78 57 14 -30 -16 41 14 -75 87 11 55 14 -96 -83 -1 55 24 10 45 35 -72 64 -89 67 5 -68 39 -32 -21 97 -58 -43 43 -36 -83 -64 -83 79 72 62 7 35 69 -62 32 -8 -20 51 6 -5 24 37 74 -6 23 53 38 97 59 77 47 -88 -45 -81 -39 -6 -30 -38 48 54 51 -35 -82 76 54 -12 56 74 46 83 -43 -25 -19 69 22 -89 98 89 -5 95 52 -78 27 84 -66 -5 52 24 49 -53 -1 64 67 -80 92 26 95 -79 57 -70 37 -19 -64 -73 13 -62 59 54 -35 -88 92 45 -56 -78 -95 -77 -21 70 -32 -89 -30 -55 98 89 -96 3 -6 6 -41 36 -14 18 78 -48 53 12 57 -95 -59 33 -80 -79 -58 33 34 -89 -1 -59 16 61 65 -73 -94 58 -74 90 -5 52 89 -12 89 -89 -5 -4 -6 -91 -57 70 -82 -14 -39 26 7 -97 67 -29 -83 57 -22 6 6 -52 -38 93 -82 45 22 -45 90 -58 -31 89 -99 -10 18 -11 -24 20 -67 97 73 30 76 47 55 -67 90 -33 48 32 -14 1 55 -87 30 -78 -55 31 69 -49 -27 -66 57 -32 90 86 -75 -81 -62 38 60 -50 31 30 43 -61 98 -89 62 -83 -14 54 -29 -17 14 0 -26 34 -43 56 -52 -85 94 -36 52 -14 -34 -95 -33 -11 -78 -24 59 -99 -31 -55 -71 -84 96 99 82 -66 -30 -12 -38 62 30 -43 -15 33 -29 -88 78 36 -42 81 -39 -28 -46 93 -27 44 17 10 -50 6 9 -10 -67 89 26 -25 72 20 -3 53 -3 -57 87 -64 -85 -44 -63 21 -92 -83
-56 95 -25 -93 -22 14 64 -14 19 46 71 31 44 48 -20 -56 35 51 -53 94 -6 89 93 -73 -48 15 -17 81 52 77 46 -35 -89 94 34 -65 -13 88 -26 30 1 -28 0 -35 73 37 -1 14 81 61 -49 53 -9 -66 -52 26 3 20 15 83 15 -55 -74 -72 -90 66 -13 -68 52 81 33 -32 66 11 -87 86 18 90 -33 25 23 51 -66 -1 -77 30 -36 88 40 61 5 52 66 -17 -21 -47 71 45 -87 -15 -36 -30 92 -56 63 83 98 -68 90 -21 38 -23 -74 -64 -62 -44 21 -4 -43 32 -61 92 -41 2 -85 -55 -74 -5 -93 39 15 6 -23 -5 40 -54 -77 98 -82 10 0 60 -63 -76 51 -43 -85 34 -53 -23 -63 -21 73 -92 -15 16 -49 -65 -38 -10 74 72 -61 90 30 -24 -98 -22 41 -70 -88 -62 -56 39 41 19 -61 -5 26 69 -26 -45 67 -83 -59 11 -84 -54 18 17 -7 69 -85 -77 11 -33 24 -52 -96 -22 45 19 25 -30 -36 38 7 -12 17 -15 30 84 -55 10 -44 -55 -75 14 -59 47 -39 -54 -59 -31 -26 7 -60 -85 -84 -48 37 36 14 -44 -13 58 9 -51 77 -44 -3 54 -35 15 71 -6 13 -62 -87 -46 -69 51 -33 -4 -84 -71 54 -12 66 27 34 -45 -79 -35 5 12 93 -39 -88 82 -46 -85 -41 71 -88 31 91 -21 -62 -3 -77 -69 54 37 -69 8 -30 45 77 23 82 78 81 -37 8 42 12 67 -54 99 48 3 -23 45 0 -19 77 80 38 83 -33 -12 11 35 -46 -75 61 -63 -14 -13 94 78 56 11 -8 37 -93 89 35 -18 86 43 16 78 23 -88 -2 0 -50 -90 -91 23 97 -27 -37 -74 -7 75 11 -1 -92 -82 65 -18 -59 -26 98 15 97 41 88 56 37 98 68 -52 84 69 58 -22 34 35 27 0 50 -61 36 53 -66 -54 86 21 46 5 93 93 81 -64 -36 -75 17 -75 -68 -4 92 -46 -40 63 -6 82 54 -55 -68 16 23 94 14 61 -62 -21 10 -22 29 -13 10 -5 26 -14 -32 57 12 27 -67 -19 60 84 45 29 -69 -51 -80 23 85 99 -38 -11 -79 -38 -20 -83 48 -66 4 -53 -24 -27 14 -99 70 -46 27 46 -16 -78 43 -44 -40 -44 -74 -6 80 40 77 37 80 22 -31 -63 53 -49 -15 -28 -81 -51 -67 -74 28 6 33 -95 37 -60 80 -92 72 -99 -95 -62 -61 -34 -43 69 82 75 -31 83 -93 99 -49 -10
76 10 -13 -91 6 -91 -70 -79 21 -77 -68 -7 28 7 0 -83 93 -1 -82 99 -61 -45 56 80 8 -4 37 -5 96 11 -52 20 48 30 23 3 29 -66 85 -64 -89 79 -95 41 -51 65 63 6 17 76 63 -53 -26 -18 1 -96 91 -65 -48 33 23 17 -27 79 -79 -13 -60 40 -33 -47 -55 52 -9 -21 -86 -95 -56 88 -79 -81 19 -20 71 -73 56 -12 80 3 -68 43 -11 92 70 84 -72 9 -70 -59 -67 -76 -52 11 -15 -6 -24 -7 -59 -71 -38 57 -36 -51 86 43 -29 5 -34 79 -83 89 41 85 23 39 -27 10 -25 -12 -50 -91 13 -92 -53 -76 -7 27 94 15 -47 60 -1 -80 88 95 -92 78 -30 66 -63 -71 72 9 82 -28 -13 48 -53 56 47 40 -87 27 -48 -12 60 -35 -18 -17 -17 72 -82 97 23 31 36 -40 27 93 -5 50 -36 78 -34 -61 69 -90 72 16 -67 -45 -55 -31 -87 37 11 51 24 -50 96 -6 -72 46 19 -94 86 74 -67 69 -67 -91 58 -56 -81 -77 78 -3 65 -92 -5 -13 32 24 90 55 -7 86 -82 4 92 -99 57 50 45 72 49 98 21 -43 -43 -90 35 -31 82 -82 -13 21 -4 24 -94 77 85 -34 92 -79 32 95 66 94 -82 -49 -82 43 68 83 15 37 -64 21 38 30 -97 24 -74 -49 -55 -30 -32 -45 -67 60 5 -70 95 37 67 -15 8 -25 47 61 2 33 5 2 84 43 77 -29 -5 98 -61 -55 -55 80 87 -33 29 -93 -92 54 33 -92 41 -88 7 85 -44 -81 -26 65 -25 -37 55 91 -28 86 -67 -64 21 -37 -29 87 38 -83 -42 40 -68 91 -34 67 -39 89 24 45 -66 -53 1 3 -47 61 61 -25 -91 87 -24 -92 -69 15 43 -14 -65 -74 75 99 -58 -3 82 64 -8 -3 -36 -40 -74 39 -58 70 -26 17 -98 46 86 -54 -55 -13 29 -30 37 62 28 -67 8 20 85 25 37 11 -68 -4 22 -92 -58 47 25 11 2 95 39 7 -64 -10 98 -45 21 50 74 -70 85 -60 -51 -69 -24 3 70 -52 -85 99 -25 47 -17 78 54 -14 83 -65 -15 -15 61 -6 -49 13 26 -69 92 -15 -23 -19 -39 19 26 37 -11 22 -46 6 -17 -49 66 -53 49 81 70 -37 59 -41 72 28 -77 89 92 28 -60 73 -48 35 -94 -42 13 98 91 96 70 -80 -72 96 -53 -16 -33 62 80 -96 -37 88 89 42 -61 55 -95 -36 64 -8
-64 76 -53 -64 10 -61 -15 72 -79 -1 -36 -73 -51 99 80 10 26 57 53 -34 -53 -48 -62 -52 -90 89 -56 69 -47 -73 -48 19 50 -93 73 92 -86 -86 -87 93 1 89 26 46 -53 47 81 96 -16 61 -64 -49 36 -92 70 -42 54 -88 -49 36 43 -99 22 -27 36 46 -65 -76 19 -23 71 40 50 48 86 12 54 -91 -51 -35 85 -78 -11 -52 1 -72 -96 87 85 -95 -54 63 -50 23 -2 -84 -3 -95 1 -62 -59 -74 -95 41 35 -4 -52 54 -32 -16 -58 29 -4 -79 -98 90 -59 67 -88 31 53 80 21 -67 -3 -72 66 -92 -1 24 12 -16 32 60 -45 -8 -90 -32 98 -68 62 -50 -91 -42 -29 34 92 33 -6 -40 -64 -47 -11 -94 -37 67 -78 44 80 -55 59 18 7 39 -62 -63 96 85 41 -74 14 -75 62 23 -42 78 74 91 63 99 20 -26 -37 99 50 11 -39 -29 31 -68 93 93 53 -90 29 -14 13 -67 49 61 -76 28 4 -74 -50 93 72 68 79 50 -75 91 -37 -36 2 -22 25 -91 73 -64 -24 -99 69 -65 28 67 -72 31 83 -56 -69 -19 -17 45 59 53 -71 92 54 -10 -15 8 1 -41 -89 -14 -15 -90 -22 14 -82 14 -6 26 57 -73 31 48 46 -27 3 46 14 -73 36 -50 92 34 50 10 5 0 16 -24 -31 57 -86 -65 -75 17 85 66 -98 -35 87 -12 25 -68 18 94 96 52 88 53 85 50 61 13 -68 26 81 38 -16 80 80 -39 -99 -9 -16 60 47 61 -80 35 -88 36 11 -69 33 -78 -87 89 2 -45 -96 72 79 47 76 34 5 73 -28 48 -33 79 43 -69 -74 57 -29 -78 43 52 -73 42 -75 -86 -36 -50 21 79 -97 -58 99 -25 -86 -54 -85 -99 47 83 9 -49 -85 -6 74 -59 -43 40 46 37 85 92 -89 28 45 -45 15 -10 28 -39 10 -86 -46 -61 3 54 22 -44 80 55 -28 -67 49 36 93 -21 9 -68 -16 -71 46 -37 82 -98 -76 24 -49 28 45 -62 22 -46 31 -9 20 57 -70 27 95 71 -1 -52 -25 22 39 48 -94 -97 -66 12 -99 48 -23 -97 -87 29 -51 -45 -21 58 32 9 23 -57 -27 57 -42 74 80 36 98 96 -68 29 98 34 96 23 62 -63 -59 -78 -37 -39 99 -96 78 49 92 62 58 4 -13 -44 -8 73 14 38 -81 -32 -16 74 -60 -32 43 -21 -72 -53 -4 -54 87 5 -67 12 -79 -96 -86 61
-97 -49 -52 47 -18 -53 -2 46 -81 54 1 -12 -81 98 -42 1 65 -9 -78 99 -97 10 75 -28 -57 -79 -37 -71 34 67 -51 -30 5 39 -78 -63 -28 35 -10 55 57 4 -49 68 86 -17 -21 -65 -30 -30 -85 -74 -58 -60 -83 18 64 -36 -34 -35 -41 57 -95 83 87 98 65 -33 76 81 86 2 -22 -46 -89 10 34 -25 66 -11 -94 95 93 77 80 19 62 9 68 -78 45 10 65 -90 51 -61 62 -83 -4 -14 -38 63 28 -36 19 -39 -75 -62 53 45 -16 -49 -51 17 -10 -52 -63 -30 -81 16 -80 -35 -39 33 26 -65 19 10 98 -1 83 -73 24 24 60 95 -16 -34 52 -9 26 -96 -21 -19 55 -5 -79 79 5 93 79 94 98 -93 64 84 42 -28 -52 -10 -89 2 43 -45 -14 -33 87 36 64 -15 -24 -61 -9 -56 43 -19 -19 -95 3 15 -2 -75 89 34 84 -85 33 -78 97 40 -57 -8 93 -40 -6 -57 -98 24 -67 6 75 60 18 -71 -74 41 -17 7 2 -88 -79 96 40 -4 -54 -80 84 26 -82 6 -79 -45 -28 84 -22 91 76 -78 -59 22 -55 -1 -51 -27 35 -10 -32 80 -72 -6 71 94 42 -58 -64 19 -90 66 -83 89 -52 -86 -1 -34 61 44 -84 -25 88 72 83 -67 20 24 57 99 -95 -77 22 0 21 48 30 -5 40 -5 18 74 -94 -50 69 69 63 -45 -56 -6 -45 -94 -65 -89 75 89 15 77 -93 38 -31 -53 -95 40 10 62 -1 59 -83 1 -67 -52 -71 -14 -91 -37 9 -95 -78 91 54 43 -97 -51 -44 31 -58 29 -21 5 37 -36 87 -61 -13 28 -46 6 -6 -75 -87 1 -16 52 3 96 11 -23 6 45 -15 38 25 -48 -22 -35 23 -50 26 83 62 -68 -30 -72 31 59 8 -93 85 15 2 -11 -98 71 56 -14 23 -1 8 24 15 -20 -46 -90 -82 14 -15 83 27 92 76 -93 -93 -27 -93 -14 85 -21 -95 18 -46 -35 -37 38 -38 7 1 -95 -39 -18 -2 -32 85 46 86 95 -1 -87 -81 60 -54 -40 79 -67 19 -62 14 53 -26 -26 63 -79 -82 -48 -27 31 12 -28 31 -56 42 63 -74 9 67 -77 -86 -29 -26 -27 1 -80 -71 84 -71 55 40 88 29 53 -1 -37 90 86 -34 18 -81 98 69 -82 58 -16 86 43 3 -28 32 43 99 99 60 -6 -60 -37 -28 -68 84 27 15 51 -60 48 12 39 27 62 35 1 48 -42 -16 56 63 44
-40 -62 -40 19 77 -82 -23 -38 -24 56 -3 82 83 -66 89 99 -72 -20 22 1 -48 38 -19 43 92 90 67 -97 27 -95 -14 -34 -78 21 -1 85 55 -17 91 -11 38 -59 42 93 -39 6 -11 95 -72 -38 -76 -42 -59 30 -88 -60 1 -82 28 47 -37 4 -70 -31 51 12 -54 5 -75 -50 -97 11 -45 -51 73 35 -7 91 -91 18 -70 -86 -78 14 39 -55 89 -31 -13 29 -10 78 47 5 -8 83 -8 -49 -52 -73 11 61 56 -54 12 -40 90 -64 -91 -56 -69 43 -94 -9 5 85 -19 -82 -39 21 11 -54 -86 -84 56 81 62 -28 -89 23 -19 52 -52 59 62 10 57 -21 49 -45 60 -32 97 -22 97 -49 -78 -24 -42 -44 17 -62 -84 -34 -43 -83 48 -19 41 -23 96 10 31 7 92 14 -29 95 -42 -63 -81 92 4 -74 -69 94 28 99 41 -19 20 62 72 -61 -99 -30 -36 -13 -44 -39 61 -45 -89 -6 -40 -65 53 -44 -62 -24 -63 28 11 18 2 47 -51 -42 -54 -74 81 63 72 -10 0 -90 71 -13 90 3 4 12 -33 -14 -68 -24 10 72 17 -19 56 99 -72 22 23 -64 83 -52 -78 81 -29 -60 34 53 -41 -96 -48 80 11 30 57 -7 54 15 -96 -68 68 63 -4 -67 -20 -36 -91 -79 96 47 20 98 -76 -87 -92 76 -65 23 -38 -29 -16 40 76 -99 88 90 -36 -30 0 -33 -78 -56 -74 35 -14 -65 9 49 -38 -71 -92 -81 43 40 -95 -34 8 67 -9 96 -97 -37 98 72 -70 53 16 -12 6 -70 75 -15 76 33 64 58 -81 22 24 23 -84 35 70 -16 69 96 -47 70 51 -97 94 92 -4 86 90 -44 83 -79 61 -88 -65 -11 -78 -9 -40 -24 12 -6 49 -17 25 72 70 -8 71 13 33 -62 9 -10 19 78 -84 80 51 -84 -33 93 71 -17 76 -5 -30 66 39 -35 -15 41 81 -58 -48 -39 83 -86 30 58 59 -30 -3 13 -36 1 -14 26 27 98 -32 72 58 49 38 80 -5 99 -18 80 -45 -53 -11 -47 -41 22 33 -79 52 -58 -97 6 -28 80 -79 -22 13 -51 60 89 97 -93 20 8 -51 14 -75 -69 78 -26 -98 -94 -86 46 17 78 -80 66 -68 23 -33 98 -56 -42 8 -35 -35 40 -69 9 6 78 -4 74 60 -64 1 14 -31 19 -63 18 47 36 33 30 12 -30 11 20 48 -74 27 75 81 76 -11 2 10 58 88 -43 78 -47 18 6 12 -29
18 62 -29 75 39 49 21 -8 19 -86 -50 -4 -48 -60 87 -46 -4 -48 8 35 7 -46 51 -14 -41 -15 -87 13 41 60 -99 -90 64 -62 63 -2 6 45 63 43 92 -7 -28 -70 -90 -61 -86 -47 42 94 31 79 -5 23 97 -24 -21 80 -17 -29 -88 -52 19 91 42 -49 38 13 69 -40 -65 53 34 -20 77 15 -82 68 49 -90 55 -76 -6 69 -80 91 24 -18 45 -46 88 -21 -16 17 -1 80 24 9 14 58 -43 5 81 94 87 -61 -17 13 -69 -56 -55 -20 80 -18 -19 65 -51 11 37 37 -93 63 54 -95 -52 -18 73 -99 54 3 57 89 -28 -42 54 76 -22 -86 49 -55 -89 -80 -49 43 -6 4 -40 -4 35 52 -38 -12 76 89 -6 -66 -55 -86 -27 -8 23 36 -15 -18 -75 -65 -82 74 -19 -6 -32 -38 -16 -83 -47 61 93 -48 24 -42 -25 70 -62 -21 75 -93 -14 -11 -5 -1 62 0 -21 6 41 -12 -76 15 -9 -81 -93 85 -94 97 4 81 -97 79 38 44 -6 56 11 -75 69 -55 72 7 -35 52 -91 -93 -52 8 34 92 15 96 91 -11 -30 -57 -25 -18 9 -63 -95 67 -61 9 -38 -92 1 72 -13 75 73 -20 -83 -12 17 -72 -81 -28 -37 -20 23 -52 95 67 -3 -94 25 -86 -39 14 -1 -44 36 68 42 -13 68 -49 67 -98 42 14 -7 -62 -6 -13 -19 -96 60 -83 -51 22 60 -78 51 39 -81 -96 96 59 17 -16 -23 68 48 -14 89 -70 -46 91 63 -95 -95 79 -59 99 -92 58 -61 -46 -82 -82 7 -95 99 -49 -92 41 -73 82 27 60 18 85 85 79 -44 -83 44 49 75 -98 9 -6 6 -35 8 84 11 26 -95 32 62 -99 -50 56 80 8 65 -75 -86 21 -9 9 -42 42 33 -47 -73 8 -38 26 -27 0 76 30 -58 32 8 -92 -54 65 66 8 -98 54 67 -39 -66 -72 -34 -13 77 61 42 51 11 82 -92 17 30 -93 -52 -9 6 -75 8 -24 -15 45 62 70 -40 -49 87 18 -20 11 17 -56 54 17 -2 -58 18 -8 -58 48 88 -44 -91 95 84 -35 -56 -38 31 -60 39 -77 -64 3 6 -74 61 29 -42 1 -79 -35 -78 53 -49 18 92 36 41 86 -50 20 -58 31 -70 -40 -5 79 -79 -3 -9 -76 71 48 69 -88 -19 39 -31 -83 85 99 67 -88 -19 84 61 5 -54 -74 18 42 -10 -23 81 -43 61 37 -59 56 -47 -24 6 85 29 -85
43 -90 -61 36 93 -40 56 -17 56 33 -7 -9 79 -30 52 -12 -33 12 37 -31 40 68 69 -70 -78 29 -27 -62 77 86 74 -96 -25 -73 85 -44 95 10 -58 -39 -29 -7 -59 -18 -66 51 48 -19 -57 -14 -37 -67 -3 -14 87 -14 20 10 9 -95 -97 87 -24 64 -58 22 30 -76 70 -94 -29 98 -91 62 70 -84 55 -52 -26 59 43 38 -26 68 85 63 -9 -75 -24 -8 -6 59 69 -92 38 41 -61 -50 -40 -19 -65 -68 -85 86 98 13 -52 23 39 47 22 63 79 -95 97 67 97 17 34 36 7 92 18 -84 0 98 -34 -95 36 -54 65 49 41 34 8 -36 25 49 -82 32 31 -33 -45 2 -61 1 38 15 65 -44 63 19 -16 -3 -98 -74 -86 18 -97 44 45 89 -85 27 -13 74 63 9 -41 31 -89 -40 5 -16 44 -45 78 -54 4 -77 69 -66 -79 -21 80 32 89 -73 -79 83 -3 -73 83 83 -30 -75 51 -82 71 -19 -92 40 7 96 -14 59 -45 6 -89 8 -5 13 90 62 -76 -98 -90 -26 28 -31 77 64 65 78 -16 -32 -8 32 -75 38 -88 -3 -11 -25 33 79 38 51 4 70 -40 -24 93 -45 46 9 -17 -27 52 -53 -47 -93 -17 -73 -31 66 -94 64 18 60 24 82 86 91 11 -66 -3 65 -54 -8 27 -20 -38 -31 -28 -93 -66 7 -9 65 3 69 -16 -79 7 49 -13 -34 25 5 -9 -2 32 19 -72 99 -45 -68 53 58 98 -59 13 -72 62 -46 68 29 12 -89 64 14 -45 -67 -30 -12 68 -37 -65 71 -60 27 59 96 77 63 72 -44 -76 61 1 56 66 42 -12 -11 -22 -12 60 -48 5 11 58 3 35 -3 71 -71 -18 52 48 57 -82 -82 -5 -54 30 -37 76 96 -83 20 29 37 79 -5 80 -93 -32 -7 -38 -53 -99 4 -31 -80 -77 3 37 47 -33 1 -77 -52 28 -91 9 -23 -60 -81 -45 3 -65 89 53 80 -71 -25 -23 97 -96 58 94 -50 -60 53 52 38 29 34 19 -21 80 62 46 -1 -98 -80 32 -11 57 45 -7 73 54 89 45 -79 -77 28 4 42 61 5 12 -99 -30 -5 -50 5 5 83 89 62 -54 83 10 -9 -30 -67 33 45 41 -78 35 -20 29 -73 -58 -32 10 33 77 -54 84 -30 82 34 -29 41 -50 -21 67 89 82 -19 61 63 -99 22 38 74 31 -4 74 -59 -95 -5 -73 -55 4 -62 -49 97 17 95 58 0 57 80
-29 -17 -99 71 79 14 -71 -55 85 -98 -82 -80 19 8 -22 -98 60 93 -90 42 32 31 71 35 -38 80 -58 -46 -12 58 83 -39 28 -20 -53 23 92 -49 -70 84 82 18 -76 -56 41 -73 -58 34 -68 -40 63 -90 37 86 -93 -74 45 39 35 -84 2 30 70 64 76 49 -61 88 -58 87 -37 53 -78 5 -28 -50 -45 81 15 -86 31 -30 -67 11 -35 80 96 -27 -67 94 59 -19 97 -32 6 -63 -68 -82 58 -69 -51 -31 29 -14 -51 65 59 -65 -84 -7 0 23 -37 -17 28 47 -58 48 55 -77 -25 -55 -52 87 -79 17 -10 6 73 -19 -28 28 -91 -72 -47 -94 71 94 -97 -71 36 -50 -70 24 62 -59 -19 -46 57 84 69 -33 63 -42 65 -73 -20 -98 -44 -66 -28 83 69 -26 -63 60 -43 -98 91 -9 47 44 96 -85 12 64 -9 46 -48 90 50 78 -61 12 -64 91 78 -7 81 -91 -17 -82 83 -38 -67 11 34 -2 -28 23 95 -44 44 88 -54 83 51 -58 67 1 32 -28 -11 -58 1 81 30 26 94 -3 -7 -81 74 52 16 84 55 -12 14 -15 75 -53 -59 -19 34 -67 -75 -3 21 -47 -95 59 23 -5 -79 75 -56 49 27 71 79 -37 8 -55 9 62 92 -60 51 -56 -12 -28 -68 24 -96 45 4 -71 -41 -75 -70 -18 -81 96 93 -1 -31 -15 49 58 -24 -5 14 63 51 -73 -10 -16 -16 40 30 8 -35 -88 -59 7 44 -62 -64 -16 59 -60 27 69 -87 -21 3 10 67 36 -11 -64 -30 24 -62 -25 -12 -55 75 97 27 46 -68 28 -69 -64 5 95 65 -52 -80 77 -97 45 46 -74 -29 -12 69 -86 -58 22 -42 -15 -66 72 71 62 -30 -59 -46 -74 -10 43 89 -7 -79 -84 20 -78 93 78 67 24 85 -6 -6 -89 -94 -45 -2 9 51 72 -27 52 -95 -17 -81 -38 19 -78 -9 -99 39 -58 -10 82 -22 -17 50 -85 6 12 -89 -18 -52 -55 57 5 97 99 81 -2 -95 30 73 34 67 63 16 18 59 -59 41 -94 -3 -69 59 59 56 -6 62 98 3 7 -54 -77 18 63 75 93 78 4 26 -88 27 -35 23 34 -98 -23 -33 -88 56 71 19 -53 82 20 68 -41 6 17 31 48 -64 -94 -3 -9 -45 -79 -56 -94 -38 25 13 -8 -80 -18 -84 -9 -85 -81 -54 70 56 28 -44 -84 12 -51 51 80 33 54 -50 33 -80 57 -83 2 -48 -61 -92 21 -87 -65 -50 -98
-74 63 -44 98 9 40 65 61 70 16 -43 82 -26 -88 53 -31 82 -70 -7 -80 98 -98 70 -20 20 80 79 -50 98 7 87 95 63 -81 4 60 -26 12 -81 76 -52 43 11 -83 66 32 19 -15 -51 -43 96 76 23 88 63 -6 16 -47 83 -40 47 9 84 89 -3 84 61 11 -59 -87 97 -45 81 -11 13 58 -23 -53 -27 -75 -32 -6 -27 -97 3 -45 8 2 40 63 94 78 -95 68 -67 -39 -73 -64 77 -99 -11 3 81 -9 -4 -33 -52 87 -88 10 33 -99 7 52 -68 50 44 -83 -96 5 -20 60 94 82 -35 1 69 40 64 53 -77 87 -12 8 -35 -77 54 -91 -83 -44 24 57 95 31 -32 80 78 89 25 14 -20 60 -6 45 89 44 91 54 22 12 -18 -87 -93 -75 -1 -81 -66 35 97 19 -87 89 -87 -70 -33 95 -14 42 -12 45 56 -52 -67 1 -54 -67 -60 38 72 -13 -88 -78 3 74 -12 51 -56 -84 12 55 37 11 88 38 -66 89 19 86 56 -23 28 -81 -78 57 -89 -90 38 -26 -41 23 13 -74 1 -5 -75 -59 -19 -44 -14 22 -42 57 99 -88 -40 77 61 14 -4 -52 -50 -90 90 -95 10 -73 -84 64 -12 76 -95 -55 -4 -88 55 -92 22 -90 -4 -77 10 82 -76 59 -30 -47 -84 4 -4 43 -37 -28 29 -47 -37 90 -2 27 79 -53 -12 91 23 29 29 99 92 -83 -50 -5 46 52 -42 -98 60 -98 -39 81 43 -28 -91 -40 23 10 -99 -71 18 55 -50 86 -5 -86 34 50 -98 58 -66 94 -91 -52 -4 -56 -74 41 29 0 -16 -10 61 57 66 44 -45 94 87 -7 99 -70 -99 -9 -35 -54 88 -33 66 21 38 41 -79 -46 -31 -76 -23 -50 -5 77 59 78 -88 7 92 1 46 -41 -30 -66 -58 30 -41 27 98 -35 23 43 35 -17 41 66 -61 -94 46 -11 -89 72 21 -8 -97 -77 3 -47 -73 79 43 36 -54 26 82 96 69 -52 -73 -22 -23 -56 -18 15 2 -43 36 -75 -84 80 -79 -71 26 48 -37 -8 36 91 -87 -44 -95 -80 -10 90 72 -70 -99 -97 -94 92 16 38 82 92 -77 97 41 27 -85 -96 69 7 -38 19 81 11 -73 44 76 95 50 79 34 41 -70 43 -47 39 -13 30 -54 -25 7 21 -68 78 -98 34 -21 74 -6 -98 -71 14 71 -55 4 -74 -84 58 11 -69 -62 -65 82 64 95 -86 68 39 34 -57 -83 94 79 -58 -41 -86
34 -45 19 -57 60 79 74 -29 -55 11 -94 -17 98 48 11 -35 87 -26 -77 58 -4 84 -91 16 -68 24 51 -75 -68 11 61 -47 8 49 74 96 93 27 40 98 -24 24 -22 -74 -35 41 -74 49 -35 46 -76 69 52 32 16 2 -21 57 -79 -67 85 28 -7 21 -85 88 -34 -22 -7 -62 -9 -94 -40 35 89 -7 -65 54 35 37 -88 80 -30 54 -41 -30 89 -84 -66 64 15 28 -25 -36 -45 87 4 -29 -10 -38 -77 70 -21 93 -8 9 60 33 61 -57 -13 72 -90 -27 -39 61 -64 79 83 -57 67 2 -93 75 47 96 -93 -87 4 14 12 -33 -70 43 -99 -92 37 -45 68 -15 -13 50 11 43 0 14 -35 -81 -65 -93 -1 -90 65 -98 -53 -5 32 14 77 -66 -51 1 -76 -70 2 -70 68 -33 -55 -83 -42 65 -86 1 73 -79 -40 -21 23 -85 41 -62 -94 23 21 -91 -50 85 -45 -60 94 10 13 -35 -31 53 -27 -3 84 -40 -40 97 43 82 -40 -16 88 -89 -66 -66 28 -49 51 -37 -63 21 89 21 -44 -98 -58 28 48 21 66 -10 -87 -81 -11 -5 96 54 -59 -50 16 -86 -16 -42 53 -49 -76 55 90 3 69 -36 -36 -86 98 -99 58 -62 29 54 -75 67 -98 -72 -46 23 2 -32 78 -88 13 -98 2 -9 97 -49 -5 -19 -6 17 -37 48 75 -30 44 -15 83 93 -77 -52 41 -66 -84 -44 76 23 -96 54 -86 -95 28 -28 41 33 -95 -53 -87 13 13 -52 -26 15 -52 3 93 12 1 10 24 87 45 -96 -84 28 -37 -37 -86 -3 71 -36 -26 27 -66 -20 96 -16 41 49 3 69 0 28 42 33 1 -97 -53 41 55 -49 11 98 -4 41 93 94 84 19 -65 46 -73 -71 -30 -40 -89 34 -1 27 27 -16 15 44 -98 73 79 80 27 52 -99 10 -17 -70 33 92 13 -79 -4 87 -43 23 -67 11 7 47 72 -20 47 1 -92 -28 75 -80 51 39 -21 3 -84 -69 7 -71 53 92 -84 14 45 -11 -39 -18 -19 52 -86 62 48 -41 50 -76 -11 79 51 57 7 -78 -75 -9 81 -85 -78 22 73 18 68 21 84 -74 -17 95 13 -62 93 65 52 -64 -83 -37 -58 97 -51 -32 13 39 -71 26 69 -61 -37 33 4 55 82 51 -8 -25 86 -14 -64 63 -15 5 -68 -64 -47 -16 -60 69 90 88 76 -55 96 -63 41 -19 12 -37 7 16 66 62 -94 96 -79 0 57 90 4 -1
-97 -37 -25 -14 -34 84 -30 -57 -88 -77 -34 -68 14 64 90 14 -36 -58 61 73 72 52 -33 -62 -86 77 7 27 57 28 95 -20 18 60 -66 81 -96 -14 -36 4 66 -85 -96 -51 62 -57 98 94 -88 -24 -56 -46 41 -28 -86 -79 62 67 30 71 -63 81 -66 35 71 -46 -79 54 70 0 20 -24 -97 -41 16 -49 90 -29 47 49 -16 -66 88 -37 31 -33 -26 1 93 -49 -80 78 92 85 9 96 85 95 -38 -65 57 41 31 -6 13 -57 39 -27 -21 66 -44 -51 63 -33 -14 30 51 -33 73 -13 -90 85 16 -49 90 -25 71 23 81 -54 30 72 6 69 -9 -18 -66 20 -60 89 75 48 86 -63 72 -7 20 66 -91 60 -99 80 -40 -90 -25 70 -17 94 -32 -84 91 -86 -21 -18 12 -40 -71 27 -9 89 15 -25 96 26 21 80 -77 -50 27 -92 -11 -11 -67 84 -7 44 37 95 87 -59 36 -40 -97 23 -58 18 35 -9 -79 12 -15 94 -80 85 44 -34 70 -91 -80 -84 -77 80 -39 81 -74 -49 -62 90 -18 73 57 4 37 -23 14 -16 -84 -79 -65 69 -66 -38 83 90 47 65 69 91 -91 58 20 -27 -65 -52 -71 -61 45 -89 -76 15 54 -80 -42 38 54 72 9 -41 88 -62 -75 -30 -9 74 27 -13 -96 53 -8 36 34 39 -30 37 12 35 -33 -49 62 -9 -77 -17 81 -64 -90 -45 42 -18 43 -66 -41 82 -60 -53 -78 69 30 -69 -74 17 32 -41 50 -67 71 -34 90 36 35 -98 -34 74 65 19 13 63 -96 -50 50 -94 -97 -59 -60 52 20 95 91 62 67 33 -79 -25 59 12 -70 1 -25 23 -81 27 3 -66 -7 -85 -49 85 48 -67 -84 57 0 -58 -43 -36 -14 90 48 -92 1 -12 45 49 -46 -73 -55 -84 -29 -30 98 -43 42 63 -66 31 75 -18 4 -58 70 19 27 -69 94 93 69 -55 -62 -68 -35 -59 55 -42 -16 -83 -92 78 74 65 -95 -32 -54 78 32 10 -66 92 -7 22 41 -61 32 -1 72 68 17 97 -43 -32 -27 -25 48 -32 -50 -57 2 -28 71 -8 37 67 -24 56 86 -62 -20 16 47 9 -52 18 52 51 16 34 -25 -20 -52 -98 50 77 -88 -49 85 86 -24 37 3 -94 89 -33 23 95 41 -13 -17 0 -29 64 94 -31 89 -97 -61 58 -5 -36 22 46 75 -44 -53 -11 -36 3 -70 -71 64 -58 14 87 -3 86 -59 -1 -13 79 2 99 -30 -70
40 81 -95 71 -7 60 -52 93 -2 69 77 -24 22 -49 -3 77 13 -91 -60 -21 -34 99 -21 8 -44 22 -36 -94 -89 62 -84 -48 58 52 -22 6 -72 -19 66 86 3 -96 -73 -82 -22 -90 93 -92 20 51 75 -80 -57 -9 4 -97 17 -34 67 7 -16 51 25 65 -20 -98 2 -24 47 70 -30 -8 -10 -8 38 66 64 37 23 15 -67 -25 -75 90 43 -21 -99 63 -32 29 -19 -3 -37 -59 -66 28 15 77 -53 53 -76 -13 -45 -84 80 95 36 23 98 -39 -59 -99 -62 68 26 64 96 -13 -32 27 -40 -37 -47 54 -14 -12 -32 27 34 73 66 -5 -78 24 62 70 -62 -37 46 -5 88 -24 43 54 22 88 63 94 -8 -56 -61 -46 -79 3 45 -30 19 -39 88 -65 24 -84 24 60 -55 -84 -57 51 90 65 -37 4 18 44 -56 -75 14 -49 -97 -22 34 96 -29 83 -34 -89 57 21 -17 5 14 -15 -4 -68 73 65 85 -57 42 -76 35 -83 94 13 49 24 -30 -37 -50 -7 81 62 -23 61 -3 -53 -44 8 20 -31 41 20 -32 -25 10 29 96 56 -72 -74 -41 89 45 -69 -90 3 -59 -68 64 12 -28 23 19 -94 -67 1 65 -22 57 96 -58 -84 33 50 -59 86 77 75 47 -55 -64 -42 -5 -78 -93 44 -7 89 91 1 -27 96 42 -15 26 -92 -64 -26 -81 90 2 -71 -42 31 -40 41 6 53 1 41 22 91 64 -12 -42 4 20 -64 49 0 -26 92 3 -82 32 18 -60 -34 -95 21 26 77 57 -82 -83 -61 42 -62 -20 84 -70 -37 -56 -94 95 98 -96 16 -19 87 73 -59 -14 -10 92 29 -71 -55 -48 -60 -31 -74 -63 25 -36 48 15 45 -58 98 76 52 74 26 83 33 -46 -20 78 41 85 48 -84 55 74 83 50 -31 70 -68 -72 70 12 -82 44 78 -29 41 -3 -62 -71 -70 55 -33 52 -41 72 -82 46 -26 -15 67 -44 -27 -26 -69 -81 62 -75 -34 84 -67 53 30 98 -41 33 -61 -68 37 73 37 63 -93 -40 -84 -15 -93 -25 52 -11 -41 7 15 66 95 -10 71 -86 30 12 -16 8 -42 93 -28 -67 -79 -3 91 31 93 39 -86 -80 -85 34 -11 51 39 86 45 19 -21 57 90 54 -43 85 -17 40 83 7 39 -87 0 84 -41 -79 2 22 -52 18 38 -17 33 -28 42 70 98 -11 -97 -42 20 37 -13 -89 23 53 93 -79 43 -44 -61 -80 -94 2 -66 66 -36
-28 -94 91 5 47 -94 61 -14 -85 -22 -62 -50 -14 -38 -34 -43 59 -24 12 53 41 73 -43 -63 0 -54 95 -83 70 -55 91 13 74 90 -53 -58 -91 81 49 -25 63 -79 43 -42 95 92 95 -49 85 20 94 25 -17 2 -55 -47 -69 94 -23 56 -42 -30 -26 -22 2 -82 4 -76 10 57 -75 -38 26 -36 -94 34 0 -94 57 11 -63 67 -81 -39 -89 -46 59 43 -94 -81 -84 18 -29 -57 -8 75 5 56 -16 -8 50 -2 -42 65 35 54 13 -34 23 -82 81 40 -63 77 71 -53 -91 21 97 1 -65 -96 -66 6 -49 -78 8 -21 84 -97 -1 87 56 -90 -29 13 -92 -86 -92 -29 -86 89 -42 49 -11 37 -92 49 18 58 20 -38 75 -42 37 36 10 95 89 94 6 -3 6 56 -27 -21 -15 0 99 -21 -48 -96 -40 -37 -77 -63 -95 24 88 -66 -73 24 0 75 -65 -80 49 76 14 86 32 -41 75 -79 -23 68 85 45 -24 -78 -85 89 67 -82 -25 -79 31 49 -43 99 88 15 11 26 -40 -99 25 -84 52 8 -66 72 50 -33 -47 -93 -73 -67 -81 3 -92 60 -96 90 67 0 -90 -95 93 80 -92 -69 48 -27 34 83 4 -99 69 11 -72 33 -76 5 30 30 -6 -52 -94 85 11 -61 -11 79 37 81 -1 53 -68 -11 -81 36 -17 -22 -91 -28 -15 -93 -29 95 -82 41 -12 -88 90 93 -65 -11 -34 3 0 82 -61 67 -10 -14 -70 -47 -19 -5 -25 -63 -38 -38 23 86 -98 -45 -41 -11 -60 76 -26 -77 -61 -64 -23 80 24 -74 -68 -60 52 66 -53 -89 -9 65 6 85 46 -94 -53 25 -47 -65 0 -47 -7 -78 40 -97 -99 -89 -13 86 -16 -13 90 16 94 10 65 68 -69 55 -65 -63 -85 13 -49 -70 36 56 67 -79 2 -15 -56 -30 5 -37 -98 89 -9 -40 40 -41 3 21 -44 71 13 69 83 62 -92 85 -38 -73 75 -88 -59 -66 -64 -5 -95 -92 95 -55 41 -57 -50 85 -43 -22 95 -39 -13 -22 9 85 46 -35 20 55 25 -29 19 10 95 -13 69 15 30 -73 -53 19 26 -29 53 27 -18 18 -23 -10 -94 -11 -36 0 34 65 43 79 54 6 -65 -83 50 -21 -98 79 -37 -16 35 7 46 -53 11 57 8 6 76 -32 -10 95 74 -25 -58 8 64 -56 75 -15 -34 64 45 -73 -24 -25 -51 -6 -95 23 92 -86 -34 -99 -91 91 27 -76 59 -75 -76 -11 -12 -53 -56 2
97 18 -3 -15 49 26 69 -50 -93 19 44 73 28 87 -13 -64 -42 65 -66 66 78 7 -94 66 72 26 -37 76 -8 43 52 77 57 -46 41 96 71 22 56 89 -3 -97 49 14 -17 -59 -46 -56 91 93 4 -29 2 4 91 -80 -76 22 16 30 10 86 -18 -5 45 -7 23 37 -78 64 81 39 -62 92 -88 39 52 49 -67 82 82 9 29 -59 -85 46 1 -36 -89 -64 55 65 13 -31 -28 12 -18 66 -21 30 49 95 -64 27 -75 -47 23 -43 57 -45 14 -56 33 3 92 63 -86 17 0 -72 -11 90 -90 -43 -51 34 99 77 -23 8 -60 35 28 -71 -11 -31 -81 43 29 43 -45 -28 66 41 -21 85 -41 -68 -28 -88 -99 41 93 -18 54 -34 -9 79 79 -29 70 64 61 -19 -38 -99 -67 43 -79 -55 -9 40 -16 -60 -56 88 82 12 85 84 75 -1 -44 -24 78 -21 -73 25 -99 55 -7 -39 29 4 -46 -78 -74 62 89 1 88 -23 -98 91 88 17 74 27 95 86 18 -87 -23 -1 66 -51 79 -99 8 33 -67 33 -9 33 -91 -64 88 71 -2 9 36 92 -34 -13 -89 -69 -53 -23 -81 23 -93 87 -84 -10 -41 4 83 -13 38 -67 -37 33 -77 -47 59 24 -95 37 -88 -56 29 -7 42 1 22 88 32 95 -36 69 49 -57 -92 28 -35 71 -3 -69 -26 58 -22 73 -11 71 22 -61 6 89 89 -1 -14 46 82 -71 -54 91 36 13 -13 -32 74 10 81 28 97 51 -66 -50 -20 64 56 -69 -84 -36 -93 3 25 80 -97 -69 -53 -77 72 39 -52 -36 51 61 -13 -43 28 52 96 25 2 70 -91 -90 99 39 -98 -7 57 88 79 60 21 42 -11 -67 4 17 90 -80 94 94 -57 52 6 -61 20 89 -3 43 -36 76 77 59 -84 67 -25 -13 50 27 33 -52 -13 -66 -65 -11 74 -14 -92 -69 -60 -14 40 61 -97 -57 -68 -95 52 28 -73 -5 -79 28 65 -67 69 35 33 -56 33 70 2 35 4 -4 51 -97 -4 -73 83 44 -22 36 -98 -86 -67 -82 98 25 1 80 -41 7 23 -30 29 45 59 19 28 37 -98 86 48 49 34 -21 42 63 13 87 18 67 86 -65 -70 55 80 35 82 -75 72 -76 -68 -42 69 -31 23 -70 -64 -55 -62 -68 -17 -61 89 87 -27 -25 45 -61 -63 -54 82 41 -1 -71 13 34 23 97 -69 91 39 11 -26 24 -56 -62 -73 -94 57 -78 -9 21
14 52 59 89 -70 40 -57 -86 25 -28 -43 -94 -59 -74 -65 -2 65 -5 68 59 46 65 87 84 23 -78 52 56 -95 36 -98 55 -42 91 70 -11 80 -40 34 6 93 -7 19 -66 -2 -73 -2 47 55 -45 -91 -61 25 -91 27 46 89 64 16 -72 46 81 55 1 -89 -79 86 -61 75 -87 -90 -16 -61 -74 24 86 -90 38 65 32 -3 -87 -40 93 1 66 40 -57 -21 82 -44 61 89 25 -44 -36 24 -37 -82 -20 69 39 -26 82 46 61 18 65 -75 -54 19 -64 84 35 -49 -62 -96 60 -25 87 59 -75 -71 -22 -57 -3 34 -83 -99 -64 53 94 42 -45 -48 -99 62 54 -35 43 -51 -38 -11 -27 -19 -48 13 29 -14 -37 -43 -51 -76 28 -74 -83 69 96 80 -66 -75 -89 67 -32 6 -96 66 -15 65 -96 20 -47 -21 73 31 -69 -9 -6 -54 -60 29 -69 -56 -74 95 -30 -3 9 61 -55 -71 24 20 45 54 -31 24 -12 35 -82 6 47 90 -28 74 9 68 48 19 44 75 -60 -98 68 -28 43 12 65 91 94 66 -25 -64 58 -58 -65 90 13 -28 -24 22 95 80 -35 16 45 -26 49 -43 66 69 73 -95 -99 82 -12 -15 89 -76 84 94 -94 -84 92 -71 26 41 -64 36 19 26 -65 12 22 -95 -9 18 78 62 10 -47 -49 -55 87 -10 -13 -52 30 98 56 -38 52 -47 -34 -22 -35 61 -65 -48 -67 -51 -67 -46 68 -47 -81 -52 -86 92 67 -60 96 -95 10 76 10 33 -88 58 -80 45 15 48 -74 16 -99 -34 -78 -79 -89 -51 -47 12 97 85 8 -73 -41 -36 2 46 -65 0 -38 65 63 91 -37 -39 -1 85 -87 -12 73 -80 -64 -21 7 -6 78 0 -18 -31 -84 -98 58 -32 0 -38 -38 -7 -46 -56 -92 26 -54 63 89 -34 32 -20 44 -75 2 98 -71 86 -19 46 51 12 -13 19 -88 62 -51 22 -60 -42 98 -68 -9 -63 39 -15 -87 -9 -80 41 62 8 6 -66 25 44 86 -51 -60 -89 -30 54 -86 37 41 -81 -81 -28 -47 26 54 17 40 -7 -96 -79 74 84 91 -24 -36 -76 91 -22 10 -98 91 -65 -67 -24 38 -30 -6 -29 40 49 -9 59 15 -62 -32 34 10 -76 -29 -48 -42 -11 -80 88 -37 10 -84 -91 99 -22 93 -56 -96 26 46 21 -67 -75 34 33 87 -55 35 34 24 -37 22 44 -74 -75 -71 -55 -83 -37 77 -78 89 51 20 -80 71 36 -81 93 -98
31 19 -72 -92 -36 33 -76 93 55 18 34 -99 -37 -25 -64 -91 96 -24 -55 -90 -28 90 -93 52 -93 -15 22 -11 99 4 97 -59 -80 -36 -24 14 65 -83 -14 61 45 -44 -20 68 41 72 33 -76 -52 -65 12 13 71 -40 -46 16 -67 98 81 -61 17 -29 93 40 -74 28 -8 5 65 -59 -13 44 -50 0 35 -49 76 77 -77 -75 -28 -35 -33 62 45 -15 -87 55 -56 58 -8 6 -20 63 -20 -40 -17 -40 24 -18 48 -15 37 99 -11 93 -78 -30 94 65 11 -54 -81 82 -90 -6 -42 -82 57 18 20 21 -39 31 -70 41 -17 8 57 55 -5 -68 0 -18 72 -5 86 -7 -38 -45 77 7 79 38 38 -3 -84 -3 18 -80 97 -62 -25 23 60 -52 -37 92 37 -55 -7 32 -10 -81 53 -2 99 38 -4 -56 -93 -13 -99 -77 95 -36 -51 64 -31 24 -84 39 -66 -61 -33 -13 -47 -79 3 -54 -18 96 -17 -16 -53 3 64 75 -29 -1 -76 42 31 91 44 47 99 29 75 -62 41 -75 35 -77 -8 83 46 -94 81 71 -60 79 84 -72 94 7 -98 -14 51 -55 53 -93 -7 29 -69 40 47 -18 -55 -5 -39 -89 45 62 -46 -85 16 50 -96 -66 -39 -51 -59 -19 66 -73 88 -22 -65 34 30 -93 28 -39 55 7 94 -12 71 -55 4 -83 -20 99 -72 40 -65 -91 59 -24 84 -46 45 17 -55 -13 22 -69 -55 63 -88 13 47 -56 -58 -61 73 -36 -84 69 -34 -11 -18 -26 98 1 -75 -99 -44 -45 34 16 86 -81 9 -27 61 92 9 -9 -66 -70 45 -77 46 -99 -15 -56 81 -95 70 19 -17 3 -74 -88 93 -86 45 -24 80 -86 -88 38 27 -15 -13 55 32 -1 57 0 85 2 -22 -32 -45 55 98 8 13 -19 -62 -90 43 11 -24 -40 -58 0 12 45 52 -93 33 -93 -22 24 -17 18 -12 29 -23 6 -41 28 -77 -1 -15 94 54 32 11 -84 45 34 95 -44 -98 -40 -42 -49 -20 84 -19 -7 7 73 -79 43 -20 83 33 22 -27 -73 95 -96 -7 -1 48 -91 45 -44 17 65 93 16 -26 53 70 -57 -2 -41 15 90 -99 22 95 -6 40 -63 89 -77 -12 -40 37 67 -88 -38 81 92 -75 -27 96 -52 83 -34 70 -89 15 60 -60 -64 53 39 -41 -41 -75 -81 9 43 41 83 54 18 34 -40 20 70 -98 49 -63 57 -99 62 87 -20 -44 -47 86 19 82 -85 94 -38 52 63 12 77
-78 -36 77 44 -6 44 -59 2 64 61 27 55 88 -86 -88 32 -41 -59 -73 -5 48 -90 48 53 -28 -11 -46 16 -51 26 -90 -9 -42 -42 -20 -56 -67 21 11 -87 -61 61 -48 14 59 20 -36 -16 37 61 39 -5 -40 67 -39 -11 -50 22 9 80 70 57 -56 19 -46 31 76 -51 22 67 -65 51 38 -96 -70 -57 -16 43 -65 24 -30 -17 -40 86 -29 -27 68 -77 12 23 -47 -53 -5 -69 -93 -89 -81 -84 21 89 -47 11 98 66 14 -27 18 -28 -32 65 -21 -83 88 -8 45 -64 39 88 -17 -61 -77 -97 -46 5 -20 -32 34 59 -16 10 77 57 62 97 40 -74 31 25 -5 69 -39 3 58 -96 -21 -73 55 4 -13 34 84 47 96 -56 31 57 45 12 79 99 90 -35 6 60 81 26 87 68 -68 85 -54 -24 -48 -36 -5 52 -12 -60 40 93 -92 63 92 45 82 91 -69 16 -98 -75 80 91 60 -46 -59 5 18 -31 19 30 -2 34 73 -12 15 45 40 82 -63 89 -40 46 -10 2 51 16 -89 71 -99 -94 -47 99 -15 -96 0 -68 4 89 99 -40 32 68 39 -58 91 71 32 -58 -43 -51 -35 86 19 -57 84 60 49 30 59 -42 65 84 -14 -55 61 -78 5 -1 -30 43 50 99 93 37 50 -47 -14 -68 24 93 -20 74 -59 27 -91 -83 -21 34 -5 -66 70 -94 32 39 53 1 64 -9 -12 -22 31 -64 34 8 88 70 9 83 49 73 -42 24 61 23 84 -94 61 -71 -23 -4 2 50 97 1 82 9 38 -44 82 -75 64 1 53 88 -9 32 -15 -56 -2 -79 -70 -95 -2 -90 64 -51 24 76 -33 -46 56 -78 -91 87 -95 47 94 2 -16 -55 15 72 -83 -32 84 22 64 25 -94 89 17 39 16 -6 28 86 -75 -5 -12 -62 -47 -82 -95 29 -11 45 44 -13 2 -52 40 -39 48 53 -27 -30 37 7 52 54 -39 -17 92 66 -27 -94 88 24 -92 4 1 71 11 -11 11 -44 -10 -72 -95 36 -17 -76 54 39 64 58 -10 45 -77 -67 -21 13 -59 -32 36 52 28 -95 -30 -28 46 -39 -96 -62 -80 -9 91 65 -82 47 -75 26 34 -42 -61 79 -32 -28 23 -53 38 -93 62 76 -26 -11 -57 44 12 6 93 -22 84 25 -2 75 -18 -89 77 -66 -9 -43 -70 -91 75 43 -7 51 96 17 -13 -57 -16 -12 3 42 -95 -6 76 -80 36 -56 -95 29 91 7 -87 -11 -47 -8
-20 -78 -59 24 72 94 -29 -18 58 -96 58 38 -1 52 4 22 -65 82 -55 -33 84 76 -63 -17 50 -55 89 7 -91 -21 39 74 -5 99 11 45 -50 75 -78 55 -21 -34 92 -10 -22 -66 -73 -70 -36 -78 -44 -21 17 11 -79 -92 -1 24 15 61 98 21 -79 -5 -46 21 35 31 -53 24 -24 -48 -26 63 87 -93 66 7 95 88 -51 -18 -89 4 70 -40 -62 39 -28 -32 53 98 84 -5 -96 -78 -89 -64 87 -54 -91 79 7 64 -58 73 93 -79 -27 68 40 80 14 -98 -41 -94 47 93 9 -87 -35 57 -99 76 39 96 -38 41 -88 -49 64 3 -24 -90 -87 -47 54 -10 50 58 -77 -88 -18 20 -6 71 -40 -56 -16 -31 13 -17 69 99 -46 54 73 84 5 -68 -63 -21 30 20 -78 66 68 46 -64 -35 -70 -87 -58 71 -62 71 61 44 -94 8 67 94 15 76 28 -3 -89 -47 25 -32 45 48 4 -80 91 -93 -17 -97 95 -8 87 53 -4 7 -76 -61 -41 4 43 -89 97 68 -38 30 41 98 86 27 -56 -5 -45 39 -74 28 26 40 50 -85 -58 84 93 -1 7 -33 90 86 -94 50 -80 -48 56 -9 13 -10 78 -35 -4 96 -62 -55 21 27 14 -96 74 94 21 87 84 60 25 50 62 52 -24 92 -79 -79 -53 58 45 -72 -48 27 -62 95 94 -59 15 -54 -19 -56 68 2 85 69 42 26 -57 88 -82 97 -91 48 -76 -72 -99 93 -99 -63 3 -37 21 43 -1 -40 67 74 -12 41 -66 67 -86 29 -56 72 31 16 10 58 12 1 -19 -35 -6 35 -81 34 -21 -96 48 40 -62 -59 -1 49 19 68 -14 -34 32 71 -41 -28 -66 20 48 -64 -56 -59 33 -23 -60 56 94 37 86 -27 5 19 3 21 75 75 -7 49 -11 -82 -98 -71 52 35 -71 -28 88 -27 29 47 -85 -98 -87 50 25 27 18 3 98 -91 92 -6 77 -8 -50 -58 -69 -87 -66 51 -42 82 5 47 62 -20 84 83 -43 17 -32 -74 89 12 -98 27 12 -67 80 -43 -53 23 30 91 -95 32 -5 -64 43 17 -71 86 -65 -57 -7 -33 -27 -77 50 24 56 -97 -18 23 90 53 -98 4 92 -43 -54 95 14 7 -82 60 28 -72 -30 -3 -44 -66 19 12 24 47 3 97 -6 -92 -68 -22 4 -65 50 -31 -95 76 -7 -68 -20 14 53 36 -65 54 -27 -69 48 68 92 -5 38 -89 -85 -13 40 42 45 81 -30 62
-39 -81 -10 -80 -41 77 9 -97 0 44 -92 58 -89 -53 -99 40 -80 9 -22 8 -23 67 -89 84 -14 92 -36 -56 73 -36 77 0 2 -80 -53 0 85 48 -96 -46 76 89 5 10 2 16 -34 -97 -70 -93 -89 -37 -76 72 4 -53 76 16 11 27 8 -43 -64 10 -24 37 -78 -43 74 47 64 -42 81 7 -35 -7 56 -1 -56 39 43 -28 -48 -25 -68 -61 -66 65 -97 -84 24 -51 75 80 -9 -71 58 2 93 -96 -53 34 -30 -48 -56 -26 26 48 42 -67 -14 44 -95 -63 40 -87 -32 61 85 -72 87 32 21 87 -8 -44 -46 -69 45 14 25 -51 9 12 55 95 96 -62 4 44 -93 -93 94 -54 24 95 -26 -89 28 67 46 86 22 94 -45 61 -85 -67 -33 40 -28 -95 -51 36 -45 58 48 98 16 -66 -77 -90 54 7 -67 16 -53 10 32 86 -33 -41 -63 -4 -88 99 90 97 -54 -88 -4 48 -42 -62 -55 1 55 0 51 19 8 -31 22 -2 -59 -59 56 -6 24 -17 98 67 -81 -89 -94 -90 -11 83 80 40 55 97 -10 60 -23 58 35 90 60 -48 31 -85 -51 -33 -37 -16 88 39 52 -39 -32 31 7 68 -72 8 -44 -29 -13 90 -15 -40 -10 -7 -37 -63 55 36 66 47 20 -30 64 -51 96 -74 -31 4 -41 44 89 -30 -20 -80 -34 51 -46 -99 -6 -39 59 -78 -28 52 60 -19 -11 -7 55 -37 -53 39 -4 -95 -40 15 -35 80 -2 36 -39 98 -96 -46 -29 18 78 42 -68 67 4 -9 99 52 14 -50 10 -95 74 -1 -66 -49 -31 45 -73 -16 56 3 4 -91 -36 92 -70 87 25 -13 20 29 -52 -42 -9 -13 23 -3 -88 87 -15 38 48 30 72 -48 -34 65 -70 33 78 -57 -68 7 10 -89 -58 3 -90 25 -10 1 -93 -72 92 80 4 -4 76 19 61 -35 48 68 38 -78 -86 9 31 82 -78 85 -26 57 -75 82 -49 60 82 65 99 -98 85 -61 -65 60 48 -94 91 -41 -29 48 88 -73 -16 57 -89 -53 50 1 4 -14 -61 -99 -52 64 47 -47 -81 10 52 -26 -64 36 -41 27 -71 -48 5 -33 14 -17 -90 -65 56 44 33 53 -61 -40 -90 -49 -80 11 97 27 -14 -35 12 -73 -62 45 23 -85 73 -74 -58 13 -88 -12 26 -74 33 -29 -76 43 30 -32 -38 52 -56 -91 -43 99 -53 4 -11 90 84 -35 19 -50 70 53 54 -71 9 -28 -55 -91 -60 -67 -89 -9
32 -10 89 -3 -93 13 -59 -36 -24 -24 -35 84 -36 23 -33 36 -62 -69 -25 -69 90 -49 41 -45 -94 -21 34 -88 -20 89 -56 -34 18 -30 95 -84 -18 -75 -56 -65 92 -29 -26 -69 62 -11 57 -53 -80 -50 18 40 -89 -2 -78 -85 -10 67 -17 -29 78 6 -84 81 -60 -94 25 62 -77 25 -69 81 57 37 -78 48 93 -74 70 62 52 53 -30 37 61 70 96 -81 -12 -93 79 -94 -97 -73 -52 -29 97 30 -81 64 -26 12 76 0 -96 64 18 10 56 -81 55 -62 -50 62 93 95 52 -16 51 -14 -53 -29 90 -86 37 12 -37 -68 25 95 -93 52 -32 14 6 -10 67 51 3 -43 4 93 -54 -97 54 96 -87 99 -86 -77 85 0 20 26 93 97 68 -48 -27 87 -42 -13 -59 -90 -85 55 -86 -56 -87 -66 -2 -59 -99 38 -47 73 54 -5 -31 -40 28 -79 35 50 -53 -57 80 90 44 97 60 71 -11 -41 -74 58 12 59 15 96 -38 -24 -2 86 33 10 -48 -78 90 -89 -24 30 -39 -58 38 -15 -78 40 24 79 -96 28 67 14 -55 -12 -33 -88 69 66 -16 -59 -78 95 -45 -23 29 80 -51 57 88 -44 -90 43 -6 -61 49 -2 -38 81 -35 -43 -59 -29 26 -17 -29 -55 -16 -59 -51 94 78 -14 61 -54 45 21 -43 -43 23 -68 53 -3 -59 -1 60 -80 18 -31 60 -17 10 -19 -68 11 81 16 26 -44 -15 -51 1 0 4 12 -25 75 76 15 -42 -45 68 27 21 -50 31 -52 -86 -12 -10 -48 44 -35 71 -20 -50 22 -97 17 -18 -42 96 7 -32 72 8 -6 -35 -25 -92 -23 -38 -9 -77 98 48 89 16 -11 -13 9 44 -53 14 -25 -73 49 87 -34 -57 76 47 -27 -33 95 -20 46 80 -4 89 1 77 -25 -67 -11 -86 -48 38 -88 -24 -67 -82 51 36 70 84 8 -38 36 86 90 66 78 -16 96 79 79 1 29 93 -22 -63 -91 -84 -90 92 -94 20 79 50 53 45 -46 -25 31 70 -20 -78 64 -79 -78 -82 73 54 14 -7 -19 -95 19 -56 11 -25 47 21 -33 -81 -76 4 53 -1 38 -25 -79 -54 -73 83 -13 98 -28 54 66 -97 -19 -5 -58 96 -53 -12 54 -35 -76 -69 14 -67 92 22 59 -79 -47 -40 38 37 -43 -78 27 22 -21 -5 64 98 51 -98 -87 -23 -38 22 -52 -19 44 24 62 -45 89 94 78 -51 7 -53 22 89 -78 -46 -8 -98 -57 81 88 48 -72
-14 -70 72 -49 -49 -37 -40 -13 -13 24 49 -38 -84 43 -19 -44 2 87 -88 -86 -79 -79 -77 -25 -39 -12 13 68 9 -96 -69 -67 35 8 18 38 81 -48 -89 -44 49 32 75 -34 66 77 -29 65 -42 -13 89 40 -21 -80 12 -42 -3 -30 11 89 -59 34 65 -39 23 48 33 -87 82 87 3 7 59 19 37 -22 29 -4 -3 34 76 -34 3 -54 -44 -55 57 -92 49 -32 -64 49 50 -45 69 -73 1 -84 81 -4 -73 32 10 -60 -96 94 -28 -26 87 68 -7 -7 18 -98 18 -31 61 -51 -73 94 -86 33 2 -14 -97 44 33 95 -47 -8 -61 53 -7 22 -38 0 -72 5 85 38 47 97 96 36 -30 -23 -5 56 -95 -54 -78 -18 -17 71 -90 4 2 50 48 -28 -7 6 80 41 65 -51 -25 58 22 84 -92 87 -76 -76 7 10 -45 88 -82 2 -33 25 48 -98 27 54 7 -9 -27 18 -27 56 30 75 -51 81 -83 9 -86 -46 -53 -45 -76 13 47 95 42 93 71 24 74 -19 65 63 73 8 76 34 -8 88 -38 -75 40 9 80 17 -20 9 -62 -65 -52 -99 -33 14 -75 -86 23 -26 89 -5 52 88 20 9 71 95 48 -20 -48 -40 -88 -35 -8 70 38 10 -80 66 -58 51 61 -29 98 -77 -98 5 58 -19 67 90 -89 -25 25 83 -36 -12 -12 91 59 -4 23 -34 76 -35 79 -80 75 -16 -75 -44 0 -91 7 27 -82 -50 39 26 65 23 -4 -3 -22 51 75 12 -74 3 -9 60 38 -5 -63 32 25 -64 62 93 41 34 93 27 33 45 -79 32 -91 -38 74 -92 -96 33 41 -42 -42 57 97 19 -27 -98 79 -84 66 -6 -47 -95 -50 -25 -33 2 -1 -76 -1 88 69 0 -28 -56 14 42 61 -85 42 40 -78 21 -61 12 -74 -2 88 -40 89 67 58 46 -91 -91 0 22 39 3 46 74 89 4 23 -71 41 91 -60 -94 22 83 -49 2 44 37 50 -41 86 27 -10 33 9 49 13 -47 -2 -93 -54 55 -25 -90 -31 -51 -8 -32 24 86 -20 -67 61 35 -63 -66 69 -12 0 22 59 23 73 -91 -72 -21 82 -83 -29 -79 -5 49 -63 37 -25 93 87 -32 -92 -83 -10 63 9 50 68 59 -34 -49 -94 -8 21 -26 -65 49 -50 78 -6 54 17 50 -73 66 34 10 66 13 87 56 -49 5 1 -14 -15 -84 -34 -73 -80 -48 -24 -49 94 -59 21 -29 70 -89 31 -2 40 -76
-30 -70 70 -90 -52 -78 42 63 -84 -74 46 -52 25 65 -12 -84 -4 -26 -47 8 5 -25 -46 -25 39 23 -84 -87 39 24 -82 9 -57 83 -44 84 -87 -46 77 -68 42 84 94 38 -32 2 0 97 -73 -10 -85 -62 8 65 34 49 -31 -70 -47 64 -65 -38 -82 0 48 58 9 37 -78 81 77 93 -37 52 11 -64 1 -33 32 13 -15 63 61 -22 43 -52 94 -89 79 -49 -13 37 -35 -72 -74 66 -39 -32 52 -16 91 -3 64 -18 33 -6 -29 -4 81 5 60 -2 23 77 0 -76 -80 19 -80 -91 -58 16 34 -52 37 -77 -93 54 -86 75 -83 -65 47 -29 -38 -16 61 67 -36 28 53 57 -36 75 67 70 75 -9 -55 89 34 14 32 -73 -34 33 -75 81 44 -72 18 68 52 69 -96 25 41 92 76 69 -50 91 15 36 -17 -2 -34 99 -27 86 85 50 25 80 3 -93 -39 -32 -93 31 29 6 80 21 -39 65 63 36 39 53 -65 -9 -65 -58 -40 5 -78 74 -92 32 -91 47 1 -40 21 -11 58 15 55 -35 71 -99 66 -99 74 -94 93 -83 43 56 69 44 12 84 -21 -13 90 -20 34 -80 -55 62 -17 57 -20 49 -73 43 27 -95 -6 64 26 71 -35 46 2 24 38 -57 -56 -30 -90 27 -83 64 -90 -15 -97 -90 72 -55 48 97 -42 -75 95 6 85 0 23 2 79 -23 -20 -24 -65 53 -37 67 -60 1 -92 70 -80 -40 -8 65 -65 -24 12 -1 -39 -84 -30 -94 -73 26 -29 35 -42 22 -64 62 -62 -73 30 99 -55 75 23 -51 -41 35 37 57 -32 -13 -18 -15 59 -23 -17 25 43 41 -30 56 76 83 1 20 52 -91 98 62 -26 97 29 -2 -46 92 41 37 -43 -15 -86 -91 -48 -60 88 -22 -53 54 48 37 -1 -71 -93 54 -11 63 12 -51 82 -51 6 40 -51 48 -22 -84 0 -44 96 31 32 -29 42 -52 43 42 -71 -72 41 -43 -87 -48 92 17 -83 -77 22 8 -70 1 51 2 -85 69 40 63 93 58 -59 75 17 -54 -32 30 -56 37 -71 33 -95 30 -50 55 -17 -45 48 -24 30 47 64 46 -80 5 -36 -97 67 -99 -20 -17 -57 90 33 65 -31 10 -86 -40 -78 -66 71 -33 53 40 4 33 62 65 60 -68 37 64 -43 -32 -53 -24 51 -54 -43 -72 69 -12 46 32 34 13 8 -35 64 59 1 70 31 -23 -92 74 -84 -58 -69 -36 -64 7 -4 38 34 79
31 69 -17 -23 -73 -5 89 87 -64 21 78 -9 -55 -99 -83 27 -46 91 27 -29 37 51 7 -68 46 -23 -36 15 -8 4 70 -97 92 3 -17 63 38 94 -46 -60 -35 -25 -74 -97 28 -82 36 86 -17 2 -43 -80 64 -66 -30 -86 -41 79 -56 -96 34 48 80 -94 34 92 75 15 75 -14 18 69 -74 -14 22 43 57 61 26 12 52 -56 -25 5 88 53 18 15 -81 53 -30 82 52 47 18 5 45 52 -78 66 87 -85 -6 41 44 -84 45 -67 -12 -95 88 66 -80 62 -61 70 -88 -67 30 -56 25 7 49 -57 5 29 49 70 21 -30 -61 -17 -1 -20 -33 62 -20 84 93 -92 70 84 -55 -33 -24 79 -20 44 -32 -57 -43 81 -87 26 62 79 82 -17 69 -42 -15 -35 13 5 90 -49 31 33 -9 62 23 -97 -84 -68 -14 -53 43 -80 -69 -25 -76 -20 32 -4 -51 38 -47 -43 82 -46 39 -21 86 -37 -83 95 83 -48 15 -3 19 -40 -35 22 -89 -25 -82 -31 -78 -43 -23 99 26 32 26 -7 80 -29 -45 20 68 -4 -23 67 19 -69 -23 48 90 -32 -90 86 42 5 97 -46 43 -96 71 68 -43 -59 -11 95 7 69 -86 77 75 13 -30 34 -55 94 -45 99 -23 -94 -67 37 21 -66 54 -17 -47 35 61 -70 5 62 4 -6 74 -72 33 24 -2 -3 2 -29 84 71 54 -61 -53 -60 -26 91 63 54 -38 -45 18 42 73 -81 -94 -67 63 61 -55 -18 23 -23 -25 81 -15 89 50 46 -7 54 -39 -56 -38 71 -83 -57 77 46 -7 -71 35 17 -7 -25 -85 -28 -98 -37 -24 95 -30 -79 -84 -14 27 19 -73 -96 17 44 81 85 -46 -29 2 1 -58 6 -75 3 9 -6 -26 -60 -94 41 73 77 60 86 -70 99 34 46 67 64 29 -73 71 -98 4 57 -85 -48 -37 -7 97 79 26 24 -27 -20 81 9 -34 -40 12 -36 -38 44 -12 -4 -18 -8 72 -67 -48 29 98 62 54 -65 54 58 59 -53 76 -10 -71 -71 -2 -49 96 -29 16 -36 -61 -94 -80 -73 60 -30 -40 58 16 72 -16 -86 -83 -12 -8 21 -5 55 69 -53 -27 82 9 -96 27 8 -32 81 -42 -90 72 0 90 -30 23 47 -85 82 -72 -92 -97 -99 95 86 -89 -10 -37 60 -20 89 -15 -1 -85 17 84 -51 -10 -68 -91 -10 -49 -78 88 38 43 -41 51 -97 -94 -63 -6 -41 73 -17 -14 15 13 -89 84 96 -76 19
59 91 -6 -89 -37 -83 -64 -46 87 -1 32 52 -78 76 27 -73 10 -12 -47 -33 -5 2 -5 -3 -28 58 72 -13 37 -97 -95 -63 61 56 -9 72 7 20 -67 51 42 -32 -51 46 -29 -86 -5 30 49 50 -44 -92 -4 5 -93 32 50 36 -52 30 69 -69 -25 -32 86 8 -65 -65 68 -94 95 -11 -20 3 -33 7 75 -66 57 24 -61 89 58 -74 71 75 -2 11 -65 67 -64 77 -54 56 73 -77 -12 6 27 94 50 -43 82 -92 35 -21 8 -27 -40 -47 -76 -68 -81 -92 -58 -57 47 -29 17 67 88 47 -28 23 5 46 -58 25 -76 48 -62 -71 -80 32 69 -34 -76 55 41 -8 93 -60 -37 -64 4 26 69 -19 63 82 60 3 -40 99 -12 -73 -60 13 83 -84 -1 71 15 -93 -49 -64 -18 62 -84 -48 1 -33 88 -40 10 -64 6 -51 94 -33 50 43 14 12 46 -60 16 53 46 -96 31 53 -57 65 82 -99 -83 -73 -37 53 -22 -99 72 -42 -47 -6 -59 61 70 -49 -9 -65 98 81 -17 89 -73 91 -69 -91 45 50 -22 -48 -37 70 43 -87 6 -77 43 41 47 11 -74 99 -37 58 -34 -12 53 53 7 84 58 48 -51 28 -97 95 -32 -32 77 34 -73 34 5 -65 59 -42 31 58 -84 13 -77 -55 72 63 90 2 51 81 59 -80 -62 62 49 45 17 -90 -97 94 -9 26 -74 33 -13 73 -25 -92 -99 -10 -38 -82 70 6 19 42 52 -50 -59 17 -15 16 42 -91 -11 11 -23 42 -34 -1 31 59 -29 1 -88 41 99 -22 10 -78 -98 -50 15 -11 59 36 -85 60 -6 -21 -26 -10 36 61 36 88 -10 55 17 -74 18 9 -41 84 -76 -93 -7 95 17 31 -87 -19 3 -16 30 -39 -70 -24 30 74 -50 70 41 -80 -61 84 -6 -88 61 89 79 23 33 0 98 45 -84 -76 16 -81 -59 -87 -55 91 -21 7 67 36 82 -26 -42 67 66 -88 -32 -90 -49 62 86 -24 -6 25 38 43 36 77 51 -49 -81 -74 -93 -57 81 32 -14 -80 0 -70 -52 -34 -57 -44 3 -66 39 -73 -26 65 -80 2 65 -26 76 -57 72 70 50 -22 46 -70 97 -73 40 96 96 64 69 96 -85 31 -21 71 50 4 -21 30 -67 81 63 60 -90 57 -93 -16 86 -44 16 -17 28 -35 -4 68 29 36 -2 -64 28 52 -60 -39 67 45 -54 -54 91 12 -50 10 84 95 -18 92 45 52 27 23 59 -59
76 72 -44 88 47 8 76 92 -71 42 -28 67 94 -22 30 77 4 54 35 7 94 -80 88 -4 90 -98 62 86 -2 -70 11 49 19 67 78 64 66 -77 8 -64 76 -6 33 -80 3 89 -68 43 13 -71 88 -66 -70 42 93 72 -3 16 -92 -12 -11 31 28 -48 -80 84 72 -95 -88 -16 64 -1 58 -55 23 98 79 54 43 82 -93 26 7 62 1 -83 -23 -55 42 40 -15 58 -42 74 -53 -88 -35 -63 20 -36 61 11 -68 83 -26 -68 -82 74 -7 -50 -16 72 -75 22 48 60 44 58 -75 91 21 -69 97 -51 73 -68 32 -42 43 -82 -86 50 26 83 78 -31 55 74 -32 71 41 71 71 -92 -24 -85 -38 63 -3 -48 86 85 -27 83 1 -28 41 10 54 -32 33 6 -80 -29 8 18 -91 92 -74 -24 77 32 -26 18 -32 12 23 -3 71 -5 81 -87 -85 -53 -13 -21 -12 -46 65 88 77 -96 -3 -1 96 -67 5 11 -30 -94 32 90 9 25 -29 77 -10 44 -11 -16 90 -97 48 -68 -35 51 -55 -14 67 -47 -54 11 -49 29 91 -20 -63 31 81 61 60 -83 82 -21 -29 -31 -11 78 27 -90 7 20 35 -58 -38 6 4 35 -43 77 66 -63 41 2 -38 30 -59 62 89 40 46 43 71 -50 -22 43 80 95 -66 -51 -98 -69 -54 51 72 -75 93 55 46 -36 -60 26 -51 47 67 -27 59 -50 -32 88 -19 76 -66 12 -43 -1 -3 3 -49 52 -95 13 -53 70 -32 -90 -58 -60 55 4 22 -51 73 -81 16 -53 78 30 41 28 16 59 -50 -2 -13 -63 -67 45 -76 -78 -34 -49 31 -93 -35 -52 80 -62 24 -33 -56 -53 -30 -32 51 59 -58 49 26 9 1 40 -26 61 -52 -40 -34 -91 -46 60 -52 57 -90 -13 -53 -83 68 59 69 -34 -81 79 -29 -50 -31 -14 -2 16 83 38 50 24 -60 0 -21 86 -12 -96 -89 -84 48 -27 77 -43 15 -13 -40 27 -85 41 -6 92 66 65 -1 29 7 20 -15 36 -45 -92 -94 -27 -75 -89 67 34 44 -96 -18 -71 -3 -19 16 -96 26 91 35 -49 -61 79 -80 -20 -74 -58 -40 45 -63 -87 34 93 94 -35 86 95 -23 -60 -77 -70 77 92 77 -56 21 93 -11 1 -35 -34 -69 21 25 0 36 60 -28 59 56 -52 93 -49 95 49 -43 81 28 -8 -64 -18 -91 57 -63 -24 -37 -56 -96 -92 -95 -11 -5 78 70 55 79 -62 -20 77 16 -32
-98 57 -75 84 -5 28 46 -39 19 -99 -91 -84 93 1 83 -50 -25 -71 67 -40 -35 60 -21 24 21 -67 10 -92 -12 -97 -66 60 24 -59 -24 56 19 13 27 92 -1 15 -8 -92 -45 -79 67 4 -11 13 -53 -6 -80 86 10 -26 95 41 93 69 18 -22 -71 -21 39 -65 62 -71 92 90 29 -84 -96 34 92 -52 40 27 49 -53 81 44 -61 83 92 89 70 80 -96 87 86 2 -12 55 -95 58 24 15 -4 81 68 66 -65 -99 67 -12 -79 -65 8 -88 2 -27 -69 -87 -48 42 -62 81 -20 -26 86 -10 11 28 -92 -76 32 2 51 -16 -93 20 84 -5 36 -10 -59 -26 -89 -3 81 -77 -65 58 -75 8 63 49 -88 99 49 97 -83 47 17 -32 40 -32 -25 42 -63 -83 66 -98 74 -44 -89 -41 -22 94 -4 84 -54 -16 -74 -69 -50 -17 -39 -35 81 -17 -11 54 58 71 -12 5 -50 45 31 93 -92 -48 -53 83 16 -58 -54 -59 -54 17 -38 37 -8 -33 37 -47 -24 -54 -64 -44 96 64 35 -92 80 62 -77 47 24 75 -56 6 -56 21 83 -29 -67 -34 5 66 -60 45 78 22 -24 -71 -90 -88 -26 -47 -24 7 -22 32 6 -92 -77 78 -28 19 -74 -67 -43 29 50 -6 35 19 -67 -78 -61 41 -30 88 -89 35 87 19 -22 20 -3 71 11 34 71 57 -27 70 -29 -80 -13 -86 -36 39 12 -35 97 55 94 -10 77 25 -43 55 3 -13 -56 51 -8 -32 -12 69 31 -58 27 90 63 95 34 93 42 -49 19 -29 -63 -29 51 11 -70 -80 33 4 0 74 10 -6 -84 -26 -30 17 -5 29 68 27 -57 -69 -56 -80 33 -68 90 27 -35 75 11 52 52 -99 -67 87 -20 17 -76 -95 -88 36 -60 62 1 11 40 66 -56 44 30 -50 -59 -56 -89 54 18 68 98 -40 -11 -57 46 -60 43 83 16 72 26 -70 -37 -66 39 28 -81 -97 -95 -15 -66 -85 49 71 -68 -87 -47 -14 -22 -35 -60 -79 -28 8 5 -88 -6 2 -46 -97 10 40 -30 -86 44 43 -90 -38 9 -81 52 -82 -18 -68 -10 58 2 -22 -79 -96 -90 -81 -90 9 -97 -61 29 -93 -23 72 -2 55 -40 44 -68 -30 99 -85 74 -50 -49 66 -50 -63 62 93 -76 16 37 -7 4 4 11 61 -73 -4 -72 93 25 45 60 79 87 40 -40 -85 -70 -63 -92 -53 -43 97 -79 -3 -14 53 43 -78 -68 10 94 73 -87 -76 27 28
-51 -65 -91 -54 -78 -34 1 6 -30 20 -94 -4 -80 -36 34 73 -71 84 47 -16 11 57 -28 40 -14 -57 -21 -46 -63 55 30 -59 -55 4 81 -76 99 70 -88 -42 -34 27 16 32 -98 -38 67 15 26 43 -62 -41 28 93 -72 16 -12 98 95 -94 58 -82 -51 -28 -52 13 -88 -4 59 -65 2 -40 35 -78 -54 -67 88 -26 -32 39 -4 -66 -88 -17 63 36 -24 -67 47 77 -36 1 19 60 -63 53 -90 18 25 -73 25 99 30 71 -18 -14 80 -63 -52 40 -43 28 -16 19 -73 -64 -41 -60 -22 69 -11 -95 76 -46 83 -20 -78 82 -40 -38 26 -86 28 45 -55 96 91 32 60 -41 73 95 76 -1 -62 71 40 24 17 -34 -97 13 -45 -23 -72 44 -53 80 -29 -44 -40 86 -75 -55 85 -6 79 -55 50 -32 -75 -7 -33 -81 85 -12 53 -11 -45 -93 40 27 -98 -35 86 17 4 56 -79 33 -3 8 -69 -43 37 -85 -49 23 87 55 -38 28 -66 60 53 -86 -25 31 26 3 -17 -60 -27 38 -66 -45 73 -87 2 -28 8 70 -99 -71 12 68 96 -17 27 -98 40 95 35 -46 86 -73 -75 -94 -65 91 -19 -19 -75 -54 -35 -4 73 18 93 -76 96 2 15 35 -44 -11 31 32 74 -2 19 81 -28 -9 -83 -73 -42 22 2 -19 61 30 -29 -14 -79 -2 66 -81 -70 -81 55 28 29 87 51 41 -57 71 -84 37 -8 34 -21 8 -71 -30 -3 60 46 -9 81 40 -17 -2 52 67 -19 -10 91 50 -37 -58 -57 40 -63 -1 -94 -67 -49 -92 -67 -84 -11 50 8 -78 93 82 -99 25 -60 -34 56 63 -64 -48 10 35 30 -38 -90 48 -42 81 -54 65 -90 62 48 32 25 -63 28 99 65 53 92 -6 -48 21 28 -75 67 -25 77 -96 -31 -29 -93 29 97 49 4 -99 46 49 -44 46 -26 -72 8 71 35 79 64 -51 87 -73 87 -69 -65 21 26 -99 -99 86 -83 58 69 -59 -87 65 17 2 64 -2 0 41 -17 87 -53 -98 3 17 76 -4 -44 7 -44 -26 -50 76 -71 96 77 46 52 46 35 43 -87 -16 -61 31 -29 68 45 50 -3 19 -80 52 -45 69 -8 45 85 57 45 -31 44 -83 68 63 -67 44 85 26 24 42 62 -33 -85 39 -9 -43 65 -52 -51 51 53 98 95 -49 6 90 73 -73 -29 -14 84 47 27 -41 -15 -51 70 62 71 -51 48 -45 47 38 50 -35 -87 70 -26 -72
89 -45 75 61 30 48 -94 60 10 58 47 -18 -3 60 62 -27 -59 -44 -56 -69 41 -13 -55 38 -18 -53 -7 -12 93 -42 -61 63 -46 75 93 -10 31 -39 -61 89 -96 58 63 77 94 -53 -94 -41 -88 59 54 -97 -12 79 49 82 32 5 -15 31 -14 6 -35 -13 75 97 -39 -21 33 -67 -8 -16 40 77 66 -9 -73 -59 19 80 -63 -87 76 -30 -57 -39 -6 -81 -32 -47 -33 62 5 51 -30 57 -3 -2 70 -34 -43 -44 36 -13 49 -40 77 -4 11 88 -53 56 -41 92 18 28 -27 -81 -25 -60 83 63 -93 48 30 29 -30 96 80 -82 92 -22 77 -87 -38 61 38 5 92 65 -52 -37 57 -23 -71 46 -95 42 -18 91 -57 88 -65 -87 36 54 72 -36 61 53 -47 -72 -40 -6 99 70 -30 29 57 -61 -2 52 52 -78 -31 -37 -27 25 34 4 -40 46 49 -22 -54 -45 -26 -5 -2 -29 3 -95 2 54 74 -44 31 -38 -17 62 -89 -91 -59 2 -96 46 -9 -45 -84 9 11 -94 -11 47 73 -79 87 -25 -11 1 -4 -12 83 -12 85 5 -55 89 -57 -32 -14 -54 86 57 8 -49 -44 78 19 80 -92 -38 29 -24 -71 52 12 -72 -61 70 54 -79 48 -68 -40 -87 -93 -39 -9 -60 11 97 -30 -34 -10 61 87 -34 -64 70 76 -14 -59 34 87 -86 -66 91 -10 -91 -40 -12 -81 -11 -69 -20 -86 -3 -63 -84 10 12 69 58 0 -80 -56 59 16 68 44 -59 97 -37 -27 79 26 -6 -22 -28 96 -21 -98 -55 7 -2 56 53 77 78 -37 -17 77 65 -97 15 -46 91 98 67 -37 99 -74 3 92 82 -91 4 28 37 0 73 -29 -60 54 97 3 39 -74 96 31 -49 52 -72 -99 60 -24 -61 57 -98 -89 47 40 -62 -66 94 97 5 83 91 -18 -61 -50 -39 -62 65 -1 -55 67 -72 16 -43 -14 6 46 98 -54 39 50 20 -45 73 -38 -20 73 45 63 47 49 -74 -84 -12 -85 77 52 -96 -47 -42 -61 2 -30 -15 5 -76 -93 46 -74 -26 -90 -5 17 -33 57 -83 -40 25 67 74 -33 20 -57 83 94 55 66 74 -62 25 4 -47 -20 -14 43 -85 -26 85 -14 97 -48 -62 86 47 -74 -7 -18 -47 24 -92 58 93 72 63 -15 -97 -70 -65 18 -88 -49 6 -89 -10 15 -72 -18 83 57 -1 52 -10 88 33 91 83 63 -79 -67 42 2 -88 -44 12 -3 0 16 -36 -80 -48 71 2
-11 -89 -43 99 -58 40 -3 -90 72 -88 -35 -27 -63 12 -49 27 8 14 -90 -87 43 -66 5 22 -96 -96 -11 4 41 17 48 91 25 17 31 -41 -67 -64 -67 35 48 62 -48 87 -74 52 -81 74 59 -6 -62 -90 53 -86 36 88 -82 6 -35 17 78 -86 -53 86 94 5 -57 99 18 -66 -80 -83 -9 -71 -69 -25 92 -77 -25 -15 4 44 -93 -49 36 -8 14 -37 7 -23 -24 -90 -93 -48 -3 -43 -43 16 -94 14 22 29 62 13 -33 -11 85 87 85 94 79 -15 -14 -93 81 95 43 16 39 24 -67 -64 -28 -49 -87 -61 -76 -68 -44 80 -96 -34 -73 -18 -75 -88 -76 44 30 2 97 63 5 -22 4 -71 31 3 -58 -5 6 56 -96 32 43 51 60 -99 58 -48 -48 72 -60 -28 -2 64 -43 -45 -72 -57 12 21 -72 39 26 -29 -42 -17 -10 40 -72 67 -81 36 -53 -10 85 61 -97 75 38 20 -43 -58 -5 -54 79 84 -76 -5 33 69 -14 -25 91 22 -66 -34 -59 -50 37 -65 70 62 -65 -65 7 -17 -48 14 70 41 -80 -23 92 -7 -60 -73 -18 -78 -68 32 89 -38 -12 72 -81 -28 -99 47 79 -73 42 32 59 75 80 -37 -77 53 80 88 8 -99 -97 -51 -80 96 64 -70 -81 51 17 -8 -3 90 -5 94 -99 -43 -17 47 -16 81 58 38 -71 81 -41 -12 -65 -24 -58 -95 78 96 83 -41 -16 -95 79 13 62 -13 -45 -63 -15 -48 -86 92 -44 -20 83 46 -43 82 -49 92 60 77 -97 -70 64 -39 45 58 44 -2 58 38 38 -30 -39 37 -44 76 -95 5 -71 -50 38 28 23 -13 -15 11 -63 34 57 -49 79 99 -11 71 13 44 96 -49 -29 -79 86 84 87 -7 32 -23 -64 -93 -94 42 12 11 -18 51 50 -70 -78 95 -82 5 -28 -77 79 75 -69 57 31 -59 89 58 89 -27 75 98 -88 -1 95 30 -81 -37 -98 9 -56 -23 -94 86 -7 -96 -54 98 1 -30 -33 -95 -28 15 73 50 53 -64 -66 83 -25 65 -65 15 92 -89 13 95 -90 49 22 -91 43 -87 -76 -5 25 37 1 88 -21 27 75 -27 -38 92 28 -91 -13 14 -8 74 15 76 -45 -78 -69 2 74 -65 21 -39 -72 -11 71 -78 98 -78 -3 0 68 -91 -99 -29 -22 65 73 46 -72 30 54 -63 6 -96 -46 -46 -64 21 -52 79 -44 32 -43 67 4 12 -40 -58 -57 -62 -18 5 -76 -80 -16 5 -94 -98
91 29 -4 -12 10 74 58 -3 -55 20 -1 -28 12 23 -73 -41 34 47 95 -95 -6 66 -38 -95 39 -12 -14 16 34 -81 -58 79 -81 90 4 -4 -35 -20 -73 68 -84 -45 7 -72 -20 31 22 -18 -37 -93 -20 -28 -58 63 34 33 86 -71 64 -88 39 -10 -95 -25 -55 -71 27 -76 96 -88 -41 14 -73 -83 -41 15 -31 -54 91 43 -42 50 -21 71 12 81 -99 4 13 53 -5 -4 -45 42 35 -10 15 -66 86 -17 53 -37 -77 -5 24 -65 36 84 -19 53 -72 -44 -95 -97 -44 -94 -5 99 5 40 10 12 45 32 81 40 -51 -11 62 -38 25 -76 5 94 24 -92 32 -80 -96 -69 85 -82 -39 52 62 74 9 -2 0 2 90 -13 78 33 -45 35 0 75 32 -14 -49 24 -42 -78 89 47 -92 96 -49 -5 -91 -82 17 44 -70 -21 8 -30 93 -11 -67 -72 10 31 -80 -57 77 75 -23 -90 -60 20 63 48 -55 15 -60 52 -2 49 61 66 -4 -41 -91 5 84 -59 81 33 -25 77 36 53 66 20 -47 5 6 -85 46 -12 -12 66 -75 -28 29 96 78 67 -38 -73 -16 -97 -98 -60 77 33 7 -95 5 12 18 -37 -69 -27 -59 -44 6 44 53 -69 87 -22 95 -92 59 -52 14 63 74 -8 97 -67 -76 1 95 69 94 -82 -40 -80 -77 94 20 -99 -15 -87 -77 6 -56 -47 -92 13 34 58 -76 -83 -56 -24 -13 87 -52 -38 48 -20 81 76 -72 56 -97 51 -69 -42 19 14 -65 77 -40 -67 -57 52 87 37 7 5 50 -90 37 -97 -68 -81 75 21 -93 -81 58 46 93 17 -66 -97 -13 -59 61 -88 -60 64 -37 -55 -81 46 -61 -81 0 -11 4 -63 -91 -62 49 -83 59 64 57 -46 99 -84 -46 -13 14 -8 -33 67 -73 39 34 -31 2 6 -1 -49 26 -81 -81 -73 16 -16 94 94 -93 -13 -16 -3 72 -13 -92 -3 -95 -72 81 79 -41 -48 42 -17 81 75 52 36 -88 -78 63 83 3 -61 74 8 49 47 18 -75 38 -97 -86 29 -6 57 -28 77 57 -47 67 43 -19 11 63 49 31 17 27 65 -29 -47 -90 70 -14 -37 -61 55 -70 99 71 82 92 73 -36 8 -56 -52 -62 77 -84 84 -37 -39 -30 81 -92 31 34 -12 73 11 8 83 -58 95 47 90 -68 -31 -82 93 78 -16 -92 -98 -1 -73 -45 -77 2 3 7 20 -61 -29 17 24 -99 -93 34 61 -53 -61 -47 12 -52 -33
27 -57 -92 86 48 -94 6 -60 50 -91 88 -8 -38 62 -98 30 2 24 -88 38 25 -51 -63 17 51 61 35 -79 -83 -39 -99 -1 -29 88 -88 -81 -47 -58 -42 -2 17 -75 93 99 54 85 -89 8 26 39 53 -92 -41 -15 15 -33 73 68 -25 -83 21 -23 82 -70 90 98 -65 -63 36 8 4 7 -4 51 -49 -1 80 73 35 85 -55 20 97 77 44 -15 -41 23 -96 50 19 24 83 -14 -30 31 0 54 60 27 52 -8 -8 8 -65 39 -12 -97 97 -6 90 -29 -71 61 -51 -71 -44 84 53 -6 74 58 -1 51 -70 -96 54 -84 -2 -27 9 -52 35 -37 -61 -63 -43 -56 19 -55 70 36 78 83 38 48 -81 -59 -31 -42 -21 -94 26 -73 -74 -66 -50 -40 -3 -31 6 79 -61 -51 -55 85 -65 13 17 62 -95 0 7 -71 7 -65 33 61 -8 32 -31 -89 -4 3 32 -96 59 -7 -96 98 -76 42 -19 76 -60 -90 93 57 -94 -53 -44 -97 89 -68 -65 -79 -85 -80 83 -66 -49 88 14 -47 62 -93 92 29 61 -17 -46 11 22 -34 -51 -73 14 -19 56 73 18 -35 55 61 -63 15 -78 23 50 73 -41 -18 34 -98 55 50 -2 -64 73 70 39 86 -48 -8 8 36 44 -35 -47 4 75 41 -81 70 -84 -47 22 -5 73 24 -96 -54 -53 20 -85 34 4 -13 -75 -92 37 -79 -87 -44 -56 59 83 -32 -71 30 -50 91 -68 69 -56 -68 -54 97 -11 -29 65 -8 32 16 86 -63 71 24 -72 87 -6 -77 94 62 -71 11 46 97 93 -68 82 67 82 -40 8 -99 -8 31 -26 42 35 -43 -10 45 -2 -39 -22 -37 -44 94 -54 56 67 98 -86 -49 47 23 -50 -24 -48 73 87 -73 57 -86 88 -86 33 37 -5 24 -89 -9 6 -40 42 -79 75 -17 88 -55 -80 31 29 -67 -41 80 21 -69 47 91 78 -63 -37 1 61 78 74 60 20 -91 -86 -78 -8 -69 18 80 -51 5 9 6 -48 49 60 -4 -94 66 3 25 18 -52 -59 -95 -83 -88 95 -53 -39 -25 1 34 20 50 40 -39 -20 -82 57 5 -80 57 4 87 -36 97 -73 -43 -33 44 -49 0 -46 -29 82 81 -67 -32 -50 97 -10 16 -36 44 76 82 -87 88 -63 -83 -60 -47 30 67 36 82 78 -24 20 -79 -32 -71 -17 45 -20 51 40 -4 99 -16 9 -90 67 -33 -90 -14 12 -94 75 76 3 75 57 -30 -2 3 -98 -81 -70 57
41 35 -9 -99 54 81 97 8 18 99 -47 -65 -59 20 43 67 -27 2 9 -44 56 54 96 -62 -62 19 -80 1 19 -83 8 -38 13 18 -18 52 63 38 35 -74 -91 -77 -30 20 -1 7 49 26 -33 -18 4 -17 -3 45 -20 66 80 18 -20 -23 77 25 94 13 -94 -98 7 70 -49 -50 22 97 -12 -56 -90 59 -86 59 6 81 25 -12 70 -57 58 56 -13 23 -86 54 -31 -72 -19 18 -4 -67 79 -35 22 -46 58 -66 -46 50 27 10 43 -27 -11 -96 -22 -43 -1 54 -27 80 -39 27 -19 7 -89 -61 -11 65 -64 31 53 -42 12 17 46 -91 0 -21 64 -84 59 -81 -69 -63 7 65 -75 -30 -14 78 -7 -56 20 59 61 -77 -13 -8 -47 -77 -71 -92 68 -15 77 -20 40 29 -71 8 -52 93 11 -78 50 -28 21 -69 -68 -70 -79 -50 -87 -30 92 -17 -79 34 55 96 31 -70 -78 96 -54 -28 26 27 28 84 95 73 -26 -17 91 82 75 59 -40 82 -81 -73 -53 12 -4 -43 67 35 22 -28 39 41 -21 -54 95 71 37 -42 2 -22 -43 -47 -73 -45 -86 -97 86 91 40 5 76 45 44 5 65 -49 -74 -61 -90 73 10 83 -91 67 63 76 84 -6 -83 10 -43 51 -37 -52 -68 66 66 -27 -1 -32 27 98 -13 95 93 12 -50 62 -71 -66 21 33 81 -65 -29 87 36 31 34 83 -37 14 -69 -95 -43 43 28 -50 50 -30 -15 -87 3 89 -33 94 6 14 -33 44 87 54 64 23 20 74 -26 55 43 -84 -34 23 67 18 77 88 89 39 19 -20 -27 -99 -63 83 -83 -51 0 -88 -76 75 55 -55 5 17 -42 94 87 -78 -77 25 7 -6 28 -56 -87 62 -1 -34 59 41 -43 65 -36 76 -6 96 -62 1 24 80 57 63 48 2 79 -82 -35 75 -26 55 -6 -26 -5 -1 -84 -56 21 53 15 -99 -71 69 -43 -94 -26 -57 -19 42 10 -48 31 88 -79 -75 -76 -43 67 83 -56 95 -65 61 -78 -2 -29 -81 -22 58 -92 14 -62 35 -27 -22 14 23 30 25 81 -92 -90 50 -87 76 -27 -22 64 -71 -36 -63 -1 56 -90 67 63 -19 -70 -52 -29 93 35 -39 64 84 89 -77 -63 -97 -51 59 44 -56 52 -1 -47 69 71 -93 71 -37 4 99 84 59 39 85 -60 65 0 -51 -98 90 -86 38 67 2 -30 5 16 -54 65 7 -45 -34 52 38 -22 -22 -74 75 60 51 -90 8
88 -65 19 -71 46 -97 93 0 -64 1 -32 -10 89 -40 62 86 29 -11 6 85 14 22 49 26 6 99 -21 -24 61 8 27 1 17 -40 -27 18 -3 37 88 80 -44 58 -28 -24 9 39 88 -82 -97 90 46 14 84 17 -67 74 42 -79 -6 5 33 -30 60 -15 -97 90 -90 -57 -14 -72 -97 -9 -83 95 -49 -46 -51 -69 59 -23 91 -98 -91 12 -99 21 -92 13 19 60 17 78 41 39 -35 -5 -62 50 -70 72 90 18 45 94 -80 70 -53 15 29 -35 64 -87 71 61 -53 99 -32 -2 -85 -28 -32 -14 23 44 -93 40 -87 94 44 -8 -55 -20 -57 -69 -66 -34 -40 92 -77 -96 -43 -36 -36 -71 -26 -5 -75 11 -77 -79 -26 -86 -74 94 3 92 13 -39 46 6 88 11 49 -7 48 -28 4 -71 69 51 3 -26 -58 11 4 -23 81 36 -63 5 45 99 -92 45 94 -26 88 -80 -54 29 -95 35 -81 -75 83 -11 -18 -81 45 -15 -56 85 -62 -26 63 61 -75 -31 -9 -57 59 -22 -84 2 24 77 -10 -44 76 57 -85 -14 -48 41 56 27 23 -12 -11 -49 -9 -47 -3 -56 -98 58 -78 16 -92 -38 79 -93 63 -47 -52 86 -52 -20 -17 67 -71 54 80 70 13 92 22 79 22 -63 1 -14 67 -57 -43 19 -86 36 88 64 -63 -17 1 74 87 -31 6 7 -3 -9 -90 84 -74 11 59 4 44 71 11 36 -4 -14 -9 46 -71 10 -71 72 28 75 -60 51 -20 74 13 79 -25 29 -79 98 36 -63 -38 -21 69 -2 -49 31 44 -50 -32 -15 69 29 -65 -25 64 85 42 -23 67 -91 25 -19 12 87 -99 -2 -87 -33 13 6 -40 -11 78 -19 17 72 24 6 87 13 -93 -77 -43 -28 -78 -24 -98 38 9 33 -21 -35 11 8 31 34 4 -82 -53 -84 -5 5 -7 -68 44 7 -50 -84 39 85 -49 56 47 -97 -57 -23 -47 38 -56 -43 23 33 -56 39 -52 -62 76 48 79 97 -59 35 47 8 -37 50 -89 -46 89 -41 23 -44 -98 -20 38 -57 32 1 -15 -5 51 -95 -78 77 -78 -11 61 0 -51 -30 -77 25 -30 70 6 93 -34 -31 -70 81 -69 72 79 4 -57 -81 76 50 16 34 -21 96 61 -89 -87 35 -22 7 98 73 10 6 -96 66 4 -96 -7 93 -41 -65 -97 25 -32 47 18 -55 -36 14 -34 88 67 -35 80 -87 16 -62 10 5 -57 -87 -9 -69 -33 -3 1 -7 31 -81
7 76 18 -82 -22 98 -66 -74 54 89 83 -72 27 4 -6 62 49 -4 35 -21 -17 32 71 4 -98 41 88 33 97 -78 41 96 -2 65 93 -47 -68 66 51 -68 34 -2 20 -81 44 -34 -28 44 42 32 57 -66 71 30 91 58 25 -11 -4 -18 75 11 -92 2 41 83 -11 99 87 70 -17 14 67 -78 44 43 39 -1 -79 -64 -35 -56 31 50 -54 -10 -53 -40 -70 97 -89 52 66 51 31 56 76 -59 18 89 -52 27 -28 31 -24 -90 -17 15 -31 -92 97 -96 0 38 5 89 -28 -1 4 -34 -82 -27 59 79 68 -76 -45 -52 -91 22 25 67 -26 70 -96 -93 82 -62 58 -61 91 -42 -92 -44 -61 38 88 98 -68 -92 67 74 79 86 -85 10 -65 90 -37 -87 65 36 -71 16 -94 -49 -87 -2 64 -1 70 -2 23 -61 -53 -81 -48 -18 96 91 69 95 56 25 -51 -63 -86 -72 81 -58 -74 6 -81 -30 -59 70 -46 19 -49 93 17 18 77 49 51 -62 34 -48 -16 11 -58 -82 -90 -24 41 17 45 -52 64 32 51 -59 -54 37 25 87 54 88 99 26 -89 57 -58 13 32 0 -30 -88 24 -70 81 -32 -15 52 69 -57 87 14 -18 30 -5 -78 45 -89 -55 11 -55 78 -47 -89 61 57 -19 0 -23 91 44 91 -40 -32 57 50 -69 -49 -48 34 -1 3 2 36 -63 96 -47 -94 -35 74 59 -62 -61 -98 55 54 27 94 -50 36 48 10 -33 63 95 20 -16 66 77 -78 20 -46 39 -82 -97 15 -80 74 -32 -56 40 -26 -76 -57 -42 -7 -80 71 63 2 94 -18 -86 -48 -8 -36 -56 -84 7 51 61 66 5 -2 19 42 97 44 4 -8 65 -81 62 -26 28 44 62 -61 99 -49 8 -34 -66 91 39 -58 68 81 92 55 8 -72 75 -30 88 87 -79 46 -37 65 97 9 40 -1 -54 -98 3 8 20 -76 -61 32 -74 -92 -94 24 44 15 -64 -6 65 -86 28 -66 26 -5 64 -20 60 -94 10 -63 33 -69 -74 94 40 23 -21 -92 40 -25 37 32 92 11 5 -94 6 4 -36 -82 87 -45 -73 33 62 -50 -68 -80 -38 42 -15 73 -68 -62 59 82 59 -7 32 13 10 98 -74 -8 99 70 -36 4 -3 -71 -14 -62 72 -75 -39 -33 30 7 71 -76 66 -89 -69 -34 -43 52 33 52 37 -38 28 15 1 -28 4 -3 -2 -89 17 49 -26 -5 -46 8 7 -47 -39 -89 21 98 -82 83
17 9 1 24 -89 34 3 19 67 52 88 88 16 -21 90 59 -5 -17 -25 -16 34 63 88 39 -37 -57 32 3 25 83 -76 -12 73 -18 -41 77 41 -3 12 -57 93 -13 -81 13 22 43 -28 26 -58 -71 -97 -74 -5 -99 57 -10 95 -54 -68 -29 -73 18 -8 -64 3 -47 -44 25 3 -24 2 6 90 -82 -47 59 -74 -85 98 -95 55 87 88 90 69 -77 9 60 13 43 -34 55 -55 -72 -52 -68 92 -32 -77 -90 96 -64 53 78 45 -59 -69 77 38 94 -39 -72 -88 -9 85 27 1 13 -64 -4 -98 -11 37 -57 40 83 -83 30 38 6 65 -87 -52 8 -56 -41 -58 73 -75 -37 16 52 -75 78 71 -97 -53 28 -45 94 -9 44 -48 -9 -60 76 -34 42 88 0 -78 33 94 -11 -70 61 -75 -3 -45 -89 32 -95 30 -20 31 -95 76 23 -44 -49 11 49 -28 29 -2 42 -15 -26 4 12 62 -66 78 37 16 -93 -29 34 -56 25 87 -80 89 -1 67 19 -93 91 -13 45 -12 16 45 75 -7 -74 71 12 19 -1 -1 12 -99 -80 88 51 -95 36 63 -33 -95 41 -15 -2 19 -98 16 46 52 14 5 -6 -90 64 -7 95 99 -24 69 -73 -68 26 -36 46 -7 4 4 -31 -10 -33 -42 94 20 -13 43 -89 36 -92 77 44 7 -35 23 -91 -38 -72 0 -85 -62 26 57 86 86 -82 48 60 19 17 42 81 -40 -27 -40 -19 -91 17 -97 -35 27 65 49 -70 -34 79 26 32 49 -91 -15 34 -88 -4 94 6 60 -7 -84 -56 59 9 45 27 -47 32 55 34 -89 -47 -39 21 -46 -70 -33 -5 0 87 10 76 51 -93 32 25 -19 63 -54 -88 50 -41 15 29 -26 -20 -8 31 -74 -18 43 -47 97 33 32 83 -74 -3 -56 -5 33 70 78 -42 16 -93 25 -21 62 -25 -18 86 72 5 -89 60 -80 50 -18 56 66 10 1 41 -30 19 79 -80 93 24 -8 -85 90 47 -1 47 1 -21 98 13 -87 -14 -14 24 -10 -59 -64 -63 -54 11 -9 99 95 77 -32 -64 -26 2 38 91 -28 -96 89 67 7 6 -20 11 92 63 38 67 -24 81 64 86 -79 -5 37 -74 -57 26 13 57 -70 67 -19 -94 69 98 -81 -19 -29 -69 41 -57 50 -85 -63 -16 86 -11 -50 43 -93 -97 -45 19 16 24 -5 -57 -14 60 -12 -7 -41 57 7 -17 -14 -36 -33 -21 -68 90 -62 -5 -54 -19 25 -78 23 -33
29 -82 -93 4 -36 42 -13 26 90 82 95 -79 59 46 58 69 -62 -23 48 61 -87 24 43 34 83 -9 -4 53 18 37 71 75 86 -98 -81 98 23 22 -33 -6 89 43 89 -58 -95 66 54 -4 20 -90 33 -63 -3 95 1 83 -32 -68 -70 -48 -73 -61 47 55 -94 -76 -67 -66 -94 -91 8 35 95 -29 66 15 95 -46 35 6 -30 57 -93 13 -9 -40 66 6 97 83 -30 -42 69 84 -51 -24 42 -36 97 -32 -99 -34 9 89 80 75 1 35 29 -32 -46 -76 -54 -60 -35 -42 31 24 44 57 21 -45 75 37 -59 -85 -70 93 2 70 -17 88 -4 61 33 -67 51 -60 -65 72 79 -64 -30 -83 55 69 70 71 11 -34 -18 -51 72 -20 12 -89 70 96 31 28 -97 -79 64 -79 1 89 35 15 -80 -62 99 -84 -51 94 -13 -88 68 -82 -15 37 79 -38 86 3 -37 73 -71 3 -67 34 98 -18 -92 27 -29 38 57 63 41 -63 96 -63 -62 -36 -6 -66 -9 -80 -69 42 61 71 -52 20 -10 -67 91 92 -66 81 62 72 -68 -74 -37 -59 -56 -23 26 -4 -28 24 -79 57 99 -30 -1 -59 -72 94 24 -88 18 -17 -10 -36 84 0 -87 61 37 -96 -5 -2 -52 -6 1 -37 -89 89 43 -11 -67 -90 75 -29 -29 72 60 49 -54 -28 32 -76 -60 35 41 78 29 -72 55 -44 -66 72 -57 12 69 29 16 -67 -14 -74 85 -86 -41 19 70 -3 -6 -47 -13 75 -34 -47 -59 60 -14 -76 40 61 12 67 -81 23 -34 86 33 88 35 -26 1 -18 -1 59 -72 -34 93 -71 -58 75 3 -64 -19 -21 -84 -39 3 48 -29 27 72 -72 -48 79 -83 44 -97 -88 56 12 66 92 67 -25 52 29 -87 13 52 83 88 -79 -31 69 -21 -2 15 -60 -23 -57 -12 16 52 -16 2 63 -14 -85 42 -92 -90 -44 39 -15 -15 27 72 48 -21 -71 -3 69 -58 51 47 86 -72 28 37 63 78 -52 -19 -65 35 60 37 -35 60 74 -61 -84 42 33 -83 -38 -52 -49 87 18 20 -76 -14 -13 -83 -91 -59 -59 73 52 -43 55 27 -23 -45 99 -73 24 -24 -12 71 5 -74 -17 31 -54 -54 29 -92 87 -30 -12 7 -63 -13 6 43 -82 -99 -36 -45 11 82 24 33 -28 -75 -24 -96 35 -83 -87 -93 19 18 27 -70 33 33 13 -60 1 2 -62 -39 -43 9 -74 -39 15 44 -91 -63 -17 83 -27 42 -22 -55 54
90 -36 -48 62 89 -89 54 -38 -5 -79 -65 -4 -36 -69 -41 95 33 -75 38 56 -77 32 90 73 61 2 -61 -18 77 19 27 -71 -47 9 27 -72 34 -64 1 70 41 -14 -88 -88 7 1 -4 60 16 88 0 4 16 38 -6 19 38 -51 6 -44 -48 65 -27 -86 -76 -24 -90 9 -27 -82 -47 30 73 -37 -21 -79 51 57 -31 84 11 -48 -28 78 36 -50 -94 -48 -91 -82 -76 -3 4 37 -28 35 96 -78 89 -72 60 -36 33 56 35 39 97 91 19 12 -71 61 66 79 -7 6 -31 12 -46 -26 -12 -60 68 -39 -51 -31 55 89 52 -9 -47 91 -19 -54 53 99 -18 89 -30 71 35 58 -80 -95 -52 -65 -79 18 24 -14 -22 49 -2 31 -92 67 7 85 83 20 -83 86 3 37 83 -33 -55 44 13 -5 97 -40 -80 88 -54 -97 -78 -35 31 6 -47 59 87 67 72 -14 73 -22 -11 -71 16 87 -23 -45 53 -16 43 -71 -26 19 57 84 -61 31 49 70 -18 -87 -63 70 80 90 -31 34 10 -48 65 55 39 -17 68 -99 -59 94 -27 5 86 -52 40 33 96 -49 25 -23 -57 24 4 20 97 4 1 8 -3 52 -81 -31 -31 35 -50 -94 -78 47 -24 51 32 57 93 67 1 20 87 84 -72 -3 -44 90 11 -16 95 -21 -94 28 7 9 -90 27 -88 -39 36 -48 -98 78 -46 -12 53 99 36 83 -10 -16 70 94 -89 -92 -62 37 11 -2 22 88 -27 0 21 -80 -15 -92 40 -50 15 67 -54 51 -15 -47 -62 -61 -42 -4 13 27 -88 -43 39 48 86 92 45 13 -20 25 88 -35 80 -75 -62 -79 -94 84 -27 54 61 -72 40 2 -11 -9 -25 -3 33 -87 -20 92 25 28 91 -36 6 -5 48 -37 -95 2 -55 86 -20 -67 25 70 -77 -25 11 76 97 -62 6 58 58 46 -25 78 64 2 -30 -20 92 -2 -59 -49 24 84 95 86 1 -85 38 -87 -63 76 87 36 -91 -25 -17 20 -60 -74 -96 11 -85 -2 72 -39 90 -97 -39 -24 53 -95 67 4 -37 -59 36 -60 41 53 53 -62 66 93 13 -87 -2 69 -17 76 -30 0 77 71 35 20 -82 -39 -40 8 67 9 28 86 -73 -74 49 45 84 46 12 35 -3 -62 -37 -2 -87 -13 -95 -59 90 -70 80 45 92 -18 -18 -50 -44 -25 90 10 22 56 -91 -96 51 -21 -12 17 -6 45 26 -45 -10 7 -73 38 14 -51 84 -87 23 -74
-6 93 -26 -83 -46 65 35 38 58 11 28 -20 53 86 72 -61 -88 91 1 -88 -5 -25 -65 -30 -49 26 58 -41 61 -85 31 99 24 -33 8 -81 -46 79 -11 65 54 -21 77 -60 -63 -54 27 -48 -76 3 32 18 -20 -69 84 -11 -90 -40 38 -97 45 18 -65 -53 -89 59 -45 -99 -42 32 -70 48 68 -97 -78 -83 -77 -52 -86 81 93 -78 -90 -18 -54 45 21 -46 26 60 -7 40 -1 44 24 31 -78 39 66 -90 -93 0 33 46 56 54 70 54 70 -53 19 -58 10 62 -96 77 -6 -52 25 -61 -18 34 -76 -8 -36 28 -88 -92 80 83 60 64 -47 6 -63 -44 -35 84 95 13 -20 -47 32 92 26 -86 11 83 57 -49 -3 -97 -98 97 -96 53 24 -93 99 40 94 31 -59 -83 41 -43 45 96 -23 -3 -15 -61 6 -82 -71 45 -61 69 -23 -6 8 23 -11 18 40 -89 -77 9 -78 -65 6 -90 83 -28 24 12 -66 67 37 -63 63 -71 5 -61 -25 69 86 -28 -3 -63 29 -95 91 31 49 -30 -31 -77 77 49 -5 7 48 -8 -29 61 5 87 -27 89 -78 41 68 -48 -51 52 46 92 79 2 -73 83 82 -8 84 4 71 -57 -21 -11 -9 -8 -25 -28 28 24 -71 39 23 7 -67 12 -13 7 -27 -74 -59 -40 49 80 19 63 -26 -81 -15 40 99 -8 43 -31 33 3 28 49 17 -3 47 -51 81 11 46 5 67 -10 -61 96 52 72 -78 -36 -95 -5 -58 -64 -43 14 46 -50 -83 15 85 -47 84 -53 70 -20 79 65 -62 -86 -57 28 -7 -73 64 -97 61 -58 37 50 -2 91 -12 61 -53 -10 65 9 -24 -49 -51 -84 -19 -4 92 13 -20 15 97 60 6 0 -28 20 35 -67 -34 97 -58 -22 97 -90 30 -84 -31 -21 -65 -29 93 26 73 76 -21 58 67 37 64 -93 24 -22 -44 -66 6 -29 35 87 -40 14 -91 -98 -92 19 56 -90 -29 83 32 -72 -73 46 98 48 -78 -2 -49 23 83 -33 13 -80 99 59 94 -32 45 14 91 93 0 -16 20 -47 85 68 92 -36 72 -98 84 -49 84 11 6 -64 -27 5 98 17 -78 -60 58 -52 76 25 40 -99 84 87 94 -56 -93 25 -35 -15 -85 -51 89 -89 -15 -79 65 16 77 13 14 18 -65 90 -14 -65 92 -84 -36 -12 -96 89 26 57 20 -69 12 -67 41 -65 -11 98 78 86 14 -22 -25 98 -53 -69 -85 48 75 -40 36 -53
-15 95 15 -76 -31 -52 -56 40 8 32 89 82 -24 -38 29 5 -37 50 70 -15 77 48 16 -95 60 35 -38 -74 -34 29 -66 81 -12 15 -64 -61 11 -76 -8 81 -23 83 -28 -59 51 -52 -56 98 -40 4 73 27 27 29 21 15 -80 -62 -99 39 -95 -35 -61 -95 74 24 -69 7 45 -3 -66 17 -72 -57 -18 -77 80 80 46 -29 -19 -86 -88 12 26 -94 -24 -8 50 1 -30 61 -56 38 99 -93 81 -35 -96 84 -65 -49 -34 -21 3 -53 81 -96 89 -39 58 -1 -31 26 -96 69 -15 99 -99 -92 79 19 58 21 -92 82 55 6 -90 -2 33 67 87 47 68 7 -13 71 29 -14 -9 82 -40 -53 -91 -33 22 5 88 -83 50 -77 32 28 -95 -10 91 -7 73 19 -4 -23 -34 -55 10 -67 -78 96 -8 -78 60 11 83 32 -25 56 -2 -64 -29 -87 0 43 62 36 75 -21 15 89 -99 36 98 -96 40 71 8 5 92 -69 34 5 97 -25 -56 82 -91 85 -38 -35 -96 41 -99 -48 -9 9 -11 -49 -90 -32 24 99 15 73 16 32 -79 27 86 -92 49 -16 -56 -58 23 -5 70 -53 -56 -17 -6 -28 23 52 -24 -79 82 59 -18 95 71 -67 6 22 81 -66 9 7 -25 10 -18 92 -35 -61 54 -25 -23 33 83 28 -55 5 44 -12 15 -60 1 7 -66 -56 -43 -11 -72 67 3 -53 -6 -97 74 -52 73 -41 33 -86 -78 60 95 -79 62 8 7 -87 -65 87 -98 -56 -92 17 -76 7 40 -53 -44 76 -1 84 68 -53 -51 -49 99 -88 -61 -73 -97 -37 45 -4 50 43 24 -21 -17 86 97 -24 -26 21 -39 98 56 11 -33 -76 21 -85 -89 99 91 73 -71 -42 -31 -87 42 -92 48 -96 -77 96 -55 -21 -92 17 93 51 -93 13 -42 -32 84 -57 -20 -86 -46 82 -91 -27 91 52 77 31 51 91 78 8 -21 -20 -39 13 0 60 54 91 -54 -87 -83 4 45 -91 -92 -57 -81 -51 67 79 -94 13 87 34 -32 -38 -64 99 75 96 7 -64 11 69 83 -89 -37 -51 11 -4 10 97 78 9 -91 75 25 -65 6 73 71 -67 -54 -54 22 -95 62 75 -78 34 22 -23 -13 66 -85 -61 91 -79 -18 -74 -33 63 35 -91 -53 -22 87 96 -56 68 43 9 87 42 -74 78 -55 80 66 -51 -72 93 27 -99 89 -14 -48 52 -39 -41 -98 -50 -58 9 2 62 -11 3 84 37 90 -3 74 87 -97 19
52 -70 -3 85 -93 0 -84 42 -2 86 -79 -11 36 22 49 -32 60 -17 -34 51 79 11 67 -59 14 -97 84 -85 -80 43 40 -74 94 15 93 -67 -98 -22 98 1 -28 71 -70 -4 74 28 48 53 -62 16 -54 57 -64 -93 19 31 -9 -91 -30 87 -80 -30 7 87 86 -10 -68 13 78 63 -69 73 -94 35 -31 -59 41 -98 -91 -76 -20 -78 63 -39 60 -60 -27 3 -93 0 -4 63 83 78 8 -99 -50 39 17 20 -67 -32 48 94 -94 4 43 69 -4 -17 69 13 -48 -73 64 -17 -19 74 86 -33 -3 96 -87 88 -17 27 -98 -57 13 -71 -36 -74 -76 -77 -27 -53 -14 21 -50 85 80 89 83 -39 80 -41 -59 75 33 -57 77 82 18 87 83 -78 24 -54 79 -11 -69 69 12 72 -75 0 1 -50 -71 -34 83 -86 47 25 92 88 68 -77 23 96 25 -81 -6 -47 -54 -47 -26 7 -9 -52 89 -53 -17 91 -33 19 85 -21 40 -12 -25 1 11 94 -55 -73 82 -63 -70 -32 -83 -57 43 31 26 61 59 95 -13 84 89 2 16 95 -13 -37 76 -29 64 9 88 95 33 -42 98 -44 29 -46 -6 -71 -45 -45 -83 -69 1 52 -57 91 -34 91 52 24 -85 54 98 90 9 94 -4 -59 -22 31 15 -48 27 38 37 -58 21 -53 59 -12 30 -49 46 -47 80 -42 91 -50 -78 87 -23 -32 -15 -34 64 -89 -62 -26 -10 -43 32 99 -45 -73 -76 25 -13 -80 -61 90 -5 40 53 73 -10 85 77 -61 54 -77 96 -30 -14 -32 93 67 -17 -36 -6 78 -39 65 23 -41 48 -53 67 5 -98 14 79 97 76 -40 -59 3 -58 -51 67 61 91 -17 46 91 -55 -75 86 28 -73 -84 -21 -22 -50 61 43 -81 -9 64 84 83 21 -34 -80 85 39 7 -1 46 90 -27 -59 85 -56 44 87 79 -80 88 -50 -71 -31 43 -95 -20 27 83 -16 -38 -57 4 62 68 90 -30 -4 -35 -58 87 -54 8 82 -19 96 68 99 -70 67 50 -26 -65 62 -53 39 64 -99 -88 70 -45 11 5 12 -43 -42 -32 -85 97 -70 0 41 -37 -11 39 -80 61 8 10 32 -88 25 94 68 17 77 -96 -51 -44 35 21 -46 -95 42 28 65 45 -37 82 -42 70 -77 58 -47 36 -39 38 -2 83 -69 23 -4 32 -70 80 -50 63 -85 23 -31 -20 -67 97 -42 -25 -34 0 -78 71 -1 -37 -80 -30 97 -97 -84 -74 19 -24 -84 72
-7 -74 -84 50 7 -33 -75 90 97 41 -81 -48 67 -91 -69 -3 41 -86 -41 65 59 18 99 -44 -8 -11 82 8 -70 -45 -52 -69 -60 12 54 80 -20 -2 -66 -92 69 -44 72 -5 -35 26 -61 8 29 69 -75 -58 -90 -70 1 -65 -11 -34 78 15 74 -69 -24 37 -3 99 -44 -7 83 13 -59 -31 -95 2 -60 -22 -48 -65 -14 30 19 -76 -45 39 42 -8 -62 63 56 -43 -72 75 6 95 53 -21 -40 -61 -90 -91 -23 26 38 -45 4 93 28 -7 26 76 94 -73 90 -11 -76 12 -8 -72 57 79 -84 77 69 20 -50 67 39 53 -70 40 57 -78 93 68 -1 56 -17 27 -76 -17 -28 54 -3 61 96 45 36 -72 -67 79 45 99 81 97 7 -14 -29 -84 47 -68 -19 -86 -26 -79 -70 24 77 -93 35 -58 9 54 1 11 -12 24 -62 45 -4 -53 85 -45 -78 -2 -10 4 16 82 68 30 74 -30 95 -96 65 55 27 42 61 -87 12 37 32 -7 1 88 6 61 -36 -49 27 99 14 -96 -99 -67 84 -42 -70 -76 -17 90 69 16 -43 -77 -53 -88 58 58 -44 60 -39 10 -66 -42 -21 -25 68 -51 47 79 80 19 1 -44 51 36 -81 -5 59 -94 27 8 -21 83 16 -22 12 7 -43 -82 -82 43 -88 16 -46 -32 -68 -74 29 -21 -59 26 -48 35 61 -92 60 -68 55 30 -82 -33 48 59 -41 33 -13 -35 -17 70 -56 -84 -63 25 1 57 49 23 98 -84 68 -2 15 22 1 -98 96 -5 81 -48 22 43 86 -28 70 -28 57 -86 -53 46 -38 -22 18 -28 79 -84 54 -57 43 95 0 40 -90 11 9 75 3 -39 -79 -18 -12 -50 -60 12 71 -86 -99 46 28 3 -53 1 63 10 -17 16 52 80 63 -51 22 -50 97 -62 -17 -21 -87 -59 2 -75 82 1 32 -43 70 -38 -76 95 -89 -97 25 -19 -70 35 9 98 19 -27 -81 -4 86 -87 34 40 98 34 6 -64 16 98 70 -10 -82 -28 -68 83 75 -67 -92 -77 -46 -88 55 68 13 71 -3 -90 75 38 44 97 18 -96 51 33 25 66 -80 99 -56 98 -41 -12 -55 88 7 -47 6 -67 -26 36 56 -31 -61 83 -21 49 -75 15 88 -74 96 -92 53 -50 15 -51 -31 57 -6 59 -87 -77 27 29 49 23 62 16 -89 54 -21 -38 17 -33 -46 -99 -34 -66 -64 88 77 -68 -91 90 27 82 -21 9 -4 -52 -96 37 83 52 -41 -87
-27 -30 -54 12 -2 47 95 99 -39 -61 82 92 -20 19 41 50 -54 -19 87 -13 -26 46 -88 30 54 -19 9 91 -57 78 98 91 -9 -54 64 8 -73 80 -59 -75 62 40 -58 65 13 -18 -88 -2 -37 92 -55 93 77 44 56 64 -72 -18 27 68 20 74 -97 63 60 77 96 25 54 10 -11 80 11 95 21 89 -89 -60 -69 89 74 14 56 51 24 39 -49 -35 28 -88 97 -97 -47 -79 -18 -6 -50 56 -92 -95 -69 83 6 69 -16 -60 -95 -39 56 -49 -84 -2 -99 75 -33 -69 -98 45 -67 81 73 60 -7 -93 -13 -33 -7 68 -93 3 -22 67 88 43 0 0 -68 71 -94 -70 2 -58 -4 -9 31 -19 79 -3 88 41 32 -62 72 8 94 -23 -20 -8 -66 3 1 83 -17 81 94 95 -76 -82 -45 -93 -66 -10 -46 61 -70 88 -88 -39 -55 -65 50 -80 -77 -39 53 67 -57 -8 64 87 -31 -59 -1 1 -78 99 89 -6 63 -45 2 -83 23 -41 50 61 -27 59 -54 -8 -20 -54 57 -67 -51 -54 -70 1 44 -20 -61 42 73 79 -82 -26 65 -83 -74 -97 47 -99 -92 -26 -44 -34 3 -44 -98 -4 -81 -12 60 77 42 95 -24 -93 17 -94 -70 -16 72 -32 43 27 58 99 59 46 55 97 92 -89 54 5 -93 1 58 -21 -45 37 -58 -42 22 42 73 -64 -17 -84 86 59 82 -65 15 -72 -42 48 20 73 8 85 52 -54 -16 90 -96 -80 52 54 83 -38 85 52 60 -66 41 -38 -30 -68 66 27 13 72 9 81 -33 24 -28 -4 -71 -43 -16 -94 -42 4 55 97 74 -20 6 30 56 42 -80 -10 30 -27 -75 -96 73 9 52 72 83 21 -8 32 69 -17 63 -13 48 -67 -27 8 6 52 87 -18 -25 34 16 11 83 99 26 -90 -31 49 -13 -37 -14 29 21 -41 86 -72 -21 -33 -51 -67 81 -25 -98 -91 31 -46 -39 -32 66 78 -66 0 67 -74 -9 5 -48 -26 33 87 23 -8 -81 -94 4 19 -17 13 -67 1 -48 77 -99 -44 -17 54 -31 97 85 35 69 -1 -73 81 99 94 96 13 96 -16 -71 23 37 -61 -63 56 -19 22 -69 59 -65 -96 -19 18 -36 -51 -9 34 -5 17 -35 62 -97 -76 -24 -52 -33 -88 80 23 84 51 44 -36 32 -2 83 55 -13 -63 99 44 -96 -41 38 -35 61 78 19 84 -74 -18 10 -63 64 -69 -7 -22 81 -37 -65 32 -32 -63 18 -17 36 -9
-37 85 -36 -15 -9 -6 -19 44 46 -39 -64 73 -36 -27 9 -86 22 -1 -10 36 47 76 -9 81 -45 -59 48 42 -23 91 25 98 -98 86 70 -64 94 28 46 -78 -18 97 -50 18 98 -44 70 38 -25 -86 -33 45 61 13 -77 -6 14 -61 -1 -35 -77 -49 63 -47 -69 -39 -98 77 -37 21 -32 -46 0 -6 -81 -76 88 -35 53 -40 45 69 55 -17 -43 -22 79 41 -4 -43 -53 6 23 44 36 -82 -11 13 54 -72 -71 64 10 -23 49 35 21 98 -75 -5 11 -81 -33 -3 88 55 52 82 -44 -36 45 -14 -87 -17 1 7 -51 48 61 50 49 -8 -49 17 -56 5 58 -56 -89 -3 40 -20 -30 -44 92 10 65 73 -12 -84 -38 4 -96 56 56 -4 8 1 11 -13 87 78 -73 14 -22 -52 73 83 -32 -32 80 98 28 57 95 6 28 87 -56 38 8 48 -99 12 71 97 66 68 -96 -75 75 -95 -32 -90 -93 18 99 15 -66 -2 -87 -26 64 -60 -42 67 90 -11 98 29 -96 98 -18 -26 52 -59 43 -89 -26 75 37 -47 -59 -93 -53 77 -59 82 -81 31 -84 27 -70 91 7 -47 -95 -14 -39 -21 -80 -27 -6 93 -69 67 -3 59 -18 -22 -28 -39 0 -10 -81 64 -46 2 28 3 47 -25 14 84 19 -34 -21 27 83 -34 -70 32 27 -39 67 59 18 73 96 -4 -75 -87 51 -39 -48 -79 -49 21 71 12 -96 21 47 56 -32 -11 -5 -91 16 71 29 58 84 33 -7 85 22 -30 16 -70 68 28 -64 -29 -66 90 52 -2 -61 25 26 -66 -20 -12 98 -17 -31 98 -28 77 4 29 96 51 74 65 -70 -30 -49 -27 -10 -73 73 -69 14 37 20 -66 -87 -57 -81 -73 -39 -41 61 -18 -48 -11 24 1 85 61 89 -76 72 -30 16 -98 21 97 56 -53 -91 -11 99 87 84 -86 -86 8 -26 80 -3 8 78 29 -48 -44 -44 84 -38 -88 36 -10 29 -86 82 22 -91 85 -23 88 -81 -46 78 48 19 -14 -12 32 -20 -69 -77 -63 -43 51 55 -13 -83 83 45 48 -88 -88 -19 21 52 -18 79 91 67 -88 51 -50 -58 7 -5 -90 56 -24 -59 47 38 23 -82 -80 72 -26 76 88 85 83 -60 66 2 -22 -34 -28 -61 -45 60 6 -77 72 -61 -40 -35 72 46 77 -53 -26 33 64 -80 33 -30 92 60 -97 56 26 -47 55 -10 53 87 -56 -57 31 25 -83 -70 -8 63 -65 -27 78 42 -98
31 99 -27 -86 -46 57 -8 47 -17 -66 -19 -15 99 96 18 -80 -74 22 2 -32 34 64 97 -89 -38 -38 -4 -88 77 70 -72 -76 -24 12 89 -78 49 53 27 77 90 -26 -3 13 -32 14 -55 59 -47 30 15 98 77 -54 -46 -84 -75 86 6 -81 72 -70 65 -63 4 62 -78 -38 -4 79 22 -43 90 16 94 -72 -54 78 -8 36 23 39 -92 -80 -4 -90 67 25 -21 -31 38 72 -9 -45 -91 17 -98 -19 -64 55 59 -85 -79 -16 54 -49 86 -80 -30 -21 53 -81 -5 -58 84 -59 22 -52 17 -42 8 -25 35 93 89 -19 82 49 -81 63 -76 -86 -63 -73 24 -31 66 96 -33 -41 -55 29 99 11 -56 -46 -93 -2 29 47 70 -45 77 -32 96 14 -42 83 96 97 -74 -86 70 27 -44 -83 70 -9 50 15 -93 -2 -40 -27 39 1 -43 67 -98 -54 -41 32 -9 -50 -36 42 -37 11 -79 -39 -39 50 31 27 -47 -32 19 -20 -82 7 -42 -27 27 -86 13 -60 10 92 -73 71 54 -84 -25 -81 -83 82 93 -95 -25 -95 88 74 18 -83 29 72 83 -82 -28 -68 54 -47 -58 73 -84 -17 -88 23 -28 28 -22 -25 -23 16 -40 33 15 90 -51 81 66 -25 20 -80 29 -6 76 85 14 -16 49 42 48 -70 77 -29 68 23 89 42 56 -37 -31 -74 2 -51 -10 -73 93 -57 -76 -33 0 88 8 61 3 63 -47 -33 37 -93 -81 93 67 -87 -87 -16 99 -88 83 -94 -56 95 41 -41 -65 51 10 -97 -99 36 -15 19 -10 9 26 -33 75 -26 18 -40 -63 -78 75 82 88 23 -60 -71 -61 -44 22 -82 32 85 24 -8 -40 -47 -83 -86 -59 65 -30 72 -50 -65 -75 -15 -86 12 -89 -49 -12 -53 36 16 -29 10 -23 77 -42 65 54 13 -97 -47 62 -12 47 -26 -28 48 -29 -9 99 -58 -41 54 -71 -90 -88 33 63 -54 4 -40 63 -81 47 -1 13 78 -3 -65 -40 9 62 80 66 -65 41 -60 -56 56 85 61 -12 -31 56 -82 -22 35 19 -23 49 -50 -96 96 -89 0 6 74 -33 -94 -36 -50 -18 -31 -96 -23 -41 -64 -30 68 -61 -61 -90 -60 -97 5 29 -90 -31 48 -54 48 -86 88 75 9 -15 -21 60 -33 -53 -72 -5 -71 -56 -60 85 -44 -56 44 33 80 -83 41 -2 48 45 24 36 30 -18 -88 -27 13 64 -34 72 21 12 72 55 -96 14 64 -59 1 -56 -18 -58 -62 79 -8 -29 -68
-60 75 83 -67 7 37 14 -91 56 -20 32 -43 -45 70 18 -33 10 -96 84 60 14 80 -39 -20 75 19 -81 55 32 35 -85 -65 -20 -53 68 0 55 -93 -21 -61 -19 56 -85 22 82 -3 33 -69 33 -59 -45 -99 -3 -96 67 52 15 62 -96 49 -36 -11 -83 -64 -82 -34 -11 73 21 -42 -53 40 -21 -41 67 -6 13 -68 53 -35 18 93 -33 -8 60 79 -51 -50 20 61 -47 -34 -80 53 11 82 -7 -5 28 65 -59 -32 33 2 -29 -81 93 32 -72 -18 42 -24 -87 65 79 64 69 28 -39 -56 -21 98 65 -30 98 48 96 -38 -74 42 25 -17 93 85 19 -9 -91 -8 22 -74 -86 -38 60 52 -66 73 15 -97 60 38 93 22 62 -48 -49 -48 37 89 96 -29 37 -56 -77 -91 -90 84 -52 40 90 -99 30 99 -24 55 -56 -37 -80 97 77 64 69 56 -25 54 9 47 86 -11 48 -8 5 87 -95 90 -78 77 83 77 -14 -51 23 72 -30 -92 -22 -48 -52 -93 -17 1 36 -20 13 -42 88 82 47 66 -7 55 -15 62 -18 99 -55 79 65 87 32 51 38 -65 -18 96 56 0 -75 98 30 -97 48 -57 -64 61 69 -37 28 86 -96 -22 -74 -54 77 91 -27 27 0 12 -80 -3 83 44 41 90 -4 24 69 82 39 -87 83 -42 49 -13 13 33 -7 -4 -57 -2 -77 -72 79 -43 -12 61 42 -2 -68 57 36 -34 70 96 25 -57 15 -34 34 63 84 9 -7 -82 82 98 -34 12 55 -78 74 -7 -83 46 29 45 15 86 36 88 -81 -78 -28 -42 -87 59 -85 -14 54 55 -11 28 -97 -39 57 -15 0 -92 -65 -91 -50 -35 -84 98 -72 -36 3 -80 99 -67 -36 88 -92 88 -2 31 77 3 -28 21 72 13 65 -22 -58 -39 54 -88 78 44 28 94 26 -46 48 -78 51 33 21 -64 17 93 -87 79 -66 25 99 7 16 88 -58 -7 -94 97 -71 29 31 -12 -29 -76 68 -90 -55 -57 45 -41 16 32 -84 79 -94 44 -61 87 -6 -5 19 -7 -18 -61 54 -80 -62 -59 21 62 -18 64 -36 40 -17 -51 7 86 95 -48 -77 12 29 -90 97 -22 -93 55 -62 96 -83 -83 21 -55 -85 18 -65 -1 -79 68 -3 66 -78 -23 71 -16 14 -1 99 58 99 70 45 30 39 4 60 -50 96 -9 62 75 -83 24 -36 -17 31 -53 -18 -20 76 39 88 -61 -39 85 -27 -88 48 -47 -31 -2 69 72
-19 97 -41 -56 39 43 37 2 -98 42 -71 78 -56 -25 -54 -52 80 53 -99 98 33 56 76 93 17 -32 76 25 -85 47 48 -59 -82 60 5 -8 21 -52 -64 -72 33 -65 57 -46 -70 79 89 96 96 79 58 -98 95 -13 26 40 -23 -69 73 7 -18 -37 7 79 51 20 90 80 46 80 -32 55 72 -19 13 -98 62 83 34 64 47 73 34 -54 29 24 10 -78 -4 -84 -66 -36 -61 -37 83 74 39 -36 81 41 44 -60 14 -82 -68 -63 -58 85 37 7 -87 35 19 52 50 80 46 -80 -94 -1 -70 88 46 89 26 65 -69 62 -40 -37 -21 -76 52 94 -25 44 95 -49 -47 67 -79 9 31 -39 -96 67 25 -8 -96 -17 -41 98 21 96 -13 92 -31 -5 6 -35 -3 -23 -66 -45 -35 80 -1 93 41 40 35 80 71 -33 75 -47 -36 12 27 71 13 -43 -74 38 29 89 -60 -11 61 69 -10 50 -9 38 -52 47 63 30 98 -88 -47 87 -60 -13 -65 -50 -5 11 28 -80 0 -53 42 -4 91 31 -38 53 85 72 5 58 79 -54 -18 78 46 -88 -90 -87 -24 90 57 82 -68 -94 39 -46 82 -57 -48 53 77 8 -58 54 64 86 -47 10 25 49 -45 90 -22 95 12 6 -9 19 -72 78 6 61 -12 -67 44 -13 -72 42 94 8 45 56 -44 76 71 78 95 99 53 -89 -39 -17 2 -50 40 52 -50 14 -2 9 -59 17 90 -18 12 77 -34 64 -62 -57 -78 -76 39 2 -15 -82 42 92 -14 -52 -71 61 68 -37 -81 78 -34 67 -5 23 -43 -77 -51 92 47 0 -69 27 -85 90 19 59 -43 32 -17 71 65 -96 17 81 -19 95 38 -94 35 2 -12 18 -45 -73 8 7 32 -14 -6 -2 -61 -82 99 11 99 70 80 23 -33 37 -55 -30 41 -34 -8 -91 23 -48 37 73 84 -73 -63 -36 -47 -32 -76 7 -91 57 66 -37 42 76 -89 -44 5 25 6 -39 -30 -24 -98 31 -87 -88 -2 -52 -95 95 54 -98 34 8 24 3 36 -44 -33 52 -94 -41 30 -94 46 -31 -74 61 60 -93 80 85 11 83 -36 78 -55 -37 8 27 -66 68 93 13 3 -90 -86 -54 -15 61 -72 72 -51 -24 -96 3 -41 68 92 -33 73 -28 -38 -31 72 -27 -52 -96 3 -75 67 -49 -76 -35 -47 -89 -98 -46 53 -39 60 58 -14 -95 56 -22 27 -58 39 -41 74 -8 53 -16 -64 -74 3 3 -28 77 20 -74
75 -21 44 88 -20 71 -70 -91 52 -37 7 -61 0 17 61 -92 -70 -14 -60 70 -84 -27 34 -80 -50 20 13 21 -36 -16 -72 -37 -90 99 -12 -24 33 46 13 -68 41 83 51 39 69 49 41 46 7 -38 -25 53 92 61 -22 95 8 -9 21 -91 26 6 -77 66 91 -7 72 42 -73 -93 -74 57 23 -60 4 74 40 72 18 -66 -30 -17 73 33 81 -67 -55 26 -88 86 93 -58 47 52 57 -26 33 -88 -80 -6 -4 -57 95 -6 -19 14 -53 -6 -72 63 1 -37 93 -67 -64 -91 -50 11 -33 -91 -32 -68 24 95 -76 -3 -36 35 -81 30 -11 70 -58 -13 -47 90 71 62 -7 -80 95 22 -55 -9 -38 19 0 55 -65 -25 26 -27 33 89 -24 2 71 -34 82 -96 53 -6 74 -69 -1 75 -97 37 31 -32 -47 57 26 90 -21 -80 92 -19 -52 -34 -31 -65 27 21 -35 -73 -50 -82 60 71 -75 55 -75 33 -87 74 -12 -89 -13 -79 -43 -2 -43 33 86 14 -42 -48 -78 87 -25 -96 -56 -27 -71 -10 -92 -69 -60 -42 -19 94 92 -68 89 58 -72 60 14 45 69 -47 43 -16 65 -80 -86 37 -37 -96 91 24 -15 -96 -86 59 86 -34 73 -83 -85 80 -77 13 36 94 26 -63 -31 45 85 67 -11 26 -70 -63 39 19 -4 -18 -50 63 -64 32 -31 21 78 71 84 62 83 53 0 -88 45 34 82 -44 4 97 20 -68 69 -15 3 16 74 91 -76 18 -67 -56 10 46 -65 50 -84 -28 -99 -76 -92 -46 -19 46 91 -5 -49 -18 51 -34 -6 81 34 2 -66 -3 -98 92 -76 48 -58 -39 -36 -50 -73 -44 -85 35 16 50 91 22 64 -58 27 16 52 29 -89 -90 7 93 -89 14 -66 -24 -49 -42 -75 45 -80 -55 96 -64 76 -85 -18 43 -19 6 68 -31 -52 47 -8 21 53 7 70 -52 70 12 28 34 -16 71 29 50 91 -34 45 -94 -56 -62 -1 49 72 73 3 35 36 -37 -80 -52 -96 53 73 -83 -68 -78 -58 89 15 80 -48 -32 -44 -92 -97 87 -17 -94 -28 1 -68 89 24 -69 -91 -9 -50 31 50 9 42 11 -2 -87 38 32 -62 -41 -76 10 62 6 -66 -72 19 50 -92 84 -82 -83 -36 32 56 -32 -79 19 -29 32 31 28 -94 -79 61 -45 -84 10 49 73 85 -9 -72 48 75 -20 -35 35 -39 25 54 -87 40 -35 -53 -17 85 41 86 46 99 -66 -17 34 9 -89 -21 -70
-4 -25 55 -55 -77 29 -26 -90 15 98 -10 -17 86 62 87 -96 -62 -90 40 -36 -34 -27 19 43 66 58 -64 85 -43 -66 65 24 20 -17 66 7 66 -37 -65 -4 89 35 44 99 21 28 -24 31 -10 38 37 -37 37 -86 9 -94 -62 62 95 67 6 -42 79 30 -93 -97 -86 32 93 79 65 28 -33 -43 -33 33 -89 60 96 28 79 -89 -55 36 15 43 55 -62 26 59 -12 -99 -21 -95 -46 62 -85 -61 32 -14 67 -49 92 -79 -17 -77 89 -10 41 96 -35 -29 -49 97 9 -67 38 -15 14 -68 49 -93 24 -9 34 -94 33 75 -2 26 27 -11 -8 -60 16 -29 -58 -70 8 -71 -85 81 -1 83 -69 27 -18 92 82 -46 32 -39 -90 -58 -96 18 3 45 76 26 48 29 -52 81 -30 8 -80 77 91 89 63 -46 86 44 -34 59 72 -63 48 -27 28 9 9 26 12 -5 54 48 50 8 -82 -73 -96 -80 54 92 -60 -23 -65 24 43 3 14 35 -52 -20 42 -87 -30 28 62 51 40 3 -35 -16 83 34 -97 33 -52 56 -93 85 -63 82 83 1 42 11 -95 70 14 -95 -70 -95 -30 58 46 84 -67 -99 -90 11 18 -46 -22 -49 93 45 22 -95 -83 33 91 82 17 42 19 -11 6 -10 -21 57 -55 9 -19 -41 -64 63 -15 65 94 -40 -34 -91 84 95 -63 45 20 -65 68 7 2 13 -94 -51 -39 -57 32 54 17 95 -22 -9 -95 0 6 25 69 83 92 37 58 38 -47 -83 75 -40 19 21 82 14 -21 20 -97 92 -38 0 98 53 -46 -25 -11 69 -19 -18 10 43 -4 95 -30 -45 60 23 61 91 -52 -50 93 79 -62 32 -47 45 96 3 25 7 27 -40 21 31 -62 -19 -33 -5 -60 -25 7 64 85 -32 90 11 59 1 83 28 -8 -39 68 98 71 53 4 97 -41 -61 54 19 -16 -46 -74 -67 -2 -2 98 93 -57 98 49 27 94 88 14 7 -56 -77 -92 -66 74 97 -94 28 -17 -12 79 41 -32 15 5 57 1 16 -58 -1 -45 6 67 48 -55 36 20 -28 -17 83 -11 -86 -33 39 -81 -94 39 40 -10 -72 61 -7 -74 -21 29 -11 -69 -45 -25 67 8 -62 62 -58 61 89 -85 -53 88 -82 -95 57 98 -65 74 99 -48 2 52 70 21 -63 40 11 -8 -28 19 69 -41 -54 -99 64 -5 -2 39 -99 -10 -71 -75 46 27 78 62 -15 83 74 32 -98 -71 -18 -37 -84
-36 -48 13 70 69 3 -77 97 63 27 -16 -91 31 -33 71 -77 59 -95 17 -70 -48 -13 -64 -47 -76 -92 -36 -52 -75 -63 -85 72 79 -78 14 -60 84 -62 56 7 -11 -49 -52 40 -42 -72 92 -51 11 -29 91 81 35 15 62 18 -54 57 99 52 -89 33 -92 33 -68 -64 84 98 2 55 -85 19 -18 24 87 1 17 -95 -67 93 38 -5 32 -38 44 79 11 -58 42 -95 98 -43 -54 72 -47 -2 20 -19 30 47 -99 -51 -35 -17 85 1 -40 80 -68 55 24 64 -55 -10 41 -17 -91 -41 66 -14 -64 -38 -4 -34 -95 -54 -42 20 -22 -88 -99 22 -23 -39 27 66 -9 81 49 95 -12 -10 -65 -44 -73 10 -73 -10 -34 15 -27 44 -62 27 85 -7 71 -80 93 -71 76 -13 3 -87 -98 91 -94 -43 -86 -43 5 85 -22 -78 41 -83 -41 50 -68 -45 20 99 37 -78 -96 -17 59 -92 12 11 -74 15 -60 26 -87 -26 -69 -36 -20 93 -72 -33 34 35 45 -89 -44 36 -37 -9 -37 5 89 79 -95 -83 6 -83 -75 30 78 65 42 -63 78 -14 -7 62 -44 26 -42 40 27 32 -23 76 24 82 46 -29 -9 44 -46 -7 90 77 83 14 38 -2 -93 -61 90 19 -31 21 50 -52 33 -30 29 -6 46 -40 49 67 7 18 57 -61 -92 -82 94 -21 2 70 -31 99 -88 89 20 -70 -11 30 -98 57 -34 85 46 -51 95 -87 64 -74 18 94 31 89 -62 -6 -93 77 3 -4 -44 -40 75 -15 -8 -38 64 90 -20 -69 -99 -30 4 86 54 5 49 -40 3 -64 25 -95 -64 -52 -62 -69 -67 47 74 4 -58 -30 -55 -75 56 69 -99 48 -28 -15 -32 -82 94 -18 -40 -1 -97 -60 25 58 -63 25 23 -53 -42 97 22 -49 39 -30 -55 -27 -61 65 -42 35 -69 85 82 78 -96 -16 18 -17 -13 -2 -1 16 -49 57 0 -52 21 -38 -34 -10 97 40 -94 85 12 20 -1 94 -10 -83 34 -38 -18 -82 -79 85 -47 86 -47 88 -16 82 4 55 25 10 49 5 93 73 70 39 -99 -63 -66 -36 53 -4 56 5 -71 11 -83 19 60 10 57 -61 -94 99 76 39 92 -42 93 -40 52 -74 -6 47 45 -39 -94 87 -81 97 79 -90 -21 -52 -69 84 -85 99 39 -72 -92 56 -68 -70 16 -64 22 39 -10 62 58 -6 49 -51 -50 68 -73 38 -33 -68 -69 -49 -65 92 47 -87 -21 21 99 74 -87 40 7 9
83 -21 34 7 -46 -95 87 75 9 61 -32 40 37 73 4 82 46 -46 -7 -48 42 51 0 24 -92 34 32 64 55 -32 -91 68 76 -4 -86 84 -26 -19 -60 -11 68 -2 -75 -46 79 -36 -31 -90 24 84 59 52 23 79 -52 -89 -1 -14 -78 66 -56 -29 -21 -62 -73 -2 -33 -49 -76 0 58 8 77 64 70 32 79 -9 18 -75 98 29 -47 10 -37 -71 -55 -52 15 23 -49 -59 45 -68 10 58 -9 97 -4 95 -95 -38 -33 13 69 97 -78 -51 74 -39 81 86 -54 7 -21 -61 22 -65 -59 -12 -46 -23 29 55 42 96 86 -79 80 29 -11 54 25 -94 68 -67 69 37 35 8 -26 31 9 -19 -61 0 -52 -23 -18 -96 -69 12 -76 -17 6 -93 62 -82 -62 71 -64 84 -25 -10 -75 88 -5 -61 94 19 72 -25 -25 -86 -28 78 -27 -7 83 -7 -57 -55 -12 -88 74 5 -72 -23 25 17 2 -23 -33 42 -88 14 73 59 -32 71 -88 38 -98 -64 -42 3 68 -38 5 0 -48 -50 47 56 -63 -5 74 0 39 41 81 28 -91 67 -82 -12 -8 4 18 70 -34 68 33 -51 40 -68 72 61 0 2 -33 -90 65 -23 97 -44 30 -24 -19 -71 56 11 -49 -50 -80 10 -19 42 -90 78 -75 -66 70 -52 49 -23 -60 95 -58 -59 39 -36 -70 8 84 -77 62 -7 58 33 42 85 31 13 7 -5 -40 15 79 23 54 87 -71 47 -54 30 -70 -9 -16 -67 25 -22 22 -60 -5 64 -39 -69 54 32 -57 77 90 -51 -44 50 24 -70 -40 -81 -30 31 79 89 -28 91 -64 -53 -17 -92 -54 43 4 18 11 -97 -43 28 -19 -86 69 -93 -9 -87 92 -23 20 25 -36 -84 35 -40 66 -16 44 95 -53 -77 97 -78 72 -70 -35 -96 -32 43 -98 -80 -72 -49 24 80 93 -62 -13 -6 -49 -19 -20 -33 75 50 75 79 84 88 -34 45 28 44 -30 94 -5 15 32 -70 87 4 62 -7 58 -44 43 -28 80 24 -34 40 81 16 99 -50 -25 62 -6 45 87 -23 29 52 43 54 -76 -12 43 1 71 -39 70 43 64 -53 77 -52 9 42 -90 58 -62 92 -91 23 -38 -79 56 70 41 17 -36 -88 22 33 63 71 86 -43 67 68 -35 -23 -4 -87 -78 -55 82 -49 -70 -47 95 -92 -75 57 17 -93 -71 -71 -23 26 -26 -20 37 95 28 79 -77 -66 53 88 -49 55 -98 26 51 31 -60 21 23 -8 67 -52
92 -35 86 -20 -91 -66 91 -68 50 -98 -31 -18 -94 11 19 43 -11 -58 -25 70 -83 28 75 -53 -78 -40 33 -69 -40 -44 -70 -74 -41 1 28 8 -20 -97 73 20 -9 -11 65 -81 10 -53 90 -59 68 -38 -85 74 -92 -17 86 50 2 26 -31 -61 -99 35 7 -64 51 34 -91 -9 -29 40 -3 80 86 -34 -5 -21 -47 32 48 56 30 32 38 64 -3 23 -54 -83 4 77 -99 -17 -29 -51 -24 52 50 16 -63 -32 -33 63 -74 -12 -72 -27 12 96 89 62 -36 38 27 26 -28 -41 -37 -51 24 14 88 -80 -49 -10 -27 7 17 -85 11 -21 68 38 -87 -74 -7 91 64 33 18 -23 -56 -66 68 15 -11 62 -33 -99 -87 99 32 97 -64 -56 63 -89 -99 37 -99 -45 -35 -95 -60 -1 -75 -19 -23 95 12 -16 -33 99 -17 -90 -73 22 -15 81 -95 80 56 20 77 -52 -66 83 -8 -2 -67 82 4 -83 -21 -62 -46 44 -5 -37 68 62 -80 98 -21 40 35 32 58 92 -32 35 -36 62 51 -85 -41 35 -65 33 88 -79 27 35 -42 59 -93 2 91 37 81 47 97 55 -5 -44 -83 4 2 64 -89 54 43 -21 -27 -85 25 -81 -52 -70 24 22 -62 29 1 -45 -18 -78 2 38 -52 20 -77 78 -74 71 -71 -36 22 14 -47 -44 11 32 -25 -22 -94 14 -96 98 -33 8 -53 -72 37 9 5 92 91 9 8 89 26 -48 64 61 84 18 10 -50 -25 -69 23 59 -3 -50 19 57 60 80 4 84 -28 -86 93 26 -79 -44 -23 6 65 -3 20 19 80 4 68 -26 85 99 29 -31 60 -22 0 34 -71 79 -71 29 -46 34 -65 -81 38 -1 -46 78 61 -71 -19 -95 47 3 -43 -72 25 -22 98 -90 96 35 -79 -14 -23 -46 -95 -20 -85 -14 57 -47 -61 -60 52 28 -96 -40 71 11 37 -36 -42 73 15 -60 67 -61 -38 -76 -98 -78 -29 -50 58 51 -6 93 67 -38 -81 -73 -4 18 42 27 73 38 -56 18 46 58 -49 -5 -94 30 -43 57 -33 31 78 -46 36 90 -1 -76 -59 44 -6 51 -43 39 95 -7 -4 -45 -69 -22 74 70 24 -92 27 91 -41 50 70 96 28 -11 80 40 12 30 -18 -31 2 56 -33 -74 97 -78 51 -71 62 32 8 -20 -93 -71 -1 45 -34 71 -72 -71 -64 -95 -82 20 62 1 16 -94 -21 -99 85 -87 81 35 -95 77 -4 59 -72 48 -17 13 -91 -8 -52 -46
91 -61 -63 60 -16 21 -86 0 -41 63 92 67 3 -83 -42 94 34 81 -61 -7 25 -20 23 64 50 -27 1 -73 -31 93 74 21 56 94 -29 -8 13 82 -28 -55 7 81 78 -92 26 -85 -61 77 43 97 -70 2 -20 29 -1 -58 -5 -57 76 -15 36 -54 -83 -6 46 -92 -44 74 -62 -12 26 10 2 68 18 48 -24 4 -54 4 -30 -29 83 53 4 -1 -26 -10 77 94 43 -90 34 58 -31 -14 67 23 76 -38 -20 -91 82 -9 -30 -48 -62 -51 24 37 43 -32 18 -2 -72 3 20 18 -94 93 42 41 67 -65 58 81 -5 -53 -88 -1 -22 -73 1 25 11 76 2 11 77 83 57 9 7 -41 -63 -80 -14 34 -81 -14 24 -46 62 90 81 73 13 45 -66 -32 54 56 40 1 39 35 -76 -36 82 -34 65 67 -11 -12 11 -57 -3 -70 -77 -71 96 77 -80 15 -66 67 73 -5 -62 -95 4 -28 92 -74 -88 -81 68 12 20 8 54 -54 20 -5 55 -76 93 61 65 59 55 -26 49 88 12 -25 49 -73 -88 -86 -91 -87 -12 -79 76 15 -51 -94 41 -89 14 25 -5 -27 27 -53 52 2 62 57 43 -54 -40 -5 67 68 59 41 67 -73 19 -8 50 -59 -67 31 -86 -44 -5 -52 16 11 88 31 79 48 94 -3 68 -99 -61 -44 -86 72 -27 -71 -16 77 48 -6 -8 24 -99 34 6 -47 70 64 70 -45 -15 -65 -43 71 90 30 56 24 -36 2 72 -19 56 50 86 -11 92 -1 -67 -12 -42 -56 -72 -43 22 -49 -77 -44 -33 -19 34 -17 52 -62 -31 8 -31 51 6 -66 -93 -45 -68 92 99 74 11 -68 -54 -55 -33 -33 -94 14 42 98 21 97 35 55 -40 11 -32 -62 72 72 5 -22 -93 29 -33 95 -84 60 -83 8 -54 86 2 -22 5 4 58 -37 -66 -82 47 71 -8 -14 40 51 -6 -22 -23 -28 -72 98 -29 64 -3 81 70 67 26 82 -14 56 88 50 48 50 66 -91 -98 30 11 11 -75 -72 77 54 -50 -39 -83 83 62 61 -9 63 59 65 -13 70 -45 34 -65 96 -54 28 77 22 64 70 49 -33 41 -71 90 -23 -34 -49 40 41 20 16 -71 0 49 -19 62 66 -88 60 -99 21 26 -87 -97 22 77 17 99 -91 66 66 30 15 -41 -76 -91 -2 82 73 8 -7 -26 70 59 -17 -49 -71 50 -32 -55 -63 35 56 -92 76 84 7 11 -58 53 -30 -97 -17 61 -83
1 70 -23 28 -88 -41 -9 -29 67 -96 -7 -12 -81 48 27 -24 66 64 -76 37 39 86 63 -40 -59 -33 -27 -98 -1 67 -6 -37 -20 -4 55 -85 -4 -52 -13 58 -68 14 -36 -53 98 -46 55 -21 91 -18 -81 -84 87 -7 -28 31 57 55 94 14 -66 25 16 65 22 -77 -23 24 38 19 48 32 -1 1 14 -89 -98 18 -99 31 62 28 -74 -51 -75 39 -13 -68 -98 96 -68 -58 -81 77 -72 8 85 -11 52 30 -5 -7 -58 16 -25 -63 -17 62 37 -98 52 -86 -19 29 -18 39 63 -40 -89 -23 -93 -52 57 12 -78 -88 61 -2 -96 39 36 -60 38 -81 55 -29 55 96 -66 -74 -27 51 82 -55 45 24 18 62 -48 -1 -25 40 -93 52 -49 15 -99 -58 -67 -43 38 -21 -81 9 -88 2 -48 40 -56 -46 38 -73 21 -16 60 68 -76 53 -86 -85 -43 83 -9 10 -1 -37 -94 83 22 62 -89 -95 24 -67 29 -86 -22 35 -82 8 -29 89 -91 -69 55 68 59 41 54 -39 18 28 91 59 -52 -84 -46 -25 22 -32 -5 -16 -68 -75 -39 -2 -75 -26 -25 -43 -80 3 55 -46 57 11 -31 81 62 1 35 -7 -22 96 64 30 62 21 -37 6 68 78 -49 -7 -8 -95 8 30 63 42 20 -65 -15 -59 92 -7 -89 -34 -94 -75 -96 -38 -66 -43 -25 15 -62 48 -29 -61 63 99 30 -96 31 38 -34 -39 -69 -60 -9 -46 -6 -32 88 -5 -67 -82 30 -40 30 12 77 -19 -12 -12 16 53 -14 15 56 -42 -13 -12 -34 -18 -56 -50 -24 28 16 -21 -9 -76 -86 64 -16 48 -88 -56 97 4 -95 31 -15 93 18 -85 -17 19 -62 -90 -66 43 45 -82 12 -58 42 -28 -2 74 -55 -19 34 84 48 -61 -54 15 6 55 83 34 8 56 -50 60 -46 75 23 69 -36 -81 57 49 -16 43 -93 -33 34 -52 -5 -9 -97 -88 5 2 30 13 -81 26 -17 -26 -43 21 -32 98 50 -98 -32 42 9 -40 56 47 32 15 91 -30 -93 87 89 47 18 19 -94 -25 -72 14 0 -43 69 -81 -6 94 -84 -99 -81 -85 70 -36 -74 53 -2 73 71 47 -63 47 -10 95 70 19 66 -44 -35 -86 50 98 57 -24 73 -6 78 35 62 27 -95 81 69 8 -64 -99 -5 -92 -38 74 -9 84 -79 -96 27 59 -3 -6 -40 -81 -58 69 97 20 38 -61 19 77 6 -79 8 -66 56 95 -36 -9 79 32 -91 -82 -40 -39
11 81 8 78 46 -57 -23 -3 72 62 14 -72 82 36 -37 -3 96 30 62 75 -46 6 -34 -84 56 21 -12 38 43 9 49 -25 57 -95 -58 80 60 2 2 -34 -29 -62 1 -81 -65 -13 -47 -48 -11 32 -17 -71 -33 36 71 53 -14 58 -35 41 37 -80 -31 -5 12 17 98 -22 -28 85 32 98 66 33 -16 -14 -70 14 -6 -13 -65 -71 41 -15 25 -11 -67 -29 36 41 -73 22 -52 35 -12 -10 -45 -67 -71 37 89 -51 86 49 -29 -85 44 0 22 -30 62 49 -34 11 54 -59 -84 76 26 -31 41 77 -91 -38 29 94 -16 -1 -51 41 -39 74 -93 -4 -76 -45 11 -84 -12 11 96 -6 -27 -94 -77 -41 0 10 22 -87 33 -8 -59 78 -98 21 69 73 -5 33 -10 17 98 45 -32 -19 -16 -73 -21 -23 42 -28 39 21 -15 89 2 33 -57 26 72 80 15 6 -65 25 -23 77 22 -57 51 95 57 -18 11 23 95 9 9 -53 -30 -65 -10 65 -48 -48 86 17 -92 -70 -32 58 -58 11 -4 94 -43 51 52 -36 31 96 38 6 89 -80 -8 12 -36 80 -37 16 -78 4 -36 52 45 91 18 -30 85 3 -95 -38 93 56 72 -48 -1 -7 4 -61 77 -16 -43 91 -10 53 -31 -31 84 26 -43 50 -86 89 76 -87 -80 80 94 76 -27 50 0 73 67 -70 -85 -9 -41 -55 -37 87 9 40 -83 33 6 -71 28 -44 61 -97 22 63 -40 -70 75 56 45 -39 82 60 70 53 -59 -4 4 -63 -55 55 13 8 -78 32 -30 31 -81 -24 4 -8 -97 93 93 93 -55 6 -96 53 23 -42 -13 52 70 -3 -56 64 69 -76 18 -9 6 -37 -68 62 -74 29 -84 31 -13 -70 -76 -35 -7 -88 -28 -63 5 -2 -95 -74 49 -2 62 78 -24 96 -54 55 -84 23 5 -95 -27 5 35 21 2 99 -67 -71 80 37 -40 96 57 -93 -7 -69 -12 25 -3 -21 -27 13 -49 30 14 70 65 -36 -78 51 52 42 -18 -48 -25 -99 -61 69 -34 37 9 97 -77 81 29 44 -97 -93 32 -4 41 -59 77 18 -67 51 47 -25 -57 -52 -42 -34 87 20 95 98 -3 66 -28 81 12 -60 84 -73 14 69 56 31 92 -32 -10 9 -12 30 46 64 7 -3 37 -74 -87 -47 -66 98 -50 47 -24 16 -15 71 38 47 -80 -8 95 77 63 23 35 14 35 -33 -67 -26 -21 87 -8 -89 -52 -58 6 -22 85 93 -47 46
0 30 81 49 -51 10 -28 17 87 -69 -8 74 -39 84 84 20 78 36 63 67 -80 14 -7 72 68 -91 -39 48 -34 -94 -81 -62 -10 -49 -45 11 -94 -45 -65 68 -79 12 95 36 53 -44 -32 -35 67 -53 56 -98 -74 -72 18 -76 96 33 53 29 80 23 -18 -75 -12 -16 45 -30 49 -70 -64 56 77 78 -41 73 59 -87 -22 30 -31 -83 29 -85 95 8 -55 42 -66 -40 83 34 32 2 -62 -56 5 -66 -60 63 27 4 16 -3 82 98 13 81 23 -72 54 50 71 -45 -90 -77 -47 -18 -68 2 88 9 45 78 85 -77 83 37 78 96 -87 -14 -46 94 -76 51 -81 86 5 55 -63 -97 -62 81 22 -29 21 91 22 -96 -81 25 -49 70 -7 -23 -83 -12 -47 -45 -38 -86 -72 -34 48 -13 22 67 61 -50 98 -53 -25 17 49 -60 43 41 -28 -45 -10 -71 -98 58 1 39 -60 84 91 -70 -91 -83 -3 -16 -76 4 -79 86 12 -47 30 86 56 71 70 -15 -52 97 93 30 -97 91 -27 -78 32 14 -90 29 35 -40 75 -12 -72 -24 -62 -51 -63 31 43 43 15 -2 -62 -5 -63 -90 -82 46 89 -85 69 -49 -94 -39 12 62 -69 87 90 -77 47 -76 50 -23 -12 33 84 -44 33 -84 -91 -68 -51 45 -55 -99 48 -93 -36 -29 -26 -67 -35 59 -9 -2 53 22 56 -42 95 -1 -58 -6 88 -7 -23 -44 -15 -63 79 -98 71 -23 -44 -45 -89 -46 64 32 86 95 -31 33 34 -76 -28 2 59 -2 42 30 99 76 97 -71 98 -8 15 -94 14 78 -5 -97 -4 -39 -29 -94 -1 -42 86 -40 50 -70 72 46 -38 -54 -3 59 74 -3 -7 15 56 -13 -67 80 -13 10 -61 87 40 -80 -58 33 -60 33 12 -37 -29 67 -75 18 -58 -95 -43 36 98 -61 84 -85 -27 -58 49 56 0 -26 -55 -12 -71 -20 38 -75 57 -36 52 -43 -74 -86 -71 -24 -66 -95 -4 -16 52 92 -50 74 40 -48 99 63 -30 61 -86 -31 82 41 -69 40 78 -75 6 12 19 1 -88 -95 76 24 -22 -43 14 -13 24 57 59 -14 78 -63 5 -69 34 98 89 -38 -3 -58 58 -21 2 33 84 -17 -40 -70 -81 87 38 12 -9 10 78 -7 -58 87 61 -48 95 -59 -85 -88 -45 -92 93 -79 -31 -90 16 8 -79 -59 22 30 24 9 9 40 23 59 -7 18 76 86 91 -86 92 21 -16 5 97 55 -82 7 6 -1 65 22
-13 -50 19 -14 -6 -34 -57 -99 -27 91 58 -84 -80 39 -10 61 -2 45 44 52 57 66 -18 58 -80 -16 -32 38 75 81 14 -38 -75 37 6 2 -42 35 -59 -59 -53 33 -86 -45 71 55 -68 74 19 95 -18 -6 1 14 -75 65 -5 -72 34 2 8 -4 -87 26 10 -61 -27 19 -39 3 47 26 72 26 31 34 -67 -48 49 -42 -85 95 75 41 26 28 1 64 -74 30 -63 -56 56 29 0 58 -26 35 -60 33 -31 46 -58 -36 -14 14 78 79 16 -46 -85 37 92 8 74 -98 -34 -3 11 -14 64 -89 -8 -26 -10 -13 -55 19 41 -41 -44 -91 70 31 -85 11 -40 86 86 -14 87 -46 15 46 13 50 69 -60 -85 21 -70 81 -45 -11 -73 81 -14 -94 99 -58 -13 -14 -46 -95 -16 11 24 -49 -82 -37 -66 -76 66 50 37 -29 83 87 -64 68 10 4 79 75 -42 -1 78 -34 53 98 16 50 -63 46 87 -70 29 -53 -95 16 90 -8 69 -57 -80 -29 76 -48 -27 0 -68 -39 85 -17 67 33 78 70 26 15 33 -50 -92 32 14 29 31 45 84 11 -82 49 42 54 97 -96 57 -26 86 17 -74 -40 99 -46 -92 54 -11 -91 96 -76 -42 7 4 -92 89 -74 84 91 65 84 -73 -27 -67 12 -18 -74 -67 -31 -11 49 71 82 62 42 40 -85 -47 -39 98 40 -60 86 3 -91 57 66 -65 55 -62 24 16 53 -88 36 22 34 -85 52 -69 -63 12 -49 10 -58 -78 -83 45 -39 30 42 89 -97 43 -61 -34 3 0 50 -33 53 77 71 64 -1 61 81 54 -95 85 27 18 28 70 10 -51 -34 -24 77 52 85 -98 -18 40 -43 0 -79 -31 -22 -76 91 21 -16 -4 -1 -12 13 70 -3 -55 -72 -82 40 -14 -44 87 -16 70 59 -51 33 92 66 69 65 -67 55 -29 -80 41 -77 -52 94 -12 76 72 -58 7 41 -4 97 -36 -9 87 40 93 -30 -2 -85 91 -34 89 -74 -10 -13 37 -52 -40 -47 99 27 6 -13 -38 35 -38 -36 43 -51 23 -37 19 45 75 91 36 -60 -33 8 28 34 -32 60 -67 -38 -80 -29 -94 -48 -40 -37 86 35 78 0 99 -7 71 -13 -7 -93 -68 80 -38 68 75 96 -42 90 51 56 -2 -56 -34 36 33 14 18 -7 -81 -9 -1 -40 -5 29 -4 -59 0 -27 -18 58 -43 39 -46 -11 -16 38 70 78 -63 -22 26 -24 23 27 -90 -83 -62 -83 -61 -98
40 66 -55 7 90 -10 54 -85 3 81 -55 -54 5 -41 -75 -30 -21 -70 -29 80 56 98 30 -35 -48 97 48 -40 -18 -88 18 69 22 -65 20 -27 1 47 23 -97 38 98 20 57 35 67 60 -25 -97 -95 -58 -63 25 -59 34 -46 -40 -60 -48 88 35 87 -63 83 -85 -79 -83 74 76 -89 -65 21 -94 -7 0 54 25 -70 25 -3 46 3 46 56 -25 36 -68 99 99 55 55 0 -10 45 80 76 -59 -72 95 -24 45 94 92 87 73 -93 23 -40 6 14 94 89 65 46 -65 -79 89 8 80 -53 57 34 -88 -25 -59 -70 81 97 -25 27 23 16 -12 65 -99 63 -27 1 84 36 -3 -16 -17 49 96 7 25 6 -85 70 86 -97 -75 60 81 -64 -29 -82 65 -99 46 -45 -49 -81 -29 -50 7 -19 63 -90 -76 -63 60 48 -29 -66 -55 -24 83 -80 75 -40 42 38 46 68 -91 18 92 -94 -69 23 13 79 16 26 -2 -92 -68 91 -75 84 84 -98 0 96 33 80 -20 53 9 -66 53 -57 -64 90 50 -14 65 7 31 22 18 65 66 36 -94 55 -15 -11 61 54 89 -28 -55 11 68 23 14 40 96 31 -54 50 30 -35 -30 -81 -22 -86 -40 -40 53 46 70 22 -60 -27 49 -41 -29 -77 4 71 47 6 93 17 -42 -82 3 -45 -53 85 45 -92 -27 -81 64 78 -63 -48 13 13 57 8 68 52 51 59 -94 -73 -41 -15 -43 81 -90 67 -30 42 55 -68 96 65 18 19 -55 6 -31 -87 -68 18 8 -14 18 65 78 69 -18 53 -48 -35 23 93 -34 72 -70 18 -7 -66 -97 -82 -36 -89 66 66 3 28 56 59 89 -11 99 -24 14 -4 8 -17 -1 -60 -67 -1 -40 35 58 13 25 26 -80 -63 33 -6 35 97 59 -45 38 -58 8 65 79 48 -63 64 -88 -86 -35 60 -34 -57 4 -93 94 -57 -81 -31 -99 68 -40 -8 55 -48 -29 69 -86 -80 -45 -7 85 -16 35 2 39 71 -75 -98 36 -57 -89 81 82 88 87 -35 67 -75 -53 10 55 -55 -97 -44 -29 -61 43 23 77 -41 -7 -31 -72 -44 -23 -27 92 3 29 -9 76 -26 71 43 7 -66 -8 -73 -86 22 39 -47 -37 -13 -19 99 -99 94 -67 -30 97 50 64 3 97 -41 66 96 49 98 1 69 -96 -73 -11 59 2 29 66 49 -17 63 72 5 -54 22 -31 -64 -62 68 46 -35 37 -53 32 -60 -43 93 33 -62 -54 -78
75 -34 -20 81 -99 17 54 61 -6 3 18 -25 50 34 42 -56 -10 -1 -83 -37 19 88 13 -3 25 96 79 -93 -98 69 -54 95 38 -18 29 22 25 16 64 53 -83 -31 -79 63 73 -25 65 92 -25 68 -18 -75 -57 13 -98 -33 98 -97 50 -47 -99 5 31 16 53 60 71 32 16 -76 1 85 -6 -56 -35 62 -27 -10 75 48 -93 47 -23 18 20 -31 81 79 -60 -94 -68 48 -79 -46 15 -93 -58 27 11 2 3 47 -79 19 57 -84 -69 88 -34 -83 47 -50 -20 27 32 -25 -43 -64 48 -83 -83 -52 -69 58 6 -3 64 12 57 82 -59 -64 97 33 89 44 -48 25 -60 -25 -86 75 30 48 55 -17 -44 23 57 43 -60 39 57 81 7 14 2 78 -45 -32 82 -64 -7 75 31 -46 81 -53 43 -3 58 -88 46 -44 69 41 -75 82 61 15 -78 10 -70 53 6 48 -9 -92 -11 10 -25 -77 -59 4 42 28 75 -25 -20 -93 65 47 53 -32 -99 0 62 -56 -2 -75 99 -17 -52 14 -67 28 -96 -85 -52 16 30 -78 48 50 10 -23 4 -3 -68 -74 85 49 -6 74 40 -46 -52 38 -70 -5 94 69 7 30 47 -14 44 -48 -59 6 8 -25 66 68 -77 80 4 94 -28 59 -4 -69 -93 9 -11 75 93 66 28 -57 87 93 -7 -2 -79 79 -18 -90 47 73 -63 27 -16 86 -65 -95 10 -21 74 -44 -39 -81 -59 77 -53 -22 -36 16 -50 -30 98 16 -5 -21 -42 -29 -18 76 -61 -35 25 -2 -94 8 -68 43 84 70 -76 -84 -96 -75 90 -73 92 67 -86 -35 91 -71 -98 19 -56 -25 -46 87 -94 57 91 -68 -95 20 14 -40 -57 35 -86 -28 -39 -3 -45 66 20 73 72 -27 -46 0 8 -28 -10 92 51 -45 6 -20 58 -78 6 12 -60 91 69 18 -79 85 -1 -39 44 63 31 -20 -61 -85 -78 -42 -83 29 29 25 -28 83 22 9 -22 47 5 38 -53 -89 -91 2 -85 20 8 -9 82 -90 -17 2 -3 -63 72 -47 46 38 -82 -32 61 -93 33 -35 80 67 26 -29 -97 50 87 17 -12 -23 -67 72 -67 -17 26 -83 24 -7 -45 11 23 54 -93 10 -67 -58 49 73 -56 -83 19 67 -85 86 -30 86 -48 -85 -76 -93 -95 -18 30 -25 -53 61 62 2 -1 -4 42 62 83 99 -74 -92 81 -40 93 57 55 -88 0 82 -38 -75 64 18 14 99 37 -31 85 -97 75 51 -17 -62
89 71 -69 -24 44 -64 82 -39 -2 -66 -79 91 82 87 -95 -52 26 46 -10 -69 97 -1 25 53 80 -85 -85 -56 -42 -51 -13 69 -93 10 -54 15 80 -14 44 -8 41 56 -39 16 57 -8 -10 27 -95 35 8 -32 -55 89 77 -80 -87 -40 -7 31 -99 82 -29 -27 24 73 31 17 -51 -49 -53 6 21 -23 11 -23 16 -47 -61 -97 35 -16 -3 75 -36 -88 46 -61 -47 -21 78 -60 94 -53 17 -7 -62 47 34 -77 -78 -4 96 -61 40 85 65 32 3 17 -89 77 80 61 -96 -28 33 -73 80 -29 -45 -11 82 -79 -80 -9 87 -15 -96 -47 -97 28 46 42 -22 -18 -17 30 72 50 -61 5 -20 53 56 29 29 -46 -70 -18 -38 -48 -29 -23 -17 -40 -30 -35 20 -19 44 -77 -2 36 90 -68 17 51 -33 57 62 -34 21 -81 -74 -71 35 -35 -90 -45 -8 78 75 17 -86 -2 -3 -24 -55 -16 31 88 45 8 -20 88 50 -64 76 -66 -12 49 -17 59 -95 -89 3 -51 -34 -46 4 53 -38 -35 11 30 83 54 30 -22 5 -3 -61 -2 67 32 5 71 23 -48 -67 -95 61 -29 -39 64 -41 -36 -12 -47 -72 85 77 -69 96 12 36 76 4 32 50 53 -46 -5 71 -74 -77 -21 -52 -54 24 -69 41 6 -49 83 45 80 -61 -22 -25 20 -50 1 71 64 48 -41 35 79 31 -70 -59 -57 0 97 -70 -51 6 31 -28 -96 1 -44 -5 79 11 2 -38 -23 -69 -51 59 22 -9 -35 60 46 -49 78 17 68 25 -82 -32 -59 -65 -75 -48 -68 44 -58 -81 -1 32 -52 59 -27 -2 -52 -32 96 93 -37 14 -32 30 19 53 89 -54 19 51 -90 84 89 -62 -71 -42 -4 22 14 -46 26 5 -48 -1 12 -30 92 46 44 65 38 4 25 6 84 0 -54 -71 33 -50 99 34 -64 74 6 -99 -42 35 -42 20 1 -33 -93 58 -10 83 10 92 -52 1 88 -3 13 -86 -4 74 52 -15 56 -32 18 94 -69 50 -24 -59 12 39 -81 99 68 -63 94 33 63 -97 -32 11 -18 65 -24 70 -2 67 73 -96 -20 7 -18 73 -26 -80 -4 29 -39 -58 52 -56 54 -87 89 -88 74 -30 1 58 80 67 -59 -29 -22 71 28 97 30 -76 14 94 68 86 -65 52 -95 36 -66 -37 -29 95 52 33 -97 -74 -7 2 87 2 -24 -13 -12 -74 -62 39 2 -43 93 -29 -41 99 75 53 -7 58 -39 -18 78 70 -72
37 68 -86 -78 -40 79 -59 48 -51 -55 9 52 -21 34 88 -43 81 -47 89 -96 89 0 74 8 -7 -69 18 21 1 -60 91 44 -73 -62 11 79 -53 81 -9 -30 77 -20 -95 33 64 -38 -53 2 8 -6 -51 50 -22 -22 -23 96 19 -48 88 4 79 9 -73 -92 -71 21 -20 9 -7 -54 21 79 -60 28 -10 -50 -18 82 -52 -80 -77 69 39 33 48 -58 -52 -46 3 -80 87 -65 -80 -4 70 -7 -14 -99 53 -15 -84 15 -13 24 -31 26 70 0 27 -33 -77 -55 44 16 1 29 71 47 -69 -64 -72 -76 46 -31 -52 59 -79 -67 -60 -76 -87 21 -70 -15 -63 42 99 -53 63 42 58 -1 -26 -50 99 88 -59 33 77 -30 79 -4 -34 19 35 29 9 -63 1 3 92 92 45 -75 72 69 -57 94 -26 -8 -28 24 86 2 2 -21 38 -84 -66 20 -77 -55 98 -87 -57 -6 -2 -28 -10 54 58 29 15 38 -65 48 40 44 74 89 -36 26 23 -69 39 99 20 95 34 -53 -5 -80 -48 40 -67 -35 70 85 -83 -96 7 95 88 -72 98 -81 -74 43 26 73 43 -35 -55 -27 33 69 5 33 -56 54 -70 -96 -96 -64 -64 42 85 97 -15 5 83 -36 -22 -61 93 89 -94 -33 21 58 92 -69 -30 99 -67 -9 -42 -28 -34 -4 24 51 -28 -92 15 -54 -72 51 82 96 -22 53 -7 -56 44 -10 -4 23 -46 5 -8 -96 -70 -33 -10 -83 -57 13 62 -27 -35 93 82 -94 -46 94 -6 44 -18 -96 -58 57 32 83 19 -99 19 -43 -10 59 -43 -89 -79 -84 98 65 -2 -7 7 79 -23 65 3 -41 -92 -16 27 62 64 -27 -65 -8 -87 61 -94 76 63 11 49 48 77 -16 40 -39 -80 24 7 7 87 -12 -68 -62 95 -39 33 -46 6 25 -56 58 -27 76 -80 -96 -83 -5 -4 -15 -67 45 58 -29 17 -36 -10 -19 65 -32 24 -79 71 -7 42 -11 86 39 -86 -18 -30 86 -91 -20 12 54 31 71 87 -43 -58 87 -30 -33 40 26 -61 2 82 -45 -81 -19 87 -21 50 -98 42 87 81 -85 -48 -37 -78 -13 -93 -55 -82 60 -58 -25 -6 -22 61 12 -29 57 -4 -6 74 93 -39 -95 -11 31 38 -67 -37 81 21 -80 -82 34 28 78 -90 -33 -2 -86 -78 47 -53 -64 -94 -18 -13 -46 -38 -63 -33 -19 61 57 -51 99 17 91 74 71 27 1 57 2 -73 -47 82 -4 -3 96 -81 51 15 -71
55 82 82 47 41 -28 -69 80 98 -11 -21 4 56 30 88 -5 -74 17 47 92 9 -19 1 -89 -39 99 82 -24 -66 -98 -19 23 -34 16 12 51 -71 93 -38 13 -74 14 -8 98 -57 -14 73 -2 -85 49 49 18 58 2 87 62 -43 -85 -62 74 -17 60 69 -78 48 82 97 -64 -34 -79 48 -95 89 90 -85 -46 6 -87 -72 10 70 41 -15 94 82 -36 -2 75 41 -98 11 37 -75 -59 10 -20 -17 22 -74 -24 99 -12 -57 16 -69 -59 -84 74 -9 59 49 37 -95 -38 -89 82 17 -9 25 -39 71 38 93 24 -6 68 -98 5 25 -24 57 55 57 -47 46 -86 -42 -64 -70 -36 -60 95 40 61 -4 -11 48 -79 -38 -25 9 -84 -67 98 44 -74 -86 14 39 -88 4 60 -80 59 90 -20 -31 21 -4 -7 54 60 -93 34 42 -29 -85 -46 -32 -28 24 30 -76 -81 -19 -58 30 -62 -80 -96 -51 13 -14 -86 -75 48 -94 82 -47 42 -92 29 -7 36 -84 -48 57 -26 -24 -9 5 43 59 37 -97 15 55 62 29 83 -61 -78 47 -54 12 -10 4 88 -67 -69 -57 -62 95 99 79 92 82 72 -26 -3 -58 15 96 42 -2 -63 10 -32 -42 -25 -43 84 -79 83 77 -71 -51 -56 -50 15 71 -73 68 -50 -57 -3 15 -30 -19 38 -10 -27 -66 56 -80 90 85 -88 -63 -84 66 3 -62 52 80 45 85 -23 28 56 -35 63 69 91 -97 76 -77 30 -39 20 -93 68 -16 40 79 -60 23 64 19 -67 -19 -19 -36 -56 83 36 -47 15 -73 -5 -10 -10 29 1 96 -89 54 4 -68 42 49 71 86 -24 66 -5 -23 -93 95 -74 44 71 -38 66 -41 -79 -77 -7 67 97 47 -69 -68 95 86 -90 26 -20 -22 49 47 3 61 -18 35 -86 -38 40 -33 -31 -50 -59 22 -61 -66 -53 -37 31 -67 -45 -11 87 72 -54 -71 28 -97 -31 -97 58 31 -69 -43 -55 -41 92 17 -54 14 91 9 -37 87 49 88 54 -39 -19 48 78 -9 72 -59 48 9 -57 -72 -75 74 -83 57 -81 27 97 -58 24 -82 19 87 35 31 -95 -52 44 -36 -78 37 -2 -15 14 -88 62 -9 0 -47 37 -67 10 -78 79 25 -64 26 49 38 70 6 87 -52 -97 44 2 47 -85 -62 73 -30 77 12 -24 -74 -60 -79 39 39 -46 96 53 -95 18 9 -11 66 -33 22 77 -20 -9 -25 71 27 6 -44 44 -89 28 92 43 -57 21
16 -75 80 22 9 -19 -41 -13 88 51 7 -29 7 -46 44 -17 -45 80 91 46 83 52 25 37 -43 93 -14 25 80 -90 43 -20 8 -36 -85 27 -47 -22 21 -91 -36 -53 -92 -7 3 -54 -82 19 -22 5 56 -50 -28 -36 80 -55 41 69 -12 -95 -24 13 -62 -98 51 32 -81 -15 -92 94 -25 -64 -78 94 -10 74 48 -26 -74 85 -37 -13 61 15 39 66 18 -51 98 -31 -43 0 68 -40 44 -14 -40 37 -34 -49 58 91 5 4 99 69 -35 -14 -71 -48 31 73 -45 -13 24 23 51 40 -18 -35 -44 -72 -13 -66 -8 -46 90 37 -66 -73 -9 30 81 -64 -51 36 -43 -82 89 95 71 -29 -35 42 -2 -35 -61 -14 -99 74 78 44 -68 83 32 67 5 -85 3 -49 -82 -26 -18 61 45 -60 29 -55 87 -31 -60 -28 12 24 64 -58 6 -45 54 -31 44 -4 -14 -51 47 68 14 -66 -81 97 -66 94 -88 63 -57 85 -68 -68 -34 -70 -81 82 34 -29 94 -76 38 1 -88 94 96 69 52 -57 22 -28 52 75 -79 -25 -73 -21 49 -11 50 -68 -3 -99 -73 -67 65 -32 -89 56 72 -45 -1 71 -57 -79 64 -93 59 -43 73 -58 -62 15 68 -48 -95 -15 -74 -17 64 53 12 9 -43 -41 -37 -23 -20 -28 21 79 21 83 37 27 17 -57 10 71 -4 14 -37 33 -79 12 43 70 6 -28 -50 93 26 71 96 92 -78 -96 28 12 -68 51 98 72 54 26 -68 22 18 75 73 -42 88 75 -87 -70 -99 71 72 52 31 -27 53 91 91 -36 4 -45 -61 70 -4 -27 72 24 12 68 -54 40 88 -69 -9 20 -86 -52 -15 -77 -39 -36 31 -35 -69 -7 77 -76 80 -23 75 95 49 59 -98 42 98 -97 67 -35 -20 -72 91 65 8 57 -24 53 -69 33 -12 -10 -32 -17 75 -64 -22 22 49 50 8 35 -91 80 97 98 24 42 63 -29 99 75 56 -37 34 51 4 49 13 -30 30 -72 44 -10 -8 89 67 18 -91 20 89 -37 -81 94 10 -42 54 39 -42 37 82 -11 15 -5 15 -98 -82 -76 35 -2 72 91 68 44 -89 27 -44 85 37 -10 59 72 39 -18 64 -21 -60 -35 -65 -35 34 57 58 -75 -4 -68 -35 80 39 81 3 -61 -94 -83 93 19 82 -5 -93 21 -6 43 91 58 -47 -53 -49 15 -38 -64 15 53 12 93 -70 22 -25 61 10 5 -45 -51 -79 68 -8 95 -56 -12 34 99
-16 -76 -53 -83 22 -86 -89 -71 -68 -27 -22 -80 16 -65 81 81 45 -54 74 44 -33 92 61 -25 59 -74 -49 22 79 58 -76 87 -12 -26 82 67 80 5 -11 -60 20 -57 79 -73 32 41 -46 74 -66 -55 97 87 -37 -42 -98 -76 15 -14 34 3 74 -90 -28 89 -86 -77 67 14 61 -67 -83 -34 -88 50 -63 11 48 -73 5 57 -5 -25 32 53 -97 -1 -5 -10 0 -74 -43 -94 -51 20 70 25 -36 -87 52 -69 68 89 62 -32 -45 98 -70 -71 87 -47 -30 27 -76 74 -49 42 15 56 -48 67 14 -13 9 97 36 -71 61 14 -71 -95 56 -58 -5 85 -36 12 -93 13 -51 39 -82 -9 -77 -5 84 -5 71 76 -78 -8 -59 66 76 35 -54 89 -32 43 -6 51 48 64 -16 78 99 -48 -11 11 -40 -23 89 -31 11 -59 -52 52 -91 -16 3 -68 56 78 -42 -70 -71 35 88 25 40 -55 -63 -56 8 20 -4 28 -14 -96 37 69 62 -15 -99 19 -53 11 19 -14 8 83 28 -79 85 45 51 44 4 94 -42 -52 7 93 -35 31 -37 96 -96 29 13 -59 74 -42 -59 -48 67 27 -32 29 -56 -44 5 20 42 -44 -65 25 -33 -90 -45 1 -62 54 18 -99 -40 -38 58 -91 -9 -88 79 56 53 -60 -39 -71 -36 -5 -24 77 64 60 -56 29 30 -53 66 24 88 37 -77 -51 82 95 70 -49 32 -9 72 -48 3 -65 -3 89 -32 42 94 12 41 36 31 36 -99 -39 -92 26 -28 66 41 47 53 -25 -19 92 59 -48 27 -72 -74 65 80 15 -23 19 59 -34 42 50 -16 28 -75 -15 -99 -26 -14 -87 -51 -69 -66 38 43 -39 18 -34 3 -43 21 60 -21 76 -94 -1 50 -70 -17 -51 -26 -20 -7 52 -82 -53 -35 35 -52 -59 -1 -6 -59 -29 63 -81 33 28 -61 -45 -51 -8 35 -78 -43 57 96 -46 -66 84 -65 74 -77 -42 9 12 38 15 9 -92 0 12 40 78 81 42 76 77 1 80 -11 65 12 -80 64 -65 -92 92 -58 -8 -60 -45 58 -58 -66 19 55 -28 -7 -61 53 -98 -10 -4 -23 99 76 -67 29 28 42 -9 31 -76 -36 9 -9 -68 -63 -49 -62 54 -9 43 -75 -98 34 26 31 17 90 -16 -81 -99 -14 21 -63 23 -67 -36 98 -17 -78 -22 6 41 -16 67 49 56 56 93 -17 -60 70 -32 -94 -32 -20 21 -79 -7 -51 43 -95 -11 -31 24 37 -29 -76 71 -96 99
-66 -26 99 -79 29 90 -27 45 13 25 30 -26 51 6 22 0 95 76 -38 -31 -85 -14 36 82 52 32 -21 -5 -15 80 20 -3 -32 7 42 -2 72 29 -83 -2 20 32 -67 47 59 -68 8 86 0 -28 16 -64 -22 35 89 -49 -35 24 -15 89 46 -81 -97 -35 -73 -62 3 -50 67 6 16 39 63 14 -33 14 30 -65 75 57 -42 -99 -21 -96 -41 -60 -53 -51 66 -58 -4 14 -43 -35 -33 -38 -57 92 -1 -26 -85 -99 -64 -55 -18 -17 83 -23 -2 -60 21 -43 -9 -51 -13 -3 61 -63 30 -62 -97 97 -5 -64 47 -5 78 61 -12 -71 85 56 -15 36 52 -34 64 -11 54 45 64 27 62 28 -4 21 73 86 -45 -62 29 -85 -78 83 31 12 -82 -27 -79 -45 -59 -19 -21 -63 -72 -20 12 27 26 5 -16 -99 23 -86 -82 33 59 -77 30 -96 57 -77 -62 -25 -27 -15 -50 34 16 55 -43 27 -56 -48 -86 -33 -59 17 -52 41 -70 -27 -42 79 -4 82 -54 5 -77 -99 50 83 -73 24 1 15 -6 -7 2 56 99 80 24 5 -84 -9 44 -73 2 90 32 -98 -40 -17 -21 12 -10 17 -90 18 25 67 -95 85 -32 54 75 98 -39 2 25 38 56 -65 -91 -6 -75 -83 17 -23 -78 33 -97 -92 -37 9 71 99 58 -30 -31 73 55 -69 71 -65 69 95 -99 -81 14 -50 -84 -28 -10 -78 14 -40 -95 47 -9 86 -51 -72 -27 64 33 50 -87 18 -21 14 12 -15 -57 -41 -48 86 69 50 -75 -57 -14 -72 -33 41 57 -97 -19 98 96 -62 -13 -48 92 23 6 12 -51 83 -66 -18 -93 47 -4 -67 35 -14 -47 87 69 44 44 -51 74 22 -10 64 89 -96 -55 51 86 94 60 56 -6 94 -90 -48 -24 -80 70 -35 -94 7 75 18 -80 -62 -80 -79 20 36 64 83 -34 -51 -52 -1 -49 20 -76 -62 -57 5 -42 51 70 77 77 88 14 -99 94 67 17 -68 -81 -52 -11 -93 5 74 0 -2 78 -89 15 -58 38 -9 29 -70 -60 71 25 61 52 61 -1 86 -20 -5 30 69 37 -99 63 -87 64 64 -79 18 98 32 15 -55 -28 -30 -46 2 91 41 -23 -82 -58 21 51 -88 14 62 -24 -22 -97 -47 82 99 -49 -31 5 -7 51 -87 97 -56 23 -41 92 84 -75 65 -65 12 -74 -8 61 89 74 -97 -70 55 52 49 -71 -24 -11 81 30 32 0 16 -88 -75 45 -89 -39 -47 56 -66
27 -63 -37 -14 77 -38 25 72 5 37 -21 -49 -87 99 -34 54 2 41 -18 68 -58 -68 -51 -89 -33 -64 -12 26 70 0 -36 -90 9 -22 76 -42 55 53 35 12 53 -13 77 -76 26 60 85 1 -4 -86 -8 -80 -34 -4 97 89 80 47 -94 25 -42 -41 9 -89 -47 62 21 -3 44 -13 -68 80 -87 -64 -49 -85 88 74 10 56 -12 -39 73 58 -1 -24 -18 -98 79 30 -81 94 -31 -35 49 3 -8 -74 51 -5 84 -58 -5 -39 -21 -28 -59 -80 39 -42 82 33 47 -94 25 50 8 -72 -50 -98 56 -91 1 -42 -95 93 84 -8 9 -86 92 -54 61 -12 -27 -42 76 16 -13 -46 -93 1 -2 -80 -47 3 -41 -59 73 76 1 40 -41 63 -38 6 -85 -19 17 96 -62 -47 -95 -43 -45 2 9 -21 24 78 -76 26 18 55 16 13 2 75 5 60 -81 -10 -96 99 -4 -70 73 55 21 -57 72 -60 50 56 -78 8 43 -46 -60 57 13 99 -76 -43 -75 67 -32 49 35 -40 3 -91 60 65 -96 18 0 70 38 -43 53 38 -44 -51 -68 46 74 25 40 70 -73 -87 -3 61 97 -56 54 -61 14 51 45 41 -79 -31 76 96 -97 51 58 -74 52 -65 -33 -74 -51 62 -45 -79 -34 80 38 89 -15 74 -96 -1 98 68 63 -23 41 68 82 98 -48 -68 72 -96 65 66 89 -3 -46 12 -14 -18 -88 -34 -7 -60 64 -48 -14 -67 58 3 -20 33 59 39 49 24 75 -28 -13 89 -54 58 -51 75 -43 95 87 45 38 19 -8 -23 74 85 -94 -91 92 -1 85 75 93 41 74 -90 -1 98 23 -45 -43 -18 57 -82 -15 -96 -70 99 -18 83 -39 44 -93 72 59 85 38 -69 42 -48 68 -66 -35 8 -11 44 -22 37 -13 65 41 -42 9 -43 73 75 -82 64 -52 -60 -86 81 -90 26 -69 -27 63 81 -34 -17 -91 -17 -1 96 41 0 96 -59 -64 -79 95 51 21 9 61 3 51 -21 -37 -63 41 87 -8 66 92 83 47 31 -97 -26 -72 -3 -10 -48 -12 -32 62 33 54 -26 39 69 -95 42 42 74 -11 -59 47 -16 -80 -8 67 -11 35 21 21 59 -99 1 42 85 25 -62 -79 -75 83 95 -79 47 -42 -16 87 -91 -33 -73 -37 -77 23 98 -63 -37 88 -37 -24 95 24 -83 59 -98 -95 0 -26 -1 -52 -67 -70 -75 -77 -67 -88 29 97 -38 26 -10 59 52 -94 35 78 0 -76 72 -49 -6
-85 90 -20 -63 89 -45 -45 75 28 63 -57 88 -2 -93 12 -8 -45 -79 1 94 87 -11 -83 43 87 -3 -91 -56 76 -69 -59 4 -52 45 47 65 58 44 -5 77 -91 -46 82 -68 -57 20 -27 -85 -47 -42 -48 16 66 -34 17 1 34 -16 56 -4 6 21 -63 -35 -2 -41 84 -71 -98 84 -22 -97 -86 -99 75 15 23 -43 0 26 -80 -58 -71 -81 -79 -64 -10 55 82 -85 63 -31 62 -89 -85 -2 -92 -81 -8 -22 34 -82 -88 -12 57 10 -25 -51 20 62 -5 -87 3 -16 13 78 -33 -43 -55 20 -67 56 -62 -73 -46 -25 23 83 -34 -11 1 32 15 -47 -32 -92 -85 -63 -39 35 -46 -72 -92 -84 -58 -19 18 -2 -76 84 -78 81 -42 -16 90 -65 -72 37 65 -72 88 -96 8 -39 1 52 59 53 -92 -40 55 -77 -4 -22 -1 27 79 92 69 -19 17 52 -50 84 -85 -88 56 4 32 72 95 87 -76 -80 -33 55 30 49 -71 -83 41 84 28 4 -44 87 -67 -79 70 -85 -38 -75 -33 -39 -63 -43 80 42 -99 -75 92 30 -9 -42 31 -6 -25 -34 -49 10 33 94 -16 -79 71 56 -66 76 65 51 -32 72 -4 -61 -73 -56 55 -68 86 -15 95 -68 -9 62 3 -6 3 -83 3 72 -94 73 28 89 8 6 53 -2 77 25 -33 -1 -74 52 -19 73 -3 -44 -5 49 66 -82 -49 -13 34 76 88 -79 -55 13 63 -69 19 15 -21 90 54 85 14 39 -2 -93 46 92 -52 67 93 76 -70 -15 81 70 95 62 17 4 -84 -12 65 -62 95 82 8 -38 16 -77 30 99 -93 -15 -56 -77 -52 -44 -12 -35 19 31 -90 16 63 -92 53 34 -87 -70 -62 95 -49 -63 -88 -3 32 -12 -85 -84 76 71 -6 -44 -55 21 -92 -45 49 -19 -1 68 20 43 28 58 -36 96 24 -14 -52 68 35 30 -22 -8 -18 -39 64 78 -73 -55 37 15 50 -41 61 49 36 -54 -49 33 -90 -15 -31 -34 -83 20 31 5 -87 26 40 71 -55 -75 49 -19 -4 25 -72 53 36 74 -37 -51 43 93 -17 4 -4 -82 89 68 99 34 11 -49 17 95 -41 -64 66 98 -90 -95 54 -8 21 61 56 -22 -69 -42 -48 -56 70 82 14 33 77 45 57 17 36 93 87 2 -13 -8 12 80 -38 53 30 65 12 -44 -41 -89 73 87 -8 97 -48 -41 34 -87 37 2 11 -73 -56 31 -79 -59 -13 -23 29 82 -40 -95 0 -49
38 -57 -13 11 39 -78 18 32 61 88 59 20 62 30 38 89 63 27 -93 95 -92 36 46 -48 -32 55 32 38 -81 0 48 -26 34 37 -71 -36 62 25 88 5 1 -73 -1 11 95 53 -68 -99 -53 -72 -5 58 -39 0 15 7 -93 19 65 86 -67 -51 -40 -85 -97 -68 -17 -2 -12 38 52 -10 -84 -61 45 56 -31 33 -39 -32 60 1 57 -57 12 52 -29 -11 71 -57 27 -53 47 -62 31 -18 -38 43 -26 70 48 -13 -20 39 33 59 -81 -10 -15 -76 64 -41 67 -85 62 -8 96 82 32 -82 43 80 -21 -3 46 -61 -29 2 19 10 -80 99 -9 19 -63 67 -44 46 35 -11 -28 5 -32 -7 -71 45 45 41 -87 92 -88 -47 98 53 -81 -86 -61 -38 -51 -98 -38 -41 -5 -48 11 -75 88 -76 -1 80 41 -14 27 -43 7 97 -8 -38 -73 -17 36 30 -96 -9 90 -49 -18 34 -72 -38 16 23 -85 -82 -62 66 79 63 -55 22 11 -31 87 28 -45 31 40 -5 -81 50 91 -57 27 -4 -11 65 60 -98 76 -11 46 76 62 -10 75 -34 36 2 27 -98 2 90 55 39 53 87 -7 -16 91 64 43 93 35 27 -59 92 -66 -38 18 24 56 23 12 91 88 83 63 -93 -67 -35 83 -19 -60 93 -36 13 -80 -16 55 66 62 19 -71 -64 24 -58 -22 -5 92 16 -36 -55 -85 45 70 10 22 41 -95 85 18 38 -10 60 51 40 -57 -36 25 57 58 40 91 11 79 17 48 49 54 -40 95 79 18 44 -9 -4 -34 -35 -93 18 65 26 -76 19 -95 -17 -58 -91 -51 -72 -42 64 -8 -28 -42 -65 82 -70 78 59 -80 -54 13 -64 14 -13 58 -94 -57 77 -97 97 -71 -40 23 -12 5 -99 -86 -15 -16 -40 81 -88 -19 38 -80 -75 41 -66 42 43 12 11 31 -69 -37 98 -36 58 62 90 64 47 55 69 86 -95 -79 12 27 20 -65 37 50 71 84 20 -76 -69 83 59 70 37 35 -86 -5 -74 -53 -35 1 -82 61 -82 60 9 -82 29 51 10 -6 -98 -23 -51 -16 -59 -81 -74 15 70 10 -38 -37 75 -61 42 -33 -30 -14 91 11 96 77 50 -11 -18 33 -43 -86 67 82 30 79 -40 54 -18 31 97 -84 17 1 -81 50 -87 -74 -68 28 15 77 -94 70 15 54 -54 -19 -67 70 -18 94 -79 -92 5 58 86 -33 -85 -11 60 -23 -32 -17 80 88 -72 12 -90 -41 -55 -55 -66
-36 -75 82 -88 -29 83 -7 31 -16 -25 -31 -93 -76 7 68 -66 -9 97 79 38 -43 25 -93 -97 -24 14 76 -57 94 32 -42 -55 -51 -79 -48 70 -48 93 -64 -58 9 -82 -43 -77 59 57 54 68 22 21 81 -32 -30 67 -83 60 -68 48 -77 -72 15 -16 -43 37 -32 -57 -35 36 -54 -44 13 92 89 -79 -70 52 -3 71 -67 -64 -85 -52 -40 54 21 93 -23 84 -89 -55 -66 15 -44 11 56 96 42 -49 40 40 94 54 -42 54 -96 2 82 45 -57 -66 38 -96 -9 -61 -45 -48 43 -12 -38 32 3 91 30 -97 89 34 58 31 98 -13 92 21 -82 23 -28 1 -75 48 -49 75 -82 -36 42 -51 -49 91 -66 23 80 -63 44 -7 34 37 -11 -26 -32 87 -21 76 73 90 77 -77 -26 -5 -62 41 85 -51 86 -68 62 67 -34 -70 37 -54 38 -75 -77 3 -72 46 -10 -3 53 -45 69 -3 80 -86 -42 90 -40 -63 -55 52 -76 -26 -47 -96 -77 0 -37 -28 -2 85 69 48 45 -79 -25 -21 -6 -18 73 -29 34 -32 3 52 -74 -69 71 38 -16 7 27 -31 1 -30 33 -72 23 72 40 18 -28 -80 -45 2 58 40 -70 -61 87 74 89 55 58 84 -94 93 45 94 -46 29 -39 23 93 57 -81 41 -34 0 81 -71 80 -62 80 -99 66 -7 88 69 -41 -89 -73 -79 78 89 -96 -64 -1 -72 -86 50 54 -12 -26 -26 71 -33 -55 -71 52 -59 90 -15 30 32 98 60 -50 -34 -90 77 -39 -52 -11 27 -66 -59 -17 -69 -34 3 -27 -7 60 -41 -94 -51 -2 -52 -5 47 55 -47 83 61 10 58 -1 -25 72 -83 74 -98 43 -14 41 41 43 28 -41 -93 -97 62 -13 41 -66 51 -21 -15 -36 72 82 -84 39 80 -49 -49 13 -84 -23 80 18 82 -37 53 30 -66 -71 88 -5 -60 87 41 90 -7 69 20 96 -2 79 -83 71 -23 62 -11 74 -50 -13 34 7 90 -62 -95 76 -60 86 -64 70 27 71 97 65 38 3 74 -19 6 -61 -67 -78 78 -74 1 -14 77 4 26 97 -14 61 11 44 -72 92 -7 -62 -23 -38 46 60 -31 -25 -39 -68 2 -71 52 25 -72 97 -80 -8 -6 67 -75 71 -49 13 -88 -49 -34 13 -88 -24 -83 43 1 -57 -40 24 -33 99 37 41 52 84 -78 61 -70 13 32 -73 45 11 -86 -58 42 71 49 68 -65 18 -30 -58 85 78 99 -12 37 11 89 73 2
84 37 -46 -78 53 79 -37 69 59 49 62 80 61 -55 83 -48 -57 92 86 -31 -68 47 -60 -48 30 -37 40 -19 -81 81 10 -14 -60 -21 36 44 38 -63 -53 -23 25 42 -61 -44 80 -43 -27 32 97 35 9 43 -59 11 -63 19 -89 -58 -78 -81 -30 90 69 -62 8 97 10 -6 8 84 -62 -49 -79 43 -45 -58 -56 -1 73 -78 -19 -24 -13 -49 -7 -96 42 0 -56 -55 -33 -71 -25 14 71 -27 84 -89 -76 42 -42 69 23 91 -69 55 20 -71 3 97 49 -80 -57 -79 61 -80 -12 -23 -25 36 -55 84 -78 -68 -23 54 -28 35 -47 -11 -65 -34 -66 -32 -88 -56 53 -99 -57 41 -73 85 -43 -64 -33 -1 93 -34 -82 -53 -59 31 58 -60 -88 12 5 -12 7 32 97 -81 4 -42 -33 55 -76 -99 -30 -94 57 78 -88 3 12 -10 68 -59 -7 -53 75 50 -80 19 -57 -17 -46 75 -20 -13 -38 31 12 -19 43 -65 27 51 -92 -58 -31 -21 -92 -15 -8 -54 -55 -3 21 -55 67 91 24 -40 -61 -93 -83 23 70 -79 38 -55 -10 6 -72 -93 46 92 -22 -73 22 22 71 18 43 -97 -18 -56 1 34 -89 21 86 76 -57 24 -41 -18 92 -34 -25 63 -10 -96 75 75 -87 52 -82 -50 -8 -23 -19 -34 53 -59 64 -84 -2 53 94 68 85 91 13 88 45 43 45 12 -73 10 9 -88 9 -88 -32 71 40 -16 -71 82 -98 91 -58 -39 57 94 -13 11 -3 -24 20 70 45 -67 44 -49 -31 27 63 56 81 41 -82 -35 -17 -4 -88 -72 30 5 80 -30 82 -99 84 -58 92 33 -22 -12 25 23 -40 78 92 -94 8 62 54 -43 50 -36 28 72 34 45 -74 77 -88 48 -36 29 44 23 42 88 -14 76 39 65 8 -83 53 2 -85 51 -17 -42 86 -38 60 -11 -45 51 46 -96 86 -1 -72 -24 84 -66 -26 10 -79 57 -56 -31 89 -82 85 75 -82 -18 34 -10 7 74 82 -62 -46 93 4 -52 -84 -74 49 94 -4 41 -13 -66 45 86 -44 -39 -39 -54 -48 32 -47 84 -20 54 -92 -30 -2 -75 -25 -8 56 -70 59 82 -97 -74 75 60 -71 33 12 29 69 21 -98 -95 -72 48 97 32 -77 7 -80 27 -26 29 -47 17 44 -53 -46 -84 10 12 -68 23 10 -77 -69 91 58 -11 56 -38 67 72 90 36 -5 18 8 94 31 -54 72 -25 54 -26 17 -40 65 82 60 -37 -18 -4 57 87
50 -69 -63 -98 69 -12 3 86 84 63 -49 92 -76 -93 3 35 48 -15 -70 93 -87 -97 63 50 -68 53 12 -35 -60 57 3 -28 -96 -85 -51 83 80 52 60 41 -55 92 -7 -6 -31 78 -10 19 22 45 -35 -92 -29 47 -23 -93 -97 -1 55 81 -56 -4 -27 -16 12 -64 -18 13 72 0 89 -78 -59 -42 78 88 42 -46 26 -17 52 -65 -6 2 -34 18 13 48 57 91 -40 -24 -28 53 53 67 34 -50 15 66 18 95 -87 -1 -95 -13 27 98 -69 87 20 -28 -32 51 77 -89 52 77 -19 34 -94 55 76 -63 1 -13 -51 -3 -33 -76 -64 -39 22 -80 -51 -92 32 60 -3 99 -11 54 14 10 -57 55 13 -85 -3 67 4 82 -93 36 34 -51 98 -79 -26 63 29 55 66 79 84 8 -80 46 -40 21 81 -40 98 41 -31 -38 68 1 -87 -81 6 33 -35 -66 32 68 -11 -15 -78 -83 -86 -45 11 -43 50 -9 30 -22 52 41 1 -96 36 -97 90 8 -1 94 -7 5 -41 -89 7 -14 56 27 95 70 -46 -95 97 40 -55 -68 -32 -17 99 22 55 -98 77 52 86 82 70 79 34 90 -52 22 -13 -81 -15 -62 96 -31 -5 45 18 35 -63 69 -10 42 -47 89 -35 -32 66 -38 -14 39 79 -9 -6 32 71 -59 87 60 25 21 70 -66 68 31 88 -7 -3 32 -51 -41 -91 35 13 -65 90 -20 39 16 54 -9 -28 5 -45 46 69 -43 -7 -65 77 78 -43 78 91 -76 -18 -15 20 39 26 -52 36 59 63 -7 9 -57 72 -27 -38 -49 -65 70 92 -29 26 -78 43 94 -93 96 -56 -27 -50 -41 -51 38 -28 -21 -16 -90 99 14 -81 98 70 -7 96 96 64 -52 -57 68 35 58 18 3 -57 61 -58 63 -13 64 -89 98 98 40 -40 41 19 8 -74 16 -54 9 -44 20 -64 -43 34 38 34 -26 30 31 15 -50 54 12 16 -76 22 63 -17 4 95 1 -17 -1 30 66 10 38 79 84 -76 -90 30 -4 -63 -46 -47 -3 -87 -1 -34 22 89 -37 -26 -85 34 52 -2 -20 -60 -46 9 87 9 -82 -29 -9 -45 93 94 -69 9 -12 23 11 -16 -2 -3 24 9 -26 24 95 -29 75 -92 53 63 -79 61 -1 55 -33 -37 98 82 75 94 -5 -81 -1 -97 -24 -37 -41 -80 -88 80 24 67 -48 -22 -83 14 -39 -36 -7 75 26 18 -64 18 73 44 17 -54 -75 -5 47 -8 29 -28 -2
-93 -26 59 -3 50 4 -55 48 33 45 31 88 -32 -47 78 33 62 3 -21 89 47 47 11 -10 -49 70 5 -28 -42 -62 -41 92 98 77 47 63 21 89 38 -61 69 -76 -59 40 -45 -46 -37 14 -35 -5 -49 42 87 15 -44 60 48 -3 78 -16 98 88 4 -9 40 36 41 67 12 -75 95 34 -67 53 60 2 28 56 72 -21 0 49 -88 55 85 -5 -74 92 66 -35 -16 25 37 -31 52 54 20 22 92 89 -1 -78 69 -68 67 0 44 -7 -27 -87 46 -12 -21 64 88 -92 11 -29 24 59 -59 -20 -71 61 65 56 -62 -37 60 -51 -19 -79 58 6 34 -48 81 55 83 44 -49 2 -72 20 47 -4 6 -74 -85 20 -15 92 -60 -36 -23 33 89 80 -14 -71 -51 70 42 -93 7 71 -37 66 -38 42 -38 -83 -65 -62 -70 22 59 16 -97 84 -89 -18 24 -88 -56 52 95 -60 -68 85 -62 -49 60 34 84 20 -51 -19 -55 59 -58 -42 71 -47 -76 -15 -57 -35 -71 21 16 1 -61 93 9 -52 -29 68 78 36 46 -58 -67 -70 -24 -43 -97 -71 -91 -24 83 96 55 86 6 -26 22 -43 -56 -39 99 -58 34 -55 8 78 64 -90 -56 43 29 -53 -53 8 -96 -12 -19 89 38 94 26 31 -92 -27 -36 -89 -21 -90 12 -16 -90 -72 81 34 -98 -58 41 -68 85 -35 -59 64 23 41 -62 -73 64 -51 8 27 30 -53 14 66 74 -96 -62 53 -64 38 -8 98 -17 10 66 7 68 10 -24 -92 54 -7 -24 -6 48 6 -28 21 95 -64 -93 17 76 -54 64 -93 56 7 52 95 44 -80 -80 34 82 39 52 -14 -80 7 31 -80 -22 -88 -52 51 51 -72 62 77 -88 -77 -27 -16 0 98 -23 19 77 58 6 -99 -76 -54 -23 38 16 -93 -92 79 -89 -13 -94 -84 -74 52 84 -50 -56 -35 -18 -81 -35 -21 17 68 29 -44 0 -93 -19 -16 -15 -57 22 76 -16 35 57 -1 50 81 -64 92 -25 -38 66 97 40 39 28 -87 8 -86 3 49 -79 -82 89 60 38 53 -69 -45 -32 50 -29 -41 45 78 36 78 90 -55 -61 91 87 41 39 38 -50 21 -40 -57 87 2 9 24 -97 46 28 -70 60 -23 16 -48 -38 29 -25 -54 -99 -87 -43 -22 -46 12 -63 -15 -34 -2 -98 -38 -75 41 66 53 9 75 -19 -83 85 -68 -66 -25 59 -6 19 -44 46 83 50 -45 -86 -94 -91 7 73 1 16 -32
37 -20 -43 -71 -1 -60 40 64 -21 -33 -89 33 56 -16 -17 -80 47 37 -32 -81 93 -50 -74 55 -73 32 6 7 -7 12 -49 -99 28 -59 12 79 -70 -72 -17 66 81 87 91 76 -17 -42 23 -34 -75 89 -81 -42 74 14 18 -39 -98 14 0 78 45 -15 -44 -61 -17 -16 14 44 84 82 89 0 65 -44 5 1 2 12 81 -83 70 -71 7 40 -53 20 -54 71 43 43 -60 44 60 -98 -43 6 75 9 62 -20 -24 -8 53 21 -43 18 -8 -82 -98 -91 24 91 -84 89 -76 -31 98 39 -59 -86 2 66 25 -58 -99 8 73 -15 -6 74 -99 97 -71 14 -98 30 90 -7 42 -49 59 -16 3 46 87 78 -16 24 29 24 -75 78 0 -58 -6 38 98 26 96 -24 -98 -60 27 3 39 48 -96 99 -25 11 82 22 -46 -67 67 -63 -90 75 -75 -46 39 -70 54 -10 -33 -97 -75 42 -99 7 74 -38 7 -59 -51 -24 -47 24 -84 28 46 -15 -19 -84 -90 6 -25 79 6 97 32 38 -93 -45 90 13 -58 -77 56 46 -16 -65 43 68 60 -1 -99 -53 -39 92 46 92 -7 -34 -27 62 -90 66 -84 67 -52 98 -92 52 -38 -43 72 -39 93 79 -20 -88 11 90 -13 83 -41 76 11 -60 90 74 6 -68 83 -77 -77 -74 -61 -42 -50 39 84 -20 -84 -79 68 97 23 -4 -22 94 3 -1 17 -15 97 -76 -36 47 30 12 -34 6 8 71 -74 -54 86 -1 -69 3 11 3 -56 -84 -62 15 -14 -2 -45 -65 68 3 36 56 40 -14 31 40 -64 64 7 83 93 -60 -52 27 -79 -94 86 60 78 -10 28 49 29 -5 -11 32 -18 -72 -45 -33 82 -31 72 -51 42 30 -71 -98 85 -92 -57 -48 -97 -11 -31 -60 52 -98 -77 59 -53 -37 -26 6 3 72 -3 23 37 6 -98 -44 -79 -94 -38 -53 31 -50 -15 -23 -56 34 -47 34 -5 -97 -26 76 -12 51 22 73 -72 57 -60 58 -18 -37 -52 -91 -74 -4 -29 52 30 64 82 90 96 -95 24 27 25 -16 7 -78 -95 53 95 41 -84 -71 91 -64 51 -70 -30 48 34 -34 51 -49 68 21 -10 21 -16 93 71 93 42 52 37 50 42 91 74 -18 20 29 49 29 20 40 -47 -83 -77 11 -67 -61 -89 -91 36 7 -41 -77 -90 -48 -43 24 -52 50 -98 -36 99 -4 15 -36 -4 -99 72 -75 -16 -26 -9 80 20 63 -77 -15 13 -48 52 -18 -76 77
13 -96 -46 82 -68 10 -93 7 -65 19 -57 81 -92 63 -2 -98 -82 -4 -35 66 -79 -43 78 85 29 94 -68 14 38 63 86 8 71 -96 -73 62 56 -14 -40 84 -45 40 77 67 -52 -95 94 16 -92 43 57 -75 73 -61 17 -26 95 58 -80 -47 -63 53 -9 -79 31 59 5 -13 25 -40 -22 11 -52 57 -53 34 -79 -48 63 -57 59 -50 -7 -64 -96 29 23 -94 -23 -36 -79 -30 24 25 28 -86 -4 -84 -53 -58 -10 -88 -76 64 91 30 95 -83 -30 -65 9 15 -23 46 83 -27 84 -19 24 60 -77 23 -79 16 -83 -22 -6 -77 -47 -91 -98 -28 -7 -13 -76 94 -76 -50 22 -41 -57 -10 49 4 35 -76 62 1 35 -15 -40 85 52 61 90 14 -32 13 84 -22 78 92 -30 -45 -89 86 -97 96 90 95 3 -95 -53 -86 42 -81 68 -10 25 -19 38 10 48 -24 38 -63 43 25 96 -22 90 5 -12 50 -59 -4 75 42 43 -44 48 30 -36 10 -87 39 -74 -68 82 28 33 -96 -98 -93 95 -11 38 -96 30 -4 78 -47 -54 19 -13 -31 77 -58 47 -55 44 52 88 4 -6 -6 13 19 36 54 27 -60 -8 -87 -45 -41 63 -16 75 -73 70 1 92 -45 25 -11 -88 -55 -85 91 -59 -51 24 63 85 -34 24 79 -46 -23 -47 -15 78 -19 86 10 -53 -98 59 78 -43 -15 -86 -96 53 -83 -74 65 12 9 53 -40 25 -12 73 39 22 8 -63 83 27 -72 38 53 -28 15 60 97 61 -54 3 -1 -7 -86 -35 37 -37 11 -63 -53 -52 -16 -74 7 57 98 32 -52 7 30 35 22 -40 -20 31 85 -70 -57 -85 38 84 44 -31 48 -19 52 -80 -63 -15 10 -56 5 -51 95 60 16 -40 -98 -86 39 -22 51 -9 78 -60 -5 16 -22 -84 50 0 23 -10 32 75 -47 63 23 90 -21 -78 11 -60 40 -93 89 85 81 18 -70 19 76 -43 -32 32 -58 30 8 80 -25 8 -35 -5 92 38 45 -23 86 63 24 -21 -70 69 -26 65 51 99 1 37 54 37 69 90 -52 58 -91 41 -25 82 99 -87 11 -43 48 41 76 13 -98 8 -60 -3 -32 -66 -30 -29 -2 78 59 -95 -37 60 12 30 -84 -52 -33 97 -81 69 40 -30 -61 -38 18 64 -59 53 -2 -56 25 -77 -42 54 -92 25 -17 -4 -76 -48 -13 -97 64 -50 71 8 77 43 -52 -24 -6 77 -5 43 -60 -15 -40 -36 21 52 70
14 -33 -57 -76 -11 -72 45 66 3 -41 53 -19 -23 -82 27 82 -24 29 32 44 11 84 -66 96 89 -63 -89 75 80 32 79 -49 10 49 -96 -12 76 93 61 -8 90 29 67 -92 -21 60 -99 77 -64 51 86 -43 90 -21 11 -19 16 -28 -93 -11 -34 67 -3 26 34 75 -62 40 -95 -34 96 32 -81 63 -52 -20 -8 84 12 -87 -77 -22 -17 98 -20 36 -68 36 -26 -12 66 -28 5 54 -90 -88 -88 -84 -83 -77 -57 92 -60 -98 90 -35 -41 9 22 72 -77 -8 47 -76 -59 45 -12 -61 58 -51 -83 -82 -70 -91 65 51 48 84 -66 -21 -26 -97 -30 25 -92 -90 90 68 -81 47 48 95 44 46 -56 97 16 -85 -25 -65 85 -81 29 -51 73 88 -59 -65 -82 57 -92 41 51 45 54 -95 -71 -64 -63 11 33 -62 -68 -90 69 -73 -24 -51 -71 98 0 94 -90 -2 38 -41 -7 23 -96 -77 -57 -82 -37 84 -20 -27 -11 -1 -66 21 -48 -71 66 14 85 12 40 -44 -10 86 36 -83 52 75 58 51 8 -1 50 93 26 50 -34 31 57 4 33 57 73 -56 -54 46 89 49 -23 -77 66 91 -41 -39 -35 53 -39 -18 16 -12 48 -9 -2 54 -45 -55 -91 -72 -3 -2 12 -82 97 -23 65 -10 46 85 96 62 -16 20 86 -27 58 61 -2 40 29 38 32 18 -11 4 -53 84 -52 78 75 68 68 -47 -8 -22 3 26 -15 94 -4 8 -60 -46 46 -20 -37 -75 74 -30 29 -18 35 2 -30 88 -93 -4 25 -82 74 94 28 89 84 -66 -89 -52 -55 18 -83 -94 -20 88 -52 -64 -88 74 -11 -69 -38 45 -54 24 96 -96 86 -39 84 -38 -65 40 -91 -49 -6 9 -7 63 -31 -2 -60 41 -57 -49 15 -54 21 97 -30 -15 86 -95 93 -49 26 -14 44 -71 -19 99 -24 10 -98 1 -71 70 88 1 38 -87 47 -31 -26 89 -96 4 -89 -8 -50 -62 -25 3 24 25 37 6 50 26 -49 41 78 76 61 -31 -28 -75 -64 95 11 87 -54 88 2 3 -97 2 -6 17 -89 -97 48 -42 -9 74 -48 -41 -72 -99 -71 91 -47 20 -24 37 91 14 -94 0 2 -11 22 -67 57 95 82 -92 -15 -50 -22 31 17 12 -64 -57 -60 -48 -73 -29 95 87 54 31 -5 32 98 -98 -83 28 63 -76 1 40 -26 -32 81 90 12 -11 -22 -77 -29 -36 -25 59 -64 93 44 -46 67 -71 -87 75 -24 36 -39 3
0 87 76 -58 84 89 94 97 -68 -59 -78 26 -86 52 -97 60 15 -23 -59 -3 -42 -74 -17 63 -95 4 -71 -69 58 40 -64 99 -53 77 7 -27 29 -4 40 -83 62 8 48 -33 -65 -8 0 85 52 90 67 39 -58 55 44 -94 48 66 93 -88 5 -67 -70 -79 -84 58 -72 45 5 -96 86 35 12 34 -18 12 20 57 -50 1 -99 9 0 35 -66 29 -80 -22 -76 -20 87 63 72 76 -40 76 -6 68 -83 44 36 70 -56 -98 6 -40 80 -69 -33 25 29 47 -39 -50 88 -31 59 -76 12 -21 98 -85 27 71 59 12 24 17 60 24 49 56 45 -70 -1 -43 82 70 76 85 -68 52 45 -64 -62 31 44 84 63 -13 87 54 -59 83 60 -69 57 -5 85 -95 -64 -51 -48 -12 -15 -79 -72 -55 -4 80 -67 15 -52 69 -69 52 52 -19 49 44 -20 41 -40 -86 -4 11 97 38 86 78 -21 9 -42 -70 -22 47 61 -21 -67 55 0 -56 -67 17 46 70 17 85 -14 -97 -77 71 10 84 -72 93 -11 88 -69 40 -42 72 19 -68 85 94 -70 -64 54 35 -68 57 -95 1 -43 -85 -70 -1 -64 -85 -1 43 83 -13 41 -30 12 -17 -43 -40 -99 87 -23 -14 -27 -12 86 -75 -28 -21 -10 -98 -92 -16 41 -12 -69 -60 29 88 75 42 73 -2 68 -12 48 44 -74 85 -33 -97 2 23 61 56 10 -99 85 86 -50 -89 27 51 -45 88 79 -77 81 -27 91 -65 66 35 18 3 -61 -56 83 85 96 -71 84 -75 -86 -17 57 -61 -41 -21 -82 -7 81 -30 94 -15 -94 62 36 84 91 37 33 -70 95 -58 74 82 -26 95 50 26 -58 -57 -67 90 84 15 -21 -57 -2 7 -28 -38 -76 89 50 41 -80 -41 -74 73 -27 58 -42 -63 -31 -39 71 60 82 -93 -54 8 76 -47 -20 63 64 -78 -49 -12 -90 52 -54 11 11 44 -70 11 -63 -40 -59 85 27 84 -12 63 -76 -74 -71 -82 14 51 32 55 28 -80 -74 -31 29 -51 -17 -53 -87 -19 23 -18 55 -56 93 -53 99 -99 -81 83 -69 42 -20 -29 27 90 78 79 67 -77 82 65 -87 -64 -21 -85 -76 -53 -80 24 64 -36 60 44 29 47 -97 80 -95 33 -78 54 -22 -23 -91 -32 53 -18 -58 -63 -58 83 -24 14 -49 -31 16 -59 73 19 36 -34 -55 88 61 42 -90 -60 -75 -10 43 -76 61 7 72 -59 -13 51 13 -54 -83 -20 42 -59
74 -85 72 13 -53 92 98 57 -3 -85 57 72 39 -13 -11 -70 91 -61 65 18 -3 -33 54 76 -19 42 25 10 2 2 64 66 -89 96 99 -33 -84 9 10 -43 88 -87 -30 9 81 -3 42 -64 -69 67 -39 -17 56 -46 -66 -11 62 20 -17 -41 20 40 -6 -25 67 -94 -18 -98 33 -61 -94 99 -45 -38 -65 8 -11 -42 -76 -21 -52 77 66 61 33 12 -43 -24 96 0 -98 -40 -82 8 8 -84 87 -61 84 79 -89 85 84 -37 -72 -60 -65 10 -31 -6 13 -71 -17 -3 30 -81 44 -88 -10 66 -88 9 -85 -39 -30 0 75 35 -28 -89 76 14 -7 34 78 81 55 -40 65 96 -96 -70 92 -42 -1 49 60 2 -27 -53 74 -16 38 -43 72 40 36 99 -49 -98 65 86 75 32 38 -42 45 80 -37 -61 40 -67 57 -81 25 -62 22 24 -83 15 56 -62 57 -11 44 -88 80 -46 15 -58 97 13 -17 29 -88 -38 31 -45 23 40 77 -31 88 -79 37 87 65 -89 51 51 75 9 80 83 -19 33 -7 -8 -56 -62 38 -43 -42 83 -61 -14 -42 -7 -86 -30 -2 -4 9 -97 61 -62 24 -15 -40 5 -85 51 -53 79 16 50 98 -68 -31 -39 -80 14 23 89 -84 -56 8 36 -7 -2 -18 2 -76 -60 -1 -64 -12 -60 -19 89 -13 58 -68 47 -10 89 6 -1 -9 -16 -60 -99 99 85 12 -6 10 8 -54 -87 70 38 -46 15 44 -68 -57 -58 74 57 -69 51 15 -48 66 79 12 86 -24 -80 53 -76 -3 -25 42 -21 -24 59 -39 -44 66 22 -86 -96 85 -40 56 40 -15 39 -46 -61 98 60 53 -61 -44 25 -80 42 35 -72 -38 71 -84 -5 68 80 -98 55 -92 56 67 4 -63 -48 97 -39 97 -99 -44 -95 -3 -14 91 95 27 94 29 -42 38 -78 93 24 -85 27 31 64 38 -30 60 -16 30 -73 -49 24 75 27 73 -13 34 -21 34 31 56 -42 -69 23 -17 3 86 4 -69 -5 15 -47 52 97 20 -95 44 -70 -86 -85 99 14 52 64 -10 -77 -21 -45 -72 -59 -62 -50 94 1 -30 -97 -43 -36 77 -42 -77 77 79 54 -12 94 22 3 22 68 34 18 61 -65 67 -35 -65 75 -88 78 14 50 -69 32 -88 1 -38 -60 -65 70 -32 50 37 53 2 -76 -26 57 33 42 -51 30 10 38 56 -53 50 -47 -93 45 24 6 71 -1 -33 9 -54 56 -29 46 46 -13 -37 -27 54 -56
-23 80 -98 42 -76 78 61 44 64 -59 -17 19 94 37 -73 -51 -90 -58 17 -14 7 -55 30 -40 30 -69 43 -34 80 52 83 -42 -68 9 81 -4 -9 19 33 -82 70 -14 -9 -40 -7 36 -8 -65 -22 33 -34 11 -27 -75 67 30 -11 59 50 59 -62 -10 -66 35 -45 -19 47 65 -97 84 68 17 27 50 98 -44 -30 4 -64 -37 5 -71 83 86 -28 -94 -56 49 -56 22 -32 13 69 5 -91 -96 -44 -88 29 -44 -10 79 -76 -97 -97 56 35 95 -70 -21 -92 -7 -57 -44 3 26 -11 -44 27 70 7 35 -62 -96 61 -73 -84 -4 12 -42 51 -75 27 55 -78 -47 11 98 -46 7 -37 21 -60 -63 -65 -94 3 -56 -61 -19 -89 87 -83 13 53 46 93 -55 89 30 53 -60 -78 39 91 30 -43 -21 55 14 92 -37 -58 1 -20 -64 76 33 -53 20 56 32 -78 74 -42 -53 11 -55 -72 -12 -93 31 -43 10 -15 79 -4 -23 63 85 18 68 -25 -71 74 70 -43 -30 -17 -81 22 79 -14 -95 1 -21 55 10 17 20 71 -1 -43 75 69 84 45 -16 -38 -62 -58 92 24 39 -58 71 -24 -13 -3 -47 26 5 -22 57 -23 71 -11 -72 -19 -40 2 -81 -38 37 57 38 -85 86 97 -50 -92 -45 96 66 60 -47 -67 44 -94 -84 -58 33 64 -44 -49 46 -81 46 23 45 83 -33 -18 -57 -17 36 92 -34 56 -9 48 55 4 -77 44 -98 -16 -73 -32 51 -64 58 57 -80 -66 -84 3 -73 75 -14 24 -50 -95 -16 80 58 37 96 86 -40 12 -1 45 -71 31 -43 -63 54 31 43 -8 43 41 67 -58 53 54 87 -30 -60 88 -79 -28 72 68 -42 46 -83 12 -11 -93 67 16 10 -4 52 40 16 14 -97 25 94 -24 -5 2 -10 -81 80 -26 73 -56 99 48 35 -40 -54 -89 -50 17 -12 -71 -71 70 24 8 81 -70 -4 -44 80 89 -35 99 -84 -65 -40 27 21 -86 -76 14 27 -8 0 -47 -63 52 18 -84 97 -29 1 87 66 97 -13 28 41 97 -73 -81 -49 -32 -22 -55 -75 36 -3 14 -25 44 -55 98 -35 -63 22 -28 21 10 79 78 -95 -37 -85 89 -2 0 -29 77 -16 -29 39 97 82 44 -45 57 15 38 -4 64 5 -87 47 -94 -40 58 89 43 22 62 -13 24 75 -1 20 19 73 45 -88 -90 -50 -9 -19 98 88 -49 89 -51 84 57 -44 -21 -7 -86 -73 -67 27 76 99
38 -30 -72 39 64 16 -52 -19 32 36 -37 50 58 -94 18 8 -60 -49 -18 40 51 54 -98 29 24 -81 -46 -29 -83 91 31 91 4 64 -84 -8 52 6 -68 -3 -26 19 55 12 88 -90 -56 5 51 0 76 -6 -80 -16 -89 98 -31 -30 -15 2 40 31 59 -50 -57 96 -93 -83 38 61 -74 -2 40 -80 -81 -38 2 22 -60 -68 75 -60 18 23 -19 -87 -59 -35 14 54 23 82 66 -2 -41 -86 61 -5 26 50 -43 -41 -33 32 27 -79 52 45 36 -47 -97 9 96 2 70 17 -84 96 42 -34 -62 75 14 35 -21 -22 -6 -4 78 12 4 -84 14 -81 -36 99 39 57 11 -66 42 96 -79 66 49 35 -4 -73 -12 88 -43 -84 -33 -40 57 38 44 17 28 43 -82 80 39 33 -75 -26 -6 13 -74 5 12 -52 -24 -2 -4 87 -21 58 83 -99 2 -39 28 51 68 -14 5 14 35 32 -53 -98 -94 55 58 33 95 -77 74 -88 -19 -99 56 63 -35 -28 -91 -59 -87 10 73 38 67 37 -89 -56 34 -38 32 -6 -14 11 25 -9 36 -40 -55 -45 4 28 -90 -95 19 -42 38 87 43 -81 -90 61 55 66 98 93 69 23 99 20 7 99 17 58 11 96 36 -67 -52 89 -32 17 4 -97 -11 10 -2 79 -60 -12 62 29 50 -95 89 17 -14 79 -46 -84 -20 26 91 3 -46 85 -4 -76 -52 -74 50 65 -7 57 16 -52 -41 -92 -1 53 -67 -81 87 35 -98 13 -94 -67 83 7 -15 91 57 -27 -3 -19 -27 52 14 -15 -24 -84 15 80 3 -90 -30 -14 55 18 72 43 46 -2 24 -68 -77 -55 6 -32 -31 -26 13 30 -1 64 -16 -41 -51 -80 54 -40 -56 50 53 -45 67 66 2 88 32 23 12 -22 71 -63 85 -49 -51 95 -83 76 64 23 -36 75 46 18 70 -18 -62 24 -86 -98 77 47 -87 52 -13 96 7 90 47 33 -39 -4 -19 55 47 92 -75 -90 -51 4 -19 47 -40 6 85 70 19 66 -68 -79 73 81 -77 -22 -18 -80 0 -73 -66 -62 62 -48 -35 -32 72 -39 53 6 59 -46 46 29 22 -88 -43 24 -55 8 11 6 -43 -67 -3 21 93 -45 61 -29 -30 28 17 -74 3 32 -14 30 14 76 6 -63 -42 49 50 53 -19 54 19 -23 -13 84 38 -76 89 -77 95 21 -96 -52 87 -99 -41 19 68 -10 -8 -25 28 69 28 13 -75 -72 12 22 69 -36 18 -55
21 -94 -71 0 7 46 -68 -65 56 -60 31 82 -77 -82 18 -45 37 0 9 -35 -64 48 4 -33 66 58 -75 75 48 -5 80 -94 31 -34 25 -84 68 52 -7 -76 97 -62 66 -99 49 -96 -13 -81 34 -12 -26 21 14 -82 -57 -43 37 31 74 -77 95 -4 20 -81 -93 49 -11 2 -29 -33 32 10 3 68 96 -13 -1 -61 -27 -30 20 -54 -4 -99 -57 88 73 75 88 -86 -92 -88 -96 -27 -90 -14 -38 94 78 36 -18 -89 20 -45 7 -75 70 -80 -65 -97 -89 22 -82 -5 98 -79 69 -81 -68 -59 -48 -87 -53 -31 52 1 -59 18 21 46 35 -50 -25 51 5 -9 -56 1 -58 -12 79 -16 88 -41 -86 56 83 83 46 -53 76 -92 -31 -33 -92 83 -3 -21 -5 -64 30 -80 -1 -1 93 39 -46 -90 80 -40 -10 39 71 31 85 58 44 -39 1 29 -48 58 38 -13 -4 -79 74 40 -24 79 70 74 -72 39 77 11 -85 -56 -28 -79 76 13 -91 -32 -1 33 -16 32 -22 -43 99 -45 81 -81 -76 -43 81 -93 74 61 30 -18 29 29 -66 -3 -44 -85 -13 5 37 30 -67 8 -83 46 13 27 -60 -81 -30 48 -75 20 -47 -37 -98 -98 -2 48 95 77 -23 -54 7 41 28 -64 -44 -67 -12 61 -86 24 -42 -29 -24 90 93 32 -9 9 -60 -44 -45 62 88 37 70 -95 34 38 8 -88 -64 -85 59 -36 -60 55 -34 25 22 92 -85 -15 -96 -45 33 -26 33 -49 90 -20 7 46 79 46 -37 -97 -12 -61 -74 56 60 -40 -28 -61 15 54 -72 93 -44 -87 81 -95 -36 -64 -96 -43 69 61 25 68 -57 -72 -55 80 -75 9 -72 -84 -75 11 -83 -64 57 -67 -91 -23 8 5 73 -36 28 -26 60 3 -60 -53 -7 91 -5 -94 68 98 -53 -22 -10 23 -39 -46 -35 3 83 -18 -70 -27 -89 35 -18 -76 -80 -47 68 -39 -25 -42 -89 28 -64 61 12 -64 -87 -93 -45 -92 -52 8 34 -33 -45 -82 -84 -70 -92 27 16 -37 49 -40 17 93 11 51 36 71 -15 -83 21 -74 -17 38 0 -58 -16 -52 0 95 -43 50 76 26 -71 56 39 -3 15 51 -6 17 -45 -22 74 15 -44 -28 72 21 -16 29 -65 48 -59 13 -26 39 -58 92 19 -45 -65 77 -59 -1 61 41 91 -82 -52 -92 -99 -77 -60 69 -87 21 -99 54 -30 64 -69 -57 46 23 -10 36 -20 88 46 -17 31 -37 65 -62 81 52 43 1
66 -39 -1 -47 61 93 -42 -31 55 -6 -41 2 58 83 -63 -28 -56 -9 -68 -80 -19 -67 51 -63 11 61 92 16 -97 43 -63 73 79 67 -23 -98 -58 8 3 48 76 -77 63 33 7 32 -85 -43 -66 -13 -38 -90 59 -46 11 95 -32 44 57 25 -54 0 25 28 -18 70 -48 -94 -47 40 86 36 -71 84 -12 -87 -23 -62 -54 -49 -56 95 0 -10 -67 47 -99 -6 -71 29 -63 -91 29 3 86 -55 -40 92 -13 67 -2 -44 -88 -97 -10 -12 -20 -52 -34 1 38 78 72 66 34 -34 43 70 24 -62 55 -5 -54 75 -35 73 59 -92 -52 50 -13 -86 -24 -84 -60 -85 53 28 37 34 -22 79 -33 -8 -66 -46 72 -64 50 -63 -33 -54 -91 53 70 32 83 54 -23 46 -60 -7 -52 -55 -37 26 -12 -47 76 8 74 -80 22 -20 -53 -44 95 -61 63 0 88 82 97 -4 -92 61 57 -97 77 -54 -79 -63 -2 -34 73 -96 42 -33 -9 24 -91 64 -19 -85 1 28 -19 9 76 -59 47 78 59 -38 37 -7 -55 -65 -21 30 -22 -24 -40 -59 72 -15 89 44 -56 -38 27 -64 68 -30 -27 -77 9 28 -91 -4 37 -6 -97 23 60 85 -65 39 12 20 94 95 2 15 66 -9 -96 -83 -26 64 -24 -5 -45 -22 -23 81 -32 -20 92 96 -76 57 -24 -68 -21 -38 90 -45 81 70 -41 -75 28 -99 26 -49 14 -32 65 24 85 -71 42 78 14 3 73 -11 -12 96 -64 73 35 70 -56 -87 23 -83 -30 7 -10 -43 50 -60 76 76 -69 -76 -47 -46 -36 82 -46 -35 40 -43 -22 -79 94 58 -93 -42 -89 74 -22 -48 50 65 -35 -76 -63 -31 61 98 91 -48 4 80 5 -74 -85 -99 35 92 -41 -32 -26 -6 -4 93 15 -50 22 45 -35 -66 -60 84 13 -88 40 -72 93 35 36 15 -65 -38 -29 -46 6 1 63 3 92 6 2 -2 54 -29 -60 67 -58 -75 -85 66 -70 -97 -53 -92 -16 -97 19 83 -85 -84 52 16 -16 40 -61 -58 -27 -73 62 -88 31 60 15 -56 21 -5 -57 -10 -99 -78 -15 50 59 -71 -11 -42 48 64 86 -86 45 92 1 -64 44 60 -72 1 -43 91 -45 40 89 93 25 21 -85 51 -3 32 -37 49 -95 33 40 17 -94 65 -82 -2 56 -83 34 -35 -40 -70 -60 72 74 2 95 54 24 -69 -95 -80 18 -41 -6 44 -50 -7 55 51 58 32 -7 -10 -75 57 -48 28 -76 27
53 -29 47 75 44 -98 86 -60 -15 -77 -2 70 -72 -9 5 19 -53 -49 -76 21 -15 -17 -10 -38 82 18 -1 23 35 -92 -63 27 -97 66 23 -79 14 -44 26 -59 -11 16 47 18 41 87 -61 76 74 50 37 -76 -19 35 -91 96 77 -89 -16 -81 27 93 36 24 28 -32 -90 77 -68 30 76 19 -41 -16 -10 73 -12 29 -41 -23 -82 58 48 23 -58 28 53 -17 38 -49 -53 91 -30 81 -18 -88 -37 -16 -92 91 -9 -64 58 97 48 5 40 -35 -21 -85 -25 -83 74 -89 -72 3 -56 76 75 -16 26 -4 -81 67 49 -14 28 89 -56 -16 -5 71 -62 -82 78 0 -36 -77 66 -42 65 1 9 82 80 -53 -6 37 18 -43 45 -18 58 -99 -56 -53 -11 -11 -93 87 -41 -32 95 37 69 -40 33 51 98 87 -7 -66 -44 81 -37 -93 8 3 60 -19 77 80 -85 55 -98 67 -22 -91 54 -39 -28 -99 -8 5 86 -20 51 66 39 -52 -25 18 47 25 -19 -32 6 55 -53 -14 -86 -73 -58 93 42 35 85 -32 -53 -64 14 -14 51 43 81 65 37 68 -23 -41 -47 63 43 64 86 -89 -27 -65 -9 -47 72 37 -6 -14 -85 97 86 22 95 55 5 -42 -32 74 -37 -45 15 -63 30 -68 -7 -45 -30 61 21 -85 -93 39 -94 -17 -82 88 -27 86 44 -27 -48 -85 40 97 -76 48 -57 19 -78 78 -82 -73 -5 35 24 14 95 -66 55 -11 -54 83 84 -7 63 0 -32 57 -28 -45 -28 98 91 96 -57 48 -91 34 -21 -31 -38 -14 43 91 -78 66 -81 -32 91 42 -9 99 -76 -89 -78 -75 32 -49 99 70 21 -53 70 -9 -47 52 -10 66 12 38 71 75 -33 88 36 96 -89 -9 93 65 77 67 -44 -3 38 -39 39 -39 -22 53 -70 55 -53 58 -61 95 -16 58 -62 -28 1 91 57 30 75 -17 -10 -24 -68 -27 3 -40 -73 42 -88 36 -84 -82 5 72 1 -40 -33 24 -88 -45 -93 70 86 50 40 -11 -51 -5 88 -20 55 45 -6 -42 -64 69 -64 44 95 -78 -52 61 89 -25 -98 67 -58 -46 -48 -41 52 25 45 -17 -97 -34 56 43 81 -31 32 -15 5 69 -29 0 37 71 35 55 -89 94 92 27 78 -90 -57 57 25 86 61 -38 98 38 34 -93 13 64 19 38 31 -12 -94 72 -31 52 -91 54 92 38 -18 -23 69 -73 48 -92 24 -23 85 -13 -81 33 66 -43 -89 -2 -32 -62
21 90 3 -40 -15 -11 -59 89 32 -41 33 -39 15 -80 -59 -92 -10 14 -40 59 -98 47 16 51 -84 -24 -1 40 -57 -6 -96 6 -94 -87 80 10 1 -42 -52 89 16 12 -35 -15 -66 53 91 -89 22 19 -44 -69 4 88 19 -88 17 -68 9 76 98 40 1 80 81 38 -12 -62 -64 33 32 -75 -98 -72 -47 -63 25 -26 -50 22 20 -29 81 90 -15 96 97 -62 19 -21 17 29 -42 8 53 -79 82 47 -9 -19 23 39 -31 79 -17 48 91 -70 -17 55 -36 -50 -77 49 -28 45 20 74 -68 91 2 -65 -12 44 -53 67 -4 -94 -22 -87 -49 -89 50 76 74 -84 28 -77 -84 -6 -46 92 55 35 63 2 26 3 -56 39 57 -58 76 17 87 98 37 -48 -20 -93 -61 -64 75 -13 2 -48 -68 64 -18 54 11 -63 -76 -89 44 -35 -33 98 18 11 72 86 -36 16 -7 -65 -39 98 14 -64 31 91 66 95 -88 -69 98 -77 -31 95 -77 -33 -6 -72 97 6 56 55 -15 -48 54 37 26 99 -65 25 -23 67 -11 -9 18 -39 -95 62 -50 68 -39 26 -81 23 -61 88 -13 -52 -46 71 59 -69 38 -39 59 93 49 97 -53 18 -86 -24 11 -36 -3 -81 87 -57 38 85 3 71 12 77 24 -58 -2 -80 68 23 38 34 -9 82 41 -22 -7 41 -80 -14 8 90 65 83 37 -67 -56 47 -55 -89 4 -26 -40 -2 1 0 56 -35 -93 -14 -10 5 55 -28 -13 24 86 19 -60 -88 31 32 -63 86 61 -13 9 41 10 68 -13 40 44 -42 -40 19 -49 44 -74 -57 -68 -33 23 -89 -98 -5 99 -10 -83 61 65 -57 -50 91 16 91 -61 33 9 -90 40 -9 -9 1 95 -61 40 98 95 -30 -83 14 -28 -35 99 -41 -75 56 -25 2 30 -68 32 -8 38 -92 -18 -81 -49 -12 -10 7 84 -82 0 56 99 -93 -12 -93 -42 -81 -60 -53 21 -5 -41 75 24 72 -88 -51 -23 -11 30 17 1 13 81 69 56 -41 -58 91 65 -85 -65 59 -90 -3 -10 -32 55 -48 -2 -84 -98 -66 -76 72 33 -17 72 -54 -5 -89 -50 2 80 -76 77 -7 -94 -18 4 92 -6 -35 65 97 16 81 69 -89 -44 91 80 -11 -99 16 -23 -11 -22 67 -98 44 74 34 15 -11 19 -27 67 38 -82 -91 -7 -65 38 55 -13 97 85 -2 -34 -29 -92 19 -90 15 55 -98 -55 -44 -67 92 31 -9 83 27 -54 -83 -91 -10
82 -59 31 76 -98 11 -59 33 -96 72 -23 48 -62 -78 45 12 -85 67 -78 -17 -35 67 76 -38 16 66 93 -78 19 -88 -19 -26 76 -99 -37 -78 19 -95 63 -97 89 93 -42 44 -72 29 44 -85 -71 32 60 22 10 -28 -91 -47 -23 -28 76 -97 -51 12 87 -71 40 36 -97 -69 -16 15 -72 -42 -96 5 -19 79 -5 22 79 -91 -76 -83 -54 -64 -35 -39 -4 -7 78 23 -37 -47 -99 -15 13 80 -84 65 -15 27 -58 37 -61 4 52 -81 71 -69 -81 -59 -38 -1 -98 89 -38 33 1 -62 6 9 -42 -39 67 76 56 61 -35 -7 23 32 81 1 42 -12 -87 65 -79 79 37 -41 31 -78 -36 36 -31 -91 -12 2 60 99 6 -22 9 96 55 -80 90 -59 27 39 -84 39 74 58 -19 58 38 -80 -22 48 -2 -71 -91 54 0 -39 -44 50 38 -53 71 54 61 -77 70 60 -14 -26 -44 19 -68 -49 59 83 -18 59 -34 98 -46 -31 -70 67 33 -38 74 93 90 42 33 -2 -26 25 -78 58 -53 -16 68 73 2 70 84 77 39 -94 -19 -49 -16 -51 -24 42 79 -32 78 67 -41 -99 86 57 -29 -80 -1 -1 -94 -17 -39 -46 -30 81 -6 1 56 27 37 -6 -76 -9 -60 3 -43 11 -27 -41 -91 7 -11 -33 64 -51 -29 -54 -27 0 -91 45 -73 -46 -75 55 46 53 -67 34 -82 98 22 -88 -7 -82 24 -1 70 -44 -53 93 40 -41 -1 -51 45 -78 -20 83 17 -75 -72 -96 -16 -61 -16 -74 78 -67 16 10 11 24 13 68 -65 60 20 20 -94 -58 -23 87 67 77 4 -99 -72 -65 83 -24 -38 24 -63 -95 57 -93 49 28 73 35 39 55 29 11 89 98 -7 -57 17 -96 66 29 57 -44 -97 -99 58 50 -99 -59 -25 74 72 93 16 28 -8 30 -75 10 -40 65 73 -79 88 30 -82 -46 -11 -23 13 -72 -40 32 48 39 -31 32 -30 39 -29 76 31 -81 85 25 -78 87 2 91 93 -57 -51 41 -62 90 -12 -11 -59 -16 66 -90 -1 -12 72 -72 -79 77 9 42 -76 -31 -81 29 -95 42 36 -9 -9 66 -33 67 -7 -12 90 81 99 -33 -24 -22 73 -20 -78 -13 57 -78 91 -75 -15 -39 -1 55 38 85 -46 23 -70 82 24 -98 86 93 35 76 -49 30 52 43 71 78 -72 26 -35 -64 -50 -77 68 -78 -97 -70 -97 35 60 -33 -11 -61 51 55 -39 85 68 -98 -27 -3 49 18
-79 -68 -94 36 -1 -38 9 92 -21 -64 83 -58 35 -71 -60 16 34 -17 -74 11 69 53 -72 56 -64 73 -45 -76 39 56 47 22 -48 53 86 72 32 14 -54 67 -83 18 -42 40 -1 14 -69 78 59 65 44 -37 66 87 91 8 -91 -18 -81 -79 63 44 35 27 98 53 -6 -71 -45 9 -67 -88 90 54 94 75 -44 50 35 37 -72 60 63 -37 -37 74 8 -68 24 -7 76 -9 -10 -53 72 53 0 12 -46 77 -53 -18 0 -91 -91 31 62 43 -55 73 3 -16 96 23 54 -38 -97 -84 78 48 -55 44 -10 89 91 97 80 59 -17 -20 31 61 52 -59 -34 31 0 26 14 7 73 -57 -34 6 26 12 -45 75 96 24 -37 68 -75 6 77 -37 -78 -79 61 -41 16 3 93 -68 36 -70 -77 19 -34 45 87 -69 86 -10 35 -41 -22 -53 -22 -51 58 9 -10 -1 -71 39 -18 -13 92 -77 -11 -71 6 43 77 20 97 95 -24 42 2 17 96 -68 7 -46 84 -78 -12 -82 -63 -67 81 7 -41 -13 33 11 44 -38 52 95 -12 33 59 -42 23 68 2 49 -42 1 -97 38 66 -2 -78 -7 -61 14 -24 64 61 -85 71 72 38 66 97 21 -50 94 -1 -28 -94 30 37 -22 -42 -53 1 -60 20 -79 -33 -17 97 -65 34 -48 -9 99 -69 -82 -10 -70 78 6 10 -61 54 69 20 -85 6 -63 46 -22 -81 67 96 47 -8 -86 14 -69 76 2 59 -29 34 26 -25 -42 -7 23 52 -29 24 -34 -72 -89 76 44 41 14 4 -7 54 93 80 71 -57 -88 17 67 74 -18 43 -37 13 9 -94 -36 -51 46 -48 -50 99 -18 24 20 50 18 -78 87 8 -35 -66 -90 1 63 27 97 84 -61 -61 95 -95 36 46 4 11 34 -39 -74 86 -77 80 89 32 41 38 46 -7 80 84 23 -81 29 16 13 -20 -24 9 79 52 -52 -23 21 -29 63 67 22 -94 74 20 94 95 -62 58 -37 21 76 -82 51 -26 5 29 -81 6 -91 35 77 74 32 -86 56 6 -26 -82 42 -4 50 46 -2 43 -50 -12 -75 10 -72 -85 44 -14 -26 39 37 44 70 33 -14 -57 55 -13 61 4 42 -84 -76 -87 96 70 53 76 95 -80 -41 -12 19 59 12 44 -61 -3 50 -14 -46 53 5 -23 -90 84 -17 -25 83 -72 -82 -17 51 -69 -15 20 -29 -15 87 -74 -71 36 -33 -53 74 68 -27 -78 -59 18 57 -11 35
76 -54 -85 68 -63 -22 -22 85 -73 66 56 63 36 -39 -56 56 43 -93 -51 78 47 36 -7 51 -8 39 -25 -26 -6 -40 50 19 50 22 -58 -39 -36 20 -25 57 5 -89 -62 98 -8 -20 -93 57 -66 9 -93 -49 -91 32 83 69 28 -18 88 65 44 -6 40 -90 -70 -41 89 60 58 -11 -12 -66 17 -1 -55 6 79 -78 31 -55 77 -96 10 -85 39 84 43 -12 32 25 -28 -45 49 45 40 -76 -79 84 -87 25 58 43 -81 47 93 14 -43 -97 43 53 -75 81 -96 -25 3 -68 65 16 -68 -45 20 -93 29 17 -78 -76 20 77 66 -91 28 70 20 61 -62 -76 -94 -47 83 -36 35 -30 95 51 -47 -75 -75 81 26 -99 -58 -26 65 56 39 -70 11 -97 58 73 -77 48 -75 34 -67 -58 71 -42 87 -13 23 19 -32 92 83 -42 20 91 -19 6 -41 -55 68 38 -22 14 -57 -88 -10 94 -60 48 -87 81 22 -8 -99 63 -88 25 9 -2 -99 -5 -9 -75 -15 -85 82 -83 -33 -91 55 -67 -3 -56 86 -81 -89 11 -49 -54 -7 19 9 34 39 33 67 -60 -8 92 43 7 -46 -43 -31 4 -94 47 -79 -25 0 -41 -78 -32 -26 -51 -73 -6 -6 60 94 -11 -5 -45 -21 -43 -18 61 -81 32 11 -89 94 -95 43 -22 -97 -76 34 -22 -59 61 83 6 15 84 5 -49 -29 -83 -46 62 -52 4 6 -43 -51 -68 76 -8 72 -85 -97 -65 99 -65 9 54 -51 -49 -98 -31 -67 4 29 -68 -45 94 49 -96 67 20 -4 98 -14 -7 -50 -13 93 -74 -37 -83 -22 -76 35 -38 24 -1 61 22 49 95 20 60 35 8 16 1 77 37 16 -28 -79 -3 -91 -65 -49 -64 44 -83 60 25 -37 50 -59 -37 32 60 -92 61 -95 -31 5 -9 -85 46 -41 -98 91 -91 -75 39 -98 44 -10 93 18 -31 89 -8 -48 60 44 -47 44 -41 71 46 -57 82 -5 85 78 13 89 79 55 -31 88 -85 -86 -48 -22 70 -15 6 -75 87 95 -84 62 -21 -46 -98 -50 -26 -11 -70 60 -39 40 9 98 43 52 56 -59 51 -47 -77 -87 49 26 11 -70 57 -71 19 -5 17 -49 -22 51 -67 59 -20 -20 -6 90 -19 -33 -45 87 -50 56 -74 -56 -27 48 13 -36 95 -34 68 -6 6 72 -29 31 -4 65 75 -59 -22 -61 -83 31 40 -70 -27 -43 52 64 61 -56 50 -15 -27 -66 28 -51 -97 49 -54 5 98 1 59
84 -11 -63 -20 6 -73 -49 81 -34 96 -5 6 -85 -81 -60 70 64 54 43 -87 2 -31 -12 -26 36 95 93 9 85 4 -40 69 -44 47 -4 -8 -56 -6 92 68 59 3 68 -62 -64 -82 -25 8 29 -46 -88 97 -89 42 9 68 93 -37 -73 -55 85 -94 -51 -29 36 -86 -34 1 -23 -31 -2 -61 -27 -5 64 95 -21 74 -44 69 -95 -31 73 -6 26 14 -95 69 53 79 77 -78 62 53 -8 86 93 92 -23 41 61 79 87 68 55 -19 -8 -98 41 -29 54 -38 81 -47 33 -89 5 92 -13 -41 -23 4 63 -75 10 97 -57 7 -29 24 -28 -92 39 -66 -84 -68 98 29 -49 -57 -78 -60 -69 -66 53 -67 -29 -82 75 27 31 87 -76 24 6 -92 31 -8 -2 -29 25 39 -81 13 -42 -77 -12 -21 3 44 -8 92 70 48 93 1 18 2 -16 -3 12 68 -79 -87 -94 35 -88 -85 -14 -30 -76 -69 23 64 46 -54 -52 -16 -44 24 -69 -45 7 31 -99 34 -93 -57 44 15 -56 18 -3 3 -59 -78 -72 -76 56 -29 2 -73 59 -26 36 49 39 14 96 -96 -13 -96 89 -6 54 98 -79 -96 -26 -42 71 -46 -1 32 86 89 90 16 -66 -76 1 -93 36 -32 82 89 28 10 61 76 27 -59 50 59 49 -17 35 -62 99 32 -50 29 -86 -10 -53 19 -44 -71 4 53 -55 68 -62 90 -30 -56 37 2 67 -40 -78 83 25 -97 81 -41 -90 -53 53 47 -95 77 53 -55 -10 -17 -82 75 13 -29 48 87 -61 56 -15 -60 97 91 17 69 82 81 -65 86 -76 -15 -26 83 50 -26 -37 -31 17 10 -96 -75 -49 -6 -68 61 -55 -11 46 -11 -65 55 50 -37 42 -61 99 80 57 -63 -96 94 4 28 -1 -3 -57 -72 -19 -56 21 -86 -24 -11 98 -83 -43 19 -73 -11 -20 -57 72 -8 35 -11 66 52 39 -30 -92 9 -93 -75 -13 -83 74 -73 78 -83 65 -53 92 22 -12 86 36 -31 -41 71 27 96 24 84 -27 -52 13 26 -48 5 -75 35 -21 -9 23 97 -25 -86 96 -54 -87 -44 -82 59 16 -62 -15 -16 73 0 75 4 -71 36 61 76 -86 4 -73 -7 69 -28 -26 49 -2 71 -85 96 35 -60 14 -16 -6 -10 -66 64 15 -5 67 -60 -7 21 83 74 51 84 19 49 -5 28 -58 -73 20 43 -21 12 40 97 41 46 -17 15 5 60 -57 -64 -19 92 14 64 -79 31 -22 4 -45 -96
77 -87 -28 99 -72 80 -58 -43 42 -83 45 5 5 57 17 35 -47 -29 48 40 45 25 -48 99 -54 69 6 81 -92 -55 5 -42 -39 -88 37 35 66 -96 -25 67 -22 26 -96 89 -88 -1 -67 71 26 42 98 43 -81 -1 90 -59 -44 22 -73 -66 44 67 -18 42 0 -69 -55 21 -74 22 -58 -59 -20 -37 -84 33 65 -17 -24 -69 -14 -34 23 13 -35 76 57 -35 -94 -1 58 -76 36 -86 -7 97 -98 79 53 71 60 38 35 2 -82 41 32 -52 -22 64 7 87 46 -21 -82 -7 3 8 22 -82 -45 -84 33 -98 -57 5 51 12 -94 74 -64 72 12 -50 -85 91 -98 -6 79 98 -54 31 88 38 43 20 67 50 74 68 14 -97 -27 -85 -23 16 -52 30 48 -14 -73 74 35 -39 79 90 21 53 88 -17 73 -21 19 -41 -12 -28 -17 81 87 -79 -60 -84 80 89 1 48 -35 31 -98 15 -21 68 -63 75 61 -58 -42 -23 80 18 72 12 41 29 43 -22 35 -18 26 34 10 -31 91 -97 72 -8 21 -14 -81 49 -54 -14 -97 3 26 -46 35 88 28 18 17 97 76 1 93 75 45 89 -52 50 43 50 84 5 22 88 -3 -87 -61 97 51 -15 -40 14 39 77 43 90 24 60 -42 91 59 -69 -44 -93 96 95 76 73 -15 -8 -12 -75 30 53 80 -62 99 85 -78 23 93 62 -92 94 96 -62 -19 33 8 95 -67 94 -54 -65 60 -93 40 -3 -75 89 -37 7 -71 37 -94 -87 41 84 47 -32 -94 58 52 -7 -77 15 -22 52 94 -8 54 -74 -13 -30 -65 -89 -86 2 -82 -54 74 -1 -14 -84 84 73 -40 -29 42 55 -53 87 58 -78 -73 -95 49 -33 63 45 15 -33 -99 -85 72 -93 35 -12 -32 92 3 37 -45 -74 -74 -16 63 74 -59 68 -91 -38 -77 -52 26 90 -11 -12 -87 34 -18 -55 0 29 20 -22 -79 55 -54 -22 2 12 -44 16 12 -37 13 -83 86 -14 71 -38 74 99 -30 -60 -88 -49 -27 67 65 2 54 0 90 -9 -12 73 -49 -25 -39 50 61 69 26 78 58 -47 -69 56 -70 45 -51 11 -92 -33 -78 18 -45 -81 8 0 50 -11 -26 31 21 -86 10 42 -21 34 -66 -45 -1 -53 37 -6 -39 48 -72 8 56 64 -82 -44 99 99 -94 23 -49 -18 -44 -21 -26 -75 10 -95 0 53 9 33 76 23 79 -63 -5 -66 -29 92 -12 -39 24 -4 -94 77 -93 53
35 -54 -48 29 44 29 59 73 -89 89 42 -20 23 53 -95 -79 -95 -13 -1 -6 20 -40 62 34 6 -58 22 -87 -60 75 -34 89 -27 -13 -25 63 -96 -46 8 28 75 93 36 -76 76 31 67 -90 0 -85 27 -19 -80 -65 34 -28 -95 4 -76 73 85 24 68 93 -51 62 93 -87 90 -98 17 -83 38 -50 -7 -68 66 -65 26 72 -60 33 -76 51 56 -46 -44 -56 63 30 34 34 80 49 31 -19 35 -52 -20 45 -87 -8 -57 -78 60 -56 26 75 -73 82 36 -19 -1 -8 58 27 45 -8 -70 59 28 -75 74 -95 -52 -67 87 -51 -28 47 26 -79 -77 6 73 80 88 -9 71 -6 -52 18 62 74 -62 -72 -3 57 55 72 -29 -54 56 -84 -57 11 76 -88 96 85 -5 65 -13 -99 -2 49 -92 -76 -67 9 -74 -28 48 -48 -91 40 68 -50 57 -49 49 -88 -12 -42 64 -72 -25 -21 -87 -62 -83 -53 45 -67 -64 54 -91 -35 24 91 23 -59 54 -98 99 86 73 65 15 -25 -23 -35 -71 -35 -17 52 7 -80 -68 -61 -92 47 26 -88 49 66 -28 -94 -66 23 -10 95 69 61 -95 -5 -66 -16 73 24 57 44 82 -76 46 54 22 12 23 -38 25 -63 91 35 92 -69 -88 -69 66 38 -98 -43 36 -14 75 80 -51 8 -87 -6 57 -80 24 -17 33 26 1 1 -14 69 -69 67 99 -35 93 -22 35 -16 60 35 -78 -83 95 -78 -57 -6 58 69 -61 82 81 -6 26 95 72 39 7 35 -52 -65 -42 81 -24 25 -82 60 66 -7 1 78 -68 6 76 -17 23 -90 48 25 29 49 48 -87 21 -16 -41 -8 79 89 92 24 -69 39 -63 -43 -47 73 -19 -95 -47 -34 -26 -57 -48 -67 57 -15 30 -90 99 -15 -45 97 36 72 67 -41 4 -8 47 37 -63 -48 43 -64 -33 77 41 30 -3 0 -99 48 -41 27 16 -22 -58 89 51 98 98 -38 -72 26 -58 28 -87 26 47 29 -63 96 70 -77 7 62 -10 -16 -78 29 -80 33 -70 -25 -21 72 -47 84 66 13 -35 35 -90 24 52 7 -49 -27 -33 91 22 86 -8 8 4 93 -82 73 9 22 -66 -82 89 40 -59 -46 -75 -35 45 44 77 84 -47 47 -5 -51 54 11 -97 -3 -43 -20 -6 66 91 -34 79 -59 94 -96 -59 84 85 3 -4 38 70 58 10 -69 -78 -23 -76 -33 29 75 -47 24 -36 -53 -66 37 97 20 10 -36 -37 44 -88 -3
6 -37 6 -70 4 73 -3 83 -39 53 -37 70 79 32 -77 -30 15 86 61 -98 53 -25 -45 24 -39 39 0 68 -58 -10 83 -56 -71 11 -33 -15 29 89 -90 75 -98 -3 87 38 11 67 10 8 -75 -26 -6 82 64 22 -51 -91 68 39 0 -73 -19 7 40 98 -7 -92 99 -63 -36 72 86 -29 -18 -53 -23 43 -95 -61 -83 -47 -30 62 10 -85 -57 78 -99 31 -7 89 -70 -31 97 -66 86 -77 -41 -18 -27 66 77 54 -94 -91 81 36 -81 -94 31 3 -63 -31 11 87 -12 -15 67 -95 -6 -65 22 76 -66 87 80 -72 79 94 -75 -51 -99 -98 -59 57 -30 -64 1 -45 -45 63 -49 53 40 -4 4 -53 89 75 -40 -84 39 95 71 99 32 -38 -44 -76 -48 -1 55 -53 -84 50 37 -85 12 35 46 74 89 81 -12 -17 -57 74 -61 80 -62 -48 -13 97 12 2 -16 -41 41 91 -39 58 -22 75 61 -29 -49 49 65 34 -78 44 -51 27 40 -77 86 -99 -96 53 -23 -4 -14 -28 -23 -64 -98 -28 -37 -57 47 49 97 -41 31 32 -13 -12 -90 81 -42 46 -94 10 -18 51 3 72 7 -32 -58 80 -82 -24 56 78 20 1 23 -56 94 52 39 -19 -82 -69 92 71 29 -20 14 81 -64 24 41 31 -77 51 10 95 -98 -48 -12 30 45 23 -10 67 -44 -81 29 99 -53 95 29 76 48 -65 49 -79 76 22 -4 44 -13 26 -33 18 -99 73 25 -91 73 92 -71 85 87 -92 -21 75 -15 -38 -23 -59 -95 85 38 53 -65 21 69 77 45 49 53 82 56 -80 -10 64 -16 -64 -68 -45 43 -98 -5 -6 -39 -80 28 28 58 52 36 64 7 40 42 -86 50 91 9 29 5 25 38 -52 -88 -67 82 -75 62 -36 74 66 -18 93 -28 -23 21 -99 37 12 -10 -9 -66 40 6 -24 -38 61 33 97 17 98 -48 24 65 82 52 -67 -39 56 -16 27 10 -7 -76 -26 -44 87 69 22 67 72 -83 -19 56 80 -17 49 23 -47 95 -7 64 60 -53 -29 87 81 53 63 -48 -8 76 69 77 25 -12 -21 -35 10 91 99 -34 -13 47 -4 -52 14 -75 56 91 81 -24 97 -38 -47 -82 54 11 53 83 -3 -95 19 -8 83 -24 -85 51 20 25 -90 -97 4 7 -39 -57 -51 -66 27 85 -80 37 -59 -24 -15 97 38 50 -26 28 -96 -79 98 93 29 -59 -98 -47 -92 76 12 -76 -33 94 71 -42 -22
62 -22 13 -40 0 38 94 74 43 -65 31 -59 -32 -82 -94 -6 32 30 -93 31 81 -2 85 -78 87 25 85 -83 -96 -98 -67 -2 -21 88 20 -37 -20 99 59 56 -90 -22 -50 -47 86 -80 -86 -41 61 -72 92 -72 5 86 -96 -6 -21 -65 -95 76 71 -75 -74 -10 -21 27 73 -28 72 46 -4 67 -37 -51 -25 17 -87 -31 10 76 -39 93 -83 81 -34 48 79 41 47 -80 -74 -72 -37 54 -1 5 29 -35 -35 -56 -39 27 -87 25 13 -91 -41 -73 -45 69 -12 -36 -71 -81 -70 -29 -49 -65 90 87 31 27 -4 62 -80 -86 97 -72 33 82 -47 -54 -80 26 1 -71 -64 7 27 -51 0 -5 -33 -13 -2 -42 -79 -78 -46 -95 69 -67 20 30 -26 79 -58 -13 49 -29 -63 60 -20 -3 60 -91 -38 -49 -31 -64 -4 -36 67 -92 91 19 -15 84 95 -36 52 -96 44 8 3 -56 -67 26 -20 -58 80 63 -76 -16 23 -76 71 6 38 96 -38 -49 31 -76 26 -13 38 -10 61 -49 64 89 27 -45 -64 -58 40 26 -97 -80 41 -50 69 88 81 -65 49 -96 99 -73 31 -56 -98 87 -35 -6 3 -17 91 1 97 53 -31 -18 28 98 -14 -25 7 46 43 76 -19 -45 60 -42 -44 38 38 -85 87 97 -91 -88 51 78 56 -19 -32 32 -52 -71 -2 21 66 -90 -21 -45 49 -19 -87 56 -41 97 -34 -48 12 -38 -56 17 43 -1 -32 22 79 88 -20 -47 32 1 68 -30 -18 75 67 -67 0 -76 -76 -59 79 56 13 -89 -77 88 -36 -89 -20 11 11 30 2 24 68 -50 81 94 72 56 45 -57 81 67 -52 5 -68 -50 95 40 4 -15 -67 45 -4 11 98 -35 -74 -9 -55 4 93 86 13 47 83 88 -17 -27 -82 87 58 -55 74 -49 56 60 -80 -96 62 96 -17 60 -91 56 -94 -7 74 85 -3 -57 43 22 16 30 -20 30 -93 -82 74 14 -45 63 -4 -74 63 55 93 -63 -1 -55 -80 -25 -6 -85 -46 -28 -80 -10 -45 76 69 -24 98 34 -71 10 -78 -37 -96 -12 17 -6 80 -70 39 -39 -76 -52 -18 94 6 -62 -46 30 -68 32 -98 -85 -83 4 53 -79 -84 -53 93 -6 7 -29 25 97 5 -53 -66 65 47 58 -20 7 -8 62 -54 10 38 -94 -27 92 85 -83 -68 -51 85 85 -50 33 -28 71 -29 -86 8 -50 75 48 9 -34 58 13 -97 -64 -53 29 59 14 -84 14 -46 22 -90 85
86 -69 -50 -77 -84 -46 -20 87 96 95 -21 61 -58 -69 63 73 67 -44 -13 -46 12 -61 61 73 13 -62 26 -83 -54 71 -85 3 -47 -62 12 -68 -17 44 -86 -43 25 11 -66 -76 76 -51 29 -6 -95 -71 90 45 -73 -39 14 -98 94 30 -40 -43 84 -64 -78 77 38 80 40 28 4 -63 -20 -15 10 53 -55 6 40 34 -22 -26 42 59 -53 -63 -17 -30 -17 2 66 75 36 -67 35 41 42 -1 78 88 -53 79 13 87 11 -8 8 -29 72 64 60 92 -28 -2 85 -77 25 -20 11 -38 -50 66 -86 -3 -92 -72 5 -54 -53 -59 -51 10 -65 80 -49 56 57 4 63 86 -99 85 62 32 -92 97 88 13 87 61 35 95 86 -16 -46 12 32 66 -92 0 7 98 -26 51 24 89 -53 71 92 27 -3 -48 -83 22 -66 72 12 -57 -75 69 83 -23 -34 99 97 -73 -25 23 -6 -12 -25 46 19 -55 91 56 69 -32 -7 85 -65 -73 -75 93 68 -11 -23 -67 -44 4 62 -72 44 88 20 -77 71 77 -95 -46 22 -3 23 -47 64 -46 -56 -62 -26 75 -62 -78 66 -63 -44 84 68 -14 -79 -99 71 -77 22 28 57 10 -87 -79 -28 -28 -10 73 22 75 60 -94 21 -57 -71 30 -5 -85 -91 54 -10 -51 61 -31 -18 -23 -8 -25 -66 5 52 88 -56 26 -54 -38 75 -26 -42 -42 4 15 63 70 92 -56 -64 -30 33 -38 -82 -75 43 -42 29 -20 -5 -39 -23 74 -96 -22 -76 -46 30 90 -42 90 -6 -19 17 -80 -10 -74 -83 -22 -59 -29 29 -12 -39 -68 -5 -64 74 21 54 -3 78 -1 24 59 13 93 67 93 13 20 -20 18 96 99 21 39 59 47 0 -2 -34 6 89 -98 -49 -53 65 13 -67 -11 -55 28 -9 -47 -52 22 98 34 -6 34 50 68 -28 58 -62 99 46 -1 56 -87 53 91 -17 -78 87 8 -76 57 -67 -76 82 7 85 53 -94 -95 58 3 79 65 -79 58 74 -32 7 -19 73 -75 -77 -51 -4 -43 35 -64 -61 -37 65 56 52 -20 -16 -90 26 -59 -7 -40 -62 68 92 11 -29 -10 -55 -98 33 14 69 6 -26 -18 -65 54 -5 -56 -99 -98 21 21 51 59 -17 63 -12 -4 -5 18 78 14 85 -34 70 1 91 7 -3 -13 -7 46 -12 -59 84 42 -90 -48 33 -36 -82 -72 -89 82 50 -51 51 -59 21 63 -16 35 55 -65 7 -67 -96 18 -10 -43 -75 31 -38 27
24 16 22 -76 -3 -55 -32 -94 48 19 -92 -15 -50 59 42 88 -98 -20 -57 33 -6 31 -26 81 66 81 -80 -28 91 -35 7 25 17 -95 -39 -60 19 -35 -86 -63 -27 -4 -53 78 37 -13 38 24 87 -34 51 -51 -71 -76 -20 44 -37 8 -54 -75 66 -66 66 -22 90 13 83 -81 68 -44 90 -25 84 26 -48 98 14 7 -73 65 -67 88 -51 57 16 -64 93 -77 43 -32 -18 -23 75 -90 97 -61 31 -64 -60 -18 73 -47 -21 -47 -58 -79 -19 57 -7 -72 94 -42 61 -75 -16 -96 -10 71 -31 51 -52 -57 -95 -1 58 85 55 -19 -12 -24 -87 74 54 1 -63 -35 -91 -57 -42 -64 86 49 25 61 -66 -11 41 67 -81 70 -76 -5 66 -23 -45 -61 -26 9 18 90 8 -72 42 -12 87 65 55 -31 -89 -80 50 -24 -35 -26 47 -20 37 54 -89 -53 -64 40 65 58 -26 33 -27 5 -7 0 -78 18 48 -82 92 -99 12 -99 -25 29 84 -65 -16 30 -20 73 88 -25 48 -61 -16 -27 -21 43 -83 -31 -42 22 -57 -68 34 32 -29 -26 -19 -96 -8 79 -6 -82 -80 -94 -91 3 76 -50 -47 80 59 83 -65 87 -81 98 51 -66 -48 -68 92 6 5 16 -37 56 80 -1 49 94 -64 37 64 -8 -5 -56 -10 92 -90 -84 94 -32 69 80 42 -28 94 83 24 29 -44 11 -42 -22 -68 62 -89 -41 65 -74 69 -22 -44 36 2 13 -70 -76 -12 -62 91 10 55 -36 89 -47 42 1 5 -12 -66 71 -29 -72 -57 -51 3 11 39 43 -52 -45 20 -71 -60 22 15 93 -77 -16 63 68 12 -45 29 -3 -3 59 32 96 51 -40 -57 -50 -27 -35 79 56 -60 -76 -74 -97 61 -89 38 -14 95 57 -7 96 66 -76 -49 -33 -86 1 -26 -8 -95 33 54 90 19 -49 -5 -87 74 -89 -90 4 -32 85 97 59 23 51 82 95 78 10 13 28 -38 63 -74 31 98 -80 -3 -78 16 24 56 91 -10 49 74 14 10 -78 -63 67 -76 -8 -49 33 -21 16 -4 31 68 -3 -88 58 -82 80 -59 32 37 59 -77 34 -61 -41 -38 -64 -46 -41 34 11 -13 -32 -66 -18 -75 4 -25 7 89 93 -67 65 89 -4 23 -22 -46 46 -20 -15 21 -32 4 98 53 90 -95 -60 55 1 77 -59 58 29 -47 -88 13 71 -95 54 -41 41 93 -19 -53 -23 -69 -9 59 -59 -8 -22 82 20 52 -40 52 -22 39 -10 36 3
-26 16 68 -32 93 -90 -80 90 58 -97 -4 -85 76 -83 -5 -16 -4 1 -64 42 34 71 -55 59 -81 93 9 55 64 -97 -13 -65 -36 48 -27 32 -70 12 -57 86 96 4 79 51 -33 -38 64 56 27 88 78 -56 -4 84 51 74 -26 56 16 -1 43 -65 54 -24 43 78 79 -24 54 6 37 -89 23 4 46 -75 26 13 87 4 87 -72 91 56 -62 28 -5 89 98 26 -7 -37 -72 78 -68 -67 -58 -21 -30 66 -76 -65 -77 51 -65 -10 -85 -80 26 58 -79 69 -91 -93 44 23 -15 15 -65 -56 -21 -61 21 -52 -87 55 54 35 70 42 67 -45 -28 33 -83 -13 14 92 -40 86 64 13 96 75 26 88 59 3 51 -23 -93 -44 53 -66 -6 -62 -67 -84 -38 13 20 -9 81 -19 -3 64 65 -42 -1 9 92 -66 54 72 -82 37 -67 85 12 47 76 85 -22 -59 41 94 72 20 91 4 50 11 -90 50 -1 -65 -1 37 -15 31 18 -51 20 42 -98 77 -35 82 90 -96 34 -52 -32 -26 -43 -64 59 -73 43 63 5 10 -33 23 79 34 -79 -82 48 -17 -10 -39 77 95 83 9 -56 -23 11 56 -98 -84 -70 64 45 25 14 37 -80 -95 15 66 -17 75 -82 -88 -17 61 10 84 -26 -59 -18 81 34 55 98 27 52 -27 96 -21 -89 72 -34 49 -43 80 -66 -38 92 80 -30 84 80 -39 -61 34 -46 18 -79 -32 -98 21 2 76 -98 15 -11 73 -8 -21 -36 35 32 -63 87 -38 -19 48 -14 -32 67 -11 82 -85 -8 77 -97 71 -14 -94 34 5 25 57 88 76 61 -25 -64 -57 -52 40 -55 -98 32 37 -89 -1 21 -27 57 -19 58 9 74 -60 71 -97 63 94 60 -25 76 -70 -95 -67 49 15 97 -41 38 67 86 50 -97 -52 28 6 0 -39 -76 99 -86 -10 64 -82 30 -97 20 93 -22 81 85 -9 -8 97 91 -24 7 23 82 91 -51 74 73 -20 -3 58 74 -19 68 -85 30 66 18 -67 22 -23 -19 -45 13 11 -8 30 91 -16 -55 -32 -53 -19 90 -91 -87 -41 -53 29 50 17 16 -61 74 51 -66 -74 -99 -3 10 -67 94 28 46 -33 -8 -54 74 -20 -3 60 70 -81 -63 83 15 -27 73 -72 36 22 16 -25 2 11 -76 96 19 31 -8 -2 20 43 59 -86 72 -99 31 2 -31 69 -96 17 -96 -42 44 -60 -23 61 49 -2 30 -89 80 -79 94 74 -20 -9 -16 -89
74 -48 -50 -93 57 -23 -27 15 -29 19 42 -60 80 -23 53 20 -24 -98 -12 -84 -99 27 65 58 -65 62 9 46 16 -49 29 -51 5 -12 -98 -55 59 -29 3 34 50 3 -62 -37 -86 16 -88 -30 -20 52 76 -97 -41 57 -48 84 52 49 -63 -35 -75 35 -79 -43 -15 70 -5 -25 74 -19 53 -26 -27 77 -10 37 -14 -63 -83 69 -33 70 -66 86 11 -39 87 -21 35 85 48 10 64 -9 83 -7 -18 -77 75 19 6 -10 -61 -63 -47 74 22 90 76 -65 -85 -86 87 47 -77 78 75 -17 -34 -36 29 -50 67 -85 -17 -93 -24 -47 -26 97 27 88 0 13 -15 -47 7 -39 -8 43 88 70 -39 -40 4 -90 -20 -39 43 99 51 -15 -49 -64 -65 18 1 18 -94 -13 -91 25 20 18 92 58 35 85 -2 43 63 -10 98 31 31 -13 -82 -67 -78 -12 -5 63 -42 -16 -96 72 -66 3 44 35 1 -21 -10 45 34 24 -63 34 68 -97 20 -22 20 -74 -54 7 71 6 -64 -98 -69 42 40 51 -92 91 90 -70 -71 -33 -76 -68 -73 -65 57 49 39 -75 -6 -8 1 -59 -63 -15 68 -39 14 37 66 -19 15 81 -34 -19 -82 -24 57 -19 -32 -89 -61 24 -6 91 84 -35 15 28 52 45 -56 77 -34 0 84 45 -44 -4 6 67 72 70 -96 98 81 -76 37 -76 -42 -82 39 99 -50 69 89 -93 -71 -58 62 -31 42 15 72 -95 61 -98 43 76 67 24 32 20 -73 -91 4 -35 47 -29 -37 -88 73 25 42 47 20 88 10 -48 26 -39 33 -65 20 51 -10 -28 56 -42 81 26 -87 4 -95 78 71 32 54 8 -24 -78 -41 -58 63 16 -73 -11 37 -16 25 77 -10 -57 -39 85 -71 -70 -48 -74 -94 -73 -35 -13 15 -60 97 14 64 -56 77 47 49 -41 -64 59 41 41 -71 47 -63 82 -23 67 -48 -4 -70 -52 26 26 -64 4 -13 14 -68 9 70 -52 38 12 46 -58 88 81 -45 -41 -77 54 38 -97 10 -36 38 56 -23 98 -1 -33 -39 -45 -42 -68 22 40 99 -68 14 -12 47 -7 -54 -11 -26 36 0 6 70 -88 -28 30 -27 30 35 -36 -50 -54 -64 -95 -58 35 -90 -10 -41 -24 10 78 -15 -78 -49 -89 -76 88 17 25 -91 -29 -40 -11 42 -42 -83 97 70 23 -54 0 67 -77 53 91 -27 -6 -18 -15 88 -44 32 31 -48 -39 6 84 45 86 -3 52 -52 45 47 -5 -59 -1
-88 42 75 -33 36 81 51 -95 -55 53 -88 3 26 -39 -33 -80 -4 -53 26 -85 68 -78 -79 -35 -95 14 -30 -58 29 75 49 -82 86 87 33 -51 -75 42 -59 -15 -86 -11 -54 -63 90 -72 80 70 -54 28 32 8 -14 83 -32 42 -40 88 -17 79 36 -94 73 90 51 83 86 -44 55 -66 66 73 -47 -61 61 27 -5 41 53 28 64 69 -89 -5 18 58 58 62 23 -37 56 -71 92 21 -52 -77 -65 97 15 40 -27 -36 94 85 -82 20 -59 19 30 28 -84 -26 73 -14 -70 16 13 41 65 33 -40 91 -16 10 36 36 74 16 21 -38 -40 85 -22 -13 49 -24 15 3 94 -41 -27 85 52 2 72 17 17 -80 38 -35 99 -78 -4 -56 56 91 -51 -28 14 -90 -1 -40 -14 46 -46 -59 -62 36 -11 10 -97 20 -84 -18 -63 -76 89 69 25 -55 88 -34 87 -6 -23 -83 -45 -88 -33 -91 -90 -90 -90 -34 -87 30 -87 81 -16 41 43 -2 -21 51 -68 77 -41 93 -32 -1 -33 -21 -59 -53 -71 -17 14 72 -96 -84 -30 60 75 91 -76 46 -38 95 -28 8 -14 50 28 89 64 95 -39 28 -87 92 0 98 -49 90 -54 -46 -38 45 27 -37 -52 -26 15 37 -70 -81 -96 -23 -39 81 62 -52 48 87 69 73 -62 65 -37 -91 -71 72 -50 -70 77 95 -35 -34 60 -74 -15 -14 -45 20 35 61 -57 -35 73 29 -24 -50 -41 -5 33 -93 3 10 47 90 -32 43 28 64 -23 9 -67 98 -99 22 -72 65 -72 -67 -59 12 -77 55 16 89 -15 39 25 96 -6 -89 -85 21 -87 -49 92 22 -77 47 -62 60 92 -82 8 88 86 -50 -45 28 92 10 81 72 -92 94 35 -93 20 97 -86 48 42 41 79 -96 -54 6 49 -24 20 99 72 86 -45 -68 -2 95 -92 -2 50 -44 58 79 -15 11 5 77 -16 69 53 -2 56 60 17 -8 70 -27 43 -97 85 -79 68 84 12 46 42 68 11 81 72 57 -92 -58 -22 -82 -62 91 -43 -33 14 -90 -33 -38 47 15 7 69 -60 -1 98 61 -64 -60 83 99 68 -38 -50 23 -4 39 -11 86 -64 -23 75 -1 89 56 0 45 -34 -56 34 43 15 95 -27 -26 27 -99 -66 -11 -1 57 -98 45 81 -64 86 4 -63 -66 93 -70 51 97 -75 -75 -32 12 65 36 39 19 90 -12 1 63 12 44 16 -58 66 11 70 23 71 38 -25 -81 -41 96 4 50
-82 13 14 9 3 -26 -91 -53 39 81 -74 -55 44 71 72 -82 -44 23 -23 -72 53 44 46 -58 -48 55 28 -2 -92 -6 -88 -3 -7 10 61 32 -69 -22 -53 -98 -33 -95 -48 74 -86 -33 97 76 91 -76 26 -97 -11 -48 -62 38 98 -23 -46 99 -13 -98 54 -65 -45 45 1 -76 28 -48 95 -52 -15 4 10 -22 -25 -20 -39 44 54 -12 -9 92 -85 -29 94 44 90 46 -85 -28 -69 -18 -50 71 14 -4 -1 -78 -49 10 94 -41 -89 61 59 -67 4 -80 48 -48 -39 43 89 58 -45 -38 -79 -76 71 -2 60 67 -46 97 -83 -74 16 -30 -28 19 -89 53 -7 -4 80 -54 -75 22 -10 -5 -68 96 -37 -99 -55 97 -58 -61 -67 -6 -13 98 -61 -37 49 -62 -49 -59 -94 34 -94 -20 -44 -11 -34 5 82 32 53 97 -2 81 99 12 -67 -92 52 -82 96 7 -80 -5 39 82 85 4 19 99 -37 81 39 -97 86 9 97 -69 -17 15 86 -58 69 53 -40 -86 -61 60 60 -76 -1 -93 14 -65 28 1 -18 26 -85 -9 -73 -51 95 -96 24 62 -27 77 -21 -46 -2 93 -32 85 -16 -7 3 -15 -87 -19 50 -39 -90 -27 -54 81 36 30 -40 50 -38 25 -32 68 33 -62 21 -69 78 -87 21 90 -18 0 85 51 14 12 7 -39 48 66 69 87 71 -16 -73 73 13 -46 61 -43 -23 -43 15 -43 15 -43 -70 -73 -91 -89 47 -70 -4 -12 61 -78 77 -95 -71 74 -85 81 -32 -13 -4 -66 -97 -59 -84 -18 14 15 0 -45 -16 -73 -32 -39 -72 -63 -38 -31 -32 -14 4 -4 85 -76 -79 66 58 -48 -10 -69 36 50 17 -82 -60 -93 38 -11 -34 98 50 -24 16 59 -37 -29 -33 96 96 -87 68 -39 -77 -30 48 -62 82 65 -4 -2 8 49 46 15 -61 -84 96 51 -7 -96 -57 65 -32 -64 -95 -4 90 -44 89 -60 -67 90 -70 3 0 88 40 8 10 -37 2 53 -77 -61 -2 54 -33 20 69 93 -79 -89 -5 -59 -18 -64 -78 -82 4 -55 70 -82 21 -31 64 14 54 -8 98 -5 -6 63 70 -13 49 -85 -92 59 -39 -16 83 4 -29 -51 -72 -49 -69 42 -82 -43 -57 -62 -59 72 -12 -14 94 -77 38 23 -5 54 -59 44 47 40 -23 57 78 35 -65 -21 59 69 11 -27 -78 10 -3 29 88 -33 -96 40 4 5 -88 98 -38 -38 70 93 -47 -15 -68 -94 -44 -16 -58 -49 -12 -90 -66 -75
6 -47 -25 40 -12 44 96 49 73 61 92 63 52 -5 20 -66 -51 -59 30 -87 33 17 47 -68 -22 -84 35 96 -56 70 -61 63 -86 -89 56 80 29 -91 -2 17 -41 42 35 85 -8 -92 3 18 -10 69 -19 -92 39 -16 18 -25 22 -79 -84 26 17 81 -42 -60 86 93 -66 98 -90 97 -52 -26 48 76 19 -14 -72 -61 -60 -81 4 -89 -31 -44 -69 -68 90 86 -74 -63 90 -88 93 23 -60 87 -20 25 -15 -13 70 -9 76 -21 -61 -58 -16 40 -92 -82 -61 25 -45 -46 80 36 78 37 25 26 -55 52 98 -84 15 24 42 71 -66 73 -74 -83 -71 54 93 -16 52 -54 61 -8 53 14 -65 -93 49 -67 81 -63 -13 -94 -20 87 -56 30 -37 93 -3 98 69 88 -19 54 -56 -52 32 -41 75 60 -77 80 -68 76 71 17 48 83 -79 12 -75 26 -75 -41 52 71 73 86 -99 48 62 1 28 98 -1 53 86 99 -65 -98 -98 48 85 -2 -41 -98 6 -44 -39 -34 99 21 26 -8 -68 -88 -60 -63 -50 32 -18 -32 -53 86 30 46 53 -23 -85 42 -82 49 -49 76 32 27 23 62 44 23 -85 -46 -49 -88 -48 -6 83 -34 -94 -22 1 -30 32 73 91 2 -97 -96 79 -8 94 55 -52 89 25 -37 56 53 12 -18 77 39 35 32 -89 78 -86 40 -61 23 37 -91 25 -35 31 33 -33 -5 45 -63 16 63 21 -69 20 81 40 -88 -63 11 -41 -68 14 34 24 -78 99 27 -35 -70 6 -95 -75 -54 -31 -92 48 15 80 1 8 -54 6 -8 -10 -86 -70 87 -1 3 10 97 -31 -71 -88 54 -10 76 23 72 21 -61 35 54 -28 63 53 -85 -72 17 66 -37 48 -2 -70 35 -26 -69 58 -40 -90 -42 -34 19 29 -96 -74 23 -7 99 -8 -33 -44 85 63 2 -34 26 -39 73 -17 41 93 -41 -76 -22 38 53 97 94 16 -55 16 56 15 89 -56 63 66 -14 -2 -79 41 36 -57 -43 50 12 12 -85 81 64 -45 54 77 -63 -74 -64 68 57 76 -63 66 90 85 -55 -6 20 93 72 -57 20 16 14 26 -37 -84 95 -41 -22 -8 75 82 71 82 62 23 65 55 45 39 -13 28 48 -75 -26 84 -62 35 15 47 39 -53 -49 -21 -46 -89 67 49 26 -34 88 36 -91 79 76 -85 45 52 52 -74 44 79 58 -76 -71 93 -34 -67 68 -78 38 90 -55 33 -12 -74 -93 -89 -92 -94 -6
-12 -12 82 79 -40 -8 -67 44 40 58 84 -17 -6 -14 84 -77 21 -71 -12 14 84 64 1 5 55 -68 -71 69 49 -16 -33 -41 64 -71 -93 33 -48 -88 -17 96 46 -15 35 57 75 -22 79 -12 -2 29 -74 34 -14 -55 90 -38 -94 85 -18 93 -86 21 -85 55 -29 50 59 -67 27 8 50 31 -7 -74 -21 -28 41 56 -64 29 81 40 -71 31 -98 -60 -8 9 -21 69 36 63 67 -59 -7 97 -42 -79 11 -98 13 -12 3 88 -10 25 -70 -76 -30 -8 80 34 3 77 -4 14 -81 -88 -36 42 -99 -76 -48 20 -69 19 49 95 75 82 17 -79 -36 40 35 25 -49 -84 -97 -63 88 -85 4 57 -82 34 98 9 -40 71 -15 0 98 -55 28 -83 -79 -9 -22 21 -94 72 44 93 6 52 14 57 -58 23 -28 -53 94 83 92 5 50 29 -7 32 -7 95 -4 -32 -84 -43 4 -98 -87 76 89 -27 -55 -15 68 83 17 -56 27 64 -53 -94 -18 51 -47 -76 1 -5 8 81 -2 19 9 -30 -1 24 -57 20 -65 -12 5 79 64 -73 55 63 -45 28 -12 -23 -58 98 -39 -71 86 49 -77 -76 -69 46 -66 43 -34 -63 -29 -68 85 54 52 90 -66 -70 -7 -65 -18 -15 58 -74 55 -62 -85 -48 -54 57 -79 85 40 -90 -54 45 89 99 -27 10 -6 40 -5 -53 -84 11 -94 -21 -74 -19 -81 -19 -79 -19 -33 -13 27 -78 69 -49 33 -35 7 -52 -28 83 -91 40 39 -25 -28 -14 47 -89 -92 23 -5 -99 91 -76 23 88 12 -44 72 -11 10 16 -78 82 -58 31 -90 -72 -29 -39 29 9 -56 -65 -51 93 -67 -91 -43 -17 -96 95 -9 42 83 2 13 81 3 -40 94 -41 -91 -70 -99 91 6 22 93 94 50 94 -66 58 -28 50 21 -71 17 11 -18 44 1 9 91 -33 -33 60 24 87 -61 -47 -48 17 13 7 -12 66 -75 -54 -80 -52 -26 5 52 -1 17 -1 -37 -8 -60 -48 -48 93 -58 -6 14 64 -21 73 6 92 -96 3 -8 -12 -60 -30 -85 57 33 -64 63 50 -51 59 80 -45 9 50 -37 94 -61 -90 34 17 28 55 -44 -51 42 88 -55 -89 43 30 -75 -31 -61 -52 -86 80 -90 -40 52 -43 -41 3 20 -87 73 26 -79 23 -21 -19 -33 69 -23 -12 -80 25 2 50 96 -36 38 -83 16 -39 72 69 40 7 40 11 -24 -42 50 -6 83 64 -7 16 49 48 -9 -37 -98 64
34 -15 38 68 80 -5 -76 66 -11 -34 81 16 -22 38 -40 -16 40 -91 94 -97 87 92 90 84 -4 -23 37 -2 16 23 15 -43 6 79 80 15 -30 57 -90 -21 -28 -86 58 4 -31 16 -19 -62 33 -74 -18 94 -3 -47 90 -45 29 -36 -25 -31 75 -22 87 -89 -10 95 -34 87 61 -38 37 -33 39 -37 68 -13 31 -72 -51 -29 59 -78 6 23 -59 36 17 -20 -82 -2 9 90 -17 -83 97 63 -34 62 41 -61 95 -12 -3 88 9 -92 -65 -45 62 48 -43 87 -89 23 -13 89 -74 69 26 84 7 -97 -40 -77 -53 -2 -5 76 89 72 91 -48 22 -46 -76 -50 45 -95 -39 35 -83 95 88 3 -7 -77 -72 -10 -29 -88 -12 65 -5 58 45 -74 53 -99 -28 10 -83 -94 46 75 76 -45 -41 46 64 -3 77 26 -88 86 87 -42 44 -57 -2 75 27 13 -51 -77 -95 -2 25 -82 45 50 -71 25 2 -76 21 -54 48 24 80 41 -57 37 43 65 60 -45 -50 -96 94 65 -57 -61 -36 91 -51 -46 -76 26 -41 -84 -61 -92 83 -44 10 -80 45 -5 33 98 -50 -59 95 -76 -90 -7 -56 -58 48 26 -34 -42 78 68 -18 -54 46 57 -56 58 25 53 -24 86 -22 -49 -18 6 -78 -26 -8 54 13 29 61 21 -80 10 -79 7 -46 -51 -68 11 -26 -90 -34 -97 68 -4 51 -14 -13 -33 8 21 -69 47 33 34 51 17 78 24 -72 85 -84 -52 11 -82 42 74 30 76 78 -25 57 -35 80 50 -19 16 87 88 39 -87 33 2 -34 -39 83 -14 35 -94 12 -33 -64 26 -19 -11 33 8 43 -42 -83 65 -21 18 36 -40 21 -85 -16 -15 3 25 -81 -72 -34 -50 64 46 -38 94 44 36 94 -72 98 12 31 90 65 -79 82 10 -7 56 -45 40 -99 -75 -95 27 62 1 -49 -81 -54 34 51 5 -82 -19 73 -81 -48 -79 57 -35 -45 4 80 91 60 95 2 74 4 -61 -7 -17 6 -57 5 97 -36 54 -66 -68 -44 87 6 -47 -41 -61 33 -2 36 -20 -33 92 29 71 14 29 -86 -30 26 3 -74 99 4 -97 -7 -88 49 -71 -92 -29 -92 -96 20 -79 32 -86 -6 13 60 90 -42 -52 -40 -54 -69 64 31 -79 26 -30 9 -84 -29 -74 71 -57 10 -70 -83 -57 62 7 -33 4 -31 -55 -33 -56 52 -57 34 -34 38 -14 -22 -29 60 37 -34 20 -29 -54 38 -56 6 -9 -97 -32 99 -43
-46 -52 -50 -89 -26 -72 -1 17 67 74 -34 88 24 73 65 89 -56 21 95 -66 -59 -66 39 63 -1 -18 -48 -61 35 74 54 37 -85 -58 50 -12 -98 -76 -60 8 -29 -83 -6 57 47 80 -68 -82 -7 -30 15 -82 -2 82 -59 84 -57 -10 61 92 82 -94 26 33 -42 -98 7 -87 -17 -42 77 90 80 67 86 -73 -44 58 -50 -7 -96 -26 15 -25 -72 21 39 -60 -24 -68 -91 -10 -86 82 -81 -33 -63 -28 -13 59 0 -44 -13 73 49 43 95 62 -2 49 81 28 22 55 93 11 -20 -30 -96 24 73 -4 -52 24 -28 -72 -21 31 38 29 10 -83 -94 -10 72 32 -22 49 18 -14 -39 -9 -23 -76 20 38 -62 -85 -77 79 14 -46 41 66 -75 -77 -3 27 56 65 86 33 98 -70 -41 -34 41 24 -86 80 -49 -3 -62 -75 -59 -52 83 -91 -79 -26 81 87 4 73 40 96 -34 -21 76 64 44 -74 27 -90 56 -62 61 80 23 -95 49 79 -57 90 65 95 -34 77 -33 -97 43 43 -80 40 -51 97 26 -79 54 11 -16 -25 38 99 -35 -28 94 14 -62 -47 -27 -69 15 -59 32 57 10 -94 10 -62 98 -31 -12 89 25 9 28 17 86 -58 -71 -44 78 47 82 10 52 95 -21 -72 -8 67 70 56 -53 54 88 -18 -59 29 67 -16 -35 42 -8 22 31 -73 -2 91 -51 9 54 -46 55 -55 52 -91 69 -58 90 -98 3 -45 -48 -94 64 80 -30 -42 83 -41 1 14 64 -83 72 35 84 89 50 -89 -33 -25 -58 -1 -32 -79 39 86 19 -61 6 -26 -21 11 -90 32 86 -44 83 -84 19 -3 -46 -21 -57 27 -95 10 53 60 69 -71 -8 8 76 -55 -96 79 -77 25 15 -39 62 84 -59 -33 -49 85 -17 16 -86 13 55 27 96 -99 -45 -9 -50 -44 -88 80 56 -73 43 3 26 -52 84 69 -42 41 83 9 28 5 -87 -41 69 -87 -10 -92 86 -71 32 -90 -33 -67 -7 32 29 90 45 88 -32 78 -37 -13 80 -14 82 -79 42 -77 87 60 15 45 68 78 -25 -26 56 60 -63 25 52 0 -37 -9 18 47 -57 -51 -31 80 43 -20 53 -31 -3 -35 -39 44 29 -89 -36 72 -60 15 -40 -5 91 -54 67 -72 14 27 -71 23 -47 -29 31 -46 90 -91 -37 -59 34 -72 27 -46 -27 89 -35 -31 73 64 16 31 -75 75 37 83 16 88 -13 -88 45 66 -47 -10 -16 -56 49 32 11 7
13 49 79 81 -95 -49 -38 -36 -83 35 23 20 60 -14 -73 -75 39 5 -53 -4 23 4 -52 -32 -20 37 74 -24 46 -88 -20 -41 28 -82 92 -65 13 -54 -9 -31 -4 78 28 -75 32 -51 -90 -67 -13 91 48 -13 -85 0 58 88 -61 -35 26 -41 10 -25 93 99 -60 -8 -36 73 78 75 34 7 -40 -2 -53 -85 9 3 -42 66 7 8 -38 5 73 42 54 -91 -89 79 -53 -90 -43 28 -80 -61 78 -81 -91 -24 -39 -83 32 43 -48 -46 -10 -21 -61 -61 -23 68 -98 3 -2 20 -18 10 -79 -51 27 -75 65 -9 40 -54 -43 37 -90 36 -25 -87 -24 -83 89 -99 -83 34 19 -47 -11 6 -9 -15 17 -58 3 -92 85 -99 17 29 87 43 -32 54 3 82 58 20 -46 -68 -88 -48 45 -2 -71 34 -61 7 -76 -23 47 -4 60 10 83 -62 -58 93 19 18 -20 -16 -79 21 -39 37 -1 13 -12 -41 78 -3 76 -90 -43 -35 -66 45 -73 -12 -46 -46 -67 58 -48 -68 96 -28 -93 89 6 -98 -55 22 54 8 33 8 36 -31 0 -3 -32 -74 82 -9 56 32 -37 82 0 79 -52 75 22 -45 55 47 -77 -84 47 -77 -40 -75 -77 -71 78 43 27 -64 38 -28 -66 -4 9 69 -47 56 2 41 -28 -95 -21 13 -17 86 -38 30 81 48 -29 -8 0 29 -41 61 93 45 -34 -27 17 36 -19 7 62 -96 33 3 -72 90 93 44 -9 -52 94 65 -50 -57 -62 25 92 64 61 -39 59 30 -56 -39 91 -75 -62 -20 -64 66 -44 47 -72 -2 -52 8 4 -67 76 -67 -48 -9 96 87 89 -57 -97 55 63 -62 91 -76 -51 9 24 -28 -70 54 91 13 -7 50 8 56 -61 -64 -70 -70 -86 -3 -34 65 -69 53 4 -89 -18 57 -22 22 -67 -87 84 -56 -76 -32 0 99 64 95 -77 -80 33 -37 17 57 10 78 20 -69 99 58 -47 99 11 78 56 33 46 68 -70 -68 33 35 -70 51 6 -45 88 19 -71 53 -57 50 17 -11 16 69 78 -51 60 -62 93 43 79 13 -50 -18 1 -47 12 36 -61 5 42 -87 -23 -98 50 -27 83 63 -66 56 57 -23 96 -51 -31 -32 -69 81 80 16 -24 0 -25 -97 -80 4 -76 3 89 71 91 -18 73 -58 -50 -15 -33 70 62 48 69 62 3 -38 72 -38 37 97 84 -22 -61 40 -95 -69 -9 81 -85 75 -58 -6 -42 29 1 76 -19 -16 -90 -32 50 -5
74 70 -45 -37 -39 79 20 70 48 -3 44 -43 -91 -41 79 92 -92 37 39 -51 23 51 94 72 -97 82 15 -44 22 15 -43 -90 6 88 -64 -93 -16 59 -85 -19 -41 29 -16 42 -89 7 96 94 -22 -86 25 11 99 71 -6 1 -65 -9 -42 -59 -79 -80 -61 93 45 -82 18 47 31 -59 86 -75 7 58 -3 58 66 -66 -95 89 72 -10 -2 54 98 8 -19 -59 -15 46 1 91 45 -16 42 73 46 -52 55 -53 40 -28 -77 6 -93 42 82 37 -60 -58 -84 -11 71 -99 31 68 0 74 -52 -6 -63 28 -79 -36 98 -85 -5 2 -82 15 8 33 17 -85 -51 30 78 -1 32 -46 -19 56 98 -19 83 -17 -81 60 35 -47 40 -57 -55 60 -23 -83 58 -49 -48 40 -8 23 14 91 33 -78 -46 47 32 -6 81 68 -40 99 73 -3 -56 -88 -96 -46 28 97 -8 -2 -64 -7 -15 -50 -3 39 34 -42 -87 67 19 25 21 -97 43 -51 -10 -72 58 2 -22 89 74 -44 88 -65 -17 25 5 -97 46 -91 -86 -81 98 40 37 25 40 62 36 -99 94 85 -34 -2 38 -74 17 -17 66 54 -88 34 67 -80 -79 -50 5 -17 70 35 28 46 -79 78 77 8 -89 0 -37 20 -85 -65 -83 -25 -38 -73 -46 -61 -62 -13 -14 99 65 52 -3 -34 -15 -26 -64 51 43 -87 -76 -6 -25 51 15 37 71 29 -91 97 2 47 -19 -87 38 -27 33 46 30 91 19 -67 -58 -60 -62 95 -46 -10 -1 -60 68 -70 60 2 -52 -39 -66 17 -70 -57 86 25 88 0 -30 -16 42 5 14 -71 2 7 32 -50 76 77 37 93 19 86 62 -97 -36 90 -93 -30 70 56 -43 -21 55 93 62 -91 -14 92 -93 65 -15 31 -65 -36 23 53 -95 -56 93 -40 4 -66 12 -38 -93 -33 62 -6 -88 -63 -88 94 2 59 16 9 -29 49 -44 -81 -67 -6 -60 -25 -95 -83 -72 96 -66 -69 -18 18 86 -62 3 -97 87 76 38 -5 -80 98 20 -52 -48 27 -74 -97 -31 79 0 -17 -59 86 -89 -20 -95 66 10 27 61 43 -55 86 71 -51 -70 62 45 -8 -11 97 98 11 -18 25 -61 20 -28 19 22 -55 8 47 5 51 48 7 53 -11 28 24 49 98 -44 21 26 -2 69 -16 -51 15 45 -26 5 91 -45 -9 37 -53 74 -89 77 -97 71 -13 66 -3 59 -74 -1 95 71 67 69 -15 24 -22 40 -86 38 26 -70 -62
8 -14 -2 -6 65 40 54 8 -71 -93 -17 -58 57 16 -9 24 -44 46 -29 12 33 -17 28 -86 89 36 5 -91 -22 -57 -89 -11 -64 4 26 -85 75 39 -18 -6 -62 -92 -66 71 49 29 61 -35 -68 -12 92 -72 68 95 -91 -64 -69 67 74 -60 -31 42 -67 -10 88 63 -51 64 -51 84 -81 30 -79 11 59 43 -71 93 76 -4 61 -1 44 -33 -6 -44 22 38 -92 -1 -58 -49 -14 49 16 -38 -65 -89 -88 20 -13 83 -83 47 -94 -76 37 -4 -9 -78 17 -2 42 46 50 52 37 0 -26 -30 45 93 -73 54 94 -62 -60 40 91 -48 -60 49 -63 15 -88 -23 21 -37 -49 12 63 66 -85 4 55 -52 63 -74 47 -54 97 -36 53 -49 91 28 -23 81 42 81 -41 74 -20 -21 11 -84 1 0 -45 -11 -65 -63 71 -29 -26 -78 -15 -20 -84 13 -9 5 21 87 94 -24 7 -63 -5 -80 13 29 46 -71 16 29 2 -93 -48 78 -18 -58 -1 97 95 -8 27 -6 70 32 17 -55 26 13 87 97 97 57 10 -20 -36 60 -88 -94 17 -97 -8 7 -32 -40 -65 -13 30 -51 51 39 28 10 19 -70 65 -64 86 -65 48 8 15 15 -4 43 85 -75 -81 -31 66 19 -82 19 -66 10 -41 -94 22 97 14 -77 79 -11 -29 -44 -32 -28 -15 -8 -77 15 30 96 18 59 -20 6 92 -70 34 8 13 52 -99 64 -23 32 -4 46 -51 21 -1 96 50 27 37 -65 48 -22 38 86 33 -26 -95 -90 -73 -31 -92 -53 14 34 20 -49 -31 -41 38 45 -72 95 89 -15 -51 17 64 -14 -99 34 -90 -4 -43 67 68 -21 36 -23 -36 2 39 52 -30 -21 33 -28 -94 -98 -62 -24 -75 50 24 41 -95 47 49 67 -85 -85 14 -60 -98 34 -64 53 -97 63 -49 98 -2 -42 20 -61 46 7 -51 -92 18 -75 60 48 -50 -18 29 0 85 90 55 -18 -63 4 -35 -29 17 -59 62 45 74 -17 -50 1 0 -63 -66 60 24 -34 59 59 44 -53 -37 89 -48 17 62 -19 95 1 -3 -19 17 12 -81 82 -3 59 -57 -9 9 -58 53 -15 -99 -87 -59 -36 -26 -76 52 46 34 16 8 -44 -52 19 71 60 -53 96 -38 48 40 0 31 -46 -39 -46 98 23 72 -17 -34 49 4 -64 61 33 -35 33 13 -90 93 88 44 87 -99 59 -11 -81 -61 33 17 -83 32 -67 99 56 51 34 88 69 94 -27 42 66
-64 -11 77 50 25 38 44 43 -28 -65 -41 -1 -87 29 98 54 -10 -35 62 97 10 -30 -47 79 -25 1 48 -38 18 16 68 -38 -29 -27 -44 55 40 26 61 -51 43 59 -22 70 24 97 97 -30 62 -24 -47 -26 56 97 -79 75 -80 -46 18 -16 -97 -14 42 -32 76 74 -8 -31 -60 -20 -67 -14 -36 49 91 -19 61 98 51 29 -56 68 -60 -86 86 -91 45 -82 -5 61 73 52 -80 88 33 28 20 -47 -59 -41 10 63 -15 67 73 -71 75 -94 -6 95 29 10 63 59 79 -98 -57 -96 -10 -93 -73 6 83 84 76 97 -36 32 -9 -74 -42 -6 -90 -34 38 -29 -61 -41 -74 11 -78 41 -70 45 -87 -59 21 45 -79 -66 -76 11 79 -46 7 82 -98 13 -84 15 57 -81 -51 74 -11 76 82 69 1 67 -96 -68 -55 30 29 -91 7 -23 49 75 -37 86 21 57 -61 -44 98 11 43 -1 3 -54 -59 62 -29 -27 36 -68 -59 -14 35 85 -46 81 -27 43 -81 -22 43 -67 6 -93 38 40 2 69 -77 -11 -29 17 29 -62 8 89 59 -91 90 -43 25 47 38 34 59 -14 13 89 -57 75 2 71 -27 -3 -3 49 82 62 -74 54 -10 -98 86 -39 40 91 66 96 79 -71 -51 90 -61 -97 -4 -26 20 4 62 7 52 -34 68 53 63 -3 -92 62 -66 -14 -15 -71 -54 -96 15 -51 -44 -52 91 22 87 -35 81 -63 -37 16 38 -13 88 74 7 -91 91 25 24 -13 82 -50 20 18 79 -59 64 25 -73 30 21 81 -99 12 -89 -76 -63 -64 17 -49 46 62 85 -80 -61 29 -9 21 -67 -97 8 48 -9 -56 94 63 -77 27 -74 50 -72 71 86 12 25 89 -44 6 20 -33 60 -94 -76 2 12 -36 64 55 22 -15 48 -79 -92 29 -69 22 71 48 81 24 68 -32 -23 18 66 -38 28 -33 -16 -56 8 42 -24 -49 23 -52 65 77 -90 -37 -62 -73 -99 6 -18 72 57 -59 -79 -59 15 26 -48 89 -53 -23 -25 -64 -59 20 -97 -75 -46 54 96 56 6 -46 18 -15 8 -83 -24 32 -3 43 22 -57 67 5 -85 87 -90 95 -18 7 31 25 -63 96 -8 34 -46 -88 88 45 -30 -2 -47 -28 76 -41 68 25 -66 -11 -12 -33 -62 -28 -93 19 -91 87 23 12 -10 -82 46 -70 28 92 56 60 89 -25 77 22 -19 -45 51 -35 -84 -89 27 17 93 -28 -8 84 9 27 75 -82 67 56
46 -71 -52 -78 79 20 18 43 9 96 -66 -65 -26 -68 45 -90 73 16 -82 36 76 29 60 61 53 62 -66 96 -31 -39 -12 -66 -31 -92 -74 26 88 66 54 -75 37 82 -84 28 25 89 38 50 12 11 0 -83 -63 -58 -39 90 -10 -5 78 46 -13 59 50 91 81 6 -20 53 -35 -74 -92 -21 26 33 -11 -81 78 63 -21 47 -70 -33 -9 55 21 -18 -22 71 -81 97 57 61 -69 74 -74 78 -92 38 22 46 5 81 -28 93 34 94 40 20 28 -70 22 -44 93 -32 -29 10 -23 -70 -40 81 -79 -51 -55 -75 -10 -44 -57 -92 -61 -9 77 -27 -94 87 -73 -6 -62 32 -2 12 -17 54 33 -85 71 57 58 46 86 42 69 70 68 86 15 -88 -13 69 -12 96 -38 -4 -36 22 71 29 -33 12 13 71 -76 -86 -51 -65 87 62 90 31 -87 70 52 56 -29 -79 56 93 40 62 63 -85 12 -53 6 8 45 72 11 92 -81 79 -75 -26 -49 -77 -50 -50 -69 -96 -93 -25 96 -1 -49 88 -95 -90 -82 -29 -43 31 81 43 57 61 -7 10 76 35 1 -88 -84 22 72 -65 16 73 91 -17 66 66 -21 89 6 68 60 -42 -22 51 30 -58 -7 -8 3 -68 -47 -77 75 39 -9 -53 -71 -17 -82 -36 -17 -49 -4 12 59 -26 -87 -82 -14 10 -43 -85 -78 88 13 -93 -39 76 -94 5 33 10 -31 -88 -84 -55 -10 99 73 3 17 31 48 83 88 -96 16 -38 55 -20 -32 17 22 -98 95 21 -98 -95 96 64 14 -26 92 23 9 -62 13 49 -41 1 -3 -72 -20 -76 79 -64 -99 12 -72 51 97 53 96 94 -58 49 87 -25 -34 59 15 -63 69 64 -80 17 10 72 29 -1 47 -75 -97 9 90 74 -45 11 95 -79 66 -39 -96 -18 95 -19 -97 15 -33 14 39 32 -45 89 41 31 -53 -4 93 -15 4 40 -91 56 53 -17 67 -13 -23 45 24 -88 63 -89 -6 -8 -42 12 43 74 66 15 70 -38 -53 30 32 78 -14 27 -74 -62 13 23 -6 26 -57 11 84 -16 57 -32 -89 -57 -30 -17 79 99 86 -53 -76 -67 -54 -92 -40 -84 -90 46 85 41 -65 -37 45 -42 -93 36 56 30 80 -74 37 66 32 11 -61 -50 81 80 9 -19 -83 19 83 77 -88 -98 11 55 -84 -67 79 -58 -8 -77 -84 -7 56 29 -78 33 -47 -61 -11 -4 89 44 28 75 14 -36 -32 -39 28 71 98 -26
-44 25 41 -24 -77 -80 -15 57 36 -83 4 -94 8 -50 72 45 16 97 -52 84 -85 14 -23 4 72 -60 -40 -70 -73 67 23 -72 45 -2 23 -84 -37 -90 17 31 26 -72 -86 -97 56 -23 29 -82 23 91 -25 -78 -61 20 3 -32 -27 60 61 13 -21 98 45 -93 6 46 -52 -85 94 -2 -38 94 -7 -66 -2 77 12 -85 48 -85 24 -6 86 63 2 13 -88 -14 87 96 -60 -20 -18 48 -72 24 -52 65 22 -1 -36 -54 -92 75 47 -90 -54 -91 62 24 -44 68 5 -67 -52 80 -84 85 -47 6 74 69 14 -86 21 -65 -87 65 -39 -84 80 -56 88 -81 44 -5 -14 -76 -52 -98 38 17 -34 58 43 -65 62 8 -77 -46 -86 27 -47 22 -88 15 90 54 28 91 57 -77 25 40 -99 81 16 47 -15 -94 -17 -2 -60 86 -61 -30 -34 77 79 68 -91 12 -33 32 -72 -34 6 -56 -8 6 -90 -81 89 92 -75 -90 -60 -5 74 -60 31 -52 -69 31 -61 83 -27 1 33 42 19 73 19 44 9 18 45 26 -80 -20 -12 56 -15 -22 -76 66 67 -52 73 52 -89 -7 -44 -31 -76 66 58 52 -92 54 54 50 53 -77 -64 52 45 -20 67 76 -53 15 -77 -46 49 -87 93 -48 -5 -31 67 52 -29 -80 88 -78 7 95 87 -85 -61 -75 -27 -13 -32 30 -90 2 92 89 -72 77 -58 -66 84 -57 -51 -64 89 85 -98 98 96 -14 75 -33 49 59 36 -58 53 -22 27 -14 28 -42 -41 59 82 -45 89 18 47 1 -46 40 -93 -92 -73 -63 52 57 -91 -24 -71 -30 10 -92 58 76 73 -26 6 39 -15 80 -76 -83 -49 84 -99 29 -13 -4 17 -94 68 43 -28 39 -32 -54 92 21 29 15 59 -71 -97 89 95 -24 11 -90 2 69 -71 -97 -74 87 28 -37 88 -19 -90 97 -24 6 -70 90 -23 -71 -4 -24 2 7 -23 -71 46 14 45 -94 -59 16 91 -93 30 -60 -69 -34 63 98 -65 56 0 92 -73 69 73 -16 52 64 14 10 72 -50 -84 -37 -36 46 -83 -64 -14 72 -14 -63 36 -70 42 3 78 -69 26 74 -47 6 -60 81 -17 39 84 52 -56 -49 -43 -83 59 55 18 86 4 41 -1 -97 1 59 55 -40 28 -85 30 10 -14 -87 -28 -98 -94 -94 47 -81 -89 60 79 -37 17 -56 -99 49 44 -6 -3 62 87 -46 -95 22 -43 -48 81 93 -6 -96 49 -79 -28 33 -28 -19 -48 44
57 67 -25 82 47 -31 13 41 -68 95 29 -80 16 36 -76 66 -83 1 -97 -31 80 -3 -95 59 32 47 95 97 47 7 62 26 -33 -41 -27 49 -80 53 36 97 64 26 41 39 -67 -39 95 10 33 -8 95 99 20 -58 33 47 -58 -78 76 -8 -60 76 -3 -55 -43 99 52 63 -30 -80 36 90 -5 -90 34 -39 39 -42 8 -3 31 93 46 78 0 -11 7 -59 -23 61 22 -83 94 31 63 66 -25 85 -37 12 46 -34 98 93 47 -34 84 -85 -31 32 48 -22 73 -5 -22 -5 -94 -82 -33 -48 -86 0 21 -47 -3 -85 -82 49 -91 -42 -15 62 -77 -20 42 24 -41 29 -34 10 -35 79 -42 92 -83 -93 -90 -17 34 -62 -39 18 -38 -53 99 -69 97 54 6 -29 33 -4 -51 78 78 17 -36 51 -53 -24 34 51 2 30 -94 -13 20 20 -83 37 30 99 -25 -99 -19 84 84 40 -92 -50 -38 -2 74 72 20 -92 -6 55 15 -85 -15 82 64 61 -5 30 65 44 29 71 83 -89 -83 -8 -27 -24 -46 -74 -30 -88 69 79 -34 -30 42 25 69 56 82 92 -82 96 23 64 41 36 84 -22 -85 -15 38 -90 -32 -65 -1 -31 -75 2 -65 54 -28 46 -97 -69 -71 -29 70 -98 -93 -39 -42 -73 -16 -99 80 -34 -37 -84 69 9 -35 -47 53 -39 59 9 60 -13 -8 87 -20 -6 -91 62 5 -4 -81 76 -65 68 94 56 36 -68 -65 -35 -90 57 51 -13 -57 84 -65 -84 -96 -1 19 8 70 -65 85 -35 97 -75 32 -92 -96 68 47 -40 -19 -15 -5 -21 37 93 -17 -83 41 28 -91 -15 39 34 -39 8 -26 15 -3 79 -82 13 -71 -80 78 8 -75 20 -95 -18 -36 28 -56 -23 -66 -81 81 64 -68 79 -76 96 83 -2 -28 -25 -78 -65 47 8 51 40 -90 -15 -40 57 -82 50 23 -41 58 29 53 -32 -18 14 -87 60 -15 -47 41 -65 10 -50 -70 -95 72 -61 50 17 -32 56 88 51 -27 -86 14 -74 -92 97 -76 0 -45 27 77 -26 84 4 -11 -89 -18 -47 -2 -55 74 -52 -54 68 -54 -29 22 53 -15 43 -72 1 -23 -84 18 51 26 56 -77 -14 85 -37 -78 -40 17 69 50 80 -9 32 17 39 -73 37 23 91 -63 64 -20 -18 -28 -60 84 58 -6 37 -27 24 91 13 -84 -67 88 -62 -12 -31 62 85 -14 -70 -70 20 25 3 39 -34 -14 44 -15 77 80 -12 -19 -98 60 -73
-75 15 24 -62 54 37 61 79 -47 89 15 -51 90 77 35 -16 -27 54 -4 -21 -3 -61 -30 59 -57 -58 -70 66 -45 62 14 55 -47 35 86 -7 98 -97 29 -97 -87 -11 46 80 24 15 -33 44 -46 -86 97 92 -13 89 24 -84 35 -40 -38 -95 -19 -97 -7 2 52 -47 -24 33 -72 49 18 9 15 99 -90 12 7 76 -82 -4 -1 12 88 69 96 90 -16 -46 35 -49 -16 53 14 98 42 67 -98 3 -68 -41 80 -69 15 -31 -98 -6 82 54 -64 79 97 -38 85 70 20 55 -77 83 81 97 31 82 64 -18 22 -89 -80 72 42 7 37 -7 -59 -85 -67 -95 73 -22 98 -43 -83 -1 -70 11 -80 7 75 -33 68 -70 17 -60 -1 86 74 49 -45 55 -10 -9 77 -75 41 -5 -56 16 2 20 63 -76 33 98 86 92 -3 -47 -11 28 65 65 -56 -57 39 -71 -91 -75 -63 -59 86 89 70 -50 1 32 81 -95 41 89 22 -41 74 34 -17 -61 60 93 95 42 60 12 96 79 2 -66 98 7 -81 -19 -18 -78 63 80 50 4 19 -9 35 23 -57 -45 2 -5 -21 -50 -20 50 -31 -10 -24 -16 97 -55 -76 22 -11 15 52 87 -48 15 -83 64 -77 54 -58 86 -92 -53 -73 99 19 89 -96 90 68 -9 -47 -10 89 -90 -71 60 -81 58 -2 -32 -53 82 -10 -38 54 -73 -57 -90 71 82 -71 72 -69 -73 3 79 54 58 14 2 22 -64 63 34 -47 30 -46 -17 -88 97 39 -80 12 -95 -91 -18 33 -42 71 -48 -50 -13 91 46 -86 41 25 21 -91 -21 10 -32 -44 -15 37 -54 -48 29 51 72 -96 84 -42 59 75 -48 36 -51 -56 -8 -49 -72 87 42 89 85 46 89 -49 22 76 -5 -39 69 -91 -3 -37 -85 62 -70 -93 -64 -2 13 6 88 -75 8 -14 -67 47 -44 -30 -92 -83 96 -7 39 46 32 31 -22 -36 45 59 83 -52 77 72 -52 6 -59 63 18 68 -88 26 -52 44 -85 -96 -7 -56 -55 -30 -17 52 1 -90 -26 -79 -56 16 86 -57 50 91 89 96 -62 -52 65 -73 -36 -56 -67 95 -73 2 -29 -25 78 -71 -34 -83 -73 -70 -97 88 48 54 -50 -89 59 67 14 33 44 75 79 -81 26 88 68 -89 -92 -88 -42 -57 58 -47 -3 -22 8 -86 -68 20 -91 -40 72 -93 95 -10 -97 51 40 35 -67 -13 21 -53 15 -59 55 18 69 85 -67 -57 47 -86 43 25 21
25 -39 99 -13 -7 10 4 81 99 -57 42 24 19 42 9 18 51 -48 97 88 -46 -41 -94 2 -94 -30 36 -41 60 2 96 -35 -71 -16 26 63 -12 96 53 -47 -11 58 -82 -97 65 82 16 -59 -1 16 -16 -90 49 -98 91 35 36 25 58 0 -16 96 2 59 -74 -98 -4 -91 69 -80 -69 -1 -55 69 -80 34 32 -93 -48 -20 12 87 60 -40 -65 18 42 86 -19 -96 91 37 -29 -3 39 -85 42 73 -61 42 66 -6 -18 11 90 82 49 -41 -14 97 -26 63 -26 69 -11 10 -21 14 67 -98 -42 -14 -21 6 -16 97 -50 -61 3 76 -16 -70 -41 93 18 -27 -34 -38 18 -57 59 22 -74 13 26 -80 -17 -97 91 70 67 88 -61 60 32 49 32 -40 65 38 87 72 15 66 -18 -64 -17 -30 -98 36 -71 44 17 65 -24 -80 76 -54 82 65 80 -57 -28 49 -96 14 -26 -67 -11 96 -99 17 -79 84 12 14 82 -47 -12 83 67 -30 31 -87 18 60 -3 6 28 -90 -85 -84 58 49 -14 -52 82 57 -95 58 -74 -46 40 -63 32 -30 94 98 13 -36 -64 80 60 69 -46 2 -40 2 -11 1 -86 -68 -16 -84 37 81 67 64 67 60 54 -62 94 -19 7 -65 -31 -65 -90 69 82 -13 10 36 -63 88 -35 54 98 6 65 83 43 -91 -14 68 96 -38 72 -7 18 16 -26 71 -38 7 -22 -20 -9 -93 -42 -3 -82 82 -42 49 63 33 -15 -48 -59 14 81 -45 92 70 -45 -50 36 48 -74 -97 42 -45 -13 -20 57 76 95 82 25 -43 -65 -44 -35 -69 -4 0 22 -27 11 97 -59 -93 14 -3 87 33 -78 21 13 -79 52 98 -87 76 46 -85 -16 33 -45 -51 7 -89 33 6 87 80 -85 -52 89 -26 55 -24 -96 -64 -70 45 11 88 -20 43 36 -6 73 30 -82 -12 40 94 -4 33 11 -19 -90 -48 -52 40 -26 -68 12 22 84 23 31 16 -12 -23 10 27 -42 84 84 30 -88 -85 -70 10 69 -94 -70 1 -89 -4 -9 89 16 -62 -42 -12 -65 -74 58 -4 -39 19 24 62 40 -39 50 88 20 -88 43 35 82 -11 93 -9 -18 61 80 69 -87 76 -16 -99 33 17 -9 -48 53 77 -47 -55 -20 -2 12 -52 40 -40 0 27 77 -56 98 54 84 53 57 15 -11 93 81 -61 -20 38 -39 55 -21 74 71 82 -1 -86 25 47 34 -70 80 -45 -15 74 0 67 23 84 -50 -27
20 3 53 -62 -96 -37 -4 38 30 22 -85 -8 96 12 -29 28 98 26 48 42 76 -83 -93 -40 7 9 26 25 50 -69 -94 -51 34 74 -68 89 77 -60 0 -40 1 97 79 75 96 72 -90 80 -1 -26 -8 -32 -20 -36 -57 -20 10 78 87 31 55 -60 -68 78 -75 18 -80 -9 61 55 73 -5 -16 78 -99 -60 70 3 -32 69 56 22 -28 63 96 96 -64 -74 -84 36 -98 -55 -74 -73 -21 47 -84 -59 -91 -88 5 67 -87 -23 -31 -2 -60 76 -27 1 61 -99 86 -64 -84 -52 12 70 -11 77 78 -95 9 14 -21 97 0 62 -8 94 -24 -53 -17 -5 53 77 22 52 91 93 -78 -40 58 44 30 78 68 28 25 -93 -58 18 4 -56 -44 9 -18 51 -58 35 71 -87 -43 -47 -88 -70 -65 28 -40 87 -62 80 -73 0 33 -36 59 96 72 -13 -14 -33 -76 -58 77 -65 25 -25 -72 -7 -87 -69 25 25 -70 -82 -34 52 -34 -43 69 81 22 -36 -88 -67 -85 9 41 79 68 -42 87 72 -5 74 95 -99 82 53 22 10 -67 67 -65 -36 49 -72 0 -5 -90 -78 -52 -86 -69 27 58 -11 -71 20 94 -1 98 -47 3 -64 -23 59 64 -68 -15 82 24 -77 87 -50 -15 37 4 73 96 43 26 -42 50 -99 26 31 67 90 -96 -87 19 89 -39 -52 22 -55 -59 -34 -67 -96 -17 -27 27 11 -81 -19 92 27 15 -97 4 -60 81 -60 -61 82 56 -15 17 -32 -53 21 59 -3 72 87 5 46 -28 -10 -58 97 46 79 27 21 -83 -94 -49 63 -10 -54 -96 -55 -8 40 5 79 -78 -6 -80 7 -20 65 -47 -11 83 94 70 -27 -16 -9 13 43 11 33 60 54 -67 90 16 -15 -46 -76 -31 -17 -86 51 -47 25 -19 -88 63 -15 -96 87 -7 -55 -45 -20 -18 76 -98 28 -54 -45 -14 65 24 48 87 -88 87 -9 -5 26 21 -65 58 -27 40 18 13 -41 -44 -91 -31 -20 14 -76 -44 -59 27 -57 -13 -88 82 -88 -60 -52 -56 -29 55 60 -29 -63 85 27 69 74 -67 -30 -20 85 -64 83 -98 32 -97 18 0 92 70 -52 -1 94 36 -61 -50 82 -19 39 0 -26 -20 56 -72 20 7 21 78 -53 81 -37 -19 4 -39 2 35 -31 -49 31 -36 57 5 11 -49 -34 17 -47 73 -3 57 -89 -70 -79 63 -57 -46 41 -64 -44 -70 -38 -29 89 12 11 50 48 -36 -66 -70 14 59 -52 87 20
-40 -25 -5 -58 -42 77 21 -4 -80 -51 -69 -38 84 -93 -39 -97 93 14 -72 -9 27 -88 6 38 37 -32 51 77 -43 -29 60 18 -44 -51 49 -3 -98 3 -98 -27 -91 -77 47 5 -57 98 -17 -38 48 -62 -21 66 -34 -39 43 -50 -25 -34 -8 -6 -43 -57 44 52 62 -34 -52 50 40 -57 -36 -80 -36 72 67 -19 24 77 44 30 76 14 -54 -49 -53 32 -94 43 -41 16 95 -44 44 76 -8 -82 4 57 96 78 -74 43 10 59 -47 -90 38 28 89 -33 -78 -18 38 -18 58 -21 81 -13 -73 -12 39 70 -67 6 -87 -62 -31 56 -10 -21 -16 42 2 16 46 -85 -41 6 -79 66 18 -52 -82 -46 -9 -84 -63 -40 96 50 76 37 -37 15 -96 59 -34 91 54 71 -9 27 91 -13 -25 49 66 48 -33 41 7 -46 -32 -50 -73 -27 -84 -89 95 79 60 11 -74 76 41 -59 8 84 -22 0 -69 39 69 50 30 -91 66 14 -8 -69 -70 -13 -43 32 -69 33 -82 92 -19 60 -73 14 80 -90 76 2 66 27 48 -42 92 -19 -31 -74 -22 -35 85 71 78 22 -18 71 32 70 24 -46 54 39 -30 5 -75 -69 80 70 -52 23 -95 33 -49 66 -29 -18 67 70 44 -75 66 54 67 -32 -4 98 29 -30 -53 55 -34 -85 -71 -64 76 -99 34 -69 69 -89 32 -37 69 51 95 -38 4 42 15 -20 97 -97 72 -85 -26 63 -63 82 28 38 11 46 73 13 70 -58 79 -87 79 -92 -79 83 -38 27 -34 -43 -35 57 -1 68 32 88 7 60 3 -30 99 -7 -70 16 -75 -97 56 -77 -34 -92 -27 -94 -27 71 73 -51 -15 -65 79 74 88 -70 78 -23 46 65 -64 -93 -47 36 -2 33 -9 80 -89 95 -87 18 -33 -58 -19 -74 -61 -9 -81 55 -12 80 41 52 51 -78 -18 44 -67 -31 -62 86 88 11 -43 -72 26 4 -87 -56 71 -37 -17 39 -94 88 -77 79 51 29 68 64 23 14 2 -50 -24 -49 60 75 34 5 36 78 6 26 -75 -17 73 -68 -2 58 -11 -74 62 -76 38 -12 53 36 -51 76 -10 -2 -74 -29 96 -49 53 -85 64 -6 -39 -41 96 -95 68 -90 64 -89 -34 95 64 -18 59 -32 87 5 -70 -80 -98 64 -70 36 -17 49 22 -74 36 45 21 -50 -34 -43 44 -77 -99 32 53 74 27 -91 -30 -91 -62 30 20 91 54 80 87 61 -81 -65 -2 50 -14 89 11 -30 -29 -55
23 58 -17 -70 17 -59 -47 -93 -46 -47 -36 -13 53 36 23 73 -60 -71 85 60 -26 -22 -49 21 40 22 -67 -9 32 2 -78 -32 -80 -39 -64 14 13 -21 94 -36 -65 27 68 12 48 61 -41 22 -30 29 51 60 30 55 22 23 88 -43 -49 -58 -43 21 9 -64 -24 24 3 5 -83 -99 -39 -17 17 -33 -92 35 40 96 13 -96 77 -21 93 -7 27 -63 -99 -17 17 49 -84 87 -24 -92 96 -66 28 80 16 -75 62 72 99 32 -81 -51 65 5 -92 60 70 96 9 80 -39 24 -11 -19 0 -39 -17 -84 36 -61 51 51 -15 2 94 -20 -6 69 0 92 67 83 7 96 18 -75 63 64 -99 40 -77 29 -87 40 -28 8 -84 -20 -15 61 -54 -99 -98 -40 -72 -31 17 -16 39 52 29 -86 -40 52 66 -30 -94 -69 -16 -39 -74 24 -72 -89 -8 -64 -51 -65 -12 62 -33 -73 -61 -92 -80 -44 -4 -90 -82 -88 77 59 -97 -38 -49 74 81 -27 -59 52 93 43 25 -84 45 17 55 24 -20 -93 -31 -98 -9 93 65 49 14 6 4 18 77 77 -6 89 -33 -5 -53 54 19 34 -61 43 -20 33 -25 -75 97 13 67 -68 -82 -8 91 -72 -56 -42 50 -42 92 -50 58 -71 -36 44 -87 -11 24 -43 32 18 99 72 -94 1 75 -24 -44 -58 -90 -89 48 -72 -10 47 -18 -97 -47 59 52 13 -29 -33 -14 67 35 -60 -19 -90 30 65 -80 10 -53 98 -43 -69 51 12 -16 -74 2 -95 -98 -89 43 -87 -56 -3 -20 -10 98 88 -83 81 65 -96 28 63 -80 -20 38 15 72 79 17 11 59 -80 39 79 -61 -57 -53 20 65 61 -33 -60 5 -21 77 -74 29 -51 67 0 78 -45 -84 19 -11 86 -66 -56 8 62 -5 46 93 -27 42 13 86 28 39 -8 -30 -8 -33 20 54 15 42 39 -16 28 22 89 82 -60 74 -66 -48 80 18 -59 34 -36 84 -54 -76 -40 -67 -43 86 45 14 66 43 -43 -5 51 -87 69 -94 68 85 -66 -31 -12 -20 9 59 -67 -71 -79 -86 18 47 90 99 37 -47 38 -34 4 35 -89 19 -96 -89 -71 79 69 -82 21 69 -41 3 -35 -62 99 17 27 -59 2 87 -23 69 -1 46 71 -47 89 34 -45 -65 90 -7 49 35 -3 48 -31 78 -64 8 82 96 10 14 -34 -48 -64 62 10 -25 -57 77 42 -2 95 24 -3 -80 -8 25 -64 -79 5 -59 64 -69 29 31 -46
3 -64 -93 57 -53 85 88 -56 -54 47 15 -63 -13 60 -89 -88 -98 30 48 18 57 13 66 78 4 -38 71 12 -61 61 88 -68 -47 18 -30 -67 13 -44 51 -46 -52 -77 10 -88 -61 37 -39 -74 -5 -58 -20 -29 -70 -25 -61 76 0 -11 85 46 -77 19 -46 88 78 -16 7 20 13 -28 -36 -41 -3 -93 19 -65 70 52 40 70 71 72 92 -49 -36 -55 -55 39 9 -43 -20 61 17 22 38 96 -99 -30 56 -51 93 -49 -70 -31 3 -60 -35 -43 67 -76 25 14 -41 51 -5 -36 -38 -79 26 -29 66 -40 58 -63 52 -34 13 -1 5 -50 61 61 45 43 13 18 -4 25 10 -12 -59 2 -27 -65 -66 -9 44 47 -86 13 -50 28 75 63 86 86 -96 17 50 0 -42 -26 -76 -1 30 -20 -9 38 27 -89 -40 -48 -51 11 53 -23 -22 -39 96 -22 83 97 68 -77 -10 30 -70 -32 -21 -51 -79 57 34 -7 -30 53 -45 86 -93 84 74 -28 59 31 9 -40 57 -26 88 -6 66 81 48 -37 76 37 -70 53 26 -10 38 -71 -44 81 90 9 18 97 54 -69 -8 93 72 -97 -9 -48 -11 -11 -63 -23 -35 -19 -1 29 -34 31 -70 16 81 44 -72 -39 -43 -47 -26 79 -7 -64 -54 -49 7 -22 -56 2 47 54 32 -63 -40 37 -71 -31 -10 -16 98 1 79 -25 -47 21 -92 -10 -70 -3 -27 40 53 -71 -22 93 14 65 -5 -48 -11 -18 -50 93 -35 -27 89 -53 29 77 -21 -14 19 -5 36 42 47 82 -54 86 -86 45 90 46 -66 46 -26 15 -38 70 -2 -98 4 47 -44 -3 68 -96 98 75 -82 57 -85 -60 41 -87 -42 -25 47 -20 -96 57 64 44 -53 -95 -82 -97 99 73 -48 68 -5 -57 31 -19 68 1 69 4 41 21 51 -8 62 -48 64 -65 -40 52 29 67 30 29 -14 54 -48 -17 -49 -72 -2 -53 88 85 88 10 91 -44 -34 -69 -77 1 54 -21 96 -66 5 -96 44 64 68 -93 53 -37 -80 82 43 -99 -52 -65 31 44 8 85 -74 63 4 -41 -65 85 86 22 63 -14 -4 43 68 -42 15 -76 71 -29 22 96 98 4 20 78 74 76 32 39 33 -25 64 18 -3 91 -76 -12 -61 -29 -97 -27 -40 -87 60 62 40 -26 -83 -50 28 -64 -3 -43 -99 23 55 12 79 2 -87 -16 -84 -14 -76 65 -49 -54 -96 -83 -95 58 -12 30 61 31 -16 2 -79 53 -6 30 -56 7
44 65 1 63 -83 -19 -3 -35 69 43 -29 23 36 25 31 26 82 -19 48 -32 88 91 10 69 89 93 33 7 -20 -43 92 -86 79 -34 -12 -74 44 -27 -94 -93 68 -75 -48 -32 46 -62 -49 10 -98 -80 -51 33 -67 -70 33 -9 39 51 -38 -99 -26 -93 -15 33 11 40 45 -81 -31 53 52 52 -53 -41 64 39 -45 98 -38 85 74 -19 -27 -45 -96 63 65 27 37 44 48 -57 96 -4 -69 -99 -20 3 -22 -95 80 -29 -8 11 87 92 40 50 -73 18 -20 21 37 -92 -52 35 -55 3 -27 39 -70 66 65 -99 -33 -19 -50 86 -79 -64 37 89 -26 7 -8 37 24 -9 28 -34 68 46 -60 63 -5 92 89 -92 68 -64 15 62 -30 9 33 -87 91 -33 -78 -82 81 34 -69 95 -6 56 -27 -53 -76 -18 -25 91 -64 -22 80 -44 -53 -44 26 -74 -57 19 86 11 84 14 72 -40 55 -29 -34 -19 95 26 28 -9 53 -6 84 42 -85 10 64 -2 -70 -91 80 -61 62 -14 80 -91 26 -64 6 -1 -45 9 62 29 -14 -82 93 -1 -24 89 31 39 19 -36 19 -22 -76 64 -82 -32 -7 -97 47 -21 -64 37 -58 83 24 -18 -57 43 -69 14 69 59 52 -57 -78 -1 -6 -15 -31 -92 -69 -43 40 77 70 -68 -53 -78 -16 99 43 -29 98 -77 -76 83 -97 -62 33 10 -49 -41 89 -65 28 -27 -52 5 67 59 39 14 12 43 8 -24 -61 -36 19 -22 34 -53 51 68 -62 96 37 18 -17 -7 59 -87 -96 -46 39 -78 89 48 -4 -89 52 8 -36 35 41 1 -65 -94 -54 70 54 77 -71 67 11 76 -11 -78 73 -73 -86 -54 -15 -48 70 7 14 -91 -46 85 51 -40 63 49 25 -70 82 33 18 51 73 12 -26 -6 -79 46 23 -64 -91 23 -4 -66 -43 -60 -40 66 -58 -57 56 80 -14 97 -17 98 61 -46 59 -71 79 19 66 -35 54 -42 94 -42 97 -16 91 43 -1 53 71 -75 -26 -78 -9 36 -73 76 -88 83 -58 -6 98 14 81 57 50 -93 92 72 -22 -93 -61 -49 -61 -54 -83 24 65 56 84 -41 80 -80 -93 22 38 -21 -34 -55 -68 88 97 37 -22 70 61 -90 -62 57 9 78 48 27 19 -27 -55 -85 -5 -26 -50 51 59 -52 -40 26 92 -59 87 52 -72 -78 -66 32 15 49 49 -8 -58 64 33 57 78 -50 18 -91 29 -29 -98 21 -65 53 80 -87 -61 -55 51 27
48 92 -99 -15 -22 -10 -29 -96 -7 32 -85 -86 26 -17 -24 -34 -68 -20 23 -42 -30 -51 -18 -20 -70 70 68 29 -42 95 -9 -12 81 84 -2 -85 68 23 89 -62 -55 -42 -28 -20 -5 11 -66 -63 -56 94 -7 70 88 -5 -62 -95 -71 -72 -31 50 -70 74 -80 -87 -1 -77 18 68 33 51 -15 -89 10 -74 -39 15 -49 28 8 80 4 82 -75 -88 -68 12 44 45 -36 -32 -29 -43 1 -6 -49 12 66 -74 -47 0 24 78 65 -73 32 57 78 75 -93 -6 4 10 27 -56 -5 -86 2 3 -56 -86 -13 87 -45 -78 -34 2 -71 45 -21 -66 77 -72 46 48 -98 63 -82 2 35 67 -60 86 -51 4 22 2 94 -75 -98 -60 70 -45 67 -60 49 -33 -62 -42 -56 12 29 -52 -88 78 36 18 69 65 93 -57 -88 -76 92 -22 36 -29 -39 76 75 13 -85 -45 67 79 -18 32 -86 -60 -74 87 -14 30 15 -75 -92 -36 73 61 -40 66 91 90 70 -60 71 -99 7 74 -20 12 51 7 -2 -65 -82 85 -36 29 -12 64 12 -85 67 36 -14 46 99 63 70 -77 -52 -84 -11 21 -32 -75 91 40 -12 68 92 76 -27 8 -53 9 21 11 60 -93 -54 0 -87 -20 -31 98 50 53 31 -4 -57 -73 -37 72 16 -94 -32 55 -43 46 46 67 36 -1 -78 -31 95 49 -22 92 98 -59 -61 63 59 66 10 -96 22 89 -20 -98 45 -33 -54 -1 73 -89 -95 -91 45 9 74 -8 -75 -41 -79 29 62 91 -73 -24 35 12 -47 -43 48 81 74 53 -41 18 -7 56 97 -23 -22 70 84 -29 42 26 -14 56 44 47 -95 92 98 -56 -34 -63 -72 -51 55 -97 38 -95 -11 -76 55 -36 -44 11 21 -68 -18 -77 50 -54 41 41 -24 50 -37 64 -12 -67 80 -42 -99 40 -33 42 13 -43 -2 18 46 -67 -53 -60 -2 -25 43 -48 39 37 -47 84 -64 -46 14 -85 8 74 -52 -61 -45 26 -87 -98 -49 -16 74 33 -82 39 9 -45 61 -30 71 40 26 16 -95 -99 55 -90 78 2 43 76 6 -65 38 -88 34 90 57 -63 -91 34 1 85 -41 67 -2 -24 -11 -82 -99 55 -11 81 89 49 -50 98 37 15 -79 -26 6 77 -13 -97 57 -99 79 -7 -41 -20 -7 -8 10 -45 -3 20 -52 -64 46 -58 1 60 -21 -64 56 -69 -30 45 61 83 -42 -73 -98 -73 36 -24 -59 17 -84 49 -12 72 22 -27 -78 37
40 53 17 -50 -91 51 73 -79 8 -1 63 19 -65 -37 -1 -36 -19 75 -28 57 23 -7 35 -36 10 -38 22 -48 63 59 -35 38 30 -36 88 -27 -40 -75 25 61 -12 -4 -88 -28 -85 9 79 95 -24 48 -17 -54 98 61 4 2 -15 -22 34 -82 -51 -73 -15 -98 -51 60 -21 92 94 35 -7 56 -76 -64 47 8 20 -68 -74 1 2 79 -34 -95 -78 72 -62 -38 18 94 -47 -17 30 22 -98 -21 -15 96 32 -72 -88 64 -28 68 38 65 50 44 -46 46 17 28 -2 -53 28 -52 64 -55 54 44 -37 -8 -42 -21 -80 26 44 -71 -99 82 51 -45 64 52 15 -97 26 -12 -24 -68 -96 -51 43 60 43 51 -35 -91 68 -19 -72 -29 -13 78 -62 73 -19 57 -50 87 27 -83 20 -95 -95 -82 11 92 -73 79 -51 92 -24 -28 -93 79 -39 -94 85 -24 -60 9 -78 86 10 -69 47 62 -51 -11 -88 -50 -48 11 61 -4 -14 -72 94 -77 38 -44 -75 -29 7 -96 -78 19 97 74 55 -61 77 -90 95 -99 19 93 -39 -98 -73 -96 11 76 78 -70 -13 7 80 97 -71 -51 -30 -9 87 18 -31 0 26 -75 -65 38 -77 -26 48 -35 -69 38 99 -10 -85 -53 29 75 -3 -86 -3 -34 -9 33 52 45 5 58 7 -8 -19 -71 -75 58 -3 -13 -51 34 -36 46 1 -95 47 22 -7 12 -32 26 -18 99 -38 69 -18 13 -9 -10 -90 -91 68 -25 -18 -31 85 -59 -19 -82 92 22 -22 42 26 -69 47 0 -35 0 -85 -96 13 67 -56 36 94 -42 -88 14 25 2 13 -44 -88 -56 -81 98 -92 39 -46 -46 -10 -96 -79 41 18 69 -26 -48 -89 76 -77 25 59 -12 2 -56 41 -50 62 76 -54 15 31 -95 -79 -4 -30 -46 60 66 -40 -55 -38 54 69 86 39 98 -32 12 -73 6 72 92 93 -28 -55 62 -20 -61 -61 -73 45 -85 -43 -30 -60 -2 74 71 -76 27 -61 -57 48 3 -64 53 -64 -25 -14 31 -76 84 -50 -67 -57 88 -36 45 18 -16 -73 -12 97 -50 -99 -34 49 -99 56 -1 38 86 -4 -16 -23 -74 95 23 -76 -99 -86 13 -57 -91 -99 44 -68 -98 60 65 43 14 -1 -20 63 -67 44 16 -95 39 -42 -8 -38 -96 -74 32 14 -9 -46 -67 17 2 -20 47 -3 -35 68 0 25 46 56 -11 63 72 -97 -75 1 -30 14 -29 56 78 -64 23 14 53 86 -55 71 -86 -41 70 68 -21
-34 -81 31 52 51 87 -12 -83 -7 42 -97 -17 72 -9 -84 -81 -18 -7 -34 -1 97 95 23 14 69 -72 26 7 -15 -31 22 25 -40 60 96 -48 25 -57 13 -39 -30 14 -11 -92 -95 25 56 -27 88 52 92 1 -30 50 47 -40 -68 28 99 -86 19 -12 94 -52 20 36 -37 -83 31 45 -59 10 37 30 -76 -99 30 -35 17 50 89 16 42 -34 -51 -81 -5 -29 -10 78 -19 -26 20 94 3 -35 78 -98 -44 -64 45 -30 -85 -52 42 -95 11 4 87 -69 84 -11 -55 -23 31 38 11 95 -76 51 75 -8 54 29 85 -88 -18 31 0 -69 56 89 -39 65 30 81 -61 32 -8 21 -34 93 37 -43 -68 -75 22 94 -99 -12 48 98 67 -63 56 -90 -29 54 -17 -33 68 -82 41 -26 -55 34 -50 -27 80 46 -15 -16 -92 -85 -9 -38 -53 47 99 11 -71 6 63 45 -14 -6 66 -73 42 41 95 55 15 70 -84 -66 11 -31 33 -93 7 -52 -17 -92 57 -81 99 43 8 -57 -16 -74 -35 -57 62 -64 -83 27 -86 68 77 -74 -23 78 -85 42 -16 27 2 -57 87 77 67 70 -16 68 -14 -54 -49 19 38 65 -47 -99 -39 -21 -79 95 54 26 52 34 93 -97 86 -40 -95 6 64 -55 54 45 -11 -72 -36 6 50 -24 -86 16 -57 -58 -43 24 -95 -30 6 15 16 -90 -86 8 -93 12 90 99 74 69 -36 -54 41 -5 57 40 -86 -52 52 -92 -76 26 -58 -79 -10 16 -51 -5 8 33 24 -71 -19 -29 -67 -77 -4 -45 59 -20 99 -45 16 2 -34 34 27 -69 -2 -37 11 -61 24 -82 74 -29 -11 -99 74 -51 -4 27 -52 -35 -45 48 38 62 -82 47 4 -16 -29 61 -21 -43 -31 71 99 -40 -66 -72 -71 -84 -20 -54 -32 40 82 19 -9 -88 62 -50 87 62 -13 1 54 -34 -66 15 -63 71 45 87 88 -64 65 42 -45 -92 -31 37 36 10 -89 1 -31 51 -71 90 73 -12 -72 -9 21 70 -70 62 1 50 -85 58 10 -96 -4 -1 52 49 25 43 -27 -86 -69 80 23 28 70 -6 82 -3 76 22 -28 84 60 -56 -9 74 -33 -95 26 81 -12 -45 26 -64 -35 -15 -97 -8 -57 -25 -70 31 81 -49 -90 61 39 99 69 18 27 -88 -30 -65 -83 50 1 -71 22 73 -87 -19 -33 98 77 -46 -11 -95 -15 91 21 -56 -14 -26 -38 -32 -82 80 64 32 32 -55 -43 -38 -6 36 79 -99
-39 14 -78 38 -80 -54 -64 13 60 -44 -11 35 -41 -36 -94 48 -85 49 -76 -80 -86 -6 -56 20 73 -11 -72 1 14 92 65 25 -24 -83 89 32 -24 56 -51 99 11 49 41 39 -43 30 -99 -24 45 63 48 21 31 -74 -86 -30 -40 0 17 44 44 85 -30 62 27 55 -68 -83 -23 44 -78 67 -4 -65 -63 55 69 56 -51 50 -8 87 -19 11 34 -81 -76 -85 46 5 38 51 11 35 -28 21 -38 52 -69 -41 37 -95 -25 -10 18 -20 23 -39 8 3 -1 85 88 52 -5 -31 46 -97 94 82 -37 -50 -84 81 -98 62 -72 22 -14 -65 -4 -74 20 -32 79 -72 -26 24 -3 -58 -58 -85 89 82 -74 -80 78 -90 -14 -53 26 94 81 -63 53 -3 25 22 31 -27 82 -28 12 -83 6 70 -55 93 52 49 -18 38 46 95 -49 43 -88 70 -47 -59 66 -91 -95 -46 -22 -4 48 95 -27 -30 -34 -82 -21 76 1 95 48 72 -96 -18 -76 4 2 0 87 -41 93 -91 33 63 -73 60 -9 37 -64 -32 -6 -60 -10 -38 -62 69 -97 41 89 -35 34 41 70 -74 -24 -99 -97 16 -9 -49 12 6 -79 59 67 73 -66 84 -9 -7 33 -4 21 -51 86 70 61 75 -11 82 61 -66 42 -15 -78 -71 99 68 84 92 96 89 30 72 -53 25 51 15 49 -26 -58 -91 82 66 10 44 73 12 54 -7 41 -82 -59 63 42 -49 -55 19 -93 53 -69 -1 -59 60 -30 47 -73 -51 -50 48 -76 16 -59 -58 -63 -57 -67 -16 74 -20 -70 -69 -8 -53 63 -78 91 57 75 -42 62 -70 -20 99 -80 63 76 98 -96 24 21 -55 -18 -87 98 32 -79 -55 -92 -5 -53 -33 60 41 -74 9 -41 -82 -87 90 -16 -51 67 -44 -7 91 20 -77 -3 -32 -18 -38 -76 58 66 -89 -87 -77 -19 66 11 -15 -9 80 -24 5 -31 20 -36 -80 -15 93 -33 -91 68 21 -47 21 0 -98 -43 -83 44 81 -21 -10 43 -18 -17 72 73 9 -55 45 -81 -14 -97 51 8 -23 47 51 98 -39 13 26 43 -32 11 39 43 50 -7 -51 -42 76 96 75 -78 75 -20 -39 17 -91 -18 -25 -60 2 -79 26 -96 -16 60 88 62 25 -46 -63 -96 -73 -64 81 -74 55 -22 64 87 89 36 72 -45 -57 68 47 35 80 33 17 -13 65 -61 -85 -33 -80 50 -22 14 0 43 93 -1 39 -92 52 53 -12 -18 -88 -85 51 75 -42 25 -65
97 -52 54 0 54 95 93 12 58 88 -37 1 -31 -15 -46 -3 -73 -87 -95 48 -69 86 35 -58 -84 -79 -33 -46 13 86 -41 48 38 17 -71 -66 49 65 92 9 68 53 -21 88 33 -2 66 -4 -4 9 8 4 21 -72 40 -10 65 -4 61 4 20 -6 -28 6 -7 16 10 -6 23 1 64 -33 21 -84 91 -18 11 -81 61 20 -72 7 0 94 -98 36 -70 46 50 -97 -46 -14 18 25 61 -18 -57 -76 15 98 -73 82 -97 -4 0 -92 36 -18 -9 28 -87 21 -46 54 75 65 -33 -43 -73 24 -53 82 -17 -52 -81 68 -2 26 -61 -97 -62 94 23 36 24 -92 -11 60 71 44 -56 -58 -6 -11 15 87 -39 -36 30 7 -77 -98 -56 87 -78 -52 34 -26 10 -10 44 -20 -20 55 -85 40 -42 96 86 -41 90 50 83 -1 -17 -2 31 60 -93 -25 -87 -44 82 60 -86 84 85 -86 -50 63 -14 10 55 -3 97 77 -18 -52 95 90 81 -96 -12 -48 23 -92 -27 94 91 -56 -67 -52 -81 -65 48 -89 -15 80 88 -28 46 97 66 -51 20 51 -99 16 -69 52 -74 71 -1 -34 -35 -35 -39 -59 28 -20 -39 99 -64 -77 -14 31 -85 -73 -89 -42 -19 -61 -21 -10 -88 64 11 49 -28 -75 -73 -87 -54 87 40 -97 -21 87 6 -99 -40 -12 -4 99 75 48 23 47 -93 -81 -87 86 34 63 -1 39 58 95 -4 4 82 67 -95 4 46 82 -51 99 77 53 -39 -15 21 22 -40 15 -59 13 75 -17 -65 -12 -78 10 75 -40 -46 -47 70 -16 -50 61 8 9 -14 -56 -79 84 -82 59 -30 47 95 90 -28 -74 -16 83 88 -44 -96 -82 5 66 71 -1 65 89 -30 48 -75 17 -18 -10 50 -81 61 -76 -71 25 -63 -37 -54 83 -30 -49 -93 -11 76 -42 -17 55 92 79 44 28 67 25 77 -3 -36 -82 32 81 68 -21 -54 6 -92 -57 30 41 92 93 54 -53 -71 77 42 -25 4 58 -91 -57 -58 -68 -83 -25 55 -69 52 22 57 -65 -43 -13 66 -1 -7 55 36 62 49 -14 -71 19 -78 27 -42 60 -16 13 1 37 -53 -49 -13 8 4 36 2 -47 24 -20 88 57 97 -47 -99 96 38 55 3 24 -72 -87 -54 -63 80 -50 -61 -70 -60 74 -86 -96 -27 50 -59 76 8 73 89 97 -94 -40 -72 -28 28 -9 -17 -33 68 21 14 -15 52 32 15 -30 52 54 0 -50 36 64 -7 -77 -67 72
7 -95 26 13 26 -47 32 -65 -24 -99 42 -13 62 -92 -19 -89 30 21 18 -59 -3 -99 50 51 48 -29 43 -30 -27 -39 96 78 19 33 91 -6 -32 33 -76 32 -94 19 71 88 41 -74 26 -97 -54 -50 58 -89 23 64 -8 -76 41 36 -81 -32 -48 87 23 7 45 -38 33 -88 38 96 -75 37 -24 64 24 96 -33 23 91 -16 -14 -29 45 18 -9 -41 52 97 32 90 -91 55 -6 -15 -19 48 73 -85 41 -66 -9 -59 59 -58 -53 -48 -66 22 19 -55 -84 51 6 -27 57 81 79 39 42 16 -74 54 -19 -93 40 -25 -93 32 8 -10 -95 -65 26 -52 -71 -46 6 3 75 -75 46 45 -48 40 70 -53 -45 -80 92 25 -90 78 87 25 -55 -51 42 90 55 -32 46 41 78 97 -7 -65 61 -18 94 47 10 30 -71 -67 45 -63 40 23 67 45 34 5 49 94 -7 1 -2 3 -76 77 -3 60 -20 -30 -18 16 -76 -55 1 2 36 -2 -17 -60 -45 -35 -65 -70 -99 37 -51 -33 -24 44 37 25 13 79 11 -83 -19 62 -25 84 65 -24 -15 13 50 -20 -21 -55 -99 -53 -48 30 34 -64 -52 76 -81 34 97 -94 -28 53 69 88 95 -97 7 13 -80 -37 -26 44 -68 -99 -80 91 16 -43 88 -52 -86 21 69 70 77 4 86 -80 -72 -37 74 2 -90 71 33 -79 -61 -33 -32 -45 -28 -77 68 92 53 77 -92 -58 32 14 -24 24 -35 85 -15 -96 -15 40 89 -75 -96 58 22 48 98 -27 -42 50 -53 -85 73 -20 65 -59 19 15 30 86 -97 74 71 25 37 95 -15 66 -20 -30 21 -23 -24 -35 86 -29 -9 49 0 43 -92 87 -26 -79 24 -22 -86 39 56 23 45 11 43 -1 12 -79 40 -83 -41 -75 -93 5 21 90 10 -31 97 91 87 80 45 73 -49 48 46 -45 -52 -75 -99 87 -20 -26 39 -44 -86 89 -83 59 25 50 13 95 -69 -79 -57 70 -98 49 27 -55 80 -34 -26 5 -35 -55 82 -55 81 -33 28 98 99 -2 -71 36 -58 49 20 83 -47 77 -74 -61 -90 -2 39 23 17 -9 63 -75 21 42 -9 21 -73 -68 58 42 72 56 35 31 -85 -84 -81 -40 19 93 -6 -46 -56 63 -85 79 -51 77 -46 5 -79 59 52 12 84 -59 13 -67 -11 -89 66 83 -71 15 72 -30 -8 69 3 -31 -30 -34 18 50 -45 53 18 63 -35 -83 -77 -50 -45 -50 -94 17 -88 35
-20 -66 -26 99 -99 77 31 69 -40 -64 -79 -78 -3 -58 33 -82 33 80 97 63 91 16 6 99 -27 -37 76 -80 95 -25 -32 65 5 41 -21 -15 15 -93 -81 -11 90 -62 -5 70 -70 13 -46 -99 -2 53 50 6 6 -79 -33 -49 -68 99 -63 -51 2 61 99 76 20 11 -82 -37 -42 15 -41 52 -38 10 85 -46 -42 98 -74 65 -78 -50 48 59 -76 -72 12 -47 -32 -38 15 -28 75 -55 22 -82 90 81 -55 -65 -71 55 -90 52 0 -20 33 -29 47 -44 10 -24 -16 5 -92 -68 -74 79 70 -21 61 -79 70 8 98 37 -37 94 90 -53 -51 66 16 11 48 36 70 -58 29 -73 42 -75 -17 55 2 -12 77 37 -39 67 57 5 -70 33 -78 86 37 -54 -44 86 -71 79 -19 86 45 84 -42 67 -16 -89 23 -15 -98 56 70 21 37 -70 47 -15 -60 -15 93 98 -93 81 -81 19 6 78 86 67 17 -42 -54 74 -61 87 64 88 -8 -52 -77 11 94 40 -74 10 10 -49 8 -54 37 3 -47 -38 -48 41 27 -25 41 -24 77 66 -55 93 1 14 76 75 59 -67 -85 10 -60 8 -2 -33 82 -61 -9 57 -7 -67 -32 -8 -84 -51 -24 68 55 -42 -36 -25 66 -5 -91 -73 -42 47 -10 -8 -63 -13 -8 46 18 -80 60 -95 41 -60 -44 -40 86 68 -22 -66 -55 -25 14 35 85 93 2 -72 -1 -80 4 -17 -5 -15 -53 -80 2 -78 37 -55 -71 1 -82 -16 -35 49 -2 92 30 -34 36 -86 -73 -46 51 23 -75 63 95 -26 76 -70 57 34 92 70 86 59 -19 -41 -98 32 -51 -55 77 84 -93 35 -73 -76 33 -55 44 -15 -46 -59 -84 -11 49 -50 -32 -11 -26 92 -82 -66 -90 -35 -84 -23 -38 -66 -83 44 41 -41 -2 -43 57 88 54 -74 10 16 62 -83 8 -59 -99 -2 20 -78 25 -9 10 77 -57 12 72 -72 76 3 -75 -2 -87 23 38 -26 -95 53 87 58 46 -83 57 36 -88 -11 -67 -1 -84 -49 -3 -26 89 51 35 0 14 -78 -61 74 -40 75 21 3 -46 14 6 31 75 44 45 78 4 8 50 42 71 -61 -42 -37 59 98 92 -9 68 50 23 -74 -43 75 -83 8 -86 -74 92 -87 -56 -21 38 -61 66 82 92 -88 -60 65 15 97 -56 -63 62 -54 56 72 21 -43 8 -87 44 -92 43 -28 78 8 67 61 -76 22 11 74 -99 60 -6 -4 -68 -24 11 -18 47 -42
-76 -40 -99 67 -58 0 -23 -9 -54 -6 -24 39 -88 77 78 78 -72 -36 -33 85 57 93 -66 -22 57 95 -92 -81 98 50 -15 -46 10 -63 29 73 29 47 -27 16 -42 -81 -82 17 10 75 71 84 -10 44 -84 -37 -81 -29 -19 -64 -30 81 -49 -99 -84 -50 34 35 21 -13 -78 -21 3 -46 -16 -68 -30 58 2 -85 -97 -10 -29 -14 88 -2 80 82 24 32 -6 -51 -79 -81 70 52 -12 1 56 -48 60 72 -3 13 -66 -32 49 -29 -90 80 79 -25 -33 -60 -1 9 41 -40 67 -11 -37 86 81 44 -77 86 -38 32 -26 55 -16 48 -74 50 73 27 -27 -1 21 45 -54 -91 -40 -34 -58 -63 16 64 95 -49 22 42 84 -41 43 48 40 26 -9 80 21 -87 95 10 70 93 64 -13 99 -16 -30 68 -9 -2 -3 -60 -2 39 -87 78 -31 16 -95 -23 74 11 66 84 54 -50 68 36 -14 -84 98 -62 -26 -21 79 -22 11 51 -76 -12 -14 44 41 46 10 82 72 52 -51 85 29 -84 78 -93 -84 -15 57 -41 -1 47 -57 65 -92 -15 84 77 -44 -29 83 17 -85 -48 -98 42 34 14 -56 -7 86 76 -43 -26 -72 11 51 42 15 38 92 55 17 64 43 21 33 -95 32 -79 62 -36 64 17 10 -98 48 5 -9 19 43 15 -50 -15 -28 37 -36 -16 -80 -27 -90 13 5 -47 -22 -75 0 78 -12 62 29 -75 -5 32 15 76 -3 58 38 -58 79 42 -78 -4 27 -40 -69 47 72 -53 -76 -14 -69 4 4 -92 -19 50 96 -21 0 35 13 10 -60 79 -10 -25 90 -12 7 18 85 10 72 -4 16 -50 22 -23 -38 -21 58 49 -76 80 47 -95 -25 -25 98 89 63 -88 93 96 8 -77 -10 -60 62 6 33 54 89 -22 -14 56 -25 -40 -76 -9 11 -80 -64 1 -60 -77 82 -57 -61 -27 -8 -51 -87 -58 -8 -57 -78 -6 -33 -83 -21 28 62 -5 28 -74 -37 37 54 -20 81 -6 32 -23 -51 -67 80 59 -29 -52 -30 -39 12 35 -34 19 -30 -47 -82 49 96 -65 90 -71 -56 81 -24 -70 8 11 -10 37 -37 54 45 -4 -41 -91 -5 12 -1 38 -71 -9 -99 -54 73 -92 87 26 -82 26 -33 -93 84 83 -24 -67 20 -54 4 -19 -84 11 -3 -82 -19 -50 43 -41 75 -14 87 90 72 -38 -32 -12 -60 93 78 19 95 15 65 10 -24 9 -31 -85 -69 0 30 -7 -66 76 49 74 -69 -9
-78 3 -99 88 -72 51 -59 72 5 19 40 -40 -32 40 -37 -33 56 -39 34 -86 30 -6 -5 23 37 12 93 74 -69 -23 71 -46 -62 91 -2 -93 -93 -16 85 -26 42 76 -39 19 11 91 -18 -95 12 52 81 -28 -94 -24 -44 -41 -1 66 11 5 78 -34 53 -38 83 -21 96 0 61 -24 50 -18 65 -62 7 -53 56 -83 60 -85 -27 -89 47 -81 0 22 -39 -12 23 21 0 23 -16 70 26 96 88 19 5 -87 26 -5 60 -78 59 75 42 -88 -69 -16 37 -23 -83 -15 -33 55 62 1 94 -71 -95 76 28 32 -66 65 0 20 49 77 -25 -19 35 -20 76 50 24 10 -33 12 1 -40 -62 38 25 -48 -40 -23 37 -98 -72 5 -63 -32 58 34 -39 -93 -55 46 -39 -31 -98 58 -53 -98 -54 -12 -95 -64 -33 -6 -9 55 63 -81 -85 45 79 77 -26 68 75 8 2 -75 -27 -11 43 -22 -72 33 -83 -98 0 99 62 15 91 -26 76 38 -22 -71 -63 35 -16 -3 33 -67 63 -2 -18 -5 62 -58 78 49 7 14 35 18 92 -43 86 -70 50 -83 -27 -28 -55 24 29 -9 -50 7 54 -48 -88 -1 -63 -26 -3 98 -31 -38 -32 -48 -81 17 26 -31 57 74 79 -22 -52 -89 54 67 38 69 82 -69 90 -16 -61 82 86 64 -74 -12 -91 58 85 -11 -33 -44 -23 63 18 62 1 -12 55 -27 -69 68 -69 -6 57 -26 -53 -84 82 -5 -40 4 23 54 -93 -18 62 80 88 -11 31 -67 -90 -19 -45 -10 -9 93 -98 -13 54 35 -25 67 12 91 -26 94 -14 71 97 -16 64 78 -31 59 -18 27 46 -28 17 -11 -10 -14 -13 38 62 -28 -37 15 76 19 92 -87 -29 -61 -76 76 -99 -15 -13 17 -73 44 3 -56 -29 -75 14 6 79 66 -93 -30 -79 81 -96 32 -48 -86 65 -5 29 3 -26 52 77 76 58 -99 89 63 -82 20 2 91 -72 26 -74 78 -61 22 70 -77 -96 6 27 -57 5 62 12 -38 67 -32 -5 -44 17 -26 92 76 -82 -29 -87 16 -89 95 -97 -2 -98 57 -50 -97 25 -62 -22 -60 70 43 -12 14 -76 -63 80 37 -84 -25 40 -88 34 -25 -17 -53 -57 -58 81 36 -69 86 50 2 65 -93 -36 -14 52 -85 -14 18 60 29 -70 37 74 -51 79 95 -56 21 89 -29 -59 84 24 -33 -40 92 -38 -47 36 -33 -41 -86 -22 -61 94 -66 81 24 72 -86 -35 -1 21 53
36 -89 99 88 78 -79 -93 22 61 -9 48 -25 -97 -10 47 -22 68 -46 -47 -32 -5 -34 94 -29 -95 -9 -31 19 -78 -84 -25 72 45 11 -30 33 -71 -34 -20 -73 85 -71 -59 65 16 5 54 -81 -27 40 -83 -5 37 6 -66 51 -66 41 -80 -65 -68 -61 91 -4 -81 58 -30 -19 -10 -36 1 -37 -65 73 78 -70 26 92 88 50 78 -42 -23 -58 48 -83 -43 -12 9 -57 34 31 12 6 -79 37 93 26 29 -2 -8 9 30 6 -48 53 31 -55 61 -35 12 -31 24 -24 -22 -37 28 36 86 -56 17 35 -96 64 -67 16 -44 13 -65 92 54 19 79 -28 63 -78 -88 67 -9 -3 -93 9 18 30 96 -60 92 96 -45 14 -88 -83 -82 88 28 8 48 29 -11 -45 45 -74 -99 -44 -41 -15 39 -10 -70 73 -49 38 38 -47 -50 -29 98 64 -42 -40 45 -72 83 -23 25 -9 -58 59 -29 41 60 -96 -49 -68 40 -28 -8 -84 -96 -39 67 -45 -24 72 -93 53 89 60 -26 -74 50 84 -29 -98 74 -73 97 -39 -79 3 31 -54 76 -53 7 -82 -6 -57 45 73 -10 1 -91 -55 -26 43 34 -93 -60 -77 50 -58 -50 70 58 7 -5 50 77 16 -45 27 -38 88 96 -49 68 31 77 -49 55 -94 10 -79 70 -93 -91 -23 -49 66 -13 88 -23 24 28 -14 -20 19 9 -93 6 69 -64 -57 -18 2 46 67 -63 -21 -99 25 40 -78 85 -74 83 -27 80 96 48 93 -33 -25 27 42 20 72 83 12 65 -87 -76 96 38 -99 -95 -37 -54 19 -63 -94 79 6 -42 -88 -50 78 -67 76 4 -58 -79 27 19 -96 50 36 -13 -14 62 9 82 -94 -60 -28 -51 -7 -96 66 42 2 97 74 -6 -93 -97 53 70 34 52 -14 -25 80 47 -75 94 13 -61 51 71 -25 79 -92 54 57 5 -34 -21 -83 -83 76 5 -28 -78 -14 29 81 83 -11 90 54 -5 47 58 12 -57 -51 -20 83 -3 44 -31 -67 -83 -94 -58 -22 -87 -60 -47 -28 -50 -2 70 58 4 -56 -65 -20 87 60 -11 -59 57 -27 -67 -58 2 -59 -23 -29 92 17 70 -97 40 -90 65 48 -91 -75 84 99 93 76 55 95 35 49 -7 -9 39 -86 69 -87 73 -10 -68 37 84 85 -86 17 -11 -36 -46 -86 -49 70 -58 -83 -29 -66 -74 -36 64 25 -32 63 94 58 -36 -3 81 -59 48 72 -84 41 -38 18 13 -50 -54 38 -24 -68 -32 73
7 39 34 83 58 -22 66 81 80 77 -4 -49 27 61 49 -52 -13 -76 40 -65 64 -11 69 -80 96 17 -27 -80 -9 -20 -80 -40 42 -12 -39 49 -84 -42 50 62 -78 55 77 -35 -11 -44 6 -50 10 48 -29 -2 -52 -19 36 -29 -18 36 -27 -27 -38 92 19 -1 74 -16 -41 83 -32 -63 13 -36 -64 6 15 -23 69 97 35 -47 -76 -67 -80 -57 22 9 58 -60 -42 -81 -48 -96 33 -83 -46 -92 5 -90 44 -50 -63 91 -57 20 21 -45 1 -75 86 18 -63 -88 -78 -27 -35 -94 91 -31 22 -49 -54 -58 8 25 -58 2 60 85 76 -80 91 -29 12 -97 31 -78 -31 -64 -96 -89 -87 -27 -25 -22 85 -15 42 44 23 -21 -19 32 42 -43 61 0 80 -7 54 -87 22 4 52 82 26 29 -50 55 -15 -83 -41 29 -46 -41 -58 -20 49 -84 -9 -72 76 60 81 -63 9 -84 -85 -11 -79 -47 -50 -54 5 72 -48 55 8 99 -96 -17 -60 -88 -6 32 -23 -2 76 -50 78 3 39 22 79 -41 64 -10 21 96 34 -18 93 -51 23 83 -67 49 -43 -86 -83 65 -75 -23 -66 58 79 -44 -6 -24 66 -32 -76 55 49 -12 -88 -50 -54 -59 -90 93 46 94 -11 24 6 -88 74 -82 -28 44 -50 19 -92 -96 90 11 -84 3 -34 -47 -33 41 -17 9 68 52 41 -65 86 -96 -30 29 -39 15 -77 -82 71 -92 95 2 -64 15 -14 73 -19 -43 66 29 3 -98 50 -90 12 71 -47 42 -2 -24 24 52 -49 81 56 -79 36 -16 -14 27 31 -81 -84 -15 54 -57 77 -75 13 -31 27 -63 43 14 34 -7 1 52 -17 52 -91 -93 88 4 50 40 5 -62 99 -14 -40 92 73 19 -65 -49 54 -71 62 72 15 -40 54 69 -50 24 35 7 -30 63 -18 -55 -88 -66 39 66 61 -19 -86 36 -72 52 -82 -43 -98 41 3 -55 74 97 27 48 44 70 -92 -66 -70 -38 -5 98 -63 -81 -17 -37 -71 -82 -20 -30 96 -11 69 -62 -75 -95 -31 -97 -29 36 43 -39 7 90 81 -75 75 -42 -7 53 -32 -73 22 27 -30 60 -51 90 72 -79 -56 89 26 38 -71 52 -93 -24 95 85 -82 1 48 -55 -49 91 -77 32 11 61 61 98 6 46 24 -86 -86 50 45 -37 -27 92 5 60 -70 57 43 -97 -49 15 -16 -9 -39 -95 -31 69 25 -87 -93 -91 -19 -8 44 1 -25 10 -78 87 -60 66 -64 81 -3 18
82 85 74 63 1 -33 84 -77 -3 -64 -16 -57 23 37 51 -58 90 94 81 34 86 -60 34 64 82 1 -53 18 32 20 91 -37 -33 -84 89 -68 -92 17 -12 30 82 -56 33 -53 19 -63 43 -29 -32 -23 95 28 78 35 -85 23 12 59 -96 -64 -75 79 -95 -82 -69 -16 -65 -82 61 -58 61 -37 -92 -68 2 -23 -88 -27 64 33 -55 15 -17 -52 77 -95 47 48 95 7 5 -35 -45 -17 -92 66 37 -64 63 42 -33 -89 80 -34 -63 18 -86 17 -42 96 -60 -66 57 30 -24 55 -64 -32 -68 43 -9 -95 36 -91 -10 -3 -46 -90 24 -47 -40 -21 -78 28 63 78 51 -80 -95 28 49 -44 -68 -36 -93 -70 86 -89 60 29 82 -77 67 57 61 99 -94 -36 86 51 -13 -16 65 38 88 -78 -97 1 -70 -33 81 -32 80 -53 -52 12 55 33 -33 -4 -64 38 56 -10 68 48 -1 11 30 -88 63 58 -39 -27 34 -14 -91 -98 -82 74 6 85 36 -2 84 70 -57 -15 -71 63 -52 41 -70 -11 -15 92 80 -15 -78 98 -50 -56 85 43 81 40 0 14 -35 -93 1 90 10 62 90 79 -88 -23 0 -51 -59 86 -99 92 67 8 11 -34 82 75 -58 77 87 -6 40 -42 97 -7 -58 45 -87 33 -30 -85 85 -51 -82 5 50 -32 -35 12 -98 -43 45 -69 35 43 -6 45 72 -32 64 -83 5 37 77 31 -92 -11 33 81 -36 -6 80 12 66 -65 35 -70 46 -85 -92 80 -43 95 46 -16 97 -43 85 59 -92 -18 -1 -84 -26 -3 15 32 -28 -39 48 -70 -98 18 -72 39 11 95 -39 84 63 -70 -64 -95 -90 -31 2 99 50 -2 90 2 -96 82 -21 -42 -83 48 -36 -61 -6 -41 79 64 25 -92 -51 -3 -87 68 64 15 28 2 31 -90 -8 -30 80 44 -45 60 89 62 -57 27 18 -3 72 -96 -41 3 41 -1 65 46 62 7 -76 39 -78 43 -44 -73 -6 -44 -92 70 -11 -60 59 -26 92 -56 -14 75 -33 16 23 92 50 85 51 -17 -72 94 90 90 -27 7 -37 -99 69 -47 -95 70 -37 88 -25 -20 -93 77 -72 53 6 -23 -84 10 91 -98 49 -29 -81 -24 -25 -85 -72 98 -15 34 6 14 -31 77 45 -38 -3 37 -42 42 67 -25 24 0 38 -23 -77 34 -3 79 76 66 46 -36 -88 97 -43 2 41 90 -52 82 -66 97 52 -73 8 -48 -75 37 -56 -43 21 9 -96 57 -70 11
63 -26 -69 38 83 98 -85 -39 -71 41 -1 67 -27 65 -8 68 20 -57 -58 86 -67 -80 -94 4 -74 62 -67 -76 -15 87 -62 5 9 79 -48 93 -1 20 83 11 -88 -10 88 77 68 -29 89 39 -95 -73 71 53 79 63 -11 74 91 -62 -67 -10 -3 70 -30 -20 15 -3 -6 -65 -92 -26 -73 -19 -22 -48 7 14 40 -22 -61 -13 48 20 -42 -19 86 47 19 -91 -52 94 28 -93 90 -75 24 -72 -67 -42 89 81 45 51 85 -21 -99 29 67 76 -14 -56 -65 63 2 -20 -1 -37 -52 23 16 -39 -25 -4 68 -53 -60 -50 -6 -8 -79 -23 -20 58 -3 43 -99 -78 60 94 97 -11 35 -2 -45 -64 -87 -45 -92 32 94 12 4 46 61 34 -81 80 -79 72 82 -4 -68 -18 91 -99 25 12 86 75 59 -32 -66 -50 -87 -80 -27 0 -78 -23 -77 66 68 55 20 -7 -87 -92 6 67 -39 -14 46 37 -90 -23 -52 -32 11 -95 69 72 -26 54 86 -1 69 20 -14 6 -28 80 2 -22 59 39 -48 89 52 -32 42 38 -68 47 -5 -7 93 -19 79 -61 -78 91 2 35 30 -54 49 15 -2 62 67 37 -33 -84 -19 -87 7 99 34 -17 -30 43 -58 -56 44 -93 -48 -63 30 4 22 -30 -54 -10 -58 56 -17 30 35 56 -92 -22 75 57 -35 -43 67 92 58 -39 -95 41 -39 25 -26 10 -91 -20 54 86 -70 16 30 -37 -33 -88 25 -57 58 45 34 40 -30 18 -2 -31 -76 2 -82 -41 78 23 -33 -19 -50 90 -80 -83 57 33 55 26 59 -80 51 -99 -76 92 -29 -40 -52 41 -78 75 -69 -16 92 52 -90 -3 -9 96 -23 8 35 -41 62 11 11 31 76 77 50 23 -22 -46 29 39 -54 41 60 91 -89 64 28 95 17 50 -66 -66 92 36 98 -24 82 97 -22 76 43 56 -35 36 -60 17 25 -33 -6 27 44 17 85 3 37 41 33 -85 -71 -80 85 93 41 -83 64 53 65 -88 -64 -55 -28 -51 63 -80 27 89 -39 20 66 -26 84 79 -70 -33 -5 -52 -79 -37 85 -66 82 20 98 -47 -34 83 -54 89 75 94 -64 -55 46 33 -13 -56 -88 -26 55 -44 75 13 15 26 -2 68 -10 99 -97 -55 58 67 -1 94 -77 -92 57 93 -75 90 -39 -6 35 47 -61 -17 -93 -67 65 25 -66 80 12 -40 -70 -98 -3 4 8 87 17 -50 20 -87 62 69 -6 25 -18 -55 -4 -86 14 75
-27 -54 -16 33 -12 18 -11 1 39 -78 -59 5 17 82 -81 -74 -97 -73 89 -75 92 -99 93 -72 40 27 -89 -14 29 -42 75 -80 -9 -95 70 38 1 2 48 -57 -98 -1 -84 -58 98 40 96 -6 32 -23 87 -6 34 -79 70 4 50 -63 80 -76 -17 -5 -83 -3 23 -76 -18 96 31 -9 93 22 0 -33 3 71 35 73 -82 23 53 -47 98 0 95 29 58 1 -34 9 86 -52 91 93 8 -21 -24 88 38 -92 38 -87 17 21 60 -33 -15 31 -50 -26 -94 -36 84 7 -64 -84 -65 -63 -73 -14 1 32 73 48 -77 86 -48 -55 6 -4 -7 -8 -85 -4 -18 54 -21 45 -8 86 -76 15 37 59 -24 -84 -18 16 64 -10 85 0 -79 70 6 34 46 -67 -46 13 72 -71 -46 36 3 27 54 -9 9 -14 2 58 -43 -61 -4 31 78 1 20 37 -69 -96 39 -65 31 -98 -60 15 -70 20 56 96 63 69 4 -68 -4 -49 62 -62 55 37 -79 87 19 -46 -3 -3 -84 57 71 31 -7 -42 -86 89 40 31 36 77 -78 97 -28 -62 -34 -70 -45 39 98 -48 -73 56 98 -33 -70 -20 -53 37 60 -1 -26 0 60 -65 -3 -15 97 -9 -12 10 -7 81 -57 -59 -6 60 42 31 -84 66 5 47 -27 72 -21 16 13 39 -67 73 -74 -36 76 -33 3 -86 18 -59 -33 -22 -11 -72 1 -49 73 47 -12 71 30 20 40 86 -29 -97 19 42 8 -74 36 -61 -54 72 -74 -1 85 -86 2 -73 71 -19 19 -92 47 64 -77 68 -46 23 62 -42 3 72 34 -2 -16 21 -89 -35 5 -44 29 -73 -50 -34 -27 44 75 -9 15 -46 90 96 6 42 -52 34 -53 25 48 43 63 -58 -34 -80 -66 -40 33 -5 94 -72 -65 -27 -99 -97 -38 98 32 11 -62 -8 2 -50 -55 -43 35 -41 -61 -87 -42 66 50 -31 -18 46 -70 70 25 41 -93 19 68 -48 85 -10 -94 -29 -74 10 78 -17 82 29 92 -68 53 75 -32 54 27 -90 87 -95 18 -99 47 84 -13 -85 97 -19 -40 12 19 7 -7 89 12 3 -51 38 82 -23 -84 -30 56 -74 -37 -57 -83 -39 80 -10 -85 91 65 68 -32 -65 86 36 -94 -36 16 -80 72 -59 45 22 1 -69 -86 -70 87 -65 -20 81 6 85 -4 63 -43 20 15 75 45 37 13 -64 67 -47 -97 63 -77 -83 -46 -23 41 -52 -22 -10 60 75 28 59 -58 -7 -74 -96 -45 -43
1 49 -57 -53 18 -33 -16 -34 -73 -63 44 90 63 -62 -76 -59 -70 -76 60 -51 91 88 0 -53 -51 -53 62 -4 -74 -74 45 -77 -31 11 -64 37 39 42 -19 24 -75 20 -51 -4 64 -25 92 -38 79 -8 82 -83 -89 60 29 -64 -90 83 -98 -4 -29 -40 82 86 -35 1 13 21 -87 15 -81 89 67 63 77 53 35 -42 -4 -7 -53 -20 41 -6 -31 -65 79 36 97 61 -56 98 -57 7 68 35 53 -82 34 43 -56 -59 24 30 46 48 52 -87 16 62 -53 8 76 27 -92 -1 -76 96 -44 -9 53 54 -7 0 69 -94 -39 23 93 -64 85 79 46 0 -76 39 -89 -46 79 -51 65 24 -51 -84 88 -79 80 52 80 90 80 -64 8 92 19 16 14 81 54 -29 78 -17 -22 39 77 -33 -81 -76 -44 -8 13 -62 -37 7 79 -12 43 -90 10 26 70 47 82 53 62 -23 14 -35 77 -53 62 31 12 -88 -54 37 21 -80 14 -7 -17 27 -52 4 5 -93 -95 -4 -64 -64 60 36 63 77 -97 0 -82 18 63 -91 48 85 66 -42 81 -13 -40 43 8 25 -47 -8 -43 -3 -76 -69 -13 70 58 47 -83 94 -8 94 92 60 -8 97 -1 -94 -10 -26 -59 41 -33 59 5 -83 63 -33 -74 -86 36 -68 95 81 39 34 -7 14 -94 -54 86 16 84 -43 -52 34 -27 95 25 -34 71 19 -50 25 68 -64 68 -47 74 -51 66 -10 -89 85 -10 49 -35 66 -15 84 90 -68 -33 -77 54 -67 42 -86 -3 91 75 -18 -62 80 61 98 -83 8 14 -72 -57 5 -42 -16 13 -3 -3 -20 10 -86 9 33 -89 -17 88 19 -2 74 82 32 -66 89 -42 -62 88 98 71 31 -65 -53 -82 -57 10 27 43 34 57 55 -75 -92 38 7 7 34 -38 -91 0 3 16 -73 48 -47 68 66 -45 -23 -65 79 -45 81 -9 54 53 -88 66 -64 42 -88 -29 -27 85 -6 -55 -63 -83 -79 -73 -67 -95 86 74 29 10 -61 -12 88 17 -21 -84 -73 -33 93 -53 4 -9 -44 -79 -10 12 85 -90 80 62 -47 -17 -69 -80 -61 25 -88 -4 -91 43 -58 -62 81 -76 -92 -20 -68 82 -86 -75 -72 86 95 -39 -78 -30 -80 -26 32 40 66 3 68 68 -15 58 33 -40 -55 -63 -86 -70 79 4 -70 -28 -88 -12 -47 48 77 -5 70 90 73 -20 48 11 -11 16 16 68 59 21 39 -12 -23 -65 35 82 26 -92 -20 -61 -48
76 -79 97 89 -49 -39 6 10 3 -4 -77 95 11 91 87 54 38 -23 17 -69 60 82 87 -57 -85 10 58 -91 -58 19 37 -16 -84 21 -51 -40 -8 85 -1 -58 5 0 -56 15 97 64 -99 -6 70 -11 -36 -23 3 -6 -98 -22 -39 26 84 40 56 -67 38 56 91 -2 69 -32 34 18 50 15 -31 -23 12 84 -22 -63 70 94 -89 5 1 77 3 -97 -95 -64 -20 48 51 -15 -22 56 -12 -30 -89 -3 -64 50 98 54 90 24 31 -51 -71 -87 -57 89 68 -84 -12 56 95 -58 -42 -36 71 34 59 -23 35 -63 91 -67 80 -47 54 -15 5 -98 -57 -78 0 98 24 38 -79 66 -97 34 7 -80 -82 47 81 9 -56 84 80 -79 81 -87 78 -20 -98 -35 -88 -46 24 -12 -63 52 29 90 86 71 27 32 7 68 -6 -54 -34 18 0 30 -73 -40 37 -59 -71 -4 95 2 -16 51 97 49 -26 92 -94 89 48 -42 61 -69 -93 -39 18 57 -7 51 -84 -81 67 59 72 -30 95 13 8 61 35 79 9 -28 -4 -67 60 54 -68 -48 21 -33 -35 63 41 28 -60 -19 -43 -66 88 -42 29 -70 -88 75 37 85 -78 -9 -30 36 75 -41 -73 -12 83 -35 97 -51 43 9 -9 -4 53 -6 -44 26 -4 -73 37 -40 47 62 56 -10 28 -47 62 6 -42 5 93 -98 -31 -79 33 27 -68 2 90 -93 -31 -40 -25 17 8 -24 -34 73 89 40 67 9 -91 4 -17 -80 -86 -77 58 -56 -8 74 35 -84 -38 93 -57 57 15 7 -76 -66 -43 59 13 -40 -95 -59 -42 -35 58 -97 97 97 -84 69 66 47 14 59 58 46 -72 80 -80 11 34 61 -17 39 -98 -19 58 -85 -76 53 -85 -61 -7 -81 -45 -97 6 -56 -22 -55 -44 -5 -45 97 -15 19 98 6 21 20 48 46 98 -88 -42 95 -17 -94 -31 40 -17 -67 83 19 -11 99 -71 38 -63 94 -66 64 -31 65 31 -97 -87 53 51 39 -37 -75 -22 21 -33 69 83 -4 40 -92 -14 35 52 -35 86 -93 32 -23 32 76 -70 -79 50 74 2 -22 33 36 -12 -13 -79 0 50 97 -52 -91 95 -22 84 12 35 -52 -13 79 -39 35 -55 -8 45 65 -66 42 -22 -91 90 32 -30 -23 31 53 76 59 62 -53 -94 -99 29 -7 -21 -15 65 36 76 91 -40 -88 25 -38 11 96 -89 -74 26 -79 55 8 -34 19 -37 33 68 68 16 -61 98 2 90 -47
41 91 9 -55 76 60 55 -89 84 -95 -7 -58 -67 73 -26 -1 20 -68 -70 -9 0 -32 94 49 -14 -36 -69 -24 75 -4 -4 52 38 92 -68 -54 77 10 -85 99 -39 -39 61 -14 -80 82 -46 43 11 -21 -3 -37 43 -30 -44 -17 16 -75 81 -22 38 19 23 -48 -68 79 46 97 -14 -8 48 2 -96 -23 -28 80 85 74 -41 95 82 -22 -58 -74 -7 -71 -30 -85 90 67 -66 72 96 30 51 -16 -87 -78 16 10 81 -79 56 -80 71 -54 60 97 -93 -1 -45 17 -76 53 -62 -75 -57 -19 40 -68 -21 -37 32 -40 39 -65 -62 -62 -60 62 14 22 -1 -15 -83 -99 -75 -62 -76 18 34 -11 -28 -67 98 -10 30 -18 14 -5 70 -59 75 -59 50 -31 -44 64 99 12 -23 -7 -29 42 63 46 -66 76 -34 23 -42 48 92 12 -83 81 54 5 12 92 -42 59 -22 23 -73 -61 -88 -61 43 3 53 -29 11 56 -41 13 24 78 -97 -50 68 -53 -17 -48 54 48 -34 -53 -54 42 -29 45 3 29 93 3 68 -34 71 -45 70 -36 26 -26 71 -94 86 -85 -65 29 -86 26 -28 78 21 54 -97 -91 57 73 -54 -84 65 78 73 -77 56 -42 1 -90 -70 -99 10 80 -25 16 50 -45 65 50 11 32 -89 -18 -2 -77 88 78 -99 -83 -93 -93 -9 -72 83 79 -36 6 67 60 9 -74 -17 -49 46 18 98 94 -40 -29 30 12 52 9 19 -53 24 33 -3 -55 40 26 80 -68 51 -62 57 -52 -42 -56 -23 57 -26 -98 -16 45 12 -50 -90 16 -37 88 -27 -49 -97 6 84 12 45 -90 -95 -53 26 75 18 -86 -9 -12 -22 -46 42 41 62 57 -92 -41 84 -1 95 -91 -8 -56 16 32 -17 89 -9 2 -28 11 93 -51 40 84 -72 25 5 82 37 90 62 98 -16 -61 -9 -16 -63 20 48 63 -45 66 -60 88 -91 98 -78 69 3 99 -16 -20 22 82 25 62 92 9 -45 -68 11 -95 -81 3 -9 50 72 2 -5 64 -28 -5 -77 60 35 80 78 -17 36 -18 41 -91 -30 83 -91 -64 1 52 -90 58 41 -11 -4 -2 97 -32 9 47 -70 -37 -83 -90 -91 -61 2 77 65 40 19 -6 19 -26 95 -46 -99 83 73 27 -56 -62 77 -20 50 62 34 -77 -89 -60 27 71 62 -65 -30 -53 -32 18 -24 -37 -28 84 64 92 14 36 51 -49 52 -24 3 19 -78 -41 -85 -6 -22 95 -78 -17 46 16
-35 -14 6 -7 15 -44 39 53 91 7 22 1 0 -38 56 92 94 36 -47 -83 50 -72 -85 34 -79 -10 3 42 75 -34 -30 16 -56 85 14 92 -97 67 10 -12 -70 -64 -48 -13 81 46 -84 -99 33 -68 79 76 -65 87 84 -18 -94 -59 36 -94 43 76 57 -70 -24 41 24 61 81 -49 52 -64 48 -44 91 12 34 -67 98 82 25 90 -55 61 29 9 30 94 -1 -45 -10 56 -89 -80 -24 -70 51 40 -37 95 -72 -10 36 30 57 -69 -93 61 18 32 -82 -46 -97 -58 59 -83 47 3 -27 -83 21 42 -58 -85 14 -11 -5 70 98 56 88 -5 -49 -57 32 45 -78 -74 -43 -99 16 -7 -38 49 25 93 48 39 -98 -42 -12 1 -73 -28 -46 -99 91 -2 -12 80 -53 42 61 -24 -93 14 79 -71 -44 -43 81 20 77 16 52 62 27 -9 -26 50 -9 66 10 -72 51 -21 82 86 15 -10 -65 88 94 -59 -48 -93 -95 -63 -86 27 68 17 -27 -29 81 54 89 53 -22 56 31 -30 81 7 -76 -95 -31 38 71 -85 63 -45 66 -69 87 95 17 4 -14 33 78 24 37 -66 -29 79 44 44 -87 -57 70 9 20 -38 60 63 42 -26 -47 -47 96 40 -68 -13 22 66 52 -54 -33 28 -42 -21 35 -73 -3 66 86 -32 -61 -6 -18 73 38 62 65 42 -10 19 -46 93 51 64 93 42 -61 -97 89 -36 -50 -88 53 -66 -29 -57 59 -77 -75 -27 -98 -47 -80 -85 -65 99 -47 36 79 85 -40 47 -68 -22 -1 -40 -48 83 -70 -79 94 -97 29 -11 -35 44 -23 73 99 64 -26 -94 76 5 46 -44 -21 -32 -23 11 28 -87 -53 27 -62 -29 -74 39 -12 -60 22 -57 -44 -64 95 -14 -27 62 -75 50 -79 -25 -12 -71 -85 -42 -31 95 19 -40 5 -73 48 -14 36 71 -18 -44 6 97 -21 -46 68 38 -72 15 -83 -81 -75 -43 -24 -29 81 19 -23 74 -95 64 -47 70 -80 88 98 -37 4 33 43 -21 -96 63 76 -99 -95 11 15 -93 -22 -4 -37 13 -72 -43 86 79 34 -11 -46 -6 88 44 68 -27 -91 92 1 0 -34 91 -75 72 -91 -98 -26 88 -16 71 23 -23 -99 -34 35 -59 18 -95 9 -41 -72 92 -58 45 -39 50 17 -32 23 3 13 3 -54 -1 67 33 96 -75 -75 -65 15 -74 15 -91 -77 -33 64 -48 3 -35 75 76 49 53 -61 -9 -30 -90 -3 -2 55 41 20 41 -54 -44
57 20 -44 -37 91 -14 84 -26 -76 95 44 28 67 -75 31 82 37 -44 60 -57 -71 55 93 18 64 55 0 -4 -81 -73 65 -79 72 41 -4 19 10 -57 -15 -14 31 74 -7 -41 -44 60 76 90 39 13 94 -90 -3 93 89 20 0 -71 -8 -42 -49 -55 -94 31 -98 -10 73 48 33 -48 -27 -65 -40 -25 -63 92 -44 -54 -1 -89 -31 -66 -59 -1 90 -49 -53 -13 -57 29 -71 17 -13 73 94 -89 9 -6 -21 93 23 -37 -66 -86 28 -98 63 -77 -74 -79 90 35 -20 -36 -78 -26 47 38 -65 27 71 23 -52 -32 43 2 20 -8 28 -65 74 90 -90 54 4 33 11 -93 -16 -34 17 -48 -59 -7 -13 9 6 -96 7 74 -36 42 -4 27 15 64 80 89 -36 -77 -67 11 -5 -93 87 -24 -47 12 -83 4 -59 -76 -10 72 -15 14 -52 97 -74 34 59 -68 -36 61 14 -10 -64 -31 95 -73 29 48 63 -65 -27 -78 -28 22 10 -94 -73 -90 3 68 -50 2 -70 95 -10 98 96 59 61 95 -29 19 -26 -21 97 -48 89 -36 -50 94 -59 -96 38 -57 37 -3 -90 42 -1 -7 47 -87 41 60 -91 22 23 9 -51 76 -75 12 -86 -2 87 -15 43 -40 11 72 -61 58 3 -94 22 26 63 75 28 16 -36 -54 79 -64 66 -23 -94 71 -20 71 38 10 -40 -43 33 -76 -27 7 71 68 51 37 -36 78 -91 18 37 7 46 -26 -83 -56 99 -71 -62 47 84 64 -81 -19 -48 69 -5 -51 3 -47 -94 -70 -77 -40 -4 75 25 -16 -95 -83 82 -15 -37 57 13 -55 76 -36 -62 18 5 91 -87 57 -79 -70 -9 -1 87 -72 61 51 85 -4 50 -23 67 26 -73 -12 -58 22 3 -84 71 -48 88 86 66 -50 -27 64 -72 -63 -9 98 32 -91 64 63 19 -89 -3 98 -88 -50 53 -53 -89 91 20 -78 -31 -86 -30 5 22 -71 36 -55 -29 -80 -80 -94 -41 81 -78 -29 -4 9 -81 -98 84 -81 -42 90 -58 -57 -76 -97 97 44 -87 93 39 29 -6 99 37 -10 -46 73 -13 79 -79 79 59 -51 -98 -51 38 -75 -94 70 -71 -92 -82 -75 -22 -13 72 3 -45 37 -55 -43 -89 -97 -43 -58 4 74 84 -93 59 -74 15 51 -69 31 -13 90 -70 -93 -96 -69 41 8 -27 -86 85 21 -9 65 2 -38 19 24 -16 1 -35 60 88 -31 86 -99 -52 -6 41 -99 -12 -10 59 70 88 57 38 -19 28 -38
73 -38 -42 84 66 -67 0 13 19 66 84 -74 28 -87 -53 49 -68 -26 -32 -77 10 -39 3 43 27 7 63 -86 28 -11 -17 71 -5 -15 12 -65 88 27 79 -95 -74 -68 87 16 -49 -91 87 23 -76 -93 66 -64 81 69 -39 63 97 63 -80 -50 -78 -51 66 14 -67 -90 23 -55 -75 -98 -53 26 33 0 -42 23 11 99 -67 76 6 88 82 66 56 30 41 -44 -5 -67 34 6 -22 -45 27 65 20 -13 -2 -82 48 -48 -52 29 -81 -50 -74 74 -33 93 7 63 -80 -93 69 51 -54 18 -63 65 -36 -91 -76 19 93 -11 -59 48 -35 72 56 13 14 65 -55 4 -85 87 5 -81 -54 94 -14 93 -59 45 -61 95 19 46 91 88 48 50 -66 61 -66 2 77 67 -93 1 -59 -30 -11 -87 -47 -79 43 -72 17 -20 91 -97 -74 -84 87 -40 -85 -88 0 -16 -39 -7 90 -79 3 -41 -17 -99 21 -59 -40 62 -19 -75 11 -2 46 77 66 17 -85 -90 49 -30 -86 -62 -87 -52 18 -44 -62 -36 44 -36 1 -97 -18 -81 12 78 7 5 -93 75 -69 55 20 -90 77 -80 -82 -69 45 -46 78 72 -16 29 59 -79 82 -11 44 22 15 -70 82 -79 53 59 72 82 81 -79 62 75 -64 -57 81 -40 -43 -64 -22 19 89 95 -61 14 94 -58 7 -32 -67 -69 64 -21 47 -12 76 4 -38 83 -32 -9 -31 82 75 -60 81 -33 -2 -76 34 87 25 -5 -33 -16 73 26 -86 92 -92 -66 -37 91 -63 87 15 67 96 56 -4 98 41 -33 32 -13 47 -69 94 -25 -36 -68 38 81 62 86 39 83 35 -93 53 -10 -1 36 -94 -97 4 25 -87 -81 -41 -90 -86 92 -29 35 -31 -28 31 32 57 62 40 79 -33 85 -57 -30 74 10 41 50 -75 -9 21 34 70 87 -84 -3 83 -37 -28 -77 75 -42 39 59 -60 20 -6 61 57 30 -48 82 -53 -14 -34 -83 46 61 -52 -22 68 42 29 -49 37 74 57 44 -60 -50 66 98 -67 40 -44 -1 -65 -64 -44 4 70 -50 -29 9 32 62 -30 -87 82 15 92 44 -95 71 22 8 3 12 41 -61 -20 63 -74 29 -95 16 -93 53 -78 -68 98 78 -29 47 -29 -37 -35 -27 84 4 -80 33 -79 -48 91 -40 -65 76 -88 -80 49 10 -76 -87 70 -71 -73 -39 -4 -36 67 -85 -94 84 -87 36 -67 22 -2 98 13 -3 -84 -52 -69 -71 -14 55 74 -45 82 -37
84 -17 18 -9 -28 -16 93 4 60 93 4 -24 -59 -90 79 55 37 91 -66 -84 51 57 -60 75 57 -93 47 -37 4 8 93 -86 26 -72 -18 91 -96 -24 -35 64 33 37 79 -62 42 49 4 99 95 -14 -62 41 -1 -83 45 36 10 -36 96 -40 35 -91 -36 5 44 17 96 -25 -16 24 -5 47 -66 39 -67 -17 49 24 10 56 5 44 74 96 94 -4 82 -53 34 -1 -91 90 -76 -99 -13 74 -93 43 49 -21 99 -29 97 -68 0 75 -24 26 4 68 -14 35 45 -77 -98 21 88 -21 -35 44 18 -80 -29 0 52 -14 -10 -48 69 -33 13 -9 70 -2 71 27 52 50 6 -65 -68 85 -27 86 -1 97 76 -70 93 -50 -27 -53 -12 -3 47 94 93 91 -41 64 -96 -5 -90 -59 21 -23 1 -96 98 10 20 53 4 38 -26 83 -27 -65 -31 -86 20 58 34 -10 2 60 68 -93 65 -67 -40 46 -13 -48 39 -91 75 0 13 -2 19 -63 -37 92 -66 81 35 19 -12 -69 62 68 74 79 -4 41 45 -64 97 37 35 63 22 77 -73 -59 67 47 -90 8 -36 23 17 26 -52 44 76 87 -75 77 -73 -40 -57 -70 0 51 -82 -59 69 -5 55 35 -74 -28 15 87 13 93 63 35 6 96 35 33 68 26 84 -26 -44 76 16 69 -92 69 -3 -76 -27 87 57 -41 -36 13 -54 -53 -71 82 33 81 75 26 92 -98 58 -29 26 -2 14 -30 -43 -30 65 -54 -30 -26 54 50 85 -33 -79 -15 -11 -88 31 -6 -38 30 -4 -15 21 14 -96 63 36 -46 81 14 37 60 -62 17 -33 -72 58 10 66 -14 -33 29 21 -83 -43 -44 -49 -67 8 -51 -13 38 -78 8 2 60 90 50 32 65 26 -26 -84 82 -48 -3 2 51 88 -52 -65 85 -4 -85 71 67 66 -28 -56 -1 -21 -80 -58 -7 45 -25 -51 -70 -46 25 97 52 -15 68 37 -55 -20 53 -35 38 46 -38 70 -58 -73 -17 -74 -14 96 -82 4 47 25 83 53 67 -44 87 -67 22 -4 -99 29 -82 65 -4 80 90 83 -75 79 61 25 80 36 -38 16 -71 -2 -47 -23 12 -78 -55 -26 -88 -57 80 -80 -63 -1 20 -38 3 -36 -83 50 84 9 -60 80 -29 -30 -31 74 97 89 56 -93 60 -73 -85 18 14 67 34 65 64 -80 21 56 78 -21 -17 68 51 -69 58 -88 71 16 -57 -90 60 -47 -70 17 51 -50 -86 26 -98 87 64
-16 6 -58 81 20 70 -41 75 -65 25 -5 -23 -83 46 21 -68 -22 -9 7 25 -14 41 16 22 -76 -20 -54 12 -95 59 -72 -16 69 -69 -42 -15 -91 41 6 -1 -45 44 50 -14 57 -45 -39 -14 78 19 -61 -69 94 47 0 46 -39 -35 91 39 -31 -74 75 94 -5 -6 52 46 -21 65 96 19 68 -74 35 56 37 96 7 -25 -38 -90 80 -78 -65 -60 63 -12 -68 29 -52 9 -5 60 38 -44 93 79 36 -87 -51 32 22 2 42 -86 57 16 -26 -53 97 -37 -46 -25 -33 -12 94 31 38 -25 68 56 19 30 -78 64 62 -39 97 -88 62 -75 57 3 53 64 23 -83 -69 -39 56 11 59 -79 -45 25 -98 98 76 28 7 -50 -91 65 -1 -89 78 68 84 57 45 -45 -50 7 -26 19 -3 62 5 8 71 -86 -17 -82 -92 -59 85 36 90 -77 70 67 78 65 -99 8 -74 -50 -19 38 64 45 78 -85 62 23 64 45 15 -8 -7 77 -7 -54 -10 28 -88 29 -52 -24 63 94 22 86 -35 -40 92 40 -96 -49 -51 6 -69 67 -34 30 -50 -30 -33 10 -9 79 -30 -42 -19 -79 -99 81 12 1 22 -63 21 76 51 82 63 32 -16 28 68 13 -12 46 52 -89 -85 -39 -7 -27 -15 39 -70 42 -31 -48 43 23 67 -20 77 75 54 -68 67 -73 -86 85 31 -30 42 89 -90 -9 -41 -80 19 -20 27 76 -50 17 -25 -34 10 50 21 97 -75 33 -81 -42 57 -80 47 -50 20 -72 -5 88 92 -46 -78 51 79 -33 46 -96 -52 -54 -75 -53 -63 95 14 -25 79 -35 39 2 2 42 -74 71 0 -63 6 -16 -31 16 -55 48 55 -65 -63 -19 -12 64 79 56 -10 -50 96 78 -18 0 -65 63 -21 -7 87 95 56 0 -79 75 -73 24 53 -35 -12 23 50 -41 50 -33 -88 97 -20 27 15 -17 -83 25 -44 20 -46 -4 11 -35 87 -38 -71 95 73 -12 40 -20 -4 -78 -2 -72 42 -30 -27 61 79 -88 95 -30 88 -41 -86 44 -98 0 34 91 36 -47 -31 80 -23 31 80 -58 69 -43 24 6 93 -79 20 19 6 -93 -32 20 -3 -95 73 97 -78 87 -54 -9 11 -85 65 -68 45 54 -29 -31 53 36 -52 96 -37 89 35 -90 -87 55 -1 -71 -83 16 74 58 57 22 -65 -95 39 -76 3 58 29 -58 94 33 -34 -31 -22 90 -32 -8 -82 87 57 52 -91 -71 -51 -86 33 -97 3 -77
64 80 -18 28 70 -75 -71 11 -9 10 18 -42 -35 -72 65 2 41 94 5 -4 -2 24 -56 60 -60 0 -91 -18 -3 -38 -73 13 -20 -86 -2 7 88 75 -93 -83 -72 -57 -94 -57 60 13 -2 -47 69 28 34 -24 -90 74 58 32 -37 -97 6 69 9 71 18 83 33 -29 -37 64 29 79 74 3 -60 -54 -50 38 -44 96 55 -40 57 72 85 74 18 64 1 -98 62 -70 8 95 -32 -60 -47 87 0 77 -34 -23 53 77 47 83 -43 75 -5 -70 -13 -14 -61 14 15 71 -26 -37 71 18 2 41 -46 81 -46 27 -13 -89 -98 1 62 -17 20 -23 22 90 -1 -78 -88 1 -84 -59 -20 35 45 59 95 77 0 4 5 67 41 19 -90 82 47 64 -94 -59 44 2 79 11 -61 65 -34 -9 -18 61 65 92 -63 -55 -38 -11 -28 -38 -52 18 -66 41 47 78 -89 47 -23 -9 -24 -10 -46 -84 -3 64 67 -88 39 -70 3 89 -94 10 95 -39 46 94 95 49 -84 -58 -34 92 5 66 -25 30 -72 79 -75 -71 -11 54 0 -13 -62 -90 -80 -57 -9 34 -56 96 55 -87 -8 -63 42 77 -33 93 29 -55 -97 -72 -95 -18 48 44 83 -22 -58 81 61 -35 -37 -84 -31 61 91 58 64 44 -71 -85 -34 -73 59 -98 71 -65 39 86 -87 -8 4 -42 17 28 -52 34 98 23 27 58 -60 24 52 -41 -30 98 70 45 -90 -70 75 71 -3 -7 -31 94 -61 -96 -46 61 6 -68 57 13 -82 51 94 -59 32 -91 -25 57 -37 -39 -47 -61 -4 5 -8 -32 0 -83 90 35 48 -63 -51 95 -88 -48 3 84 -97 -52 96 -40 -75 55 76 -45 83 -60 21 44 16 12 62 69 -80 31 -64 -17 78 -64 -46 63 -65 -74 53 24 88 91 -10 3 -19 -12 -84 -31 -84 43 32 52 -59 51 -67 -35 81 87 -47 -23 -78 44 -2 59 -82 -53 23 97 -17 -85 -2 -92 -53 -36 95 -76 -80 -75 77 72 -74 -37 -99 -20 46 20 -11 26 56 -42 85 -94 11 -60 -26 -19 29 64 58 84 -24 -12 8 -50 31 -35 50 21 -23 -74 87 -23 -99 -32 -12 71 -99 83 55 -93 -63 85 4 -71 -19 66 53 1 -28 31 67 -89 64 -20 67 -29 10 -18 5 0 34 -6 5 34 14 35 77 39 -8 10 -64 46 88 -79 47 -28 62 -18 -31 -91 53 -6 -77 -28 -92 78 -22 -72 -43 1 -29 86 35 45 -7 -51 88 -15
38 53 19 87 -69 -13 -88 42 72 -38 70 -35 -79 10 -55 -33 -24 54 -89 18 -10 -61 -90 39 25 7 65 -88 85 -27 26 65 32 49 -78 54 -53 64 54 40 96 64 -84 96 76 -35 -58 50 1 -32 11 59 95 -89 34 40 19 70 29 -73 -11 47 -55 32 -31 -50 -75 -90 99 60 -44 -15 23 -95 53 -9 -8 -20 78 -41 65 52 18 -30 -16 -2 -80 45 3 -63 49 -39 68 -43 -91 6 -30 -57 -56 -12 76 -83 -20 49 51 1 14 61 -58 97 74 -14 -58 -65 59 -73 -54 40 43 92 -32 93 -46 -69 -92 -95 47 79 35 -83 -98 -31 58 -25 67 84 -89 -39 80 45 -65 69 34 10 90 42 -94 -19 -48 64 -91 -69 79 18 -33 68 38 -63 44 58 -48 -51 -49 -58 -33 -44 48 2 36 98 -41 54 -35 15 47 -46 72 14 -25 57 -14 -70 -7 60 61 19 -52 75 -47 24 84 16 -98 52 -24 -56 5 -53 50 -47 -52 21 56 6 -87 -28 80 -68 2 -29 -69 -19 11 -82 -53 37 93 -27 -13 -67 -97 74 6 -75 -62 -68 2 -74 -43 -54 -27 -33 -82 -12 -57 -41 78 76 -54 -81 24 48 -71 1 62 1 46 14 -15 -54 22 -2 84 -44 -17 71 66 70 15 -78 -93 70 84 9 -35 41 -92 40 -1 93 -64 -2 59 -23 -68 -36 -31 -27 21 50 32 -80 -88 -96 -56 41 -76 33 63 28 79 -73 87 -8 -55 -66 54 15 -75 -23 -90 79 58 -85 19 83 15 79 53 62 -56 87 -24 -52 31 -45 35 -27 -53 70 -96 -80 43 7 -6 -20 -25 5 31 99 27 -80 85 16 93 -74 -94 35 62 39 -75 -47 91 -43 93 -94 34 -56 -17 -98 -11 40 31 5 29 -89 58 -32 -14 -82 19 -7 77 38 98 15 3 59 36 -67 -34 39 -90 -54 -86 40 -64 26 93 -79 61 -21 97 -99 -47 33 -44 -93 -86 48 -46 -92 53 50 55 -25 -46 -84 -4 -39 80 -59 96 -33 8 -21 37 56 -84 46 58 42 75 48 -8 -37 -88 67 77 47 76 -27 9 58 -60 70 -49 -26 3 59 84 -76 -95 -76 -5 17 -19 63 -88 -45 69 73 64 50 9 -96 -38 -73 67 -72 -78 48 72 70 -46 -3 -69 49 65 82 -81 70 -26 78 31 -15 -28 82 73 -72 9 35 -95 -58 73 -79 6 46 32 -6 -67 32 -62 11 48 78 38 -92 -15 -95 54 72 67 -52 -57 79 -72 20 -9 33
-30 -30 -68 97 20 -67 54 -19 77 98 -52 68 52 -71 25 -42 -52 91 -98 0 -67 21 -83 4 78 -68 36 -80 -39 22 -48 -1 49 -15 98 -20 36 15 50 64 45 42 7 28 8 -87 -47 -41 -92 2 64 72 88 -57 -39 -68 -9 -56 -63 -32 20 11 -58 35 -28 30 -18 -58 2 53 29 -21 -54 -79 -49 61 -29 20 -93 -67 -53 -49 73 64 62 69 18 69 -4 -45 66 38 -23 79 33 -12 -77 8 90 88 -14 46 96 -48 -20 -95 -64 -98 40 82 49 41 43 56 97 6 -75 82 -73 82 -42 -59 -92 -84 63 91 68 -25 -26 82 -26 75 61 -47 86 60 59 54 -26 15 70 92 -40 -88 -11 46 -64 58 82 36 -20 65 -63 52 -45 92 65 98 59 -58 80 -97 92 98 -13 6 25 -27 81 -85 80 53 41 58 -47 70 -68 43 -69 -33 -39 -46 4 14 -87 66 16 85 99 -59 -21 27 68 17 -11 82 -35 -98 -61 -75 94 92 10 -23 11 -60 -34 66 -6 -77 -57 -36 -64 18 -18 -37 -31 48 -69 -4 50 61 -2 -99 58 -62 -75 6 -6 3 21 21 -30 76 -83 51 61 -51 -73 42 -91 -4 42 69 -7 -94 25 29 88 60 -55 -20 79 20 66 65 35 55 57 94 -82 1 64 -19 87 -82 40 15 -92 -78 52 -8 -17 64 -28 52 54 75 9 -74 77 28 55 69 -2 84 -39 -14 -71 40 83 85 92 -85 47 35 48 -83 9 38 98 -97 -51 14 89 -9 73 34 84 -92 65 -26 41 4 -73 57 -89 33 53 18 -93 -2 12 65 -90 92 73 1 41 79 90 -86 63 48 54 -96 76 -32 48 60 74 15 59 -86 -51 -76 -41 77 16 -92 27 54 82 -62 -86 -69 36 -59 83 -50 -75 -76 -98 20 -89 -2 -16 61 36 61 -75 -52 -25 -57 -67 70 96 -45 -70 72 27 45 69 40 81 -37 36 28 -20 42 -77 2 -37 97 45 -48 48 99 -97 -16 -72 -71 81 74 -73 -13 70 -63 -44 -60 0 45 52 -42 -81 23 -42 35 -37 28 -25 -24 12 -31 65 88 -76 -80 -33 41 39 10 -59 14 66 54 41 -69 -28 -4 94 88 -56 -52 59 -80 -67 30 8 -50 62 -67 -61 17 -24 -21 12 -78 -51 -84 -12 17 66 -73 -22 -63 26 5 -36 85 42 20 72 -13 -29 80 -2 -53 -16 -52 -64 -27 37 85 -22 -93 15 48 75 36 -69 37 37 48 -59 12 19 0 -2 9
2 -58 -17 -69 -34 -51 38 58 -32 32 47 -81 -74 -92 -1 92 -72 -10 16 -85 -13 -77 -6 1 -99 9 44 -86 79 -51 -41 10 -36 -73 88 9 95 69 -27 27 49 -18 75 30 88 43 45 49 -40 -40 97 -69 27 7 74 -82 17 -48 -97 -12 98 84 95 -92 -64 75 25 -94 -9 11 32 22 61 76 77 -11 5 -92 -23 -41 -68 94 26 1 88 -40 97 49 5 67 -15 -64 -92 -51 42 10 69 41 58 52 29 24 63 -76 38 43 83 -34 -30 92 6 62 -88 54 3 82 85 19 -65 -91 48 54 48 87 -26 -40 -67 78 4 54 23 -28 59 -54 -98 -33 -81 8 37 42 -35 -77 4 -78 25 -82 -71 -73 -21 78 45 -46 90 -23 37 37 54 71 -59 -21 54 79 40 -46 99 -70 76 79 53 68 48 14 -25 -73 24 -82 1 7 -18 -17 61 55 66 -38 -89 -89 -94 -16 71 49 54 30 -79 19 58 -54 55 64 -4 -33 -24 67 -71 30 16 17 -82 91 20 -97 35 -47 60 -92 -48 98 63 -41 48 72 -10 5 -40 39 -70 79 -91 -20 -37 72 33 32 78 92 68 -59 61 8 64 -36 27 -29 14 14 94 -67 83 81 -93 26 39 -83 -12 80 88 -39 56 -11 45 13 -69 17 1 39 -77 -95 -38 44 -6 -75 -47 24 87 22 -83 -31 31 -11 77 38 14 -7 -14 -85 -32 83 14 75 15 -25 -29 -64 67 -92 28 46 -72 99 82 62 90 64 -11 -39 -62 27 64 -55 70 80 83 -80 -71 80 -23 -80 -74 -10 38 65 71 -59 90 -15 -38 40 15 42 -26 95 58 -52 -40 -83 89 -19 19 -35 47 -12 -70 20 -55 1 -2 29 8 -86 26 5 -67 9 80 75 21 31 70 39 19 -95 50 33 -91 -70 -88 17 36 -94 -35 95 84 29 57 -37 -80 -77 24 76 27 46 -96 -67 -64 -64 -24 -53 80 -78 -32 10 -90 6 65 16 -90 -95 98 53 -67 95 -67 69 -4 -90 7 -66 14 90 -14 12 45 -9 -50 -6 -21 -26 -22 45 88 -26 95 -67 -23 54 -55 -36 -6 47 6 -33 66 -84 66 5 15 -70 -60 -15 -59 34 30 -37 -90 18 -74 46 48 -1 -82 -88 -88 49 -55 61 80 83 17 -66 19 -78 -15 -33 71 -30 40 22 -45 14 83 28 67 -61 -28 31 39 -69 -49 45 41 46 99 -82 60 61 42 31 37 18 27 47 -93 -87 19 -82 -38 55 66 33 2 12
-65 -72 -47 17 8 -65 -26 89 93 38 49 97 -23 76 -44 34 86 0 94 79 -16 -36 -56 -17 -38 -68 -53 58 -97 -32 -41 -7 45 84 -7 -48 -98 77 -94 17 50 16 -61 -81 -4 79 99 -35 86 93 -7 12 33 47 -95 -10 95 94 27 -16 63 -82 24 -83 -13 -26 -64 93 90 71 -62 60 -39 -63 83 75 8 53 93 -26 -33 -26 21 -94 59 -66 56 -30 92 -27 -2 -96 40 -54 26 51 -93 88 61 -43 -36 -17 88 -49 -32 -92 -25 -37 -23 -17 -91 59 15 34 2 -46 -60 -50 61 -31 88 36 -19 -23 -5 -69 74 -99 3 -31 48 93 97 75 38 66 75 35 -40 -70 -33 95 47 31 63 -45 -64 62 -44 -59 -21 32 80 -34 -76 59 54 86 92 78 -30 -24 91 -91 -10 -30 -4 -8 -7 -86 -52 69 77 -96 -57 -80 -36 92 -78 51 1 33 -96 -81 -54 30 -40 71 15 24 -78 -74 62 51 -83 -94 17 -1 -63 -19 -23 -23 17 34 45 -38 96 -5 70 12 20 -17 70 93 -68 93 -65 -81 6 -7 -31 15 -89 -52 5 -84 9 -70 -60 34 41 2 -97 29 -24 -52 -2 -93 6 18 67 93 88 52 -55 -40 -46 -45 -16 70 25 99 86 -50 -73 -2 14 32 -38 -91 96 25 -43 11 -91 -19 79 77 -43 -21 67 -75 -22 15 83 -39 31 -23 -37 43 99 -58 30 79 24 0 79 33 -82 9 -39 10 -2 70 -4 -15 -21 -36 9 -64 -43 -91 44 -25 -94 -41 -92 83 6 27 -61 -36 9 -87 -87 53 94 78 -8 78 -39 88 71 21 43 -31 -26 -63 -78 59 -96 -74 55 -63 54 71 -11 -91 46 22 -49 -40 84 2 97 11 37 30 79 -10 43 74 3 -35 -12 39 30 42 -30 66 94 66 -88 19 32 -6 -1 57 60 53 -51 -46 -13 45 -96 90 33 24 37 -92 -38 66 -38 66 15 -24 33 13 -83 -22 -95 71 -75 5 83 13 89 -18 -49 -62 -18 18 -24 12 -97 -73 -69 15 18 0 -66 -46 -87 92 -26 -8 -9 -97 10 81 42 -4 57 -96 -51 11 -88 49 -82 44 9 56 14 -76 -24 -3 -59 -5 -10 -82 33 -24 99 47 -55 -45 69 53 -75 -43 52 44 44 65 84 69 76 30 95 52 -93 -50 -20 -18 60 -20 10 -51 90 80 -68 3 41 -35 -66 -40 28 18 -73 -29 -1 -41 -51 35 -56 -77 -52 20 89 -10 38 -5 -19 76 -94 86 -72 87 39 93
-44 79 -93 49 -13 87 44 5 4 24 99 -37 73 79 -51 -39 -67 60 67 -40 -14 -6 -56 8 22 -75 40 3 71 -32 31 -6 -7 -68 29 -20 59 97 98 -95 -77 -3 45 -18 -78 82 -35 -2 -53 -4 -57 28 -6 41 -25 10 11 -80 -53 -82 -29 40 -37 -43 11 59 -7 91 73 5 -93 -83 -14 49 88 -3 -56 84 -64 -54 13 71 -56 -79 36 75 48 -71 -91 14 75 -87 83 32 13 -34 0 61 39 98 16 89 21 89 11 -60 -87 -68 73 47 -53 12 -35 9 14 -74 -48 71 -83 51 90 -49 83 26 -4 -35 -22 -96 40 58 -94 -94 -33 -77 -62 51 91 -47 -29 38 39 36 12 87 40 14 29 -1 68 21 70 -90 23 28 17 28 52 24 70 -27 -28 -15 32 65 66 63 10 54 -11 96 -23 -27 -16 -67 63 30 17 -73 -10 -23 -38 11 65 -65 -65 11 -51 -11 9 -64 81 98 -22 -34 -6 90 -61 -17 -97 96 -78 43 -11 72 40 57 73 43 28 20 44 -1 -69 3 38 56 39 81 -7 74 -77 63 25 98 -31 91 -46 82 30 -11 12 -19 66 42 -17 -91 -62 -6 -21 96 -43 30 37 -72 43 81 90 -76 -91 92 5 64 91 -7 -74 -33 -61 -31 15 -53 -60 50 58 23 -83 40 -71 -73 -3 48 61 7 -7 -56 66 16 14 96 -9 -74 17 -97 -67 55 72 63 -23 -9 38 22 42 -57 59 44 -9 -8 -88 -41 39 -28 45 -56 -45 51 -18 -80 -70 37 -36 -44 -94 -68 -18 -84 -29 45 -65 80 76 -17 -42 69 82 -99 -92 -25 75 66 47 40 30 -55 58 81 47 -64 -2 50 30 -41 -22 48 -11 48 -67 -27 -98 54 37 0 -2 24 -83 4 55 -60 -79 -56 52 91 72 17 -74 -4 99 -84 -23 12 11 -90 55 -60 90 -28 -79 81 88 -48 7 -55 -26 63 -5 -91 76 -86 15 69 96 80 -45 83 13 -88 -68 78 -58 3 -59 40 -50 -42 69 -6 9 95 23 96 -62 -57 88 -69 -93 38 28 95 85 -97 41 -67 93 33 -53 33 10 11 -80 -94 49 -18 4 -72 19 64 35 21 90 33 64 46 39 -97 73 95 -29 -67 80 -31 -90 0 -87 -51 20 86 91 5 -76 46 61 31 4 85 98 -22 -7 65 86 -43 12 -39 87 14 -42 3 44 45 72 -27 -45 -61 80 -30 -64 -52 -21 31 6 -59 71 -83 -79 31 56 -32 -75 35 -59 -89 29 59
-6 -6 -93 -16 -20 0 -3 -21 44 71 48 -53 0 50 -79 56 -28 51 39 65 61 -2 -55 -38 -58 -93 83 -64 54 -28 41 -3 60 79 -9 53 31 -33 78 6 27 -26 -83 -27 -19 95 69 31 28 44 61 53 90 46 14 54 -8 -19 -5 -35 38 57 -35 -96 -11 -55 -34 71 84 42 -31 83 -60 -91 -11 -49 -83 12 -51 -23 50 -71 -87 -88 -11 30 -9 64 18 -86 8 48 -33 74 -72 11 75 27 -56 12 66 -83 86 78 78 -81 64 53 -80 -71 84 -19 96 -82 -10 -3 -37 41 7 51 -84 42 38 -49 -63 -2 51 -27 99 82 26 -30 17 57 -58 -52 66 -91 -28 98 -1 -86 -82 -62 -69 -36 -90 17 11 -62 90 89 69 75 45 29 14 13 -67 17 94 -45 -84 -39 23 58 2 -47 -45 36 7 -10 -79 -4 -86 -89 81 -37 -48 16 -50 76 45 34 -82 52 12 27 -36 42 -87 14 -99 56 -7 12 -71 -61 -69 -53 31 -89 41 -83 -1 84 10 -33 -39 37 -39 56 -11 94 -81 97 -51 -48 -3 47 78 5 45 76 -52 21 73 -36 0 -39 79 -84 -8 13 -58 36 -90 89 56 -30 -35 43 -64 -2 -78 24 71 16 -28 76 71 89 -97 -64 74 -69 -75 19 75 12 39 -62 96 30 43 -87 -72 -92 64 -55 38 33 43 98 -92 -71 -40 -79 37 10 86 -52 -35 -48 68 76 81 22 71 43 -98 48 -97 78 5 45 15 -60 -49 -32 31 77 -21 1 48 -87 47 -46 92 97 -60 25 95 89 -68 -37 -67 -69 -51 86 86 38 -38 86 -79 -4 -38 -89 -78 32 -32 93 30 -94 -80 23 88 28 11 -40 20 -63 14 2 -91 95 -80 -19 86 -15 56 26 53 -42 54 -88 -2 99 81 -71 24 73 -49 -13 43 -74 81 68 -57 83 -41 -20 -64 -39 -70 -78 -44 98 39 53 -78 -49 -67 -7 -68 -12 74 42 94 -79 0 64 27 26 -54 -81 -92 -56 -38 32 -76 -13 58 -61 47 47 71 -58 -93 -85 -60 -40 -80 0 -10 52 -76 10 -66 11 92 -74 90 87 67 71 12 -86 -33 -86 -97 42 -28 92 3 -93 44 90 1 65 -48 94 -69 86 22 22 -80 5 24 -42 87 67 97 57 -85 42 -91 -23 13 -31 -24 69 52 26 23 -40 20 42 -93 25 23 -76 -61 42 -90 -88 -36 33 23 -34 -70 -89 70 -29 -7 1 81 77 -46 45 -38 10 -44 -90 68 -44 11 50 -90 -47
76 20 57 67 78 42 39 81 77 58 14 94 -59 49 54 81 -86 4 13 84 65 -88 -11 -60 -69 20 -30 -54 21 94 -95 -77 95 -35 -11 30 35 -2 65 80 58 -37 -98 -69 -55 -70 -23 35 73 56 34 -92 -33 -89 -65 97 96 12 -48 82 89 -9 -56 4 -21 -3 54 76 -27 -48 17 27 99 85 -17 -27 -11 -36 -33 -67 54 16 -23 -14 55 -53 68 14 -70 -83 53 -11 2 49 -41 -80 -6 81 -82 84 79 84 21 52 96 -2 -38 -90 -16 5 -54 -56 -25 -3 28 88 -26 -82 -81 -23 12 -29 -11 -40 -47 85 62 49 58 30 6 27 24 17 47 -70 99 -18 96 29 1 11 46 92 34 61 96 16 -93 -48 -92 10 69 -72 -46 10 -13 31 -50 -49 22 22 54 12 -17 -27 -41 -8 96 -9 -97 -31 -84 12 11 59 -72 -70 -55 -1 76 19 49 -50 -11 89 -65 97 14 -2 -77 5 -20 40 -15 -41 -17 -25 -40 9 -76 36 -9 -3 0 -27 -48 42 8 61 -48 -2 -94 34 35 -43 98 23 -12 17 -33 47 73 -86 8 26 -46 51 51 94 73 14 61 -79 40 -88 -56 -20 -7 77 45 -72 -69 50 -10 3 36 -77 50 -34 30 21 -92 1 65 -89 -30 47 68 -17 4 34 29 26 -28 -67 77 -6 -41 8 31 -68 -31 96 11 -43 99 -71 -16 72 34 31 71 -41 35 45 -27 -86 -12 68 -69 32 -85 9 -33 -18 72 33 -50 -7 -47 -84 25 -79 -86 -72 73 0 33 -95 -19 -99 19 -44 -3 -48 12 34 97 7 89 -89 15 -90 23 -46 99 -89 -82 34 50 -2 -67 86 -76 -24 -3 27 55 36 -28 20 -47 71 -90 -52 7 77 28 -73 -36 19 -34 32 88 -67 84 29 43 -40 -1 95 43 -10 45 13 83 -52 -12 -22 -25 -49 -50 21 -65 45 -24 -57 23 -76 70 64 -83 -51 -39 92 91 -84 38 69 -5 59 1 -14 11 -76 -9 14 14 -42 94 -23 70 -81 -86 82 -42 18 -26 7 2 59 43 77 -23 9 -85 -74 56 58 -92 -23 -16 -68 52 -45 -62 1 32 86 44 -17 1 68 -25 70 -93 -98 45 49 95 17 2 -20 -22 87 -32 -63 67 10 18 -5 -61 -82 22 6 94 44 74 50 -74 -13 -12 -18 28 -59 64 -57 -62 -92 2 -17 99 89 36 -11 -36 -12 -2 -20 -32 -73 1 11 -65 -9 -16 67 -55 21 69 -97 67 20 -97 20 -52 -55 -8 -90
-48 -69 2 24 43 -43 -95 -8 69 -1 93 75 -50 -19 39 -70 -43 -5 -98 -86 -43 -11 56 23 -4 -64 38 57 -68 -26 83 -78 50 -89 97 6 16 -91 34 4 -22 96 76 6 65 45 -59 41 49 -8 65 35 20 -57 44 26 52 -16 -97 11 -69 -55 48 -49 72 -65 27 64 -83 -28 -66 38 -54 15 -54 -77 13 -10 -58 84 30 51 46 -45 -97 76 -14 -36 38 57 -16 -54 -52 -30 -9 44 -37 26 -52 94 -47 43 60 80 53 51 67 50 -85 -12 -23 -40 -4 97 -44 48 -57 -76 -33 44 44 57 32 -57 30 58 -31 17 -51 5 -42 86 -70 33 24 43 -98 -54 53 -75 61 46 83 -67 13 93 72 -24 -23 12 -28 85 -22 56 68 -51 -38 -5 60 78 9 82 -14 42 86 30 46 -61 20 -25 -17 -44 29 22 -78 77 16 97 -74 -33 -41 -61 61 7 47 14 93 -20 -7 19 -86 -42 -65 -44 -19 -68 48 -35 -60 -35 -63 -33 80 -24 -71 -65 74 -91 94 35 -65 91 52 6 -70 -83 -8 -84 37 47 -81 64 37 -17 39 44 -63 17 -54 18 82 -31 8 69 -47 -26 -34 5 -36 87 77 91 -29 31 -43 5 28 -35 26 76 85 -84 -83 -74 33 -71 -69 -81 -60 -89 -62 78 7 24 12 -73 -82 -23 12 30 62 53 -31 70 -37 -13 -25 -82 74 31 82 27 60 73 97 -31 -83 64 77 69 -11 -5 90 43 -54 25 -59 45 -3 -69 -45 9 30 28 -88 -39 23 -48 -10 -36 65 18 28 -79 -92 -67 -91 30 50 43 -53 67 64 28 75 -47 -41 -4 87 45 -96 81 55 -48 -2 61 3 89 12 -55 23 96 -42 96 6 -92 -21 -25 94 93 -36 -46 -96 -26 -56 66 80 -87 92 82 -84 79 -98 51 -93 43 78 -78 -27 87 10 -19 27 -62 -41 -16 84 58 -76 -67 -82 9 -7 -3 -87 -2 66 -12 51 59 -59 8 -54 -84 -7 -51 80 -94 30 -26 3 36 68 59 -93 59 -57 24 45 7 7 -43 41 10 -65 46 83 -88 -76 7 64 -62 -22 95 11 -74 81 73 97 -88 -49 -40 -57 -49 57 90 -93 -33 95 -24 13 -36 -68 -8 -7 38 91 -40 17 14 26 -76 -5 40 -30 -62 93 37 -59 32 -73 -84 93 -13 58 -14 -69 46 -69 35 96 57 17 -75 -76 -84 -47 63 67 -12 8 -71 36 78 66 83 77 39 90 16 -50 30 -54 10 -40 83 -97 -26 97 -55
26 49 -46 -80 -16 80 -79 74 -3 2 77 -33 75 11 18 -53 -73 58 -47 19 -8 8 81 4 -69 4 85 63 99 -48 -38 -34 84 92 -57 -16 4 -28 6 98 -85 -5 30 -83 2 -16 31 4 61 97 -85 88 -8 -93 87 -15 11 -58 66 -20 -99 95 -85 27 -13 -15 16 99 -33 25 -56 -96 -48 -88 -24 16 92 87 -46 1 -73 91 -85 -93 -1 -16 -53 44 43 -82 -4 -45 -53 -3 83 -50 -34 -42 37 -99 28 73 -49 -14 33 -68 -98 -50 2 -31 -5 -3 -4 41 35 25 -99 -38 44 -40 -37 -39 -66 -41 76 -57 99 -75 7 -80 86 42 -18 53 -19 -15 -29 -85 -92 -85 -31 2 88 -86 -62 -70 -30 -67 71 92 27 52 -78 35 -45 -63 71 43 44 50 -55 -92 -8 -83 44 87 -56 -82 -64 97 -98 -30 56 62 64 -95 3 -94 -78 -46 99 -60 -73 -41 -55 -51 -9 91 -52 31 -40 77 -93 84 88 -69 93 52 31 44 61 -85 54 60 -92 -80 5 -50 -16 82 -3 -28 -27 -46 -35 -84 -84 67 50 13 69 7 -74 -79 -75 -71 24 81 -57 68 -10 -73 -79 9 30 -65 89 -43 92 -20 2 43 52 85 -93 -29 -5 39 72 35 46 -13 4 35 6 -96 -84 58 -67 -8 -57 -68 0 -56 -81 67 -88 -59 34 -17 99 -23 43 -4 -59 12 -32 70 12 -7 26 69 29 -9 -71 -52 -69 -48 -17 76 -40 31 37 25 89 -21 -48 -82 66 -26 -25 -48 49 47 -80 -22 -54 33 58 -75 7 31 -43 22 -65 36 -27 -54 -61 -3 -7 -15 77 41 -68 -76 -83 -43 -52 31 66 23 -66 86 35 78 -99 32 -97 90 -84 -82 -82 52 -44 -4 -46 -74 -88 -32 37 -71 60 -63 46 -47 -87 63 20 -76 -10 -94 56 -48 -43 5 24 24 -41 44 -53 -43 -3 77 80 -93 97 -11 7 -11 22 63 -84 80 -16 45 -73 94 94 39 -39 22 88 -31 64 35 94 72 -77 -91 4 -56 -40 -6 -9 1 15 -9 -47 70 -37 87 42 -97 -8 -75 -10 -70 1 -36 -44 -18 27 74 -22 62 83 69 -46 -90 56 -74 63 -79 8 84 53 -23 44 -4 85 -46 34 -25 -17 70 -46 -35 -1 19 -30 66 46 12 -98 -34 93 60 -62 -20 58 -41 -29 -64 53 -67 -40 44 38 -14 73 28 13 80 80 -23 89 -68 44 -19 -15 -5 86 -31 -17 45 74 10 37 20 -64 96 49 15 10 -45 -24 -32 99 -65
-26 34 -78 4 15 -55 52 55 -79 81 5 31 41 -78 -88 -34 28 3 69 -46 62 -3 27 -2 25 81 -10 -61 -26 -91 -3 -51 29 56 47 -50 -62 96 25 22 -36 85 44 -96 -25 -64 -72 -57 84 -60 60 -51 87 -26 2 62 82 -98 62 58 -39 -12 11 47 -99 55 -77 90 15 -79 91 92 -66 65 -57 19 63 -1 67 -35 27 39 9 24 30 85 -55 -3 -89 -10 -92 25 -11 94 52 -27 -52 -42 5 6 -88 -11 95 47 94 -58 -86 -40 36 -75 -26 71 -87 -74 -83 -29 -30 77 -35 15 -99 -59 38 88 36 68 -87 58 24 -77 -4 -20 79 91 -42 -78 68 -79 23 -51 -5 87 -17 -60 -67 -82 -46 -34 -86 -60 -52 -5 47 -42 94 19 53 66 59 90 9 -21 18 -18 47 33 -10 -62 59 83 -95 94 39 75 -57 0 -95 -99 -5 -57 84 4 66 4 74 34 -84 -10 -33 -70 37 88 56 -41 35 -32 -24 23 -76 -98 91 89 76 0 28 -35 -50 16 -4 -61 -9 -93 16 54 21 91 -98 -37 32 20 6 13 -28 -56 -9 84 54 -36 10 -55 18 -4 -20 15 -22 27 65 48 2 -59 -27 8 27 -30 -79 -12 16 3 -11 -92 95 -92 94 50 97 -6 67 45 78 -8 86 -4 -36 -24 61 54 72 -95 -38 -61 -27 45 67 -94 63 74 4 -5 91 45 26 17 71 -43 -64 -8 -72 -38 29 -39 1 -18 -95 -89 -32 -87 27 -20 73 -44 -21 -60 57 42 33 -50 83 23 -28 -51 -62 -23 -30 40 -65 82 -65 -90 75 12 67 81 65 -37 -86 3 -55 -48 93 -37 33 -51 -13 80 -96 -66 -49 -88 83 -1 -83 38 -4 13 84 -27 51 0 -29 51 -91 -41 35 -10 -73 -79 9 35 -82 -60 -76 -70 85 7 98 -19 -18 -4 46 -37 -18 -85 34 37 -90 53 41 -14 44 -57 -92 66 -52 89 -63 44 71 -90 44 -69 -36 55 -38 -37 97 -74 -15 -81 74 -7 55 -63 -15 -91 -7 -3 -48 -60 -7 -61 -89 10 -31 -50 17 -41 -54 -55 14 -51 -23 56 -72 -23 -10 -1 45 37 42 -59 17 29 -99 -15 -84 44 -64 -1 75 -70 -56 -14 62 -67 6 91 89 2 76 -39 -73 -8 87 -92 -7 -39 4 98 20 -52 -11 52 -55 -96 15 10 97 -12 16 -66 14 95 -23 68 -77 -87 52 -82 -43 -2 55 -45 54 60 -54 -76 -10 20 -24 69 36 70 81 82 96 14 2 24 -12 20
33 -60 -53 25 99 64 -55 67 -5 -80 -32 -49 -41 39 -46 53 14 -84 88 -79 -88 60 -84 21 -22 -17 -31 -31 69 -59 49 -96 -72 -70 43 -42 -70 14 -93 -26 2 -75 -23 35 -64 96 -38 -65 25 -22 -3 10 -97 -20 -62 57 87 56 91 -9 -87 16 -88 -7 53 -39 -77 43 -94 97 -9 -36 -29 -18 -38 -68 -90 75 -77 16 0 37 27 8 41 -99 97 39 30 -67 9 35 53 -32 33 17 90 64 -5 76 -4 95 -15 52 64 77 57 10 82 -20 65 43 71 -97 9 76 -91 44 -91 -63 -69 -69 -69 60 18 -52 -97 -10 4 94 -60 33 -13 97 90 85 -62 61 4 34 -36 21 -95 75 55 -32 29 -6 81 28 64 76 17 -72 -45 37 -9 -8 55 60 86 -84 -14 79 53 -53 75 62 -66 -1 -74 12 76 45 71 72 -15 -8 -29 -43 -36 -59 89 54 14 -35 19 66 -50 55 60 -1 -8 -47 14 -57 63 -8 -17 -95 -21 90 -31 78 -45 99 -74 -19 -71 -92 90 4 -56 -60 1 -30 -31 64 21 31 96 8 70 68 42 -35 -66 27 -18 -18 -59 -22 -46 -47 -12 40 -33 75 -60 22 7 -64 -32 -36 -75 -28 28 87 -41 -25 -37 -83 -18 38 -48 -82 23 35 -47 58 -53 -15 -23 36 -11 34 81 -98 -69 -19 -99 50 -48 -77 87 25 21 -51 22 -53 -1 -49 5 36 -60 21 24 -23 -87 51 -93 -69 -13 55 -83 83 -92 18 -84 -74 -47 93 15 -67 37 -77 93 99 -95 -88 23 -11 74 -21 -73 -99 32 -48 -89 18 -4 13 66 45 10 89 44 -59 57 20 -11 -60 -85 -47 34 -11 13 90 28 -11 17 -17 -35 -54 74 -1 38 66 -54 93 -55 -58 90 -99 -20 -77 -96 -45 -80 72 65 54 -61 -76 99 -57 -4 -61 -83 -54 78 42 -40 57 -41 53 37 -16 97 1 -70 -48 -53 5 -89 -17 47 85 6 -23 -45 30 -13 38 -6 -9 -70 19 -4 29 96 33 12 -84 -26 17 51 -18 -77 -65 -42 73 -20 -58 -58 -68 -28 26 -80 86 45 77 11 20 41 38 -41 47 -22 -55 39 6 9 -83 -55 -26 -29 -63 73 -40 -51 -47 -85 -79 -94 -83 -74 70 -40 -84 0 -42 77 70 -49 98 29 55 28 86 34 85 73 -50 27 96 -36 -92 23 69 -53 16 -18 72 -24 88 -84 -63 -6 29 29 -62 39 9 77 95 -1 -29 -12 4 42 -89 -94 -37 87 58 -1 -13 37 35
-22 -41 11 10 -69 20 -10 78 -30 -57 -42 -85 -5 -1 20 -21 14 63 22 22 57 -46 -95 7 -45 -30 6 -51 -72 -54 96 53 -20 94 -33 8 -22 -86 -70 -25 -69 -85 -25 -67 -73 41 -81 73 -44 84 -30 14 -6 16 -11 -7 10 70 20 -69 2 12 -26 83 22 -47 -2 -85 44 -87 -25 -84 -58 -6 96 -48 88 82 2 -80 -71 -71 76 -87 83 53 -70 61 54 18 98 71 7 -73 41 -93 -99 -52 -10 -55 60 12 -81 35 -30 53 5 -41 41 39 39 65 -35 8 49 -70 -81 -11 36 -4 -38 -76 -5 82 59 4 37 72 26 97 -88 -94 58 22 -9 -14 -72 -76 71 -87 -12 70 -87 92 -37 41 -66 -97 -68 -88 77 -77 -69 -66 -68 71 21 82 -26 35 -54 90 94 61 57 91 -3 79 -4 98 57 -42 96 41 -48 -41 -28 -19 -89 43 -75 -38 34 -33 -52 12 -46 -59 -12 -56 -82 94 97 -12 51 -56 48 32 -29 -72 -7 72 27 -96 8 -98 17 81 -22 -92 80 23 -67 -5 72 65 -98 -82 6 -88 66 -31 24 -15 -30 -60 -54 16 -49 48 69 78 -28 -30 -37 98 59 6 71 91 27 16 -49 -39 -98 -59 25 -5 -82 -70 -73 -6 -22 -89 -1 -63 -99 16 -97 -46 -78 38 -11 87 7 -78 82 73 -72 45 36 90 80 -76 -65 -84 23 6 -3 26 -18 -23 32 98 41 -79 77 79 -92 -78 0 -71 47 -54 -10 -91 -19 -84 -52 23 92 -22 24 -21 -61 64 25 -30 -19 -41 -68 6 -12 -69 54 -7 19 -17 39 -42 29 27 -85 7 -14 49 -4 7 -25 -14 -72 16 -47 28 -56 -22 -34 -37 60 13 84 -27 -39 25 -34 43 -64 2 -11 -7 60 -66 25 -16 -14 -7 -80 22 -41 -54 -61 -90 35 62 50 36 -89 10 -61 11 72 58 -51 43 -79 -97 32 -3 74 -1 9 -72 -71 -70 -67 93 -32 10 -12 -81 49 75 73 -45 -39 63 83 78 -92 -35 57 92 13 -21 77 17 61 2 -50 47 62 -29 10 71 -36 1 54 69 67 -75 -66 -70 -6 87 -60 41 25 -58 34 82 21 96 64 80 -52 -4 97 36 77 65 -67 20 5 -87 -60 -77 95 -34 36 -62 11 78 54 -14 51 -4 53 42 74 -50 13 -51 9 49 -57 48 -16 0 58 40 10 68 49 85 -85 41 -9 -90 -81 -13 77 61 -95 -87 -64 69 87 -17 61 -55 -43 62 -47 -36 53 -58 63 -10 14 -3
82 -95 -39 65 -4 -19 -96 -69 97 -95 -45 -59 62 -58 23 -90 96 -35 12 -25 70 -5 -2 -2 30 47 95 44 -67 34 73 -70 -20 -39 67 30 12 -45 64 80 -35 -62 52 -16 -54 -51 -26 60 -27 13 91 18 -60 -51 42 72 18 -24 -97 -73 20 -59 -98 -5 -4 -23 99 -84 -93 46 -24 53 57 39 62 10 45 30 55 -36 52 -17 60 47 -45 -97 14 -23 67 28 20 71 -27 84 -84 48 -59 92 -54 -62 -72 -52 75 37 -51 56 -94 42 95 -64 5 68 0 55 86 -75 12 65 11 44 -38 27 -42 32 -80 82 -70 -12 69 -99 -53 5 -36 -5 -57 49 -31 79 -70 64 -99 -77 30 -30 -78 -69 -16 -15 -99 22 -11 34 -2 84 72 32 33 98 38 -69 -41 20 22 96 -40 23 99 75 -75 2 -59 -8 -59 5 27 46 -2 65 -69 -20 41 -67 -13 -75 -24 -27 89 -24 -83 -69 -33 13 -72 -33 55 25 -54 65 -47 96 -29 86 24 74 70 19 19 -53 -59 17 -91 36 28 -64 79 -28 58 36 81 55 -34 54 52 -35 69 -76 -65 5 81 -77 -85 80 -79 2 -32 -20 27 91 56 -38 33 79 -75 -79 -56 -43 -46 46 13 -74 67 -53 -3 28 -12 79 13 88 29 -66 87 84 -90 -11 36 -46 21 55 -85 -7 21 -83 -55 68 -79 -23 -67 -55 -61 -22 -37 -75 -57 -45 -9 -33 8 -7 -4 68 78 97 -26 -52 -63 28 32 80 33 -97 -96 -9 -86 78 -14 -39 -65 -83 -65 -36 7 -33 -68 -18 -39 70 15 -85 -18 -27 31 91 93 97 -13 -64 40 52 -88 2 -97 -62 32 67 90 -30 -34 -87 -54 71 -1 -13 -89 -44 60 2 -76 -16 28 -23 -27 86 -91 60 15 62 72 -70 75 -73 -38 -39 56 67 64 -39 69 -84 72 -77 -66 -65 -58 -13 0 -53 -13 53 -87 -87 -16 58 -82 19 -10 74 37 -25 -18 -71 47 36 -89 -74 96 19 -97 51 19 20 4 -31 16 90 85 58 -11 -80 -41 -24 -61 71 42 16 -98 13 44 -3 22 76 69 -60 -45 6 22 -41 -8 91 -72 -10 -67 49 28 -8 35 19 20 67 -4 59 23 -74 -95 44 -97 -83 23 -16 -72 73 76 -50 -65 -22 -66 -44 48 -98 -74 -43 -75 11 -66 31 81 -80 42 31 -2 -65 53 2 62 84 -69 -18 -37 -9 -12 39 -8 -73 -10 -61 49 89 26 -8 -39 -54 -25 80 60 -56 58 -35 93 -81 42 -67
-87 -60 -41 2 -62 -3 -83 63 -52 99 -23 -34 71 80 4 28 7 74 69 -1 14 16 95 -9 7 49 63 -26 -33 53 -99 38 46 51 -20 18 59 27 34 83 17 -53 -54 97 -7 -41 -47 33 22 50 59 -92 76 32 77 -84 52 -92 -84 97 -91 15 29 98 39 25 85 2 17 51 35 -66 50 46 -87 71 -83 96 -37 -60 10 0 -88 93 -5 59 87 -18 72 35 8 -64 -11 -59 -60 16 -43 -68 -48 41 -89 -93 -81 24 -76 -40 -96 -96 -95 3 40 -97 -25 -77 4 61 -31 59 -81 -22 30 -98 -5 -9 10 47 36 -12 -8 -22 10 -44 25 66 6 99 -34 -55 47 56 36 85 6 -64 7 13 46 -46 12 -72 -52 64 2 79 -65 57 -12 61 -8 -77 52 -41 5 -17 43 -77 82 -51 -96 -38 -6 -18 -67 -72 -93 -87 -5 -9 -97 41 -91 40 -6 -78 -91 -16 -47 -94 68 68 -84 -87 -25 -78 -61 -99 -36 0 -33 91 71 -5 15 77 -33 59 -9 -99 -83 43 -94 64 -79 -59 80 -21 -6 49 13 -41 -27 -51 29 -93 -32 -42 97 44 55 1 -10 -76 -80 70 13 -99 42 -82 -95 -97 59 19 -9 -59 -77 21 83 36 17 23 57 -75 -98 96 -27 -9 -11 -5 -31 83 -17 -74 -53 84 -69 -94 86 22 -54 95 -99 6 25 -82 71 34 -3 -8 -35 73 -98 70 44 17 -91 -42 -39 -24 59 18 -14 -79 12 -49 -3 9 43 90 -26 91 95 -20 -37 -97 -25 -16 64 -88 -70 -64 -43 3 -2 13 -1 53 -50 -29 -55 -48 8 25 -54 -19 -98 86 8 70 40 1 -5 52 24 -75 51 7 -56 -77 79 39 -12 -56 -69 -13 -54 -94 -43 -92 70 6 77 -40 64 -55 48 -26 2 -38 6 -78 -73 -54 60 -15 -80 4 14 -15 7 9 -53 -63 -48 -98 -80 -9 17 13 -72 -35 -24 -55 -16 -87 35 -77 -70 -19 21 -69 -52 78 -91 -2 39 -3 -13 -83 76 15 -99 68 -97 18 82 -35 -33 -73 55 -37 3 94 40 88 31 79 -55 -61 -52 -29 20 72 -80 20 37 -38 -50 73 59 -6 -99 80 80 -67 19 -57 -37 36 81 24 14 -25 -57 -19 -16 30 66 49 -31 -80 56 13 18 91 13 -97 89 24 52 -14 12 13 -74 -38 30 -93 38 55 40 84 -60 78 -72 -84 -60 -28 -37 49 -29 10 -75 51 -27 -58 17 44 -16 -58 -4 -72 -67 -96 -91 83 60 -42 -17 -5 79 60
-27 17 18 79 58 -86 -47 14 89 -85 1 80 -38 7 20 58 -55 -80 -58 -9 72 66 -75 -52 60 80 24 -53 -99 -34 -33 -14 42 -40 -50 -49 -84 -32 29 57 63 99 86 78 -18 -36 56 -46 32 -4 12 45 -32 -83 -9 -79 -59 27 20 -33 -36 88 3 -86 47 -30 86 -59 25 -87 71 14 88 76 65 33 -5 21 -98 -52 -69 34 18 -69 35 -76 -69 21 -88 -72 -30 -4 -81 62 7 -35 -5 -78 -63 64 26 -16 -57 -20 78 -44 -76 -4 -42 -65 -26 11 6 48 56 -10 35 88 -80 68 -2 -59 -91 64 -48 -80 23 -67 -73 -81 43 -85 8 -27 80 -55 -11 -64 -15 21 34 76 -28 32 -99 85 35 62 -65 -74 90 -1 -9 11 -54 -83 -71 -90 9 10 -51 -75 96 -53 -91 -37 29 -70 -41 -94 2 -91 -35 82 41 47 -1 -74 10 -48 -61 53 -11 15 -2 53 39 62 94 45 98 -77 -79 -44 1 57 -80 -78 -73 -46 -75 -67 -54 67 99 40 -55 63 -7 -70 -50 -88 -71 -27 -64 36 -47 42 -93 61 -82 -26 45 8 24 43 -2 -34 99 1 -40 70 72 50 45 -24 88 -55 31 75 -96 -2 -29 7 -21 15 -80 26 -87 -33 13 -63 -8 52 92 -97 82 -60 9 -27 -25 74 93 -26 32 -36 10 -80 91 -22 -68 -43 91 -54 85 -40 21 -72 41 -11 -79 13 9 -28 -81 -49 -33 -8 92 35 -86 -85 4 -1 31 -27 33 72 -40 -67 15 98 -42 75 4 34 66 32 23 -84 -71 -24 87 -54 50 46 14 -17 -60 17 -94 30 -15 -21 -25 -72 90 22 -14 47 12 -88 94 97 -13 -83 20 -67 29 -22 84 18 64 12 -21 -4 -78 66 38 -42 11 94 95 90 52 -88 -64 -71 97 92 85 -27 31 57 -39 -50 -97 -70 78 4 -9 77 -20 -91 -87 24 77 31 -88 2 -14 -82 38 87 23 -11 93 -30 68 -5 -88 33 97 -52 56 13 17 -37 50 -76 83 97 49 -23 91 -88 -13 -71 -34 -68 -47 -16 95 -53 -5 -36 -7 52 17 1 -35 31 -98 2 -61 72 -64 57 35 46 -50 -6 -50 71 -31 -48 83 -59 50 82 -13 -24 16 -67 92 -2 -94 73 3 37 0 77 -66 -25 12 53 -79 9 8 -83 -41 -88 23 60 76 -23 -39 -81 92 -2 -75 92 87 43 55 83 35 39 84 -45 80 -75 -53 52 -3 41 -50 -6 -12 27 -42 -66 65 -83 -70 -59 -44 -68 90 -71
-4 65 -21 -77 62 -9 86 -89 -94 -73 -82 -78 -24 -88 27 -48 11 12 -2 20 68 -25 -16 35 34 46 -8 36 83 -34 -54 -6 38 -90 3 80 -64 -5 78 -69 13 -18 -89 35 -68 -72 28 -47 -43 -13 39 -50 56 -22 -82 -27 -54 -1 -67 79 -3 24 -71 -11 -36 74 -87 -7 -85 -78 70 -11 5 25 99 -98 66 -26 6 29 -59 -11 -55 41 -85 49 98 -79 29 68 38 -2 75 -87 -16 28 -75 -90 89 -95 46 -41 -90 -78 98 1 -61 -37 -44 -83 94 54 59 -56 -47 66 51 29 -55 -86 69 -3 -14 -2 92 -31 -65 75 57 -91 8 -71 6 -84 -45 73 -15 40 44 44 -35 -10 -99 -37 -65 -11 12 -51 7 11 -93 61 6 62 69 0 66 -74 -69 94 84 92 40 -43 -97 29 -91 -68 -48 -34 -79 -79 43 91 77 -64 36 64 85 -95 58 75 75 -8 38 20 84 60 32 -92 -80 7 -36 42 54 -95 -46 23 42 -25 96 50 45 10 53 -59 30 25 -34 -21 7 -31 77 -78 -86 27 28 24 -72 73 -45 21 96 -68 27 95 -62 -71 -34 68 -81 43 -99 -45 60 41 67 -49 -24 -18 -3 28 78 60 42 -42 71 -60 96 -28 62 -16 7 -81 30 -67 -19 -59 33 46 0 23 95 -42 20 -89 46 -58 45 85 -94 -5 27 -6 -39 -15 -81 40 -39 81 -45 14 -9 -53 -87 67 -43 -80 38 19 96 31 34 -82 -22 -79 67 -41 42 2 -60 -1 -31 -98 -87 -34 -36 9 43 -39 -23 -65 74 -87 -20 -29 -66 -9 -43 84 36 -84 45 73 -40 66 44 -18 -19 13 -88 47 -48 1 98 52 90 -24 12 7 61 46 -23 -4 92 83 -51 -98 61 -87 12 -81 -13 -63 37 36 -98 -63 95 -47 -64 39 -87 30 36 -60 88 -51 -84 36 -40 58 95 -6 -78 -65 39 90 -69 -64 -11 -86 -43 -47 -36 10 -56 -7 64 -10 -18 -41 86 -12 -92 58 75 83 -46 17 36 73 -44 11 73 -36 -94 46 -77 1 53 -44 78 67 -8 -6 -78 57 90 -49 -34 73 -57 -85 -40 -77 40 -51 -81 -37 46 46 -47 90 -17 -20 -15 -30 80 -77 -42 -54 22 59 72 -31 75 33 -15 50 -13 46 8 56 85 -55 1 -49 61 49 61 29 -74 73 93 -80 -88 67 -35 -68 74 56 -61 -84 -46 13 -60 43 10 7 86 28 67 -81 -10 -92 19 5 98 -98 -36 61 -78 42 -65 55 -36 -99 68 -40
-87 39 91 -62 -64 -54 -44 -45 -6 -75 -90 -64 -42 -93 69 71 79 30 -56 -54 78 2 92 -20 -62 73 -59 -28 12 -32 -11 -24 90 37 42 37 95 -99 -93 28 -19 65 -19 31 -83 -8 -78 2 52 49 -27 62 35 85 -7 16 74 -22 61 40 -96 -73 -72 60 13 -38 -80 -32 -61 -25 -84 46 75 88 67 93 -36 -61 -56 52 67 -8 -33 -70 62 33 -24 50 -2 -10 -30 -86 -95 -92 -81 62 28 0 -2 68 -5 69 14 -15 -14 -45 -68 27 46 -80 -19 19 18 -34 29 86 -92 -18 -50 -40 63 25 -25 -73 -12 77 -88 56 78 -79 8 94 32 -58 26 -86 61 -56 -99 -85 74 -55 -62 73 32 -64 30 -22 -90 -36 -10 -45 -46 -72 34 -77 -7 -65 96 88 66 1 65 28 57 79 5 79 19 -46 26 10 6 -31 -48 45 -77 23 -38 37 -18 76 -35 21 65 35 -4 97 -15 90 -16 -13 52 -54 81 8 79 -98 74 -45 -18 30 -27 -43 -88 -70 8 56 -6 -85 60 -94 -28 -3 -48 -66 -96 83 -96 -6 3 42 -32 17 -86 92 11 56 -35 67 -82 72 66 -32 70 -81 96 -81 -26 21 -70 -55 -44 64 50 -25 24 -73 -78 -14 -58 94 -25 -4 -68 -96 -75 -44 52 10 -14 -31 -80 -2 44 -76 6 45 45 -16 -31 62 68 87 -47 -1 19 -74 28 -5 -77 97 89 11 48 -6 -67 34 -61 -18 56 21 13 -73 81 18 36 -73 71 65 -4 -13 35 -69 -19 -36 52 -65 -12 87 54 70 6 98 49 68 81 62 -65 61 -4 93 -55 9 -1 -86 -41 57 33 -83 -15 -78 -38 91 -53 -74 -44 -26 -96 61 97 74 76 -31 -2 55 78 -45 29 3 58 86 81 -46 75 -80 -32 90 7 -23 91 -54 28 -51 96 -4 49 34 42 -34 -30 -20 12 54 49 81 -64 31 -84 30 -85 99 -55 -65 -31 51 46 -39 -54 9 69 -27 -58 43 -89 -23 -26 42 37 -83 -78 85 -34 -37 -15 -94 39 45 -45 -45 34 -68 -88 -87 87 -75 -9 29 59 70 -67 62 -54 86 -48 88 -76 -47 -23 -37 -44 12 67 -80 60 -75 65 30 35 -30 77 -74 63 30 -38 78 -66 -88 10 -49 -77 89 -28 74 64 -72 -89 87 -91 -33 -11 -69 -40 -9 -35 25 -6 52 58 74 40 6 -31 -73 8 16 8 93 69 58 -35 -45 -26 7 30 -22 -68 39 -94 -69 44 55 -60 -24 85 -78 -65 91 -34 -85
90 32 23 -85 -32 37 92 0 -42 99 -4 -52 28 -38 -18 11 62 87 -17 -28 -66 5 77 37 93 -40 99 -37 21 -59 -33 34 -11 -46 87 29 -53 88 -51 93 26 26 -11 1 -42 90 98 -83 -68 -14 -23 64 -24 87 -2 -9 -86 81 -91 77 -27 82 -85 -84 19 78 70 -19 82 -81 -30 33 92 -35 70 -31 -80 -21 16 -67 -62 37 0 -20 -76 72 -79 -28 -82 61 -18 -75 29 -46 57 -56 -24 49 -87 65 58 -97 19 -32 22 -62 -2 64 -44 5 -32 -57 -49 -16 -63 -58 -17 60 46 17 -20 5 -77 7 62 -87 1 78 1 -44 77 2 -77 45 -18 -32 47 -71 -50 -19 -84 57 46 -66 -45 10 86 -31 29 51 7 -21 -72 -18 -71 72 99 28 -43 12 -2 9 -75 21 -61 -87 95 -82 -94 -63 -54 -51 -27 19 26 83 -20 -60 -76 17 -34 -96 61 -62 1 -65 -97 -25 56 -41 -17 -9 14 93 -68 -3 -4 33 -62 96 -31 -73 69 94 89 42 21 79 -34 41 -51 -39 -52 83 -66 -74 37 -41 -89 -40 7 -15 -40 60 -76 86 0 96 78 -12 8 37 39 -54 41 -50 34 -54 19 -95 0 -75 -35 -20 2 63 24 -6 90 40 -52 36 9 20 -25 -17 -75 -18 -21 38 90 66 -88 -36 93 -78 -80 26 -28 97 -53 -21 25 -31 -2 74 -34 55 95 -82 -8 -23 -51 99 43 6 92 60 50 -40 62 91 -18 -26 -83 -96 76 -79 -90 -40 22 38 21 36 -70 -69 -71 63 -88 -1 70 -78 -77 -63 -99 -86 48 -87 36 -43 -81 -56 -48 48 88 -83 13 24 68 -55 -53 33 98 88 -41 78 -86 -61 -67 -92 62 47 52 46 -99 -23 -84 49 -26 -47 59 19 29 -2 49 -18 22 65 20 94 -9 -83 -23 21 73 -30 97 86 -64 19 -7 8 -90 -20 19 -5 -2 36 -88 85 -62 58 -7 28 -75 -72 -33 11 80 -9 33 99 -82 15 -9 17 -93 -69 51 15 49 70 -43 -22 20 -11 -93 -91 -97 -95 -87 -60 30 -51 96 -19 31 49 -6 -90 -96 -58 -16 -22 79 -21 -24 -66 -95 -70 -67 26 20 82 -36 -82 -19 -5 65 -59 28 -80 76 80 17 -96 -98 -22 -62 80 -98 -43 91 -55 -48 -57 -8 46 -64 -77 -46 21 92 28 82 -61 23 99 -42 94 99 19 90 13 -97 99 -17 9 -52 -35 75 -17 6 -10 63 -93 60 -30 -9 55 -84 98 -88 -1 -50 -6 -9 44 -47 56
-62 -82 41 39 -75 -23 80 29 -59 -61 39 7 16 53 50 8 -18 72 96 -74 16 24 -65 -20 47 49 37 37 -43 55 63 64 -9 -81 63 -78 -15 -75 82 -84 -38 -39 -13 -20 -53 -58 -2 -51 53 95 -27 -18 20 -3 91 62 64 -1 -3 98 -83 87 26 -73 47 43 -20 -6 -80 8 -66 -26 -17 -75 -44 21 93 36 -71 67 34 -4 -64 -80 -56 -65 11 -39 14 20 -46 -25 -77 93 71 95 81 -77 5 13 -17 94 -51 -74 -51 38 15 -84 -65 71 46 44 73 -4 -35 -76 18 -42 74 19 43 -81 32 54 -94 -64 24 59 82 66 -14 -66 -91 1 31 82 84 -40 60 67 37 93 -71 50 -1 -39 -98 60 -60 63 5 -81 -37 -89 24 -21 37 28 47 5 -43 -92 63 70 75 36 -66 -99 -9 62 -25 74 24 -76 -25 -28 -36 58 40 -34 40 53 -77 -1 -68 12 59 54 82 54 28 -68 -21 -8 1 47 -73 70 98 -3 -52 -7 30 -9 75 38 81 -31 2 -97 6 -39 30 -47 -3 31 88 22 71 -19 67 82 26 57 -1 23 -11 -92 -62 55 98 -16 -15 12 37 66 10 -8 -38 50 68 -38 -74 48 9 23 95 41 21 -97 -46 54 -9 53 -34 -5 -68 29 48 28 57 -22 -83 87 -52 -24 61 -33 -9 -24 -12 88 -89 -18 43 8 97 22 23 -47 55 -35 -8 -57 29 -34 -86 6 4 -38 -25 -60 8 38 -83 -93 -69 19 13 44 -75 -30 -72 48 -59 -30 59 -49 52 38 60 -49 75 -30 -7 -39 53 24 -37 35 -28 -65 -87 -48 -52 -93 -72 99 -74 60 -85 65 18 -32 69 -33 -43 3 59 -55 1 -47 -53 38 -37 -31 -42 53 62 97 -23 -36 43 -17 36 -35 -66 -37 53 29 28 -36 25 76 27 7 62 -33 59 1 69 -49 43 -52 -94 67 4 63 15 -18 -77 91 7 -10 -89 -40 93 -49 -84 -44 -85 14 35 -12 -1 -23 -56 1 41 80 41 74 47 66 82 -6 -45 -46 -13 41 16 5 -83 -60 -62 11 -91 66 32 -69 -6 -97 -31 8 86 89 40 -9 97 -65 60 -6 -69 -62 82 -40 54 -27 -60 -14 -32 -88 -58 -83 -33 77 -94 -17 -45 -25 -15 -73 84 76 -1 33 66 -19 11 56 -32 12 20 12 -7 -29 -45 32 -35 -13 70 16 -42 21 -65 -75 -54 70 -63 47 -66 90 -90 -8 -90 2 38 -17 -19 8 33 68 -21 25 -55 97 8 10 95 -48
-38 91 93 21 51 44 -80 -77 24 7 -80 94 -47 53 -33 48 -81 -4 -86 -91 78 -60 26 3 34 62 -59 28 73 36 -49 62 -46 -17 7 -80 38 -73 80 -19 2 -44 -16 34 61 -28 -11 75 -15 -90 29 78 43 -81 46 -45 -60 44 71 41 7 69 8 -85 -43 19 86 -18 63 -79 82 21 53 97 0 16 -92 -26 -1 24 55 -49 -51 43 -35 90 5 -52 -84 -14 90 -61 31 -15 -10 -24 -87 -18 89 47 16 19 87 68 -57 39 -39 25 -30 -75 -98 -77 -6 17 -81 31 -48 51 55 12 99 80 41 -73 -90 -2 -78 -19 -41 39 -7 37 66 -97 -90 79 -18 52 84 23 -29 80 -53 -16 -6 71 -5 2 5 39 2 30 29 -78 -1 -98 37 89 -55 51 -30 41 -54 -60 -79 -60 -1 84 61 21 84 -90 -12 91 96 -86 -78 27 98 -91 65 -1 -13 77 26 -22 -15 -72 59 -69 50 1 -92 -16 27 -56 -47 -40 27 54 -3 8 -88 17 -44 97 0 -34 23 89 27 36 -48 -47 -40 28 32 0 -37 -43 -85 -74 67 -36 -36 -70 -48 31 -1 86 78 96 -58 62 56 -11 -4 29 -29 16 76 29 -47 -66 -19 21 10 -88 53 -94 35 -30 -12 28 -84 27 -4 -4 3 -67 25 -80 -77 68 97 81 -9 16 -94 -95 96 -56 -16 -52 9 44 60 -54 83 -86 78 -32 8 -3 -60 89 79 52 -58 33 -54 -74 71 -75 22 35 73 -68 48 -35 -12 -91 -93 43 31 69 -72 -61 16 96 98 5 -86 1 -23 76 3 66 -81 50 -31 -4 -98 15 -70 -84 -77 -87 77 -59 41 17 83 -34 -78 -39 66 3 -6 -65 -46 82 72 0 -2 -98 73 8 82 62 -43 87 54 82 -35 16 78 -23 53 67 -86 58 -31 68 -77 70 81 -73 -53 -16 -61 91 -63 50 40 27 -90 6 -50 27 -58 -42 -51 -19 65 -11 24 -92 8 55 22 91 71 35 98 95 -4 -62 -43 -19 -44 67 -3 32 75 -78 76 -6 36 -66 -7 82 31 97 -22 37 -19 -28 -4 -40 2 -63 81 38 -32 -33 44 76 -29 -52 -47 -95 82 87 71 81 10 31 40 -11 -89 43 66 40 79 75 -97 78 65 -75 88 -22 -13 94 98 8 -19 -75 89 73 3 95 -90 55 68 74 79 53 -51 -54 -6 -21 91 98 -13 -20 17 -69 49 -68 17 85 98 -4 -79 80 33 27 8 43 -94 17 -23 15 -29 -40 91 -82 -82 -21
19 -18 69 33 -86 -44 -53 -5 -25 52 49 -64 4 99 87 -44 13 16 -51 -18 12 98 60 45 75 -54 -10 -47 81 -96 -34 39 -61 -37 44 -31 -94 -87 -39 24 75 19 -30 40 -22 -95 -13 -77 -74 12 -47 -82 -19 11 91 92 -9 73 -49 -40 -40 86 -29 -63 -64 -33 -59 -36 -38 84 -94 -96 8 -66 -59 -32 -33 32 -13 61 90 99 67 32 7 -83 78 58 27 -11 -55 33 -38 -94 -18 -90 -10 49 -83 -95 77 90 -56 5 35 81 -8 -19 43 81 11 44 -16 -60 1 22 9 -81 92 -29 -38 24 86 -56 40 8 69 90 97 -38 -57 -44 6 92 -99 37 20 -10 34 -57 69 2 -57 81 81 -70 -34 87 -42 -84 6 -80 93 83 35 -66 43 65 -29 -42 -8 -59 -82 -25 67 26 -21 -4 43 -62 23 85 -23 -79 -58 -91 59 9 58 27 13 -34 42 63 78 74 -57 -18 88 58 8 -85 -8 68 -98 -5 83 26 -8 -17 -94 37 18 -89 68 -80 -34 -8 95 13 25 -45 29 65 -80 -49 -42 8 -6 -51 88 -51 82 -86 91 52 52 1 12 -61 2 12 -97 76 60 52 -20 64 -80 -20 2 -97 13 79 70 14 22 30 -87 -25 -18 -31 -51 -34 82 67 -49 -29 24 61 58 -17 -36 36 -31 -3 89 -48 -95 18 87 -32 82 -23 -32 -58 4 3 85 -65 24 -83 36 -2 54 64 -29 1 -2 -4 -50 -10 -1 75 -22 37 23 -61 45 82 80 63 41 2 27 16 -58 27 -86 -32 -22 79 -94 3 51 -47 4 -57 -38 20 47 72 -17 71 78 -53 70 87 13 18 -61 -20 30 68 50 90 32 -67 98 -48 78 -8 80 18 -50 -18 -77 -57 35 -20 23 19 -7 -63 23 64 -95 -72 14 -12 -78 -33 -1 -56 57 -80 -45 -83 98 -15 -87 -25 -88 51 -83 -47 16 -31 67 53 -70 -71 -82 -92 3 69 -66 97 -50 14 40 25 -67 70 89 -66 64 24 5 -14 66 -93 -15 80 -7 36 -90 -16 97 -35 99 -74 8 -11 82 55 63 21 53 -2 -20 49 -36 11 -85 59 63 65 69 -26 -65 -86 -27 48 29 4 82 21 -29 17 -62 29 57 14 -55 36 -33 -19 -59 48 -51 -61 8 78 9 12 -60 53 -15 -4 -47 98 46 -1 -97 -26 -92 -27 -31 -29 -20 -58 -38 34 83 -66 20 42 63 59 -33 -34 79 -55 -88 90 -5 -55 5 -22 86 60 22 74 80 -72 53 -9 12 -94
-15 16 69 38 42 85 -29 -9 -23 -88 4 25 72 -32 -93 -73 68 -48 82 95 41 26 -12 -96 65 56 53 51 40 3 -14 -6 -85 1 -8 15 -46 14 -44 73 4 -16 -39 -78 77 3 48 57 -99 75 -36 -68 -71 45 -81 -3 -73 -17 0 -34 58 22 -70 93 9 -83 2 51 16 -55 -64 75 41 -75 -22 -49 38 60 -60 -82 -28 29 52 65 -41 -90 -10 -8 95 -49 -42 70 -16 93 -77 75 27 75 17 -2 89 36 -73 -59 -95 2 -68 -70 98 -48 -4 40 52 82 52 -84 29 90 63 -40 -8 -75 -71 58 7 -81 32 -86 27 -55 -26 -65 -44 -78 -14 -16 -4 50 41 -2 -64 88 -76 83 -18 -90 34 -69 -90 33 30 -96 95 14 49 -70 -48 -36 77 31 -10 -67 -19 68 43 87 93 -96 17 -38 -86 15 -56 -34 37 -86 -59 75 13 -98 -65 73 29 -59 -12 -26 -30 -81 60 -20 -91 -54 29 81 85 69 -50 0 -25 19 -83 61 58 -33 9 40 46 42 15 -9 -82 4 -73 75 -14 20 88 -57 14 15 -84 -37 38 -24 -82 -43 -14 -51 -95 44 47 -87 -78 -12 -14 14 -5 70 -76 -72 76 14 -61 38 -78 57 93 58 -44 -56 -2 7 39 20 87 56 54 -14 -51 89 18 28 50 -62 44 26 -49 -88 61 64 -24 15 -90 50 -56 -27 -58 -60 -61 46 -52 42 22 91 -74 -57 48 -37 81 -5 -45 69 -55 61 -12 47 -25 -23 73 -18 15 -54 3 98 -85 -99 -93 -55 5 -42 -42 75 -99 77 26 -32 68 67 -58 70 -18 45 82 67 -57 -66 -11 -75 35 18 -63 47 -83 -39 -82 8 -32 81 -44 -75 85 14 -23 75 -8 -99 13 -55 -15 13 72 5 -25 71 92 -77 21 -87 -90 10 31 19 -39 67 -53 35 9 -22 44 -92 -98 4 -1 -4 80 -95 68 -23 -25 43 16 38 66 -2 21 -72 -91 75 12 -75 -20 71 -12 49 34 55 55 38 -86 -7 -7 -78 -80 -79 13 -61 40 78 35 3 53 -94 -3 -12 69 -72 17 -39 -70 12 79 -2 94 -48 14 83 82 -73 -21 -10 68 30 -20 44 -40 -77 28 1 -28 -50 46 92 -96 -31 64 -38 85 19 -38 -28 -57 11 69 35 46 -62 12 66 -27 95 96 -20 -21 -7 39 -58 -31 -80 -85 -88 35 97 24 -86 93 43 -50 2 98 -38 -21 -86 -28 84 77 8 91 -27 52 40 -59 -17 46 67 -36 82 2 25 36 -28
-67 -52 93 -25 67 -16 46 2 22 31 -47 -90 47 68 59 -6 -76 -42 85 95 53 -94 -6 -42 3 13 -91 -27 85 -85 -15 -33 31 -8 -60 45 -73 14 -35 -5 97 -50 63 -64 18 22 -52 69 -83 9 -9 27 43 21 -79 -88 -31 12 -13 82 -84 -66 -81 -86 -17 89 -25 86 -93 -50 -89 83 -42 -8 -74 45 93 -25 54 -61 -13 -23 12 64 22 8 -88 -33 84 -86 78 -48 36 -80 -74 65 -22 72 -96 3 75 48 49 54 -15 51 71 74 27 83 -36 -99 17 -14 38 1 99 -23 11 -14 18 48 -15 52 -91 -51 69 -93 -29 74 -12 65 89 -37 4 -8 -3 -26 -19 32 85 46 -90 17 57 -84 72 53 13 -18 2 -65 98 -13 -65 -14 50 -68 -27 25 -89 -86 -24 -34 93 -67 67 51 -77 56 63 81 85 10 -79 -4 69 3 16 -66 27 -96 45 -35 -54 62 -68 -82 79 95 6 29 10 -28 -33 14 87 -21 26 91 -19 54 -82 -77 91 31 45 77 13 -4 -42 8 2 51 19 -53 82 44 -68 -32 -80 86 21 80 74 73 -94 -95 27 70 -75 -68 41 10 42 51 -13 -1 -55 -86 -1 -41 88 10 -60 28 70 98 12 -82 -35 16 14 -49 -24 -39 -10 -53 -4 61 -98 -65 -40 -90 -5 -42 -33 -78 51 21 87 49 94 94 -67 13 -23 22 57 0 -3 -77 95 -66 40 -81 15 -7 -77 0 -47 70 17 -24 99 -15 30 29 -66 62 -24 7 47 -63 -29 44 -67 -31 90 -45 -35 27 23 49 -47 -41 37 -25 58 -51 48 -48 47 -38 49 99 36 16 78 -31 65 61 64 -92 -53 -8 51 41 32 73 -74 1 -60 -16 97 -55 -6 69 -52 39 15 -91 -12 0 79 82 -38 -26 -31 -6 -52 -25 -95 46 91 -91 -70 -30 22 -83 -82 -1 18 -17 -78 -44 96 -14 -64 19 96 -87 -55 67 -42 -6 93 43 30 96 37 -41 1 43 -39 88 -26 -61 55 76 46 19 88 26 -44 84 83 84 -99 -55 -9 92 -1 -96 -55 37 -51 85 -6 62 -74 87 -69 43 -77 63 -12 60 4 -27 35 69 -23 -59 52 -48 -81 27 -52 -31 84 15 -83 -43 63 -76 28 40 -88 -62 76 -82 3 78 -9 19 -87 -6 -59 -34 -69 -39 9 46 -84 84 -69 2 14 91 -5 -50 -53 55 30 64 -56 -55 -2 12 82 70 78 56 -78 22 87 -29 69 9 -84 -74 35 6 37 55 -40 16 -83 -18
-60 -52 -40 -2 -11 98 71 25 27 -98 62 -16 -76 -22 -69 -91 78 -52 39 93 90 12 -19 30 86 -19 96 66 49 -95 45 90 -79 -67 29 26 25 74 -54 9 -1 -70 -42 -70 58 -30 47 -83 -8 21 89 -94 23 -34 40 -58 17 57 9 30 -50 89 56 -51 -71 -77 63 -61 -66 -63 3 15 -1 35 -48 -36 -88 79 -68 -12 91 91 21 -95 -33 -78 -12 -82 44 61 80 32 47 52 60 40 26 -12 -6 -62 86 50 -81 -44 -48 57 90 85 -81 96 -75 45 35 40 71 -19 -32 -55 53 52 42 -30 -49 -33 79 -76 -99 51 -5 -69 -42 -2 44 -39 98 -46 56 -51 -44 78 10 -60 -79 89 -93 -75 -20 -64 -17 -39 22 65 31 -74 -28 50 70 73 -51 -53 -78 -42 -96 39 94 -90 -82 2 -2 -64 -28 75 99 11 78 87 67 -91 -53 -41 86 -76 -73 -18 94 -27 -6 -5 45 -44 -65 -82 -49 80 23 -94 46 -40 91 45 -57 17 -23 93 2 -83 -46 95 40 26 -71 41 55 51 -35 26 -34 -65 17 -81 59 -50 59 -80 72 -87 -39 -65 90 93 -30 -85 85 78 -99 -16 97 52 -21 18 -22 -42 48 0 -36 30 -54 -42 -46 -30 98 -77 -26 65 65 -84 23 81 90 26 -57 63 -27 4 -33 -8 54 22 99 13 -87 64 -80 87 53 -36 34 -62 21 58 0 -82 20 70 68 65 32 -20 -51 18 83 -88 -53 81 11 14 -27 -70 97 -89 64 -29 20 34 52 -38 91 -68 95 83 -70 5 19 -15 -97 -58 -18 -26 95 -6 73 -22 82 -67 37 10 -81 47 78 23 11 -86 -35 28 47 -15 -73 -73 72 -4 24 -46 37 -87 34 62 11 -52 26 50 62 79 88 -63 -56 72 -22 73 15 1 88 99 30 -23 69 -97 -2 -26 -61 -70 76 -45 9 68 9 -89 26 4 42 -22 -91 -85 62 -44 -58 -72 43 -67 -43 -38 75 45 36 6 81 29 15 -1 47 -12 36 55 12 -5 -57 16 83 -30 77 -41 0 -81 31 -34 8 -73 -96 1 70 -53 -28 -11 70 -81 -66 86 -80 3 86 44 -84 0 17 -23 -43 54 -17 27 -43 -21 94 -30 97 -13 -83 -63 -83 72 59 -76 -31 54 44 91 -44 57 -62 60 46 -88 9 -18 75 -68 85 -2 -65 -94 -5 -88 54 68 77 -55 90 -95 -28 20 46 -65 -26 -98 64 -5 -20 -1 -17 -12 -1 -9 37 0 81 65 -83 52 -74 -89 51 27
-72 3 7 92 -61 -31 -20 60 -4 -77 -10 19 97 96 70 45 -97 -35 57 33 64 1 13 2 60 -95 -65 -86 82 64 3 17 -67 -67 88 88 74 -21 22 60 -50 -63 59 -24 22 -27 -36 -51 69 -78 -13 69 -26 -90 -50 31 75 80 17 30 20 -84 -40 58 1 -47 -61 5 54 -43 -11 64 99 21 48 8 64 -95 -85 -42 -29 72 -61 62 -75 -54 39 -17 -29 -27 30 49 -50 -9 80 -43 70 88 72 18 89 -89 -34 98 93 -97 -77 -82 29 0 23 -72 67 20 63 -64 -49 -45 -2 -30 28 -35 -58 -68 -51 63 -23 18 72 34 -84 -41 -91 32 86 -67 31 66 -55 -65 98 52 30 -64 -83 18 -29 -3 -22 -31 79 94 65 -2 -14 38 50 -98 -43 -45 -75 -89 70 21 10 78 -31 58 -79 89 -54 37 18 96 81 -76 19 33 -24 17 83 -3 2 60 -96 -39 -31 10 -63 4 -43 -28 49 -11 -46 61 13 39 -46 -18 -1 69 41 -91 12 -94 76 25 61 26 -6 -96 -57 -36 -91 -73 65 -4 -9 52 82 18 28 35 -90 8 69 -76 40 -1 89 81 -96 -43 17 -24 8 50 47 14 -3 -89 16 8 -10 -66 20 24 84 93 61 -95 -93 -63 -84 36 -36 -92 80 -10 -65 26 31 -17 -38 94 23 92 -54 58 -37 -12 44 78 -57 10 20 -21 -56 53 71 26 -59 95 -47 -62 94 43 -79 -75 -80 96 -7 22 -10 -61 -36 -8 30 98 -43 -83 -59 -10 -11 27 96 46 -75 -51 97 37 2 -79 -64 -50 -14 36 -33 45 29 -6 -31 17 56 29 -4 -94 -70 27 51 20 18 93 -18 76 28 -94 7 94 -95 20 -48 -45 22 64 18 23 20 -62 -84 65 -43 99 46 26 9 -43 -65 -12 43 -3 -42 -72 -30 -74 17 10 54 -89 -43 1 48 -90 -75 31 -7 -10 -58 0 60 -51 98 -49 -20 96 67 -44 -11 0 -99 -2 21 -59 78 -60 -14 61 24 -71 79 -28 22 -37 -17 16 -29 16 -8 82 -39 -39 63 10 53 -66 18 28 15 -67 56 30 15 84 -68 -97 93 -75 -19 23 42 2 -3 86 -65 98 -60 34 -40 79 58 57 -91 -39 42 -89 49 -96 18 4 59 16 -34 -9 -13 -59 -55 -99 -77 53 64 65 -61 74 -15 80 -53 -37 -45 37 -37 -49 83 46 21 -50 12 3 5 41 -35 -52 85 -28 52 -2 45 3 83 24 -98 99 16 46 1 -4 95 -55 -86 36
-88 -3 79 44 -74 -32 -79 -56 -38 41 69 9 -6 30 -62 77 -63 89 46 -82 94 7 23 93 55 -68 -4 66 -22 -31 -37 -93 -33 -67 21 -86 76 73 -68 -36 -17 50 57 76 -87 62 -62 -88 18 21 80 35 -58 51 47 59 83 -31 -45 25 -20 95 74 42 -58 64 -79 -90 -53 48 95 -9 -8 -91 93 50 -93 -24 -38 -32 36 14 27 76 -9 -23 28 -34 1 52 60 0 -39 37 66 -75 -31 -6 79 86 -22 0 54 30 31 -91 26 84 49 -31 36 33 -34 -17 -19 94 -4 -12 -8 -60 40 -53 8 84 -13 78 -37 90 47 17 55 -21 34 77 12 99 -92 96 45 -61 -91 -50 65 10 -46 -1 -62 -6 64 49 73 -41 45 51 -41 -96 -67 -99 -1 -94 -24 38 76 13 74 55 90 -48 10 21 -57 45 -70 71 59 -33 5 -76 78 -83 -11 -43 7 -77 -48 59 -40 20 62 93 65 9 -51 -94 85 54 -15 26 8 45 10 -46 49 -1 -90 -16 78 -55 74 -65 81 20 50 -37 29 -74 -8 21 -36 -61 90 -51 -33 -99 60 30 -14 -66 -22 -74 -55 82 -38 -37 -84 -65 -44 -96 54 -51 97 -88 -20 -2 -66 84 -54 -97 41 -15 34 -99 -73 57 26 -70 -32 -78 36 86 4 76 -63 -89 -17 -27 56 39 -51 24 -16 -44 14 -37 -20 47 80 -58 43 -2 56 84 -46 53 7 -5 46 -84 52 -54 -61 -53 -36 -37 86 -72 83 33 -12 12 -24 24 -72 -96 15 -37 5 -46 -72 -29 71 56 -82 68 71 42 24 11 61 -3 -20 -36 -91 58 -20 24 47 -62 82 -37 58 53 -50 -71 76 -91 98 79 42 80 -57 -40 58 85 -57 62 -33 -48 -6 -25 -1 -46 -76 -85 52 -9 -44 -50 -66 45 80 -61 68 -77 94 -42 71 19 -49 -5 -82 -15 36 -55 78 -90 -92 -62 37 -18 -75 -8 74 -29 84 -29 3 10 15 3 -20 -38 60 -71 -57 88 -33 -64 -74 -71 -35 -59 -18 29 43 94 -16 74 -25 -81 -37 17 72 70 -64 -66 61 51 34 71 -88 74 -80 46 50 66 81 -19 14 26 41 -10 -54 -21 -37 0 -3 -85 17 -80 -73 59 -97 37 72 -86 13 36 75 28 -53 -45 70 93 83 58 -41 67 -20 -25 56 79 59 -72 -35 97 -3 -35 -97 -4 -52 87 -52 1 -78 -82 96 -83 -65 92 58 28 -2 66 -58 -77 -52 26 -17 12 -75 47 28 -44 42 26 -33 34 10 -12
-13 -20 -21 85 48 -74 -69 43 -23 44 36 -13 80 14 36 -98 -44 18 79 7 -71 -21 10 -85 4 17 65 -7 -10 -69 23 -97 53 -49 -37 14 -81 -4 18 -88 62 -95 -15 -17 48 -84 -34 -76 87 -54 -46 -69 -49 71 -90 -69 43 12 -36 -50 -83 -89 70 14 -98 -1 -67 71 50 -58 -1 -37 -38 -49 -61 -44 -18 85 98 62 28 84 24 20 -26 64 91 -9 -8 36 21 59 -33 -66 89 -32 -13 19 -15 83 98 -80 56 -80 -23 -26 -21 -87 19 -20 53 -6 81 42 -42 -90 38 62 -56 99 -69 -46 -46 -43 -66 46 73 -32 -44 21 -87 18 -69 -18 94 -71 -95 38 -28 -2 82 38 60 70 37 -51 56 56 28 89 54 -10 3 -7 7 -35 -70 76 14 -99 -65 -55 -44 48 78 -43 37 -26 -25 74 -29 -44 -79 79 -80 -89 55 -96 -97 -66 -55 23 -96 40 -61 -85 -9 -31 -1 -37 13 -83 -18 -15 -17 76 66 -42 -47 19 -87 -10 -93 -69 64 5 15 -93 -37 -70 -72 81 93 -22 2 -12 -28 11 -60 -44 -12 32 -89 10 -53 30 60 37 8 81 -62 19 -50 -87 95 90 -78 8 86 63 53 60 88 -89 94 21 11 -90 12 61 -17 -9 75 86 -50 -85 93 88 2 83 55 -80 -99 -15 -47 -72 13 -63 -80 -2 -28 -13 -53 77 -23 40 -98 2 -22 -19 -11 -27 84 -62 -41 1 -15 26 8 57 -61 -88 79 77 84 -50 -60 79 91 -82 45 -7 36 15 -72 -7 44 34 -31 -20 -34 7 -37 -54 59 87 62 18 46 -30 -37 69 31 -25 -18 66 -56 66 26 -15 -36 96 21 -85 -81 -96 13 -59 72 12 -90 -46 48 20 14 1 -47 -51 -24 -17 41 -97 -62 -14 27 33 12 -33 26 44 -89 -87 -79 86 -36 -8 -28 82 4 -77 -14 70 -10 -70 -74 -3 -5 2 -95 55 -78 -2 19 -60 -28 86 9 -26 56 -78 -30 -48 -6 -73 -27 38 52 70 -97 -70 -97 57 -94 24 94 90 -20 -63 3 98 -5 45 77 -70 33 -3 -32 -91 -70 96 99 48 -7 23 -84 -97 -57 51 89 -24 -96 -52 -49 1 -16 -70 13 -97 -12 -79 13 83 2 -38 -51 -97 70 -67 3 -1 53 84 -50 43 -14 27 33 4 81 -55 -76 -70 47 -95 -50 4 42 -17 71 -89 82 33 66 95 46 92 27 41 85 4 -94 19 49 90 -85 23 -15 -60 -20 -20 14 -90 -79 -34 -58 71 64 -20 89 52
54 42 -80 -86 -94 -44 30 -37 -51 -54 50 -36 71 -5 -12 69 -83 -99 59 19 66 -82 14 93 -16 98 23 -93 -74 46 42 -27 -33 85 52 -98 28 -15 56 69 12 -42 17 96 -91 -37 -46 28 -36 -84 -81 -16 -35 -72 -45 -80 30 -9 -6 0 -41 80 -47 -67 -84 -51 -40 -18 78 43 -89 -1 43 -25 87 94 -17 -85 90 -41 -66 -1 -18 -36 -70 -24 92 31 -37 -66 75 -78 67 22 3 98 -23 42 52 -86 81 -54 68 -37 76 -35 -21 -13 -94 73 -8 79 37 -1 -80 86 -88 90 13 82 71 32 -54 -29 8 78 -42 62 79 53 91 -37 16 -16 66 63 -57 32 -65 -47 -17 29 -26 43 27 69 58 -88 -51 65 62 -54 -95 22 92 -35 40 -10 97 -52 57 -71 91 45 62 24 64 -72 -66 -12 0 -68 -12 8 -63 -45 -79 51 25 -32 90 68 -34 84 99 -40 58 37 -87 -63 71 -60 89 10 63 23 -75 -98 -96 95 -30 71 -5 -17 90 -64 -47 -22 87 -19 -54 -71 39 -81 -41 -42 -78 47 -57 66 62 -63 -60 6 21 82 -48 71 5 -61 -64 43 -56 51 97 15 -64 48 67 -69 56 1 -32 -4 84 -59 -2 17 -17 -43 39 -3 -71 -26 -36 85 -49 -99 -79 45 -12 26 -30 -17 58 -37 60 -34 -59 -86 47 -69 -2 -23 3 -99 52 55 -23 -23 32 71 -83 3 -99 -14 -70 82 62 69 19 96 -46 0 61 -84 -92 -62 36 92 -77 93 -88 -17 10 88 -65 65 -23 1 -78 -84 82 -19 6 -68 -70 34 -92 54 -94 -51 43 16 13 62 71 -34 -55 64 -78 -21 14 11 20 -28 -35 33 -10 6 -23 65 -74 25 -31 14 53 -32 41 -90 -57 -37 -75 22 -79 73 25 -79 68 39 -76 -67 75 87 90 -5 -37 6 46 47 93 -53 -19 15 -72 -89 -32 -48 -99 -9 58 -16 -57 -90 -89 -89 -30 -73 -49 58 -4 -26 -88 24 -10 -29 49 -99 -67 -22 -93 -9 -89 -86 -13 78 22 -17 -47 -27 91 95 67 87 -88 89 -50 -29 7 55 32 -23 22 -55 -65 57 -80 53 29 -82 -28 98 63 84 38 84 30 -51 18 -73 3 75 89 -17 -73 -41 34 57 62 51 -19 -11 -52 -37 -96 83 35 88 -59 -2 -56 -35 23 53 27 22 35 15 -38 -45 0 -31 -69 -53 66 -26 -50 36 0 10 38 -97 -18 -87 58 -51 9 28 92 -1 29 8 38 -35 -12 -66 2 13 75 -45
-16 35 6 32 98 -4 -1 -81 -61 -78 -43 73 78 -8 96 13 26 -99 -6 -47 -55 -25 -85 55 -97 29 -97 74 -71 35 -30 -15 66 -95 -75 -86 -67 29 -45 23 1 -1 -60 -72 -4 -86 15 -55 44 36 51 58 -86 3 -18 88 29 29 58 -80 -73 -57 23 27 74 -5 -83 -48 -94 28 47 -57 -93 -88 50 61 34 37 -46 -93 -65 -77 25 -25 15 -85 -19 -80 -89 -61 -31 -38 54 -12 -2 -31 -23 -30 20 16 -37 77 -23 -19 -58 76 74 -16 7 -4 3 -41 -64 34 91 -4 -86 -4 -62 41 59 -14 -2 33 90 81 -97 42 91 -67 77 -38 -10 -22 -13 -53 53 23 -97 -13 -39 69 65 -15 -86 92 7 -75 -37 52 81 -50 -19 -92 -66 67 48 -83 94 10 79 -53 -67 37 57 -58 -37 -27 -30 -19 -33 61 50 -62 -67 30 59 -41 74 73 -71 -63 26 -16 78 -36 78 -71 61 11 56 -87 -39 92 -2 -35 -12 -89 -49 -57 0 82 -92 -81 79 95 -80 -57 74 86 -93 26 -88 -42 26 -63 96 94 -85 15 -12 -5 -36 83 -36 -45 95 42 -7 -44 18 -49 34 0 85 65 12 12 92 -94 26 -98 83 -22 59 77 12 47 55 28 -66 -55 -34 41 56 55 -80 -17 50 -17 -33 55 -5 -22 59 75 -92 -1 28 -46 23 -80 67 44 93 -94 1 52 -50 -84 -72 21 -70 78 33 38 -31 80 89 17 16 -69 30 35 -22 -98 93 84 15 -13 60 -43 23 -95 58 -99 94 -20 21 88 -4 -19 -7 7 14 9 74 98 -42 82 46 -74 71 30 -16 -74 -76 31 65 76 62 70 -75 -30 -71 -70 -71 -22 11 -89 7 -48 -16 -47 -53 75 -19 -98 16 77 -52 -70 16 -69 -85 -17 85 46 51 -79 -11 51 -53 -50 -49 -24 -99 69 61 21 -91 80 75 -67 -31 69 86 18 4 -28 -62 -15 -7 -98 91 -39 65 67 52 65 -43 85 62 68 43 38 23 -71 -85 -98 -72 70 -70 64 -8 -84 -62 86 15 87 27 -80 89 89 -75 -33 -99 81 52 -96 17 -42 68 -13 -10 -18 7 -68 65 -97 -83 -87 80 97 28 -91 -63 -95 -32 73 69 -31 -61 -62 -87 24 66 44 -19 27 -52 -88 -82 -48 -90 7 79 -10 -71 7 -51 -82 98 -16 59 8 54 -52 58 46 -59 34 47 -57 26 -84 -12 -38 86 41 98 41 72 -77 -99 -55 10 -70 -24 -62 39 45 62 -23 -50 18 -47 -39 -36 -71
-28 62 -25 8 26 -56 -30 16 20 -89 -29 68 -63 39 28 -18 -30 53 -69 24 88 85 10 75 -87 -35 2 -9 41 -87 -83 67 39 62 -95 -92 -40 29 5 -85 -48 -57 53 18 -62 73 -43 -78 47 -21 83 75 -6 42 68 26 -70 -87 26 9 75 82 -13 30 -89 -2 -80 0 -94 65 74 -87 -56 -91 -72 13 18 58 -93 32 -20 -6 -47 -86 -2 9 35 26 -80 -13 -58 -9 45 46 -98 -66 -38 -14 82 -48 58 -45 -41 -3 -49 98 -68 -80 53 69 -21 46 24 12 -63 -50 -53 56 -54 32 -12 -1 -84 84 99 -24 -92 -49 12 97 18 52 20 -45 -56 60 -44 -68 68 14 -97 -75 70 -90 -97 -50 -99 54 -25 1 24 -23 -75 0 6 -40 -94 -90 4 -27 -63 -61 -95 50 -9 -77 97 -1 54 -23 -28 8 21 -33 53 22 5 2 88 33 38 -41 69 63 -13 23 58 94 -11 44 -99 -9 -99 -18 -66 28 25 0 -17 -59 -29 -5 22 7 -30 -64 66 86 -28 -20 85 -60 17 -97 91 -25 -99 -53 28 77 -44 44 94 56 -11 -40 97 -53 -69 -9 67 -16 20 54 -88 47 64 80 -43 -42 13 19 -99 74 -52 97 58 -67 -74 85 73 82 17 13 -89 -47 63 40 -57 15 -86 82 62 -45 -35 -83 8 43 81 98 -62 -68 -6 -79 -8 -7 -50 -65 78 -16 43 97 14 21 46 85 3 -41 -69 97 -15 43 -88 -68 -6 53 71 -12 -61 -51 8 -26 18 -60 15 60 -82 -41 -25 31 90 -17 -65 -16 -20 -93 -95 -37 4 -81 -34 20 -22 70 -68 9 59 49 -61 -33 -52 44 38 9 48 93 -2 58 68 33 -85 15 18 97 -69 45 62 86 -68 -73 -68 64 58 -87 28 68 42 -67 -2 28 -55 -86 -19 94 -67 -50 -54 84 -90 -27 0 -3 98 73 -2 -70 -31 -85 28 -13 59 -77 12 -17 40 0 40 -67 27 79 20 17 -38 64 17 29 -62 39 -81 57 48 -37 -15 9 76 -83 23 -46 -75 -22 -4 -17 15 81 40 -86 -14 71 -99 -91 -66 9 -97 75 -11 -97 20 -57 43 -25 46 10 3 48 75 71 -30 -32 75 -38 87 -93 -65 -59 -54 22 -61 74 -74 -14 -68 -57 9 -6 82 22 14 -28 -1 -66 -55 -24 91 -2 12 -35 16 70 10 -83 -78 -49 99 64 -97 11 -4 -86 6 1 -50 53 -30 -39 -26 -5 28 19 67 -15 72 -25 -36 -73 70 -57 12 -16 45 -99
42 -67 -50 -75 -32 28 -4 58 -35 26 -66 -84 -86 -33 38 34 -44 12 60 -96 -13 -15 71 52 53 -30 -55 -74 10 -40 9 13 85 -45 -64 98 25 98 -47 -95 -66 45 -81 -24 38 -13 49 74 48 -47 -78 -14 -19 -62 95 -52 25 46 14 -38 29 -62 59 43 -97 -95 79 -25 15 58 -50 -94 -47 74 -10 15 -62 -40 -73 -35 -37 3 -7 -48 17 76 61 13 35 -30 -69 -35 25 7 49 56 -9 -52 58 -24 55 31 -3 -7 -63 90 -16 44 -47 60 53 -45 -91 -96 95 67 10 24 -10 -86 -81 -1 -99 -21 -61 -92 -55 73 20 -84 78 -34 22 76 80 -14 58 35 19 -68 17 96 -18 -54 -89 -22 -47 -48 -63 27 3 4 51 -2 -16 -79 -26 7 90 97 51 -31 -87 16 86 -77 36 -34 -69 50 70 -36 81 -29 -21 29 4 -15 -6 -41 13 95 -46 -83 92 44 45 -64 -36 -53 35 -12 -35 15 -65 30 13 58 57 17 -78 78 -9 -73 64 79 97 -93 -10 66 -19 63 -88 -9 46 -25 1 71 43 -95 81 -15 0 -4 -24 -22 71 -46 -93 27 67 91 -52 -94 7 36 -80 -2 50 -9 -62 -82 61 -20 -59 62 -95 83 -80 68 46 63 -18 68 -31 -83 33 -67 83 49 69 -87 -44 -88 3 66 49 -80 -15 89 11 30 28 -47 38 -7 -36 32 -60 -51 77 79 86 -34 -42 -19 -39 -5 -34 45 -36 80 81 33 41 86 96 74 -57 71 17 65 94 19 -26 86 86 78 -72 57 59 -81 -30 86 33 -74 -74 -90 -22 54 -26 -23 -58 86 -96 19 62 35 57 -95 6 -8 -55 -15 80 84 -9 -22 95 -23 -98 4 81 67 61 -98 92 -48 -19 47 -85 -41 74 29 17 -37 -46 82 56 73 57 10 -38 -65 -94 92 66 91 44 -49 77 -82 -47 52 -28 18 -53 52 -77 55 -69 -23 16 75 89 81 79 82 92 -55 91 -64 -80 -23 -34 -32 -96 -63 82 -65 81 12 -79 97 -11 -65 21 -2 73 -99 86 -44 56 -91 -63 -67 97 -91 -33 26 -78 -42 -73 52 -97 -10 29 -48 10 45 6 40 2 83 99 84 -59 -42 73 0 53 -16 -5 2 79 -76 -24 -56 -59 37 70 -68 -17 91 -1 -85 25 -33 -26 56 82 -50 96 -53 -20 51 99 -13 91 -75 4 -49 -53 -7 -60 53 -66 -36 1 -93 -84 26 3 -55 -82 34 -2 2 -13 -29 -20 49 -90 2 -64 -78 -86 -96 -95 95
-42 11 13 -43 -47 26 -49 -80 30 -87 88 -64 39 -94 -94 90 73 -33 -92 13 -89 -32 92 53 84 58 91 11 12 32 -11 -80 11 38 -95 -82 97 69 -41 -20 -46 77 -92 -60 67 51 -7 -24 13 -10 -51 20 -44 -79 80 28 -66 -73 59 58 46 92 -27 -25 57 51 -47 -15 84 28 41 78 54 -37 -20 56 -27 -16 -71 -57 9 -97 53 58 -63 3 -8 92 -4 -17 20 74 -23 -46 36 -89 14 -74 -57 -22 -19 -86 -50 -74 54 88 44 7 16 76 93 97 5 57 -41 -24 11 3 -49 -51 -32 -28 51 31 -99 26 21 89 32 82 -75 -9 37 48 -47 4 38 64 -75 -66 32 -63 -80 80 68 -91 -49 24 -84 81 -11 80 -63 -70 -33 -59 23 -48 -49 61 60 -34 93 37 81 11 -3 -56 17 82 -90 -62 23 -57 -59 -27 -97 -76 38 40 97 34 -72 99 -71 -80 -52 -11 98 -29 -93 -13 -24 -66 -14 -33 96 -14 65 67 -75 -12 26 -35 -96 34 -10 -1 -60 -54 -12 -67 -32 -75 3 -51 17 48 86 -99 -17 27 43 -91 -4 -9 -4 12 21 -97 -84 69 20 9 86 60 -30 39 -29 -74 -43 -58 16 -43 -77 44 -34 -28 3 71 74 -48 -95 67 -7 71 -76 45 43 8 -36 61 -15 13 91 48 7 -80 -71 76 -78 10 81 -7 66 -55 -79 44 -43 26 -25 76 51 46 92 -29 -38 46 -47 83 -35 62 -19 89 1 -68 -82 -64 85 28 -97 -28 27 57 -98 0 -45 42 48 -87 45 33 98 26 -73 -71 59 -16 33 -72 -44 41 6 -88 -91 46 63 99 -64 54 -34 -11 -21 98 53 -93 27 -87 -93 -21 -10 27 -48 95 68 52 1 -43 -25 -30 -4 33 19 -39 -64 -29 83 92 66 -48 -8 -2 -40 -38 25 -7 80 -24 -44 30 20 -20 -85 99 -71 -71 15 -47 24 68 -89 -90 -64 55 3 -17 55 55 82 92 -63 -10 -52 -99 -92 -46 -28 -5 98 -8 50 -4 46 -22 43 -26 -71 82 28 -65 32 26 27 -12 -14 3 54 96 -58 13 -38 8 -82 95 -37 39 -68 67 29 85 1 -30 77 -81 68 21 28 -58 27 19 4 31 87 -27 -63 -82 30 78 92 23 -52 5 42 46 -72 74 -38 14 13 -36 69 63 94 -84 98 -88 -63 45 10 -61 -60 -68 70 25 -79 -34 7 -56 -46 -35 -37 -77 -76 63 -39 80 32 -37 63 26 94 -11 -83 92 84 86 83 21 81 69
13 -5 -45 -45 -84 94 65 -19 23 -68 -52 20 80 -2 36 88 81 92 24 11 24 25 -32 22 -58 48 -73 -23 18 64 -52 -42 -82 75 29 -66 -83 66 82 -5 -33 34 -92 -34 -7 -5 89 91 -57 -69 18 -85 -35 21 81 43 -48 -68 9 22 72 16 13 -31 -91 17 2 -24 5 -77 -67 -71 40 67 81 -72 -50 -84 66 -29 -32 -86 -72 -74 -10 31 -82 -70 27 61 -19 58 -64 -84 -40 -86 -44 49 -75 85 -10 -54 17 63 -6 -24 22 -44 90 32 -56 48 54 -84 -70 -80 39 87 72 -3 0 -17 58 75 -95 -47 -76 35 27 20 -98 -32 -14 -62 -73 63 -37 -45 -22 -5 -66 22 -40 82 -75 45 -21 67 -74 92 79 -53 37 84 57 35 -18 10 57 -42 0 28 86 -18 57 -92 38 -68 -77 57 22 78 -25 66 -80 30 -38 -30 -29 -50 -58 -1 -22 91 5 17 -79 -3 -77 7 -58 -84 -1 77 59 3 -18 -51 -34 26 69 -92 39 -47 -45 -64 60 0 -62 50 75 31 7 91 -19 -83 -4 47 9 26 -80 -75 -84 -87 19 95 -57 76 -58 -44 91 35 -18 50 -51 -87 -14 3 -42 -37 99 41 -34 89 37 18 -30 -28 -73 39 90 25 61 54 -77 63 87 -13 99 -45 -43 -10 9 10 85 -72 -63 -69 -75 25 87 -80 -77 -65 -17 -88 -7 -51 17 66 -28 -53 95 -55 87 -26 3 -8 78 65 83 -75 15 61 -16 13 -19 17 -14 9 -61 -30 1 11 -32 -96 68 -83 -64 -51 8 -57 -99 54 -91 11 75 23 76 -72 -86 34 -24 6 -69 83 -54 -87 65 54 18 99 -98 43 -25 -26 -67 56 39 46 83 -84 81 4 -8 -39 -69 -25 28 -29 -97 -87 96 33 46 -4 77 -24 25 -71 -21 5 -23 -62 96 82 9 48 -93 -97 -32 -23 -71 87 99 -15 -92 34 -2 -55 -61 -38 8 84 -63 -51 -54 15 29 -91 -22 -44 77 15 19 -1 -39 -18 -39 20 80 -58 48 2 67 96 59 32 -8 -42 30 83 -55 4 -24 43 -76 -73 -28 36 -7 -51 -33 39 53 35 34 28 -64 -30 -93 34 21 17 40 20 26 -83 60 -29 -82 62 95 -19 52 -94 76 -52 -39 -16 32 -66 22 43 -60 -90 44 19 -62 -78 -32 99 -71 89 -50 -50 95 38 23 31 -92 -54 17 15 78 -83 46 -69 -53 67 -28 46 34 27 -46 -86 70 -55 -86 30 38 -87 93 24 -82 95 -20 30 -19 59
96 -94 -41 -4 37 -27 41 89 79 35 -56 -43 86 60 -21 22 -62 -19 76 55 -98 -30 -26 -16 62 15 -83 -61 46 -94 22 -23 -68 99 29 -52 -89 12 -80 -1 90 90 -33 -12 -72 68 -17 88 -51 7 18 -23 -76 69 57 2 -63 -44 -92 -25 -70 75 -56 67 -48 -14 18 84 88 -63 49 69 -21 89 -57 -14 25 97 -88 -89 15 53 -14 62 -79 -56 91 79 34 33 18 97 -50 40 -76 -20 74 99 75 -11 -90 76 -59 -1 14 70 -63 -25 -90 55 26 -18 49 91 54 -2 -84 -93 -36 6 32 -22 72 -1 -25 9 33 68 42 -15 -72 75 30 -9 64 79 -91 94 -64 22 16 96 -3 82 55 5 -7 56 -78 71 -27 -66 23 -79 -25 -18 74 -80 1 -8 -29 -85 56 51 92 -22 -92 24 -83 -79 -8 -90 -63 -79 84 75 -94 94 -32 -41 9 -86 95 -87 69 7 42 -72 -29 -11 68 32 72 74 -27 -36 84 68 97 52 -17 -32 25 -32 -27 -55 -3 -67 -54 -77 63 -74 -93 91 90 -99 4 61 -47 69 -76 -14 80 1 59 -57 -54 96 -69 68 -61 63 -68 -58 -78 94 -27 -92 -48 -82 8 28 -42 -18 77 27 46 52 -96 -85 4 -59 -98 46 -4 -66 78 -63 70 60 53 34 -88 -90 -13 82 -26 -19 28 38 6 33 -16 70 -85 -91 4 22 -4 34 44 16 -92 -68 66 -63 80 -76 75 57 -86 -81 -70 56 94 -89 -24 37 -88 -44 2 -28 -45 36 -53 63 64 98 71 -45 -55 41 -59 14 37 75 4 -54 -6 57 -70 -72 -94 43 -74 81 -58 -89 71 -97 -74 8 25 -88 26 -72 -24 3 -20 42 25 -60 5 83 -98 0 70 90 -69 83 41 32 -48 -71 31 82 -83 52 44 43 34 -76 -71 -23 -89 26 83 79 72 -38 -92 -12 17 91 10 74 -26 76 -74 16 -88 -99 80 -21 31 -54 -74 -12 -40 -93 -52 -49 -36 -95 -69 -41 45 -78 -98 80 -30 -46 23 -13 31 -41 60 -75 10 -99 -93 -34 31 -98 -39 1 -38 -74 -85 -82 -34 23 -56 -3 -5 -68 -21 52 10 -97 32 76 -59 -97 25 -64 -35 -78 -11 61 68 76 32 98 4 23 47 82 7 -31 63 -34 -61 -61 36 64 74 -20 -64 -63 72 -14 95 26 61 -75 -66 14 -1 -20 47 -99 -94 39 -8 89 37 42 21 24 -30 21 59 68 25 -32 -82 -99 -13 -15 -26 50 41 81 90 -5 -10 4 -27 21
-10 -5 75 46 -84 -50 -37 -80 36 30 -99 -60 -10 71 -89 -98 -46 11 -27 -20 73 67 58 -70 44 37 -38 27 21 64 -15 43 -53 -90 11 84 92 53 94 68 95 45 22 31 1 -22 -36 43 59 15 33 -9 -18 43 -56 -3 95 -6 32 33 75 66 80 63 58 7 -16 30 90 40 17 -93 98 -6 -14 90 84 -40 68 -66 -90 94 58 77 -66 -34 61 -75 -71 71 93 -27 -7 95 -98 81 -93 -91 -99 -4 1 3 58 65 37 -81 33 -27 -83 65 48 -76 35 -42 41 -60 -49 60 -96 -54 42 19 -79 -59 36 94 38 -3 -96 -59 -97 71 -67 -93 -84 35 18 78 30 84 41 44 -62 -17 -58 18 -26 70 -27 6 81 -19 -14 -51 77 -73 75 -42 47 15 69 -12 4 19 -10 -71 12 -83 87 -51 3 -22 68 72 -8 76 -38 97 -71 63 -97 -57 -61 -53 -32 10 16 -56 16 -82 -98 35 85 -58 42 25 -45 -50 92 58 27 -49 -94 92 28 -9 -44 -74 -18 6 -50 -98 -64 -46 -83 -10 76 -74 -78 17 -48 57 -81 96 -99 65 97 -36 77 -52 -42 13 81 -5 -37 -16 40 -26 -55 -46 69 -19 5 63 -33 -27 41 -79 -18 -63 -67 -67 -72 -51 -66 80 -38 -48 97 -12 54 -82 79 -83 -53 12 -67 18 75 61 35 48 64 -61 -93 -91 1 -70 95 30 46 63 -70 53 -90 11 -1 16 -26 47 -84 98 -13 -4 -7 66 -24 59 -94 -63 66 -66 58 30 -80 -57 86 28 67 -47 -33 82 8 -26 6 -22 -34 -58 -80 -49 13 -74 88 78 -10 54 9 -93 27 -44 -29 16 29 63 -38 79 36 -41 -6 81 -26 41 81 25 50 31 28 -58 7 -30 53 37 7 40 -24 60 -38 58 68 -72 -77 79 17 -97 17 -22 -54 -2 16 -66 16 -16 73 -31 9 63 -81 -23 13 -35 74 -24 -45 -27 13 -39 56 -40 46 57 8 48 96 -60 50 -61 61 30 73 -68 29 -90 1 20 89 -6 62 -98 -58 -55 91 68 -66 67 -93 -54 22 -8 71 70 95 -71 -26 50 -43 38 -17 -74 56 -14 83 64 -70 -58 81 35 -12 83 -27 -88 22 -93 -90 91 65 -65 -82 -33 -22 -92 -35 24 -94 76 28 62 56 -90 -42 69 48 -42 59 -25 51 -36 -39 -52 15 95 -87 -27 -58 90 -29 84 61 -14 -72 -30 -76 3 -51 35 -27 37 -54 32 -47 -33 -56 4 -32 -42 21 31 -9 -7 16 -53
-70 18 -46 -38 71 -54 -74 -38 46 13 -66 24 -44 -35 26 -69 -26 28 -14 -45 99 58 -96 3 -8 66 -25 40 57 42 -72 -84 -98 16 -31 47 -34 39 -44 79 17 89 -26 66 37 67 4 11 44 0 -98 -90 -5 -26 62 33 -18 -97 24 -13 -58 30 91 65 -66 -75 73 -31 -85 -10 12 58 -63 -39 5 -61 72 76 28 -80 62 62 53 -36 15 -70 49 -97 -24 -37 70 27 88 41 -50 69 79 50 0 13 81 30 79 63 35 15 -40 88 -64 73 72 -23 18 89 15 -60 -48 -73 -20 -73 -67 45 -83 -65 -95 80 -58 60 -59 49 8 61 -97 79 -88 44 54 20 -63 1 -17 11 -22 88 -21 42 41 36 -56 -9 43 36 74 65 -55 -27 -92 70 87 43 -64 -16 -18 50 -57 71 81 70 1 -88 -89 -19 -92 72 -23 -2 91 25 58 16 23 38 17 40 -45 70 77 32 12 -75 92 -88 -49 -63 -53 -77 -13 29 84 0 -9 57 81 96 51 88 -19 16 -54 70 -38 99 87 -47 17 77 -73 21 -41 -38 71 -59 -60 -91 41 -50 41 -49 -28 -16 -96 -19 92 28 33 -39 62 -77 -99 23 -88 -74 23 -8 -27 -61 94 64 92 -6 82 90 47 -18 58 98 37 -20 20 -6 -76 32 67 -34 -50 88 21 -20 -73 -31 28 64 -26 -94 77 89 -94 63 32 -12 -47 96 19 -89 79 47 52 9 87 -5 4 -15 -70 39 72 15 -55 -76 -24 -12 27 1 -33 16 -99 -14 35 34 72 97 41 -95 21 64 -22 7 80 74 14 -88 -42 -25 61 92 29 -84 45 -36 -86 -68 41 50 96 -4 -24 69 -82 29 93 -75 -54 -54 -7 66 24 -66 25 -31 -36 97 -60 83 -78 24 -34 85 -25 64 -30 72 60 12 81 7 82 -38 -22 -91 -55 -99 -76 47 68 -28 44 86 -88 -45 -79 -88 -1 -23 -1 89 -22 43 43 -8 -49 2 -1 17 -38 -20 -63 31 9 8 -43 65 -28 66 -96 2 97 -19 -2 -45 16 -1 62 89 1 -53 81 83 -86 -25 80 -57 84 49 15 73 78 -26 63 -51 -89 -52 -5 -69 -87 8 -41 85 31 77 -42 96 40 -70 2 -29 -49 -8 5 1 71 65 83 -68 -33 10 6 25 -95 -85 61 40 23 26 3 -43 -98 -56 -71 -84 12 -8 81 91 -50 -50 86 -64 -20 -58 91 30 -50 84 88 -50 75 -81 84 -12 -34 -3 77 21 56 -13 22 37 -84 -87 -44 37
52 75 2 -71 73 67 -10 -76 -81 -34 10 89 -28 60 9 44 -57 -83 -19 -77 -69 80 -47 8 -64 -64 35 54 18 93 42 12 73 79 -54 30 -15 -57 -8 -52 46 22 -38 72 -5 -95 43 75 -93 32 -75 -61 -9 -48 47 1 -46 30 -20 -97 -59 -96 44 -44 43 80 42 -9 89 -25 -89 -83 -53 34 42 29 17 72 69 -66 12 29 -15 -20 -17 17 -60 -9 -45 -53 36 62 69 27 -62 67 66 -14 82 82 -65 91 -45 -53 -79 -2 17 37 90 -52 84 25 93 59 21 -20 -10 75 63 -12 44 -12 -78 17 90 80 -83 29 -15 -65 -33 -30 -80 -75 41 1 16 -34 -88 79 -41 -6 8 -89 -80 -13 -52 59 -87 -19 30 -62 -33 64 15 57 41 21 -39 -6 -27 95 9 17 -50 -91 71 -72 13 -63 20 20 65 -37 96 47 -38 66 41 -81 51 -34 -31 -26 80 -44 47 23 -64 -49 90 -68 88 1 78 -8 59 -26 -3 57 76 -27 39 92 -14 96 -23 -87 50 2 -12 -44 5 43 -90 -75 -63 61 -74 18 27 14 -67 21 32 22 2 -3 4 -82 -16 46 -78 41 -60 -65 -11 93 20 -33 11 -89 -86 -86 -76 -31 24 -86 55 -57 -41 -78 -6 53 -22 71 85 67 -30 46 18 -35 8 -4 95 24 -34 45 88 -20 31 -76 -93 9 -71 41 34 -96 -77 -32 -32 -56 -33 -1 29 -45 83 -38 97 -66 74 22 -79 -2 -21 -12 62 -40 95 61 21 -51 83 -6 41 -76 93 86 -80 -63 0 15 77 -55 -9 -49 71 71 3 -11 42 28 88 57 -6 -42 49 84 8 -64 78 93 74 -82 30 -52 72 88 1 -63 42 88 -29 78 -59 13 63 -45 40 -47 -31 78 10 24 62 64 40 58 69 -61 64 -37 -70 -35 -64 -33 -3 58 69 -81 -95 -21 18 -76 -55 9 78 -19 54 59 -95 91 19 3 97 26 -78 62 -81 -32 75 -34 58 -49 -73 -20 -6 10 53 -27 -48 -90 -39 -80 -77 84 28 63 -91 -6 -26 16 -56 65 -75 -51 -51 -45 70 -63 23 43 -74 -8 8 -4 -83 -60 -96 -37 -6 49 24 41 -76 -94 89 58 13 83 -21 38 19 -4 61 14 -35 13 -74 -27 67 54 19 30 -47 -7 -77 90 -91 39 -62 30 -1 49 80 40 39 39 56 -84 64 8 -69 -51 11 78 -92 -90 1 -52 78 49 -33 -50 -47 76 73 -97 -74 21 -41 76 -97 -79 9 -8 -43 74 36 5
10 22 -59 50 -91 8 -1 -60 -77 -37 57 50 -85 86 80 -25 -37 -23 -31 -45 -4 34 6 -9 -62 -69 91 65 -3 -87 79 1 -59 36 33 -14 10 -17 -20 14 -63 -99 -65 -76 46 27 77 34 70 -23 72 58 -45 39 27 -4 51 64 52 -93 11 -3 29 -88 60 -86 35 26 -68 60 99 40 95 89 -92 -95 86 -51 -23 -37 -42 -38 56 -59 25 66 50 -23 -40 -69 29 4 80 -30 -99 -41 64 -10 -47 30 -75 -16 13 42 -73 18 -32 49 -36 84 -27 72 -29 -19 -1 43 -59 64 13 56 64 -79 62 -76 -23 -89 92 -35 44 -79 77 -44 28 97 78 53 86 -67 89 -19 -47 84 -26 93 38 75 10 -59 -36 60 -83 35 -71 -90 54 -52 41 85 28 12 30 94 -34 -65 -56 7 -49 -37 60 88 -97 -38 68 -30 5 -12 -89 20 -84 -82 -1 58 1 51 22 -94 -78 5 -34 -62 -54 -6 -8 39 -68 -17 -43 -61 -69 69 -77 36 -67 -62 -70 97 76 -56 -97 26 4 -9 -6 -23 -9 83 53 61 -32 -60 57 -8 88 -70 -41 -96 -21 -90 -49 -57 -62 82 -39 68 -48 -83 58 -15 76 0 42 65 78 24 19 -65 0 -28 -92 -84 -83 -69 41 15 -52 -83 79 10 19 -3 62 33 -6 -94 71 -35 -27 84 -1 -18 86 24 -1 -3 -49 59 42 37 -8 -8 -7 62 -33 42 95 1 -16 95 -80 30 -26 -17 -97 99 86 59 -83 75 -18 -25 64 -54 77 -56 -81 50 27 -78 63 -53 -55 -96 -83 24 67 66 91 5 45 -90 74 -26 -65 31 4 -66 -81 -33 48 80 38 -85 -65 6 15 -93 -11 -29 80 -10 48 40 58 68 -20 93 -27 42 -28 0 52 -73 -19 94 64 84 -46 82 -20 -74 9 81 -76 40 65 -95 -31 37 1 -23 93 -9 -34 -37 -54 73 -26 83 -40 -72 -32 -10 11 -73 -54 -5 60 -7 55 2 56 -72 -33 47 -44 -43 32 86 40 -35 -19 97 74 -77 -16 -10 -38 69 35 46 69 71 7 -89 -77 -11 67 11 75 89 -72 53 -15 95 -27 61 -72 -48 -78 78 57 14 9 80 -39 -64 -73 17 -14 -54 -40 -25 -19 6 80 -5 86 24 -25 44 -44 -9 -94 11 -48 -82 -20 -28 58 56 -89 -42 -15 -63 -20 91 3 64 -96 -13 0 -52 -77 -64 55 60 -66 19 30 35 -38 -87 30 47 -73 -83 11 -26 -76 -49 -23 -84 -74 -74 -5 98 49 -7 58 -63
0 -38 -15 63 88 -37 24 35 -58 78 94 55 51 -83 -58 -65 6 -44 -65 -83 -7 -10 94 -16 95 -72 -10 -30 28 39 94 -74 69 91 -15 -10 27 -77 -17 74 35 -82 -6 -86 -40 -52 -80 70 61 -98 -48 31 -44 10 69 -18 43 77 74 -81 -90 -64 87 -19 54 -90 82 97 72 98 9 70 96 66 -60 -70 -47 6 81 25 22 -67 -82 -36 47 78 -79 -94 0 11 -59 1 24 83 -72 92 96 22 82 -36 39 -36 -33 -15 -43 11 56 -87 7 -22 -94 -21 -9 -18 -74 89 -70 90 70 62 -46 77 50 -74 41 24 66 3 47 37 -86 77 47 18 2 72 -35 -69 52 -96 99 87 27 -69 0 -26 0 80 5 -21 -93 -39 11 -75 -75 86 22 -32 10 74 -64 -50 -8 34 53 63 -37 -54 -8 49 -63 14 76 -47 18 -31 75 -52 42 -64 70 -25 -42 -74 -4 74 -43 77 92 14 58 77 -52 -26 -11 63 85 13 -75 90 56 -32 -22 65 27 89 -77 -64 -20 29 -56 24 -4 -98 -65 -93 -71 19 -19 43 53 -34 -3 -17 -69 -40 -86 47 47 -81 43 61 -20 -85 -6 99 45 48 -34 89 -74 37 49 86 7 -73 -82 18 -58 -90 -85 32 87 55 95 13 5 -27 22 -99 22 5 -96 23 -65 -12 36 26 43 -70 61 -62 38 -21 35 92 74 -36 -43 -90 80 78 -32 8 -71 99 -98 -65 -36 -94 -91 -53 -40 -99 11 8 31 -31 -50 -10 16 -16 -34 -39 10 -36 77 43 -15 -46 -12 -85 59 -12 65 -66 21 96 49 83 -48 -42 -73 -99 56 34 -90 -62 84 -29 -12 10 20 98 -45 64 -55 78 -20 -92 53 21 -28 8 19 -11 -66 73 -36 16 -50 44 -25 -5 -63 39 4 -53 90 42 -90 -87 -54 -41 18 7 -4 99 9 -63 8 -57 25 -58 35 -60 46 -21 -24 8 -56 92 14 -95 3 -70 12 -24 -8 98 -20 83 33 40 -6 57 -66 26 76 -27 -24 68 22 18 -93 25 -73 48 22 -57 96 -67 80 11 -74 58 -92 30 -80 -55 0 -17 81 28 -95 -55 -93 49 -78 32 -76 -21 -60 74 -36 -72 85 -41 17 -9 13 63 48 36 90 -24 24 -71 -93 -14 24 36 -65 39 -6 89 -37 -40 57 27 6 51 -11 5 -58 -67 -70 8 55 85 -77 45 76 -46 -56 -88 -51 -91 86 -53 19 71 13 57 90 33 -78 76 -44 9 -52 -93 -83 74 -51 63 80 75 -50 -66
3 70 90 2 72 28 -22 -10 22 -94 1 12 -62 1 -40 18 -71 10 73 97 89 -68 1 -55 -4 -2 -13 -44 48 -71 -27 -41 -18 -37 -87 48 45 -2 53 -4 -59 -99 -81 32 60 82 95 -13 -80 92 47 31 32 -43 -84 95 -61 46 6 70 63 24 80 16 -93 34 -59 84 32 84 -75 -5 17 31 -40 -1 23 -58 6 75 33 72 -95 58 60 -51 -26 -74 -26 73 -6 90 -36 -4 72 19 -92 8 44 -33 53 -63 -30 88 -18 21 -29 84 37 2 0 12 47 21 -30 37 -49 -1 -75 32 62 67 63 97 64 -35 -10 -86 36 -91 -93 -67 46 -28 -44 -11 90 -24 27 -54 2 -12 -67 -26 -24 -10 -88 19 -27 -53 53 18 -29 86 -30 -51 53 48 -59 18 16 27 -22 -35 97 39 67 -21 -50 19 -60 -90 -32 65 -74 -51 37 -17 82 -7 -30 85 98 84 77 -67 -81 91 59 -67 -97 51 -95 -63 -3 34 54 65 -90 -40 -23 -74 -46 -26 -32 -3 21 92 42 54 -66 7 91 8 -17 91 27 27 -63 -92 -43 93 -31 68 -2 -94 -43 -1 -62 8 78 -60 44 -20 -80 -33 13 -53 10 94 58 87 -57 -8 43 -36 45 66 -39 32 -48 43 -53 -52 -77 97 59 -96 99 -29 17 95 57 69 15 -93 23 45 -7 -55 -59 -82 4 -14 11 98 55 -41 -96 -74 -49 85 -75 56 1 -91 -28 63 -14 5 -57 -6 -20 -79 24 39 9 -64 26 -61 -32 -20 43 -56 -53 59 -1 45 -29 -1 82 -16 49 -65 -83 60 -58 38 21 15 -13 2 80 46 -98 91 -90 37 -80 82 66 -65 -3 3 -33 -19 -76 60 15 16 73 -67 28 19 95 21 77 19 -53 61 76 -21 37 83 77 -56 39 51 41 -75 17 -50 -68 84 8 -78 6 70 -58 49 27 -36 71 -4 12 72 -72 -90 -35 -64 99 24 -83 58 53 -28 17 29 -51 -30 36 -6 -15 -88 1 -58 -73 15 30 24 -67 -21 -27 -69 -40 66 62 78 -35 -97 -97 2 25 99 -98 92 5 -7 -29 -85 89 -24 -52 -94 -10 55 -18 -61 -25 6 -94 -1 -20 -10 -40 21 -14 -6 16 25 35 -68 15 44 -53 -21 -1 -75 45 53 -48 28 -27 37 -3 59 38 50 53 20 -88 -56 -44 -64 82 -86 44 -33 -47 1 -1 56 36 -82 -14 34 -46 32 50 -69 35 98 28 11 15 -55 41 -66 -50 86 -70 -82 -67 44 -21 16 -31 0 -40 -18
11 63 -4 5 -54 -23 30 45 84 -72 28 -97 -90 -69 -17 -3 -46 -35 32 -60 -12 -31 -45 54 89 -6 62 6 -86 5 -10 -6 -84 32 -63 73 73 -34 4 47 80 -13 -27 -34 -41 85 51 18 -24 19 -20 -9 47 5 42 95 -73 -23 -3 45 27 -64 -64 95 -60 -19 68 1 -23 -65 -38 53 -49 -54 -84 -93 31 -94 39 -43 57 53 -13 52 73 -18 19 -14 66 67 2 -44 18 -18 -19 -68 -73 -68 -76 85 92 74 -63 -9 -61 29 -20 -7 57 -75 -55 -9 -83 -82 -69 -9 -49 -42 24 42 79 -4 1 84 20 95 55 66 -3 -95 -88 -30 -13 16 -66 67 -29 -75 -63 44 -49 -65 60 61 -36 -7 99 -11 74 -81 -37 -17 -84 -24 -80 37 5 49 -30 41 18 -84 19 20 2 56 24 -77 -56 78 -44 -26 -87 -32 16 95 83 55 -79 -28 5 -96 -16 15 75 -90 -26 -78 82 -20 32 -35 24 8 40 52 -9 -48 -25 -78 49 99 -32 -30 -83 36 -15 4 56 93 93 49 -68 94 40 9 -95 -24 -21 65 66 84 -13 74 -89 -56 82 25 53 68 -73 -37 16 -22 -96 -20 -4 93 66 60 -33 -49 -11 -86 -61 39 10 77 -32 -59 -54 -93 5 -49 93 -68 -80 -93 71 -59 -68 -37 42 -36 4 -95 -24 -85 17 24 72 -60 -94 46 -26 -93 44 65 -88 -94 4 54 96 92 18 26 10 23 -50 -24 18 -1 -2 -61 -18 20 -47 3 62 73 -63 29 -75 -53 -67 -10 -78 62 89 -7 -30 57 17 -88 13 -32 93 62 99 92 -45 18 53 9 -44 -71 -59 -87 38 -42 -70 -8 58 -79 28 -41 -26 41 -21 -10 -72 -73 49 84 69 -21 -29 53 -67 68 15 40 21 73 58 57 93 73 -6 94 35 -29 56 -19 40 4 49 5 -91 10 6 -80 -37 43 -72 31 -51 0 -94 76 -5 58 48 18 54 -78 57 71 19 18 4 1 -16 74 -46 2 15 -50 -54 74 -75 -87 -59 -13 9 -21 13 -7 -48 -32 -94 -80 -52 -90 -29 -6 68 2 -49 -10 -55 -84 80 5 56 -43 -17 44 -88 -46 -91 -51 48 81 80 -47 -26 17 72 -42 -38 1 98 -52 7 11 -6 -76 46 -24 -32 -88 38 74 53 -15 -23 -50 56 34 -54 -58 -68 -61 -44 35 21 -89 77 11 -80 17 1 35 49 69 22 45 66 59 -95 30 -21 -92 -25 -61 18 -30 63 20 84 12 45 -91 32 69 -27 55 21 -59
19 89 92 41 -14 -35 53 -76 -31 32 41 54 -30 0 -53 51 63 10 -14 72 -81 -52 42 55 95 -12 -96 -47 -61 -78 -36 98 55 29 55 49 -18 30 -4 -52 -35 -38 -91 63 -49 -86 92 -88 24 -87 -54 44 56 76 -7 28 -83 -55 58 33 69 18 77 25 -3 -2 -73 -75 85 55 49 -10 75 76 57 -74 -87 22 23 66 68 -22 -19 69 13 82 2 55 -45 84 90 -99 44 47 -84 81 80 -42 -22 23 -27 -1 -91 -12 -32 -51 85 75 70 53 -7 -67 -33 53 60 -57 -87 4 61 54 -25 48 -23 -72 7 86 -13 -27 53 63 -85 70 29 33 29 25 -74 -18 -73 48 65 -1 22 84 -35 -93 -73 43 -47 11 47 61 17 6 11 -36 -23 -21 60 13 38 74 77 21 -64 -20 -98 -6 84 -62 96 29 -20 -96 -20 98 56 -14 76 -41 -77 30 -29 -52 28 -25 59 97 -90 -72 28 75 -90 7 -55 -3 84 59 -94 -10 -12 -91 -91 6 -53 54 7 24 17 47 53 40 83 -9 55 57 55 -76 91 -7 -87 61 -80 -9 -40 -88 -80 64 90 -2 -98 -70 42 65 -28 -85 -54 -39 6 22 -16 34 -41 65 -42 71 -86 57 -17 -93 -5 -72 12 87 87 -22 39 -4 93 -62 84 25 27 20 31 81 10 -72 -41 -80 1 -72 -83 69 11 -63 -26 45 -11 66 -47 89 22 -12 24 47 36 22 -44 15 -33 98 -6 80 -49 8 -23 -75 34 79 86 50 99 25 65 -9 94 -86 21 -91 -30 6 -76 -78 -47 -72 -72 -6 7 -61 -71 79 -8 -89 76 65 7 53 -27 -42 30 -56 3 95 -74 -24 47 -93 87 -31 35 -35 6 40 60 25 9 44 -49 31 -99 26 33 98 -37 51 -88 44 10 90 -91 26 -28 8 -80 -15 1 -92 48 -9 -24 -3 -45 56 -7 -38 0 -35 -64 85 -36 52 16 -12 -70 90 -35 69 54 64 8 -66 47 -84 -2 -23 -87 -44 65 -59 -13 -93 26 99 78 32 75 -42 -15 28 -77 46 -59 49 70 -33 68 93 -47 -83 26 28 69 35 25 -45 -53 85 49 -76 87 51 23 58 39 42 -41 26 -77 -54 4 18 -17 97 -46 -72 -81 -61 -71 24 -56 79 -84 63 -95 96 -70 46 -12 -7 96 62 -34 11 90 -21 -20 -31 -44 0 -74 -85 50 76 -43 -72 68 62 -11 66 59 -54 -30 70 -71 -7 -83 67 -62 -76 93 33 -64 -66 -12 98 -26 98 -70 -9
-93 -57 -68 -10 -20 -55 38 95 69 51 -13 47 -76 39 -35 -96 97 -66 -80 39 -34 -87 70 -60 -32 -10 -64 -23 -54 -1 40 14 -8 41 -58 46 -44 -41 33 32 -87 -68 86 95 67 -58 -98 -7 75 0 66 -78 -49 60 -62 14 92 -51 -54 -83 40 57 -52 70 75 65 -7 57 -74 -51 -54 37 -19 -15 -93 -41 67 79 -83 -85 93 61 -44 35 17 37 -39 -78 -21 17 25 78 -70 -1 34 -5 -95 40 62 -36 43 -37 -92 -33 -71 99 89 -98 10 -20 98 -68 97 -37 3 17 -2 59 72 -94 -7 17 36 3 -59 -18 36 -76 -44 -9 -1 -91 -26 -86 -37 68 25 -18 -89 10 1 -94 -38 -53 25 30 15 88 83 44 -98 54 73 53 13 -30 32 33 -34 -97 -46 -4 3 61 -77 97 7 68 31 33 -80 -73 31 7 42 -83 -91 40 -74 -24 83 -52 -83 -94 -55 30 -13 22 39 -79 -97 -51 72 12 -76 0 93 -29 -75 -21 68 -7 -45 26 42 48 50 -50 76 -69 -61 -32 -97 40 35 -11 87 33 -68 80 -52 33 23 -68 -99 89 84 -71 72 34 -81 -51 -44 -49 -14 -44 10 -4 41 -7 -14 -71 78 -66 -10 -96 -34 -32 71 -53 -21 59 -80 44 66 69 -20 95 -30 -53 -87 -10 93 -2 -67 76 -74 82 91 -92 86 -31 -69 7 88 -24 46 29 69 -65 52 18 -3 -8 -98 70 -44 -76 80 -4 -87 23 22 -19 2 9 -16 59 4 -68 52 90 89 -69 -77 95 44 68 -66 89 -89 -44 65 15 30 -56 99 5 70 -97 61 -49 -62 -54 -58 30 -80 -77 94 -56 8 93 -40 -61 -10 -30 -59 -49 -7 -32 98 -87 7 -47 24 -50 26 -74 -68 -91 88 -63 19 36 -69 92 -89 -2 -44 30 -17 5 -19 4 22 68 -25 12 63 -26 30 -3 59 79 88 77 -42 78 80 18 -69 -86 81 17 51 67 0 87 40 69 17 -10 -46 -46 -20 85 -52 -75 34 91 12 86 -82 67 -31 -73 49 -83 19 58 -38 70 -84 -32 19 59 -92 -79 -68 43 -43 -40 37 -48 -22 64 -19 59 20 6 -52 0 88 -80 -25 -84 32 -12 -71 -21 -32 44 -6 73 -55 56 53 51 -74 -6 18 22 -38 63 8 84 -87 1 -17 93 -29 -63 17 -86 17 -7 80 98 28 -56 54 86 -82 23 -25 66 -5 33 43 18 90 14 -92 -10 76 98 39 23 35 -55 71 -76 -43 95 -91 70 48 -17 40 87
28 -12 -53 -75 -98 4 65 26 96 10 -68 36 -9 53 -47 30 -85 67 71 79 -77 -29 37 14 16 52 61 5 -21 -83 82 -97 -61 -53 -17 -59 84 95 -49 -39 62 -32 27 86 -39 -4 -46 72 82 -16 -33 21 -86 -5 49 -35 69 19 -3 10 -78 -71 -96 -17 -4 91 -21 -88 -79 -78 -20 -79 -92 84 60 76 31 -47 35 70 -60 21 -81 1 5 -25 -79 94 71 20 -65 -34 -34 -72 -60 20 14 71 -40 -68 35 -35 -79 42 1 -42 25 71 50 40 -21 -23 29 14 -98 -46 78 32 98 5 -14 -99 -66 -25 -53 -95 15 -20 65 53 -62 10 72 -20 -62 -56 14 92 -14 42 -49 -83 80 -23 75 81 78 30 90 52 61 26 38 41 23 -19 -63 -94 -75 8 -27 -90 8 -76 -93 -30 16 14 18 27 -92 -3 93 -17 -75 31 2 11 -6 -72 81 5 -2 32 9 82 -59 84 43 -91 77 -71 48 63 90 50 43 84 -72 -71 80 1 35 88 -5 -38 42 67 26 -87 -77 -75 -34 32 76 -72 -38 41 29 -22 -29 56 18 74 11 14 -39 -29 -23 95 59 21 18 -3 -7 15 32 58 88 -87 93 6 44 58 54 6 -80 96 6 -91 76 18 -11 20 -3 99 76 88 23 8 50 87 85 -73 12 -78 -55 3 -4 -39 -11 -23 93 -64 0 -12 -19 99 -6 24 -88 -48 3 60 -97 -28 -68 -62 58 79 -30 -2 -78 76 74 -95 -10 82 -1 -7 93 23 9 -23 81 -46 17 48 -84 5 83 -23 -98 -5 -39 59 2 5 -42 85 -15 -30 -91 -40 -94 -75 60 -17 -11 -39 -85 -82 5 -79 -45 65 69 83 34 -43 21 -73 -49 -61 -13 -23 -48 -82 -35 34 13 -94 -57 -57 -90 72 29 -64 63 72 -94 -80 -17 48 93 10 -98 79 -57 -95 8 36 -29 -61 39 77 -53 -49 69 -8 -26 5 -63 -58 21 -94 70 -24 4 72 90 52 12 60 31 8 -49 -73 -76 -72 40 -55 -51 -95 88 -27 -87 -33 -30 -69 -39 -71 -82 -44 98 51 -94 -83 6 44 37 -50 96 -35 39 40 -75 -89 -78 89 38 -92 47 28 97 -66 -76 15 5 58 -19 73 -87 39 42 -18 0 70 -3 54 61 74 -53 80 -64 38 -78 2 -14 -18 8 -50 58 -30 -38 -3 -30 53 95 -78 59 98 11 28 -8 76 -3 61 -13 64 41 -92 79 88 -99 -69 -52 -79 86 29 -81 -6 97 -7 -62 14 -29 -27 40 47
73 73 48 -17 -58 92 76 24 -51 -99 -36 68 -29 74 99 51 27 -60 37 71 -98 13 90 95 -25 -72 17 50 9 7 -46 -3 98 13 52 -29 -15 -7 -21 -65 48 91 -38 -9 54 79 -70 34 -35 -41 26 83 33 -87 92 -21 -1 -95 25 32 91 -73 56 -47 97 -63 -36 -71 -21 -19 -69 68 68 53 -73 11 97 -57 -56 35 11 -44 -59 48 -86 39 -62 -73 -86 -8 68 63 24 32 76 -82 2 44 -57 93 -43 53 -42 33 -79 -22 16 14 25 -27 76 -59 -51 32 99 -39 -28 25 -62 13 -55 71 69 -97 -49 94 -75 35 7 27 -79 -52 -67 18 72 56 64 70 48 -6 10 -72 -43 -53 7 87 -48 -10 72 -54 34 -41 57 -72 24 -80 -3 -86 58 -2 -72 52 31 6 49 -46 0 61 27 -1 -17 1 65 68 -54 -69 99 -29 -25 -74 -4 23 -18 -87 18 0 -98 -93 -28 -95 -85 20 74 -3 -77 8 51 44 -76 82 1 -93 -45 -37 -80 -74 -96 -5 -4 -65 -16 -83 34 -17 -53 -90 -39 -17 -80 -93 91 -96 5 -70 17 47 -99 -4 -94 24 -27 1 -9 -57 -96 47 36 -49 -73 -25 -80 -56 -43 50 -12 -84 0 -77 83 24 -88 -43 90 -42 65 5 -81 -4 -80 51 2 24 -89 58 -61 96 -7 45 -34 -54 -7 54 30 19 86 -33 43 81 -98 2 61 -37 -7 -83 -55 -86 26 -8 81 -96 51 -51 13 -7 -9 50 45 -8 90 -6 27 64 -23 76 65 -37 79 55 4 -18 -59 30 -43 43 -92 1 31 35 31 -88 98 -57 64 67 -95 -61 74 44 25 16 90 37 -86 -44 23 -88 -82 -10 60 21 -68 43 35 -18 -56 13 41 2 11 -66 -37 -42 80 -34 -83 74 73 61 -73 -69 44 -20 -52 63 -16 -36 48 47 55 61 19 88 -56 19 96 6 55 44 -70 79 -42 5 -20 -74 -38 -41 -26 -45 14 -94 82 -20 85 74 59 82 -93 49 27 -77 33 87 -28 -46 -66 -77 35 96 -9 65 42 -38 -23 23 -59 10 -69 0 -31 -25 75 -43 -43 5 -81 77 -75 -85 -65 -84 18 -5 -10 45 24 -91 -73 -37 31 63 75 -2 33 35 -74 51 41 -15 13 12 -54 -94 36 86 -10 88 68 61 65 28 -75 6 -59 84 34 0 -50 -35 -77 65 28 85 -38 -62 52 11 -48 -86 68 32 -7 -95 -92 -47 -1 2 36 55 -75 83 83 -91 -89 -97 69 80 -84 -42 -10 13
21 36 -38 -33 60 57 1 -46 19 74 -82 -63 16 82 -73 -64 6 53 89 -15 -61 -77 -80 97 64 90 17 58 -82 98 -80 63 -65 36 40 -50 -94 96 5 -39 -52 7 54 2 -35 -35 -30 15 -66 -13 -87 15 12 47 54 69 39 -13 -42 71 2 -75 -40 -90 11 -64 -53 -34 88 27 -56 99 -63 64 -64 42 -9 55 65 25 -83 -83 -29 98 -5 97 -54 26 -68 -56 38 63 29 -31 -45 -84 69 -46 -85 25 59 -96 99 67 -39 61 -49 24 -72 54 -55 33 -53 -52 -4 -5 53 -79 74 -95 5 -90 -64 -48 58 34 66 -24 -46 -53 78 69 -94 -35 30 11 -41 -64 -9 -25 61 22 37 4 -11 -60 -40 8 -95 -90 55 -84 -82 92 47 39 -63 76 59 -34 -72 -47 -29 54 67 -4 -79 81 -28 -50 30 26 -73 3 82 -15 9 98 40 -72 43 10 50 57 -64 11 66 -94 97 -76 54 -91 67 -34 -59 52 -37 22 87 64 75 -74 92 69 -64 64 -35 -93 -21 -67 -37 30 34 9 59 -57 -35 -15 -86 -27 17 -6 21 -29 91 0 6 19 -67 -90 -85 15 39 21 -75 80 65 -46 61 -53 9 51 -86 80 -39 -86 -64 -36 -3 53 -56 43 79 -97 6 -8 -93 -42 -76 40 62 2 -96 -40 1 -86 -38 -63 15 -45 26 -74 -84 -36 -88 -19 -39 -21 -21 10 6 -77 -63 -50 35 -33 -87 30 -59 -11 75 -12 97 -63 88 -81 96 -19 -83 -55 85 -31 -34 -82 3 -93 -24 -90 47 44 99 77 51 0 -15 -94 88 39 -34 -45 56 51 69 -53 69 -59 -71 -55 -55 -97 -81 91 27 -33 -50 2 -15 6 54 95 -71 6 8 -64 47 -40 92 82 -4 -49 86 13 -1 34 6 74 49 61 -89 -76 -77 71 76 -39 -77 -71 43 51 -97 -79 81 -3 -73 -79 86 51 88 63 35 64 -98 10 -41 -86 14 88 34 -8 88 -54 52 77 37 26 -10 -26 -35 -76 -25 57 -45 65 -69 -68 24 17 -19 -61 -65 -88 -98 99 -89 -40 -90 -57 11 5 -69 87 70 67 -29 -72 46 50 23 -14 -12 -26 75 -59 -11 -19 -21 26 98 -36 -19 35 -4 26 31 28 41 77 -62 84 91 59 99 -6 84 11 44 -22 49 -74 -24 -22 -11 92 64 -26 -38 99 24 -40 -40 60 0 59 -13 48 -98 85 -19 27 70 43 -90 46 18 33 -98 68 54 -92 37 22 -62 99 -16 66 46 51 97 30 30 -53
-30 97 -43 -54 -23 7 -37 48 -44 62 -88 -4 72 -70 47 -60 -34 -88 90 -29 -94 -57 -21 39 40 -71 41 95 -35 -33 52 36 -68 58 -37 6 -47 36 14 58 43 -71 -2 -27 -65 87 75 77 60 90 -44 66 61 -47 88 2 59 -28 36 55 62 -9 -16 59 4 72 94 20 -85 95 98 -54 -34 67 -29 -16 97 36 -71 -20 43 -30 -89 64 99 98 -86 -73 96 16 75 28 1 47 77 42 -89 -49 41 9 -25 -91 43 66 -42 51 43 67 45 -92 95 97 31 -65 -74 -19 92 45 3 20 28 -44 49 10 67 -30 -77 58 -3 28 -94 9 -56 -19 16 15 5 -20 33 -54 67 -14 -78 8 29 69 -80 -77 -1 -37 -25 21 29 -4 68 -72 57 -47 30 -93 24 36 -50 30 -35 52 93 11 38 -46 -25 86 17 6 -66 27 -66 76 -31 -32 -40 -75 -2 93 -59 -49 15 -53 -36 -46 24 55 32 -11 25 0 -28 77 28 72 22 -43 3 66 20 -34 -19 -25 -28 94 -26 53 -57 -51 -16 -9 -62 -76 -36 -78 -11 20 -91 -31 -35 -67 34 5 89 -32 7 67 51 17 -95 71 86 -9 45 -25 -35 -98 5 -43 -97 8 -10 67 -27 60 30 -7 -14 -31 -57 79 97 -60 -53 86 4 55 -66 23 -25 -81 -60 61 48 93 -12 -98 5 -81 49 -3 89 40 -32 82 32 -63 -74 46 -53 16 65 -41 54 91 24 -90 34 39 -79 -52 7 8 -29 76 96 3 99 51 87 35 -10 -97 50 96 -40 -5 31 49 -91 59 95 27 89 76 44 73 -89 -56 -50 -16 34 -68 77 82 34 -61 -16 2 -62 -57 86 66 -94 14 90 67 97 12 92 -51 -17 -79 85 -74 3 -26 -62 33 -34 2 -84 13 -14 45 -17 66 69 87 99 96 74 -82 84 41 41 -46 21 76 -36 -19 -49 16 -6 37 5 43 72 -34 -73 97 88 90 -29 -20 83 -29 -87 -61 63 -86 -48 -3 99 -21 85 -95 -39 -12 48 -77 51 25 -57 39 83 94 -85 71 -24 -22 -67 -82 5 5 -71 11 93 87 -70 19 -43 35 61 -76 97 50 11 46 -74 -90 -50 -94 -86 87 68 39 88 -89 -46 -69 88 96 57 76 89 -59 80 22 8 -25 -81 -82 35 -41 1 -58 38 -83 7 13 -93 -68 54 71 78 -31 -99 -30 90 7 70 -54 62 16 -84 -78 12 -55 -12 -87 -36 -69 88 54 -46 39 -84 -87 -40 20 65 59 -29 -70
39 15 -68 38 -55 -59 -65 56 -37 -45 31 6 -45 -91 -33 -94 -48 51 53 54 82 1 -86 -39 45 -35 -56 -12 -44 26 -86 30 -5 -33 80 -1 18 3 70 0 -52 85 26 -73 1 -74 -83 32 19 54 -28 -73 -22 -5 -47 -22 -60 95 55 -97 29 -47 -11 -38 -1 -56 13 43 75 14 51 70 7 81 32 -22 -20 98 90 61 -2 -30 -45 96 27 74 89 49 44 85 55 -45 -31 -45 21 -11 61 29 78 -47 -84 -83 -56 -7 48 23 -55 31 58 84 47 -8 98 99 -61 27 54 -6 32 21 -23 54 21 96 -60 23 51 51 72 53 4 -55 -2 -23 23 -36 71 -98 -55 -66 -62 -32 -31 -86 46 99 22 42 -41 -70 -57 9 -40 7 -61 23 -30 -89 -44 17 -41 93 -7 90 2 93 66 -5 95 68 20 -16 34 19 -60 -98 93 66 -80 -64 -95 -15 47 31 -4 99 26 -89 97 -85 58 -81 -76 -14 66 98 69 -26 69 54 93 -26 64 19 26 -50 28 -40 96 39 24 14 -69 -8 53 40 -21 25 58 95 19 -8 -3 -72 39 98 92 30 77 -81 -84 90 96 -4 -56 37 -90 -42 96 -92 -85 41 60 -44 77 84 90 -92 -54 40 35 -44 82 -10 -36 -53 37 68 -16 92 8 22 -21 24 -24 53 24 -57 17 -2 -58 -15 -55 29 26 3 -8 -29 -14 72 21 -13 32 -83 97 25 51 -27 -13 92 -40 -15 -25 95 29 75 26 96 39 0 -83 88 -15 -99 26 71 81 -94 -97 82 -20 93 -83 -46 -90 -89 -1 -50 -11 -79 -94 74 -46 -81 -75 -79 -17 -83 51 47 -43 93 -26 -71 84 18 -17 -74 -13 -17 55 86 -60 61 -9 -13 -44 -64 68 -71 -56 49 24 37 -74 95 94 -16 76 94 -17 -12 62 -3 93 64 -61 -36 -74 71 -62 -10 69 -34 73 -97 40 48 71 15 -60 -69 93 8 6 60 -34 15 -79 -15 -94 16 39 47 -22 -62 -10 47 -98 -27 -70 -81 -73 6 48 -48 22 -31 56 -23 -62 89 -58 -47 -2 -94 -36 86 -16 -34 -92 38 -96 48 49 -88 -37 -54 2 -55 -61 95 -90 73 -61 -97 -98 -96 57 39 82 -54 22 43 -87 83 -95 89 -35 -56 -8 -47 -86 -6 79 11 -53 -71 30 42 84 -75 24 -75 -91 -23 5 -50 72 -3 24 20 -21 -80 -78 -52 -40 8 -76 43 -92 24 -86 -85 -90 44 65 -75 -68 -50 -30 77 -4 -83 -41 80 3 1 42 18
63 74 98 68 -15 -17 -79 85 -39 88 -27 -4 -67 -84 -17 66 -92 60 30 3 30 94 -42 78 75 29 70 64 -57 -59 2 22 -72 20 -21 72 -67 53 -86 -30 94 -23 -63 32 -30 69 -97 30 84 25 -63 82 -99 -75 -59 -12 -95 -65 -60 -28 64 60 -31 -37 65 -58 -93 -28 40 42 69 -89 16 82 73 -17 -27 48 61 -7 -49 63 -11 9 35 -27 -86 -18 -18 56 57 67 98 69 12 -82 -58 93 -64 -67 19 -14 4 78 49 -60 43 -68 97 26 -76 35 -38 -71 -39 14 -37 98 -72 86 98 -15 67 -95 75 -27 23 4 -58 39 80 -70 -17 -29 52 56 21 75 73 -11 42 -29 -83 79 -30 -43 2 -38 93 -52 -41 19 69 -9 -14 87 72 -21 -11 67 -6 15 -6 -52 -24 11 -68 -21 83 45 96 -28 -42 -43 -21 -75 -70 -17 -94 49 -9 37 -30 -20 -32 30 96 40 -4 85 61 -51 52 24 90 55 17 -57 16 0 21 24 67 -15 -30 -3 -10 82 -97 91 -1 -76 -34 -61 -81 30 22 0 -17 -60 -66 24 53 -82 -91 54 20 -73 -73 36 -22 47 -2 -96 -87 75 79 60 -98 33 -80 60 -13 12 37 -21 11 -71 2 95 31 63 76 59 93 -54 31 16 42 -35 57 -33 36 -55 -98 -79 59 -98 34 -49 -20 -20 20 -62 23 86 -95 24 -29 22 -91 -61 38 8 37 99 11 90 26 -31 12 -80 88 71 -94 -82 61 -94 81 15 51 -96 -90 -77 -76 96 -1 66 -17 -28 38 8 3 -58 -53 -50 83 -76 -39 27 -84 29 -95 -85 -8 16 -24 78 55 62 -57 -52 86 -88 -53 10 46 40 37 -12 61 63 -53 -87 -66 -43 -22 78 -39 -40 13 -23 -21 -2 73 -85 -86 48 32 69 -53 76 -64 50 -20 -19 45 9 -87 56 13 -31 72 -67 -2 -7 -12 18 84 -95 93 64 -65 -99 91 58 88 1 86 48 -1 -83 -55 2 90 -8 92 -17 -58 -24 74 27 51 -48 77 94 -78 -37 -93 37 72 -37 -48 -51 47 -41 13 -84 -41 13 72 -57 82 -44 60 72 -43 87 -62 96 -78 -97 -2 -2 -36 -29 -41 49 70 77 -51 -97 33 94 87 -95 26 19 34 -28 71 67 -63 -25 99 -81 59 20 34 -95 -72 -80 -36 -69 2 35 -13 -1 12 3 -35 -53 -64 4 40 25 3 -80 8 79 -90 -52 66 -96 -13 -82 -71 18 93 -56 -65 82 67 68 1 83 -79 36 -1 -79
-75 37 19 -8 -59 43 -75 -18 -42 -28 31 91 15 92 95 -44 25 40 69 86 88 45 40 -98 70 86 14 -95 -15 32 -34 -88 89 -91 -25 -7 -44 -20 -38 -85 -4 6 86 -57 -93 39 -92 47 39 -63 4 99 -17 -98 -39 -16 28 -40 21 66 74 56 35 24 36 -8 -14 -27 -28 28 -35 24 -41 39 -76 48 8 -29 28 -37 17 52 62 -41 -32 -65 85 93 9 -56 -48 -64 41 -72 -37 -20 -18 33 38 4 81 -78 15 -31 -93 -25 13 -55 -17 -82 -67 42 -98 -16 -24 94 -37 5 -2 67 -10 42 39 -85 -20 -12 33 81 50 -95 14 -38 0 -65 -22 -79 14 34 43 -32 66 61 -87 73 -36 73 -46 3 52 55 49 -53 80 -30 41 -68 19 34 -5 9 74 -17 37 0 97 2 92 -49 91 46 -86 -13 -36 -36 50 70 59 36 -54 -32 -5 -7 12 -98 41 -10 -28 -87 29 37 1 -1 -35 -25 86 -74 -94 79 -72 32 21 -49 9 -6 7 97 -84 -31 -64 -85 -21 2 -48 -67 -74 63 5 -56 -47 -20 18 -26 -20 -26 -72 5 84 69 63 -78 68 43 9 -53 -40 57 74 85 -46 -65 74 -88 42 78 -1 -86 1 69 86 -11 -56 95 94 -90 33 85 29 -98 -18 51 -68 -91 -5 39 -9 -10 -44 28 70 -67 -98 -65 -51 -26 -66 -13 73 18 -65 14 79 -82 -34 3 -59 -64 -16 -13 -98 47 -67 -15 -71 -89 12 -32 -12 -32 -76 -70 -63 -49 4 -49 83 -72 58 -67 51 -96 -87 43 -4 -11 70 94 87 -14 -29 -53 -75 34 -1 -72 97 47 24 -81 39 93 -35 49 -83 4 -80 -82 53 4 11 27 49 -47 -54 97 94 -39 97 -76 -76 -74 29 87 59 -12 -26 3 -57 -59 50 -55 -6 22 41 57 -66 8 -12 69 -45 2 78 -25 54 -52 -40 52 55 -89 -24 -95 94 56 -83 -28 93 -67 1 -69 59 62 94 -52 -38 50 -99 -61 -68 15 29 19 -30 62 -29 -62 -59 87 -7 92 -45 75 -71 79 -81 -4 49 22 -76 75 -34 -75 -61 3 -84 22 22 56 -61 63 -98 22 69 31 17 -92 22 13 -99 7 -37 13 -18 47 35 31 37 9 -86 52 43 11 22 -94 -64 -90 30 86 -17 69 -68 63 -94 -81 48 39 37 -60 78 59 78 94 -74 5 28 25 -43 -77 -47 72 -69 -83 -78 26 25 -84 -20 -22 57 84 81 90 83 -15 -98 93 -27 -14 -19 29 -78 74
-58 -83 -69 -20 -60 -50 82 -53 -46 -19 65 91 -37 21 96 43 -39 -69 70 -38 41 -88 -74 81 28 -75 15 -79 -87 -96 47 -4 31 -79 43 1 80 -73 -86 -22 46 -3 -71 67 85 -86 99 -38 16 83 -92 -25 -6 75 6 40 61 -35 88 -52 -51 40 84 21 8 32 -14 77 62 7 87 44 -70 92 -10 28 -13 98 20 61 -43 -32 67 -92 67 -52 25 -85 -22 49 -8 94 -70 -84 -19 -42 -70 20 -61 -31 70 -56 71 -26 -54 94 71 -72 6 -55 -46 -7 -49 90 52 66 -45 -71 67 0 -11 42 82 28 60 76 -54 76 26 -27 -83 -16 -2 -28 21 45 47 -34 23 -71 -28 5 -76 -91 -43 -75 76 7 -30 89 14 -63 -56 -18 -75 75 26 33 46 87 -35 -92 -3 -78 23 23 -98 8 50 45 52 -78 -79 -98 10 -14 -18 53 98 -52 -92 34 10 -28 17 -45 -97 35 63 37 23 -18 23 99 16 -64 -29 -44 11 -80 70 58 -21 83 -30 80 -41 24 -78 -70 -53 23 -70 -1 63 -83 80 41 24 -74 55 -14 44 -66 29 -88 32 32 -21 -64 10 18 37 -11 -92 -41 -53 21 -21 83 29 57 95 80 53 84 -97 -77 68 -76 -10 14 73 -10 25 76 49 -75 -25 -18 -14 18 -71 -88 33 14 9 -8 -9 -16 65 91 0 -42 62 -18 -8 71 -31 43 65 -92 -23 -12 46 -65 3 -45 9 -7 -7 -17 94 -25 70 -89 24 -64 36 -83 -45 -76 82 12 -14 88 57 -24 -44 -31 59 -24 61 -26 30 79 -52 -9 -27 -8 72 -45 4 74 -90 87 54 49 49 68 83 -44 -20 60 98 -95 -92 60 85 -80 -58 -2 -64 -41 -21 75 22 54 -88 50 -28 -44 98 0 77 13 97 -80 8 -40 76 -4 50 -16 -34 20 28 -29 7 21 -3 -63 -32 -95 91 65 82 -29 -30 79 -41 95 7 72 -65 -49 40 23 61 34 58 -42 -52 -81 29 97 69 -21 72 93 56 -89 -46 -43 49 90 96 -83 -54 -84 0 55 -37 -59 -96 13 24 2 7 -87 38 49 10 22 89 -84 -47 99 -99 76 -72 -27 84 12 -16 -90 67 29 -26 96 -76 -59 -16 -27 -31 -82 -69 -54 -69 -4 -92 -60 63 91 -38 -62 82 -71 -15 64 64 -92 79 -63 93 23 -73 27 11 -73 -35 65 -33 22 -5 -95 -7 29 -60 10 -4 -63 -88 -96 95 -16 86 -18 17 40 -53 81 -17 32 36 64 67 -8 -40 -23
7 -84 -33 -9 10 62 96 -56 -77 -85 36 -82 -78 19 26 37 33 -16 -46 80 -8 -90 -64 -22 -40 -90 46 50 57 71 -31 -42 -74 26 96 -40 -42 71 85 -26 -96 -98 -32 -38 -34 82 78 74 19 -26 -43 -17 94 -83 -89 69 76 19 -63 42 46 42 -48 -81 -2 -11 41 -95 -15 85 19 -14 99 97 -62 -69 43 -83 84 -46 32 21 80 50 74 50 90 -28 85 82 -38 91 72 -7 66 57 -70 36 -38 5 71 -49 19 -63 -59 37 33 -61 86 -5 -44 -58 59 -75 -57 -50 46 62 87 -20 -15 86 70 -4 -82 74 19 38 64 -63 -9 -4 -18 39 -75 -41 -56 -14 -15 59 -89 90 -64 40 61 -80 21 -30 -8 -49 -68 -51 82 -87 1 21 38 -70 16 -34 -33 -22 6 90 27 44 -6 94 -2 67 -81 -45 99 -75 -91 63 24 69 -46 52 -16 -59 -79 -13 -92 -89 -14 52 -19 -91 -77 51 71 89 -92 11 -5 85 -88 2 -86 13 52 -33 40 87 85 91 59 87 98 32 -62 60 49 -85 13 85 -26 63 -47 -47 8 32 -69 -18 -33 -16 -24 8 4 24 -1 38 84 25 -76 99 -61 92 14 41 38 -84 24 30 40 -2 -94 80 -89 -81 97 19 77 52 80 -53 -82 -62 -38 10 20 74 -79 -35 -89 -10 -27 2 94 29 -61 94 -64 -17 64 -98 -10 32 -34 -58 -26 60 76 20 25 -67 -41 -90 3 -70 67 -97 11 76 87 -58 -18 80 -32 -68 26 4 70 85 95 8 -72 62 -50 24 -32 28 6 86 -7 57 48 -15 -56 16 79 27 -45 -52 59 -23 24 95 47 -49 89 36 40 -59 1 12 -48 -2 -30 -86 -84 87 39 -41 -38 -94 12 -28 -4 -23 15 52 58 3 -60 -97 47 5 -61 48 -17 48 -85 36 -7 -45 39 -43 -70 5 41 6 -97 18 -72 68 -90 13 71 60 -73 28 -79 3 36 54 15 -75 54 -12 60 81 83 -62 51 3 -78 -49 -29 -60 19 -7 54 69 -88 22 14 -30 -74 -34 61 50 73 0 82 75 -55 36 -87 43 18 -86 -93 -24 54 45 -36 -81 -47 -44 -94 0 34 35 80 45 -95 -17 -89 38 92 91 68 28 24 35 -48 12 -53 39 -35 -8 -94 -59 -63 -69 -80 -99 -2 54 -33 19 8 -65 -58 82 78 78 -18 -79 11 56 1 -34 41 -85 28 -91 32 38 -36 -79 42 83 -3 -27 -52 80 -27 26 80 -17 -84 -81 27 43 -21 90
57 6 80 34 91 85 -61 23 76 -54 -88 18 41 -17 34 49 -63 80 -98 16 8 31 -38 21 93 -41 15 -88 -91 20 26 -88 -92 12 95 74 -73 22 21 69 28 40 48 84 95 84 -73 -35 -73 58 97 -2 77 35 -57 -69 -77 -60 -94 -70 37 -31 70 -82 78 -98 17 -29 -41 -94 74 -3 68 -51 -79 -49 -29 -88 -22 -81 -58 85 -55 -2 -75 78 -29 52 77 39 7 53 7 -25 -21 88 -22 62 4 78 10 72 -85 -19 84 -31 -89 -19 57 75 -96 62 34 28 -16 -84 83 66 57 -30 52 50 29 60 5 -63 61 -2 -63 -26 -64 71 81 -99 -70 28 36 -96 -23 37 -9 -75 -52 -76 -15 -97 -35 -29 3 92 31 -33 -53 77 -4 -32 37 6 -75 38 84 -99 -91 -37 41 -86 98 -31 18 -57 -80 87 -28 -31 59 -88 73 -65 -26 -42 61 22 -49 -48 -83 28 40 -70 -53 -2 45 -97 47 -12 -52 -30 -54 -81 14 98 64 31 66 56 56 -78 -55 40 34 -32 63 17 -11 -99 -17 61 70 -86 84 30 75 4 -72 -82 62 -17 -34 49 35 44 -72 56 92 26 -92 -14 25 79 -36 25 27 -14 32 -39 -43 -59 -35 -19 -37 20 -69 71 -84 55 -5 -90 -66 -2 -68 -1 -14 -80 74 76 -2 -83 -25 8 56 -59 15 -40 -86 -81 98 78 -6 -58 -24 79 38 -84 49 19 -62 -54 81 79 96 7 55 -5 79 -63 -69 -50 73 44 50 64 17 51 -75 20 10 11 61 30 86 -48 75 -25 19 19 68 -21 11 -69 85 43 32 82 -5 -90 -39 -96 -47 58 50 -63 -71 -61 33 57 52 45 72 59 -4 -43 89 68 -11 -62 -77 2 -16 -6 0 18 95 -7 67 -11 -38 23 -95 23 -19 18 58 -59 26 17 94 -21 78 67 87 -94 -57 70 -95 92 -14 -94 -3 92 -76 -82 63 76 97 -76 -63 -55 71 -12 -6 33 -96 -65 -72 -7 -18 -49 56 -36 37 -94 -18 -42 9 -70 12 1 78 -53 86 45 78 -84 -62 -33 -10 -78 -35 68 -99 86 68 -99 -85 39 -51 -62 26 -60 -18 -42 -93 8 -99 55 29 -79 -94 -8 -86 -98 -67 40 12 71 90 -34 -33 43 -52 68 -11 74 19 30 7 -1 -79 -84 29 99 -68 -80 54 73 98 98 72 99 -25 -62 10 -45 -17 32 -97 88 93 60 13 81 -93 -67 -85 80 -50 52 -98 -72 38 -60 -75 -7 -97 91 50 -86 78 -67 42 31
-9 57 -12 83 -30 -47 -60 -9 -46 -88 -72 88 66 -83 -90 -63 -89 98 -10 15 -17 89 43 -26 83 78 -98 78 61 93 21 77 -68 88 -55 -42 71 -82 86 -94 -56 -26 -3 -58 -97 65 0 74 64 24 52 46 60 -83 -42 14 6 93 -88 10 83 -88 42 67 -81 -75 54 28 72 -87 45 7 -1 -35 70 31 97 26 -70 -10 53 -23 81 -81 19 -88 11 -17 38 78 -91 41 99 63 -68 -58 0 -2 46 22 33 15 -75 23 -78 96 -24 83 -12 78 43 40 -74 11 -48 -9 -65 -96 56 -3 49 57 33 78 -97 -56 34 -33 -99 1 1 55 -91 -61 22 -84 61 -58 -83 89 74 38 73 63 -87 55 63 9 -25 -84 -1 18 -29 -70 -65 60 66 93 23 -24 -44 -18 51 21 -90 35 49 -46 30 12 55 -6 -20 0 49 25 -48 -6 14 -21 -20 -48 -76 82 -80 79 -28 53 32 66 32 -47 58 -69 -18 33 29 -3 -10 31 -56 72 -63 -38 -60 -99 31 -29 -56 -4 25 -36 -97 -92 -1 -1 -24 88 -23 81 -48 -58 91 -67 -17 44 -24 -70 14 -26 2 -72 -25 -28 -37 -16 -4 53 4 71 -71 13 -78 66 -99 59 -28 -43 92 -36 -68 -82 -30 -68 19 -50 -99 96 96 13 -96 -1 64 -87 9 35 74 -97 -19 30 37 97 46 -43 -6 -42 -61 0 86 -50 96 -75 -58 -10 79 -33 65 -9 -11 -22 53 -8 -96 99 -22 79 39 97 13 -74 93 19 31 92 -9 -78 -3 28 -67 -48 13 25 -85 -53 -3 51 -42 -70 -19 54 -72 -66 74 -65 12 85 97 -73 72 99 95 -64 27 78 34 51 -49 44 -84 85 83 -64 19 -4 56 -71 32 -97 -11 91 -24 -69 -56 62 51 -11 23 93 31 -58 -54 -3 -39 -78 8 -2 88 6 25 -27 -79 0 -33 7 78 60 -79 8 32 51 -11 -17 -8 -25 0 66 56 -13 96 95 3 79 -81 -71 -24 78 40 43 -30 -45 -37 -48 55 -25 95 50 88 -98 -96 -54 -80 -2 -94 24 91 -73 -63 4 -38 -39 -19 38 43 -42 28 58 8 45 -22 32 -11 -24 -83 92 -50 -95 82 20 -52 87 -65 -49 -39 69 73 39 -77 -41 93 -36 -66 33 77 -11 -61 56 -29 -87 -30 77 -43 73 41 51 2 56 24 -30 56 32 -27 -57 -15 87 9 -38 27 -72 -14 53 11 -83 61 -77 -70 -63 -83 -12 -11 61 -38 68 -43 -40 19 -84 95 76 71 -31
-19 -9 -49 -5 -30 -68 -73 43 -66 -40 92 18 -42 96 -92 5 -78 45 -22 -9 95 -64 99 -67 -69 8 -53 4 24 -3 8 -77 -25 -15 88 -99 82 97 50 65 -13 -43 25 21 13 92 -39 35 61 60 87 65 36 -48 -5 -79 96 27 -99 -75 -54 -91 8 -32 -41 -78 -48 22 -91 -30 -18 49 90 62 -11 -83 -62 -59 33 28 -75 72 57 45 -43 -73 -99 -31 -32 91 49 -72 11 41 -80 -14 -11 -27 92 -37 57 39 50 -48 -83 42 -26 51 -75 -39 96 -1 44 -70 -36 91 -12 -54 -71 35 -93 -14 -75 -73 61 8 -98 -47 -7 -99 -42 -84 -18 72 54 86 -50 -37 -98 -4 -54 -71 50 -37 -28 -96 -67 31 27 -55 -89 -35 -97 -54 -62 11 89 -39 99 75 82 8 -32 47 15 -78 -99 -25 89 -6 -21 13 -30 14 74 16 -56 9 -74 93 -22 22 -43 94 61 80 -53 -15 -73 8 -88 20 -41 -17 -44 -34 59 -73 -47 44 30 28 -92 -58 94 13 -55 -18 73 -84 51 82 39 -89 14 -83 19 15 -25 76 8 55 -45 70 -59 -17 -47 -42 -20 -89 94 -31 22 68 -63 -94 -4 65 29 37 -44 -5 70 32 -69 -20 -43 70 66 87 17 -37 29 -64 -69 -52 42 -64 37 -68 -28 68 -21 17 -48 -86 -31 -8 43 -86 -21 52 -2 -27 -26 89 29 97 -56 7 55 1 -62 33 32 46 26 50 63 20 -18 -91 18 -57 23 14 -47 -95 75 -71 -15 -27 96 91 15 -11 7 50 25 -13 -68 -11 86 -56 -80 -94 68 -80 63 -76 95 18 36 18 -28 -68 -51 78 -70 -41 63 -52 9 -34 -86 50 86 1 98 88 -69 81 -12 98 33 -46 -91 75 97 -54 54 -85 -99 79 99 -70 96 12 -79 -62 -60 -94 -95 -14 -1 -4 30 41 -13 33 -30 -32 75 86 55 83 92 -10 9 -92 -33 -55 -34 67 -59 -13 93 -59 87 80 67 -29 38 21 -24 45 75 17 99 36 -63 83 60 94 32 70 -1 85 -62 88 -97 75 -27 -52 -53 -43 -99 88 29 38 -72 -71 -19 86 40 -47 -6 -43 -40 -20 92 0 -31 -6 -86 -26 -13 -4 56 15 -23 -67 -96 -11 -59 7 -45 -84 -56 -81 -94 65 -71 17 67 69 -49 -88 -48 62 -11 -50 96 75 -83 1 -2 -73 -62 45 29 89 43 85 -75 61 37 -26 -30 4 30 -42 -36 42 21 91 -27 -57 95 -75 54 26 -76 47 39 47 51 58 -29 -81
-74 -84 80 1 -81 -43 80 -38 -10 82 -62 26 81 11 85 26 -15 88 -47 32 14 89 35 -4 -63 74 -24 94 83 34 -67 29 96 59 30 -45 -28 -61 -44 44 4 82 -8 -90 61 -7 25 -84 -8 -41 -14 91 17 -34 62 -89 -32 -94 65 8 -95 9 2 23 71 -85 -56 68 -43 17 69 -86 -13 55 31 -51 -89 65 40 93 -14 70 -47 -15 -23 61 98 11 -14 75 92 -78 -14 -28 23 -73 -69 1 49 41 -2 25 55 -46 99 62 -42 38 32 83 26 -7 17 11 13 -60 42 56 -59 -60 77 -25 -36 92 62 -34 49 -9 -78 -93 -70 -51 -99 -23 -9 -20 44 20 -7 70 -50 -2 -18 -42 -71 -89 93 -36 -97 68 -5 43 26 -72 -15 -86 34 -68 25 -58 40 68 -89 59 40 75 -29 19 -62 37 -13 -75 50 85 40 -7 -44 44 83 63 77 -5 80 -58 63 -64 -56 -4 34 -80 52 -65 -38 65 52 74 -92 70 10 84 17 -18 -61 29 83 -87 88 31 -9 1 -19 19 -58 20 -52 -81 -37 -14 -25 22 -20 -18 73 49 56 0 75 -73 -18 -58 14 32 -56 -93 49 -55 -24 30 16 74 43 97 -20 14 -46 -50 -44 5 91 -44 -59 -10 -59 86 47 91 55 83 -18 -11 44 13 3 -49 67 87 93 33 -15 -21 -32 19 -24 -21 -89 11 -85 30 59 -9 -45 15 -36 10 78 31 -56 -34 -29 88 -36 -1 -35 17 47 -21 67 -99 10 81 -47 5 -25 -25 -12 28 -40 7 70 78 55 91 57 5 88 81 74 -2 -26 37 55 -84 99 95 -80 -95 -93 -44 -23 72 -13 61 32 1 30 46 -20 50 -39 80 54 60 59 -7 -28 -95 -37 64 43 -2 32 -39 -8 66 -20 42 -28 89 35 -55 -68 -20 55 31 -34 58 -45 -95 -35 10 2 -49 -38 74 -93 43 -72 -90 -42 68 -70 46 37 58 32 -90 42 26 87 4 -20 -26 29 58 -14 -40 6 69 6 -42 -72 -71 76 -39 -9 39 -42 75 85 73 -48 9 -86 -8 -80 -24 -71 -99 -56 59 42 74 -32 -46 90 52 -34 -83 -31 -75 -11 47 -33 -90 -86 -63 -72 72 -83 96 2 71 57 59 50 17 -74 56 -92 18 -32 -41 73 96 -36 -71 -56 -71 -67 94 46 -61 51 33 -20 -42 85 46 73 -73 70 51 -76 13 -9 22 -25 -61 57 -82 -71 45 -92 70 -34 80 -83 62 -46 -13 -81 -23 66 67 86 12 -53 2 -93 -45
-83 58 -50 -19 -34 57 -99 -26 -89 85 -40 73 -84 78 -29 -25 1 -87 -53 -43 -31 -68 -43 -67 61 66 96 78 -43 -13 -85 1 0 60 22 -16 45 -50 53 -73 -46 46 -25 96 -56 -11 96 -13 43 -65 72 -6 -66 -22 49 21 -97 -78 -16 -45 51 50 57 -15 43 -25 50 -36 -79 71 -57 32 44 64 8 -67 34 31 -70 -59 15 12 30 52 44 27 43 -46 -4 -63 11 -18 -83 -73 -79 9 29 -79 57 -42 -44 35 -9 -76 -57 -96 82 -27 62 79 -84 -66 -99 51 -63 5 33 2 80 33 40 -76 36 65 17 8 80 -91 -41 -27 -9 29 65 -9 -10 -45 38 10 -32 31 69 14 -20 -74 68 13 -24 9 -97 -86 -38 0 74 7 79 42 -66 81 70 35 17 89 7 -65 -35 66 -32 -52 -15 8 45 -64 -89 93 1 92 -50 60 -33 -22 -32 84 75 -46 -31 -42 -60 71 34 46 -42 -90 -9 39 -94 -81 92 23 58 -1 -70 -68 93 -66 -96 55 29 79 -4 -55 22 49 82 38 -29 55 51 92 39 63 49 17 29 -23 -48 71 -70 54 40 -56 5 -83 -96 -35 88 -85 -16 -71 -99 -2 -57 -67 -45 76 -39 12 54 -38 -34 -28 -77 77 39 -33 74 5 -6 -48 -58 11 -77 -17 2 90 75 25 61 40 78 4 81 -94 -68 -65 62 -50 96 -7 -21 -95 -9 -33 -30 -65 72 -49 18 50 -71 81 -94 -91 -59 -32 -23 29 22 -75 -65 -27 95 -51 84 -20 -30 -49 -61 -43 -58 -20 -95 54 43 26 -73 -43 -78 90 9 98 77 -8 82 -8 -26 -5 -2 -97 -38 70 12 70 39 -32 -99 15 9 48 -93 63 22 -10 -22 -92 27 -15 11 62 -36 -31 22 -72 65 65 -95 51 -36 40 -8 86 -41 -28 -66 56 -32 -39 64 -86 84 96 91 80 -50 78 21 23 80 -6 80 -51 48 34 -21 -94 -36 51 2 56 95 85 -13 36 -91 -29 -7 96 -86 -62 32 14 -4 44 26 34 97 -95 -58 23 -69 -34 -55 3 -48 -11 -60 -96 -26 -54 44 56 94 -4 8 -11 9 -60 49 -18 15 -20 28 -62 30 74 -30 -11 50 14 -31 28 -23 -9 70 19 36 -32 -36 82 66 84 92 60 57 77 4 -89 39 -87 -6 52 72 64 -25 5 34 92 30 -71 -62 -45 -49 49 -14 63 -55 -50 29 87 -35 -49 -41 -52 -9 -89 70 -57 -8 55 -4 75 53 -12 -4 -9 21 -29 61 -91 -78 34
58 -88 63 -74 6 34 -33 -4 90 -11 23 -50 -97 48 -32 10 78 76 86 -26 94 30 52 90 12 -91 88 24 -50 -49 -20 -53 -81 -89 54 71 90 -94 11 93 -4 -7 -52 -37 -46 30 -84 27 51 86 64 68 -48 -88 -99 -76 -9 51 -37 -61 -53 -76 76 -2 85 -32 -39 -73 6 -5 96 -20 50 -81 -24 -29 91 -54 40 -27 -48 60 -89 51 -1 60 73 -62 89 73 -93 75 7 44 44 64 93 -18 -29 -42 4 79 94 -48 51 -9 35 -2 24 -86 -98 61 -57 -69 25 -13 -92 5 20 72 -21 42 -55 65 47 24 4 -74 30 38 -31 25 -78 -70 -53 96 -14 -14 -82 -66 10 21 96 -73 -9 31 98 68 51 72 89 -73 67 -48 -62 46 -79 -22 62 54 -80 4 36 -63 63 13 67 49 75 -32 68 18 -48 30 67 97 -2 -37 -71 5 -24 -75 -12 -6 85 54 -29 -30 22 -26 6 66 -89 25 26 83 87 -1 93 -27 -80 77 84 28 -75 -62 -21 14 -68 -77 25 84 -45 -24 -53 14 86 20 -32 52 34 -33 -85 77 -84 -93 -70 -90 34 37 12 -51 -94 -61 23 19 46 43 72 12 -19 45 38 -96 -79 -14 78 -89 -58 63 -1 -17 -87 64 34 -59 -63 38 8 60 13 2 45 25 71 54 -53 79 4 91 -8 -83 90 -1 -20 53 -30 -5 58 -88 39 37 -40 -62 -22 -38 79 -4 27 87 -90 6 0 -47 -17 28 -54 72 -74 -46 -16 -52 -91 39 -44 39 60 -40 -23 -45 -53 -56 46 -79 -87 -41 98 -19 41 54 71 -12 -71 -39 -18 -11 83 -7 -24 -76 92 40 98 31 8 -16 39 -95 64 -66 -4 97 43 96 -22 76 -27 -73 54 -90 -58 -75 30 -60 -67 77 -68 -88 -49 -1 55 -25 -59 85 -94 57 -40 44 -65 75 53 -51 3 -24 -27 -21 70 15 87 -58 -24 88 27 37 39 -13 -26 80 30 -50 -52 -28 35 58 55 -44 -4 93 -47 -3 4 -35 -65 -75 42 -25 -4 36 49 -10 64 -83 87 32 -46 -14 7 39 15 -7 10 -59 30 -63 -14 50 -11 -39 86 13 81 -18 -76 78 24 41 22 21 -41 21 21 -76 -94 -71 31 -74 0 -38 97 66 35 21 -95 -20 -69 -32 80 10 23 20 -80 18 74 37 -53 -89 19 15 -65 -14 73 56 88 -81 65 30 -69 83 -63 25 34 -67 -62 47 33 23 -79 -94 -40 -98 63 -81 49 17 7 3 46 85 -50 29
-27 97 -35 -75 62 -90 67 21 7 85 84 46 87 -51 -50 11 -89 8 -56 -11 -79 83 23 8 -69 86 -71 -3 -25 -41 44 -97 -64 -23 91 -98 -91 -67 -92 -11 15 47 94 -55 -75 -13 -63 -26 76 52 -27 76 4 -48 78 -37 79 26 -12 60 9 -51 72 44 -88 39 0 -57 19 44 56 74 -65 -38 -31 79 43 -95 71 -27 56 23 -55 76 -15 -10 -73 94 -59 -61 -34 5 -26 15 -68 86 78 -21 -30 64 -64 52 82 -56 88 -90 -84 -57 -17 27 -59 45 23 -61 -39 -83 -64 56 25 74 51 -19 -70 52 -8 90 -74 -55 -49 -11 6 -11 -46 52 41 56 73 -79 11 58 9 58 -54 -54 -40 -22 -39 -70 19 49 90 -27 16 33 -97 -49 58 71 -23 -44 -65 80 0 -15 80 -92 -59 92 -12 12 92 -50 -31 99 -22 -48 62 -77 -16 54 52 -76 28 -64 49 -68 69 -89 48 48 28 -31 27 -63 -46 -88 22 86 -56 70 -8 -93 -69 -56 -11 77 49 64 38 16 -7 -90 52 -19 -33 -38 -23 4 24 -28 52 63 -64 -4 -89 84 -74 -90 80 -79 -36 -45 78 -31 91 -29 3 5 -73 28 84 68 -33 -39 -76 -22 4 73 -55 58 -94 -27 -24 41 6 -81 -88 -85 -78 5 -35 -33 26 -52 -15 -23 -73 -30 17 -82 -46 62 -28 29 8 -45 39 -69 29 86 20 11 43 -16 -15 -21 80 -43 90 46 -32 -63 -88 81 14 -99 14 69 -21 23 -76 34 18 -81 -87 8 -46 49 -87 47 75 -3 -58 -20 -42 94 -43 56 1 9 46 -30 80 37 -87 -78 -72 97 -75 -16 41 36 -33 -42 18 92 18 -27 -82 96 25 -16 11 33 43 -18 89 -99 66 -12 92 -22 56 34 -83 44 -48 -13 -45 -73 34 38 -9 13 -82 -99 69 15 92 89 67 -2 -27 63 44 -19 -97 80 -62 93 13 -41 13 72 18 17 -1 -64 -68 13 3 6 44 7 -46 -89 -78 -18 33 48 6 16 85 14 -2 -50 37 -40 -86 2 -45 -45 -15 76 21 -35 35 9 -57 -81 -6 95 -93 90 -74 29 31 22 81 0 -99 -11 73 -89 71 -22 58 -94 13 -23 55 -8 23 -82 -99 -45 -58 -13 -41 62 27 -47 2 -1 -77 86 -96 10 -60 -22 48 -24 45 2 -53 -13 94 40 29 38 17 -13 -69 -29 -52 -58 25 -32 94 4 76 -84 75 -14 26 -40 -52 17 -84 -34 35 -17 -36 50 64 20 65 51 52 95
31 -29 -43 -92 -7 82 87 -18 53 73 33 -61 1 -64 13 87 -59 15 -39 22 -64 91 -36 27 -99 -5 67 32 -43 47 -77 63 49 91 6 -75 4 42 -1 46 -57 -38 -82 -80 -34 88 40 -49 -94 -12 40 -42 -16 -84 19 -19 -88 86 -42 37 -58 86 -18 44 -55 -54 -63 -89 83 -67 -60 -96 -18 -67 46 -76 -11 69 65 55 55 -38 -57 12 -64 11 -11 81 -74 -65 98 93 -44 -85 86 -23 78 58 -65 70 -49 -34 36 10 89 -19 35 -58 -47 -90 -56 -68 -83 70 -93 -94 -47 -78 -61 -14 -73 -79 -35 -50 -51 -15 39 -82 -5 -43 77 32 70 33 77 70 51 17 13 -46 -6 46 82 36 -59 59 62 -70 -54 79 -61 -85 63 95 47 81 -12 -54 -3 -51 18 -13 17 -58 -69 37 70 36 -79 -66 -79 38 24 56 -75 -49 7 -38 -5 -60 -12 86 31 13 89 43 -87 -59 -38 -34 -32 72 -17 -64 -5 -61 8 75 -31 -43 0 71 54 46 -33 44 -44 37 34 -93 97 83 43 -7 66 76 37 31 -38 -94 20 82 -51 73 41 -39 65 -83 -56 49 99 16 -18 58 -78 -48 97 82 24 20 -35 -38 -98 37 -88 11 91 9 48 71 37 70 -42 -56 -64 -79 59 62 -34 87 15 89 79 -18 3 -34 15 -24 57 68 47 -90 -8 -53 66 -96 94 70 -15 73 57 -38 -57 -28 22 55 -68 -39 -22 -77 -28 -71 -70 10 -92 33 22 5 41 -43 78 7 -19 -43 59 84 53 -88 7 84 49 -30 -68 -72 -39 53 -84 91 65 -3 40 -64 -19 71 11 52 20 -87 45 -95 -73 -37 82 -20 51 93 1 -15 38 91 -60 43 -82 -52 13 -27 -87 -76 94 -23 68 -29 64 -65 38 59 58 -43 -35 80 -80 -22 -52 -48 87 26 -18 -45 69 -97 7 -53 -47 -20 -45 12 69 -61 -72 -5 37 -44 -63 3 81 -47 -94 6 -28 -28 66 -11 -1 -89 76 62 -36 -63 -84 -93 3 30 75 70 31 -68 -1 79 -29 89 -62 66 -8 -33 76 47 -69 -94 48 91 -55 -65 -94 89 -70 30 -67 66 43 83 -1 -55 -46 -63 -27 -66 -59 -20 -98 30 41 -8 -22 -15 66 22 -96 -69 -64 -43 96 -3 26 -91 -29 -94 25 -17 28 29 18 81 -65 51 85 -64 -53 -16 -21 87 -56 69 28 92 57 38 -83 -21 79 -62 7 11 -34 94 64 -52 78 -55 10 34 -97 88 45 81 3 73 54 -31 -82 99
-10 49 -77 -86 13 -77 1 -56 66 -78 -28 59 7 81 -83 -73 -25 -78 8 6 -34 -40 41 -39 43 -90 49 64 74 -17 -17 -68 25 -29 90 53 13 90 95 -81 68 -73 38 -65 22 35 52 64 -14 86 -24 -16 88 89 99 -55 94 -89 77 58 52 28 99 2 -57 94 6 -82 -71 67 -13 -12 -88 78 -42 77 2 56 21 -38 -89 -86 72 -50 32 36 -16 40 -51 90 -4 -4 -30 74 92 82 20 52 -86 79 73 34 17 11 -76 -51 -81 36 96 -78 60 38 38 -69 -64 51 -25 -9 -10 -58 54 -72 -44 -51 49 -67 91 -32 74 28 -13 76 -74 -47 56 47 -44 17 30 96 74 21 79 64 32 42 -91 23 92 -66 29 -4 -68 72 -99 -58 -70 -31 61 -69 -18 -4 -84 5 -63 -35 45 -84 73 -92 -31 -13 -67 -65 -70 -75 82 -51 52 -25 70 77 -62 -98 -67 33 -40 -11 52 74 75 -69 43 23 -15 -25 40 26 56 58 -40 88 4 -69 98 -34 -57 -40 14 62 83 -45 11 -45 22 -68 88 41 -95 22 84 52 50 -45 34 98 21 51 53 -91 79 13 31 2 80 -89 24 -57 87 9 -23 66 7 -5 58 -50 14 -9 0 79 99 21 -79 -56 -44 53 -9 80 96 19 68 -25 -35 -69 68 28 99 26 7 90 -8 23 15 79 5 81 -74 58 -11 -50 -75 7 -17 -10 -94 30 71 -93 -2 -81 -35 69 9 -80 17 -57 22 18 44 14 -22 -12 -92 -21 -99 -95 43 22 -54 -51 65 78 43 98 -92 52 33 95 -86 67 -11 86 -69 -93 -82 -33 82 -44 -8 89 -22 -76 -42 50 -7 -32 -91 -40 21 14 67 -32 22 37 -34 -43 -58 -5 92 -48 -79 63 -62 99 71 -50 29 -43 72 31 99 49 37 -16 -58 8 -89 -72 95 40 15 -21 11 93 52 -69 -35 61 -47 54 -72 34 -60 -40 -88 -13 -48 79 65 73 -48 -20 34 95 -5 -29 12 93 17 67 45 53 56 -17 10 71 46 -10 -25 46 -49 36 40 -21 2 28 67 -53 52 1 15 -83 98 10 68 90 -27 -69 89 -47 72 -77 -49 37 -56 40 72 79 -82 -67 -12 -76 34 -59 78 17 71 -60 -90 -2 10 4 55 84 37 -85 36 -63 37 52 -73 -19 80 52 97 -29 -15 -28 -86 -56 10 7 4 12 79 -12 -66 98 84 -86 -39 92 -69 -66 48 32 43 11 -69 29 -88 20 47 64 20 57 20 -51 -6 -36
-27 86 -85 -15 -70 5 35 -8 -49 -1 -68 2 -60 35 -97 49 -42 73 61 -69 -1 -54 4 -22 -50 -19 17 57 -98 89 64 75 -88 -30 93 -73 -62 -38 4 -54 14 75 27 -25 -13 -22 93 -96 -30 -86 -42 40 35 17 20 23 -93 36 88 85 -70 -26 -61 -53 87 -59 -18 40 -90 -40 -40 51 -62 -32 -88 -53 -4 43 60 4 -89 -21 58 11 -64 -72 -26 95 76 26 53 -10 4 64 72 -47 41 -14 -87 53 -10 -10 -94 82 48 -34 -81 51 -61 -13 76 -44 -34 -75 -37 -78 62 -30 -26 -64 -88 69 59 -78 -26 -93 -57 -80 -1 98 -8 47 47 99 -66 13 58 -80 21 -20 30 18 44 50 -92 11 -99 -59 -22 -38 91 83 -25 52 -47 86 -97 41 4 52 20 -6 -81 88 86 -7 49 -11 -60 -93 31 -66 54 -45 -74 -23 -87 -28 47 19 62 -46 -99 27 86 -70 -36 6 37 92 53 71 -54 -53 -66 -27 58 -2 -40 91 31 -34 19 -70 -38 34 -6 -47 -5 26 4 -23 -45 -47 31 56 28 -98 -31 -26 -99 -77 -91 -30 -50 99 -48 1 85 -41 48 -81 -49 24 27 -66 -20 -71 33 69 -29 26 -35 -46 1 77 75 -49 -73 -49 54 42 -12 69 -96 -9 80 -8 -42 2 -37 14 70 18 86 -17 51 68 -34 -32 38 -94 -60 23 75 -23 -94 -36 93 59 49 99 22 27 1 -30 -81 -1 98 -88 -38 -31 -88 19 67 -10 -13 -86 -80 -95 23 -97 99 55 -76 -27 5 9 22 81 74 6 28 75 51 -7 88 -31 0 -1 18 -39 3 67 -5 -66 -51 80 -3 25 -81 -18 29 84 96 -71 -14 -11 -22 1 61 47 35 84 84 72 31 -77 -80 1 -26 -47 -67 1 -89 38 68 -52 -52 12 -97 -50 -57 -61 -40 -15 85 96 15 -40 -8 61 63 64 27 -9 44 72 73 23 -51 83 57 -34 71 37 -21 -96 -41 -98 79 80 15 -87 79 73 -37 -48 -22 -16 39 64 -91 -75 -30 -72 -1 72 13 86 -78 36 6 -72 -12 98 -59 -3 27 63 60 7 -40 -56 -34 -1 80 96 -39 -57 2 82 -31 65 80 79 72 49 69 -74 83 12 -55 8 16 93 34 -34 25 -43 -7 -70 67 -70 57 -78 98 4 47 54 -4 -8 3 49 87 29 -97 79 -15 -70 64 -84 2 -4 52 91 27 86 -74 11 -75 41 25 47 0 -53 -49 -71 6 -59 -36 -26 50 81 -58 -47 88 1 -84 21
37 -19 80 78 81 -96 -6 15 97 43 36 -67 37 -18 -66 -60 -17 -50 -59 89 86 -89 82 -50 91 28 67 -13 -32 -4 53 18 -63 -84 90 -35 -91 -63 66 76 -61 89 -87 74 -21 -53 -18 29 39 -28 47 -99 14 9 -96 -14 68 80 -3 35 70 24 45 -23 -42 -64 5 34 56 87 -96 94 -50 93 84 -23 60 -90 68 -57 10 60 -3 73 -93 -31 85 -49 58 -72 11 82 30 74 -63 14 71 58 -88 7 96 62 92 70 23 77 -60 30 32 94 -71 20 -77 -21 35 -20 23 -66 -67 61 -16 22 -21 86 87 -58 12 -58 46 -34 -66 75 58 86 -74 63 5 -25 34 49 -26 10 -97 65 -3 -46 56 81 -56 7 -69 -46 -94 90 19 -87 58 -92 -3 48 -5 -55 -8 -48 -1 50 19 50 -42 -65 -58 52 -66 36 50 -11 4 -17 -26 -25 -35 93 -9 74 -21 1 56 74 2 48 -35 28 23 -12 -35 -25 -60 -53 -36 6 -14 -71 46 -48 -97 78 -89 -39 67 -84 -68 -90 -82 -57 -77 -14 43 -80 -55 0 -31 -84 -19 -70 85 -68 72 -20 82 0 -79 -15 55 -44 -54 72 -2 -76 70 -23 89 -97 66 28 94 -2 -55 36 -39 35 36 -46 -29 98 -27 18 29 90 14 54 20 -21 -87 -29 -1 17 -35 67 -93 34 -16 -3 28 83 48 -86 -73 -48 14 -29 20 34 -30 51 50 54 -7 24 -23 -92 84 92 -41 56 44 -65 0 -42 2 -21 -83 79 98 24 53 55 -63 -15 -75 -75 9 1 -28 75 -35 -75 17 -3 73 -71 73 70 9 -62 -96 -46 42 -3 89 82 -56 -59 -81 52 54 47 43 95 68 13 89 -1 -65 -13 71 -59 5 23 -54 -47 2 40 12 16 24 -90 18 69 69 -48 62 -12 92 96 -4 -78 -59 96 30 -12 -63 12 -44 -50 66 55 -34 55 59 31 55 -35 -49 72 -24 13 -61 57 -95 -63 58 60 93 -81 -38 54 -98 28 15 -87 11 -47 0 26 53 81 -66 38 -79 -77 40 -17 -1 -50 18 79 83 -12 50 -4 -43 56 -48 36 39 35 88 -20 97 85 34 -15 -70 -68 15 -59 12 73 64 41 35 93 18 -16 83 95 60 65 7 41 20 -89 8 52 -94 18 -90 -12 74 -8 -51 -46 44 57 96 -25 67 58 -34 70 -28 -24 -57 -79 84 18 96 23 -6 5 14 -77 84 85 20 -8 5 79 73 -36 89 24 -6 -94 33 -18 -75 23 -51 -43
96 38 -91 -11 17 -4 48 58 69 27 25 45 -88 -8 -76 59 -33 -35 -76 61 82 -53 -86 -44 52 -95 60 93 79 22 95 42 81 -52 49 77 -82 1 -46 -41 -99 82 -69 69 99 -73 -42 57 97 2 -79 -98 -9 60 -31 48 -72 43 87 46 8 -68 93 -16 -17 56 76 -89 -95 44 -90 60 53 83 35 59 -28 16 -67 -74 -7 46 -37 -59 -13 -81 -93 8 58 46 28 29 -42 -34 -79 20 84 68 90 46 -64 -57 -13 -84 86 92 50 -98 39 -91 41 -72 60 59 -78 -68 24 65 91 -26 46 28 -45 2 -83 59 32 -2 -40 -73 11 63 -65 -46 75 84 -78 98 17 -26 -57 38 90 -69 97 3 29 -37 -50 32 42 29 -62 23 -46 15 60 -73 39 -3 71 8 97 47 -76 -71 -21 -76 -1 83 28 42 13 47 6 -75 35 -78 56 -4 96 -26 -21 -5 99 -41 -75 -91 -23 -14 40 5 -57 60 -30 -11 25 84 -57 96 -37 91 42 -76 58 -6 28 -66 -66 -53 85 25 86 -97 64 -77 18 4 95 -70 30 64 59 -1 75 78 -49 -36 77 -76 -65 -21 -69 23 86 -25 -7 -84 0 39 28 57 52 71 -51 96 -49 80 10 94 53 -12 -18 21 90 -12 96 -61 1 -8 -45 78 -69 -26 -27 -44 79 -1 -66 -59 12 27 -4 -60 -74 -34 -37 73 2 48 -58 -16 59 13 26 -17 -43 76 -52 -64 -52 -80 -30 7 -30 -77 -58 -95 18 32 83 -73 -27 71 -78 -11 -23 -27 -53 -32 87 -94 49 8 -36 11 85 54 55 -28 17 22 -61 60 -23 -82 16 -29 -54 27 12 -72 -46 -44 -74 -5 82 -35 -84 -7 -63 -84 64 33 48 31 54 -45 -11 28 75 33 60 -54 -57 -78 73 -28 -22 -13 41 64 17 86 1 -36 -43 -37 25 82 94 -26 -77 -87 -6 43 -55 86 74 56 -95 22 71 -2 88 16 98 97 -91 7 -54 -48 -38 -74 -90 48 -64 -98 61 43 -49 42 94 89 50 37 4 -6 90 70 2 -47 64 59 74 95 84 89 -13 -43 48 -17 -55 -45 -37 -33 55 -28 -6 2 98 -40 -29 1 -28 -33 24 83 76 -12 63 41 -83 82 -89 -34 -49 -29 49 -10 -42 -32 -19 39 34 -44 81 -39 87 16 -45 18 -70 -43 -81 -90 -7 -72 29 -92 13 21 87 50 -36 -48 -53 2 19 22 -37 -9 -12 -37 69 -22 80 14 73 48 -24 -88 -5 14 -15 23 89 -33 39 -60
32 14 -23 51 -33 -7 -67 9 72 36 -84 -54 15 2 50 69 53 -73 89 -16 -42 -12 81 -53 26 -84 -4 31 20 -69 25 -41 -37 92 -84 -42 25 41 48 -15 -6 -58 37 -81 -84 48 -12 3 57 15 -8 -79 47 76 -73 20 6 29 77 -52 -6 -25 20 -74 -62 47 27 9 3 45 81 94 62 21 -91 -52 6 26 93 -75 90 80 73 -87 -2 -8 98 -55 -34 50 43 -90 28 -36 -30 -63 26 45 -98 86 -68 -53 -79 -46 71 79 2 -72 -8 -65 58 4 5 -27 -69 98 -52 3 84 -22 48 -71 -85 98 -61 -21 -16 -88 28 -1 77 10 -4 48 68 -5 33 -48 89 26 19 23 73 -58 68 22 -42 76 4 50 -5 24 -31 -67 21 70 -95 -4 -40 38 37 -74 42 28 86 -50 -31 80 76 78 30 -61 -89 -79 48 -97 -45 37 -67 -14 11 30 75 52 47 18 65 -12 -71 -79 20 -30 -60 57 -27 -41 75 15 61 5 96 72 46 -54 -7 -27 -73 85 -14 -3 54 80 -61 86 63 78 86 76 -69 20 -59 39 -26 25 86 41 56 -82 41 -46 -49 24 -81 -13 -20 97 11 38 41 -88 97 -47 50 -49 -90 47 70 63 -5 19 76 29 68 -15 64 11 12 -93 11 3 -25 -73 73 84 93 -35 -72 79 -21 -91 -74 78 2 78 -57 -76 -20 -19 -38 -68 32 63 77 62 62 36 -14 -63 -70 -81 -12 61 -6 -49 -54 32 80 0 -1 -10 11 -49 -34 59 -96 -83 -20 33 68 0 -97 60 0 15 -95 69 65 -32 -55 -59 -47 -29 88 -70 -38 34 -98 -17 45 -83 67 -66 50 -96 -16 -62 44 -36 21 85 -58 65 -58 43 -75 -39 5 27 48 -60 71 52 15 -70 -88 -86 55 -43 -78 17 -93 39 -63 47 81 2 -93 -66 96 -35 -33 -19 -96 23 -97 61 -75 -19 -54 -54 -89 85 -40 -70 14 39 63 -59 -15 -12 10 -37 -44 34 54 83 -30 9 -79 -65 53 37 -64 35 -84 43 -7 77 52 52 55 -88 87 51 -13 36 -17 -20 -25 77 -15 -90 -26 82 23 -88 62 -26 27 -11 3 24 -81 -92 58 -40 -33 -56 86 74 28 -92 -87 -87 77 54 40 -63 -69 -36 -75 -28 -59 55 6 -64 -16 3 93 25 -59 46 99 51 -2 -17 -99 -6 -55 -67 39 -88 -66 -38 39 -81 -10 10 65 6 40 -49 32 52 -65 16 -24 -60 -35 -13 73 -11 5 68 -41 -64 -75 -6 -2 11
-58 -99 -99 -40 -42 99 56 -23 -95 -34 -82 -6 -5 -80 -22 37 -5 -24 95 19 -88 4 -89 78 59 71 14 -45 40 -48 16 -82 64 93 -41 36 57 -80 -14 72 -23 -95 22 18 17 53 -58 -39 -73 25 -4 51 -18 42 95 68 58 -17 -19 -70 12 60 49 26 -50 59 71 -72 12 -15 77 45 -81 0 17 43 -14 29 5 82 -76 27 25 91 14 -4 93 75 70 85 -63 60 88 15 48 55 26 -27 -92 -52 -71 -93 37 -39 -65 -62 1 -40 -63 22 -49 -7 98 4 -93 18 86 30 7 0 84 47 -13 28 -62 63 18 4 18 44 -53 26 -9 85 55 24 57 59 -32 9 -84 -45 45 -13 -66 -53 -87 25 -36 -9 -37 62 19 -44 -46 -73 -14 -35 -22 -56 -97 -40 -79 46 -84 72 -44 -98 -40 33 -2 -31 -69 -99 -34 -1 -92 -87 44 -12 -38 27 -75 26 89 -1 97 -23 -93 -14 67 23 47 -12 -50 76 -93 -62 -40 9 6 -35 59 86 -41 -22 -33 18 9 51 0 -71 3 -70 42 -27 -31 54 84 92 -75 86 56 74 62 15 -56 -30 6 48 71 36 96 1 19 30 -44 1 14 -15 -27 26 -37 -82 90 85 3 -25 -94 85 -5 33 53 42 -52 18 12 -18 -80 -93 12 -99 -36 -94 67 -78 -2 23 92 -82 -86 -9 -46 -54 63 -45 0 53 82 13 -3 73 -64 29 -88 41 -64 -13 39 10 40 70 54 -28 1 -12 9 29 -41 32 18 68 48 58 98 -56 -34 88 -15 -24 89 -87 -43 94 95 -40 79 -32 -49 -16 -8 -44 9 -6 -44 -14 51 -56 -97 -64 -64 81 -43 -12 -67 -76 -85 75 83 -28 -33 -38 -98 -36 -53 97 85 -38 -2 37 -69 31 -28 66 38 12 -14 44 28 -12 -11 22 -70 -10 -14 60 -11 43 4 -27 -28 60 -23 -95 4 -40 9 -53 90 -77 -12 -98 -10 70 -43 -81 87 -98 3 67 -71 -45 -15 -90 99 40 6 -6 -56 -37 51 58 3 -28 -87 -2 49 -64 53 17 -18 85 64 -23 64 38 -38 29 97 -88 -91 -45 -16 -47 39 -90 47 -66 -46 28 42 -58 -77 24 37 -69 -80 99 -47 -93 90 -43 -62 1 99 -57 -98 -76 -64 -56 -12 -49 -72 21 -63 6 23 10 17 -75 -44 55 -11 88 15 80 43 80 -2 -77 -28 18 31 -1 25 98 17 -80 -11 -76 -54 -46 -72 -75 -43 1 73 -24 -75 -45 -36 -46 -48 -5 -35 59 -44 81 13 12
93 -87 -89 -97 70 89 19 66 -49 47 -2 -8 18 24 -60 -16 -24 -6 -13 52 -38 -22 -95 25 -58 94 -12 90 -30 -1 38 -87 89 49 -84 45 52 -63 18 -86 -36 27 12 68 -96 58 40 -78 84 -73 91 -74 -91 -23 67 85 9 53 72 -92 -69 12 -86 87 -16 -64 86 67 -23 -97 -44 -6 90 45 19 -98 -43 59 -58 4 19 -49 7 -24 27 56 -26 -30 -40 27 29 95 57 -83 98 -83 52 50 88 92 73 9 87 -21 -32 -89 -89 -11 8 92 66 72 -10 14 -95 91 39 -21 -89 66 -58 98 -17 -31 96 88 54 -31 68 55 75 93 -36 -65 74 -95 51 -47 61 58 -47 22 -56 -94 -59 54 3 -3 75 -34 81 88 27 14 61 -46 92 -68 -62 -35 73 -63 20 -10 83 64 43 -85 28 -75 1 -71 -22 -8 -15 -93 -25 -62 6 48 -79 20 -1 -63 27 20 -1 -1 -87 31 -71 -35 74 67 54 -19 7 96 -12 -64 -30 74 -90 32 -93 33 -57 77 -25 -84 -61 20 -84 -84 31 -90 -89 -70 72 -4 31 -30 -52 -48 -10 67 84 -49 -16 54 -35 12 34 61 -56 -10 -47 -83 -51 65 -58 -38 69 -53 -56 55 -61 37 -24 -29 -57 43 8 90 -42 26 23 -83 66 -32 71 48 94 51 -12 -76 -31 63 -90 -4 0 -25 1 -58 -86 -6 -53 47 -54 67 5 51 66 2 87 21 -36 32 -16 35 -7 88 -79 18 -82 -66 67 92 -35 -98 19 2 -80 -9 -51 -54 89 24 96 -22 55 -7 -65 -43 39 21 -86 -83 -45 -61 9 43 72 31 11 -75 -10 55 67 19 19 38 15 85 -33 -22 73 -53 -33 6 -90 66 17 24 -94 24 -4 66 -82 -96 20 -43 23 -36 -6 -36 3 65 39 -53 3 17 -77 -69 -12 25 -31 -73 94 -60 -17 80 36 77 -10 18 55 74 -20 -24 85 59 -30 60 83 -29 33 -46 37 -9 83 76 -43 -33 -55 16 35 -27 29 94 -6 -74 96 51 89 -17 -8 -49 4 57 77 45 -47 -1 -8 -49 -92 31 23 82 74 -15 15 -56 -29 -81 -45 37 66 -16 -50 -36 49 -19 57 92 -40 -53 -23 -27 63 -11 -21 -68 77 4 34 -29 -12 13 -83 28 38 -2 36 -48 -40 26 60 81 -60 -68 80 76 -93 -44 47 4 -98 74 59 -32 -13 -79 -11 67 5 -13 82 -30 -96 82 64 21 11 65 69 -97 20 -60 -61 40 95 -5 7 -62 74 -42 -58 73
79 38 63 82 -53 -8 -43 68 -76 -38 -3 69 -82 41 -16 -36 2 -92 -82 -5 16 54 80 0 32 29 -25 -74 72 -57 -68 58 95 -38 66 -76 70 -8 -41 67 18 97 96 -27 73 3 38 -86 41 -54 -62 -30 0 78 44 66 -5 -6 12 -15 -29 -35 -60 -43 -87 76 71 8 -59 24 -62 -28 -23 -51 -6 44 89 -56 49 89 -99 -3 -76 -22 87 62 -11 0 -52 4 11 17 2 96 -41 27 -88 -56 97 -83 89 4 39 -74 -50 21 -59 77 -11 0 -27 63 -5 38 77 28 19 -60 22 -76 -61 -85 25 -14 -29 38 -65 38 31 44 -52 -12 -44 79 -22 14 33 64 43 -48 30 -36 23 -17 9 20 -86 -44 85 -27 86 70 -96 -43 -95 54 45 -16 79 -41 -54 -18 -95 39 -13 56 76 2 19 96 -3 -97 -82 0 26 12 14 91 69 -39 33 -12 -3 -59 83 58 46 -37 65 -26 75 4 60 86 -19 67 74 -11 -32 2 -75 -36 -80 -75 84 -93 52 87 -98 -62 -24 20 -52 -16 70 -46 -13 42 93 83 -45 -79 21 96 -25 15 -41 9 -1 -55 -19 1 -43 48 18 4 13 20 -95 58 -91 39 76 95 20 78 21 -84 66 -80 -59 83 24 20 -7 26 39 -58 33 -16 3 -76 93 -82 -8 -58 -7 59 30 8 94 -60 -49 97 -58 62 93 -3 93 -97 -89 -36 61 38 48 53 72 29 -80 -4 -16 -79 20 27 -17 -95 -83 -78 -40 1 -33 -72 -67 35 -55 43 56 -68 -32 -71 10 11 -25 38 82 -78 -54 64 -38 -12 -43 63 -7 70 -30 -30 63 49 68 23 25 -76 -73 21 -64 -83 80 71 -25 -50 62 69 -3 67 2 -21 14 -76 -90 -47 82 -63 20 -29 -50 -94 -10 -27 83 33 70 38 4 -71 34 -57 3 90 -65 -55 8 -29 -84 -25 51 -42 81 20 -9 -59 55 38 23 -4 88 87 75 -59 -44 -5 99 56 4 74 -92 99 -9 -53 -17 70 -32 64 -74 67 -85 14 2 -51 -22 4 65 -95 -55 -49 -64 -32 46 60 5 -3 43 -34 46 32 -84 53 -73 99 2 -23 94 -85 -27 -66 -17 63 -99 -2 36 87 75 32 -9 48 -92 -50 -78 75 63 55 50 -40 12 -54 24 17 91 -11 53 -27 -6 84 31 -66 -81 56 -89 -3 -61 89 92 -18 28 87 -1 -2 67 -90 74 21 -39 30 69 -72 -49 -21 6 28 -72 -85 -3 -50 12 -17 86 -7 40 15 8 28
92 96 -80 -69 12 28 75 74 -25 -74 -27 -46 69 -98 -26 78 -36 22 25 -81 -71 -83 -47 -38 -29 81 9 -71 -91 56 89 24 -42 18 -69 17 96 -67 -86 -3 -83 53 67 -61 27 -77 -80 -87 -46 84 86 -9 -22 15 45 -89 53 -10 69 12 -38 86 98 61 -35 74 36 43 -73 73 -95 -54 99 46 -72 85 88 98 6 -34 -76 -88 71 80 -75 -66 97 19 32 -37 74 -81 61 20 16 -82 -19 -34 8 20 -58 22 -17 -35 94 -15 72 86 59 76 13 26 -64 49 -38 91 23 -38 96 -46 99 46 80 -51 -67 -94 85 63 -26 -21 99 -83 -36 -86 -28 -97 -23 -75 -92 12 -8 -21 81 -18 72 21 -38 -45 39 65 -93 29 -71 -46 -73 17 59 55 67 55 53 -6 95 43 -25 85 -79 -54 -21 51 -38 -97 -49 -71 -96 -31 -90 -94 -43 19 76 59 2 -53 -73 -81 -76 40 -32 -78 69 -96 54 37 -99 55 41 13 44 60 -58 78 49 -46 91 -38 -54 -88 47 -8 70 80 41 2 19 15 3 26 -76 86 -90 -66 -59 84 71 -49 7 -51 -7 -63 -70 96 -34 -50 -73 93 31 -19 -44 -52 54 6 -87 -65 65 25 36 -57 -26 -29 78 94 -16 -31 -98 -29 -4 27 59 -4 44 40 19 85 78 -93 -6 93 -45 -92 46 67 -35 99 -44 78 74 -97 21 -91 4 5 -22 -81 75 -50 -29 -20 85 -72 -37 60 -6 1 96 3 -99 68 -46 81 -37 38 -43 79 -75 -63 -22 -34 -78 -8 -43 95 -24 -73 -8 -80 -59 -68 -70 -46 20 86 -45 76 37 75 86 95 -74 -85 84 -59 -36 62 -73 35 89 6 -71 86 -92 -54 17 18 60 21 79 -17 47 -92 -20 84 58 -51 -2 49 33 -46 52 85 -10 98 43 75 89 -99 95 40 -76 77 -93 -66 -35 -79 -77 -79 -68 31 35 -56 -79 -20 -2 18 29 -25 -63 3 -67 -45 8 86 97 50 -11 49 -75 -33 70 -24 25 -10 -22 61 -83 77 -81 -58 -27 97 -82 9 -64 -34 -45 -87 -76 36 -64 32 75 -11 76 -30 50 80 -31 10 92 97 -42 78 -72 44 -80 77 -19 64 27 69 -58 85 11 67 69 -69 -82 -33 18 -85 -20 5 -96 46 34 37 53 51 -34 -74 -63 -61 71 50 14 -85 -95 -3 70 84 3 54 97 11 -35 -68 89 -32 -38 -59 57 36 -18 71 69 -78 99 46 -81 -78 -54 51 -25 57 64 22 19 25 -58 -47
-10 19 -64 6 88 -67 -66 -9 -39 83 -33 75 92 -59 -36 -3 -67 -73 -3 12 73 -47 43 79 -43 -16 -79 36 -95 -34 -82 31 11 -51 46 -77 -96 -62 -22 -72 -55 -79 98 30 -27 72 -74 -12 -11 12 -64 17 -15 -41 -10 53 -92 -9 84 97 -30 38 -6 27 72 -79 45 -54 -18 54 -41 -13 67 -47 -24 29 -97 -19 92 2 76 37 -71 -80 96 9 -91 -53 12 67 7 -74 8 -59 -21 73 52 16 27 79 7 22 15 6 -25 -90 49 -96 -53 -4 -85 77 88 84 -99 92 -26 -14 47 -14 50 -39 20 -75 -47 -62 -41 -51 -56 -16 72 1 -53 77 46 -97 7 -94 -21 62 -87 -46 92 -33 64 64 90 46 -78 -11 -23 -76 -8 92 -52 -18 10 13 -43 70 24 -49 -22 84 0 7 -54 -42 -77 -89 60 82 -99 -91 98 21 25 93 96 5 -81 -39 85 -8 93 -66 21 -79 96 -84 -76 -68 -74 1 63 91 2 15 -43 72 0 50 6 44 58 -24 1 -38 70 -34 30 -54 -8 -81 29 -99 99 -91 -75 92 90 65 -86 91 99 -92 -74 -82 56 26 99 -73 -50 -28 33 41 81 -69 49 -33 56 -67 -55 -36 19 -17 35 -62 31 23 -56 36 -87 -9 -4 -84 49 48 -75 97 44 -2 57 24 -17 -17 63 25 1 -76 -57 -17 -76 86 45 44 -62 25 -41 72 57 -75 -69 -36 -86 56 22 -34 53 20 -58 70 -52 -77 64 -82 -13 -85 -71 -38 -10 -75 61 88 -33 -72 79 -30 83 58 -71 60 -49 -3 98 -34 -78 -37 9 26 -53 97 82 80 25 -1 23 -20 73 -49 -95 -85 8 -13 31 81 -5 -71 -56 -24 3 81 -84 71 63 51 64 -73 -12 -8 -82 -37 10 -40 -50 -65 -31 -96 55 3 -7 -53 -78 -25 14 -1 -75 -60 35 30 4 -3 98 92 -98 -96 -96 -80 -20 33 10 56 91 -90 29 -64 61 -95 -16 86 -95 25 -93 20 -16 55 35 -51 -30 3 29 -4 48 -16 -43 -40 53 -15 62 17 -90 -10 89 -15 95 -17 -17 -37 -27 21 -53 96 -79 -62 -21 -71 -72 47 -84 87 95 -8 -31 84 -50 -37 -72 -45 -38 -64 92 92 -8 49 71 31 -87 -37 -54 61 -51 66 -52 42 39 -22 30 -7 80 6 15 -50 88 9 10 -75 -45 -1 -85 45 54 -74 96 65 42 61 51 -55 -25 -63 95 84 -76 53 14 95 72 27 -46 74 2 -69 3 28 -57 -37 -6 -54 24 -54
-28 63 56 65 -81 -85 34 43 26 -43 -73 -95 24 55 90 77 -27 56 79 40 -47 61 -19 85 -36 -37 50 -41 53 31 -70 56 88 -20 10 55 -67 18 -60 -25 -76 -64 61 -5 3 67 1 87 -72 -46 -65 -97 -61 -94 -91 -72 93 -85 50 84 -7 89 89 -86 8 4 -48 38 -91 -59 12 -8 62 -2 59 84 -71 -23 -97 -21 60 -66 -81 3 -21 20 72 76 81 95 -54 14 -91 17 34 22 -29 52 89 -40 90 -32 -8 -42 66 83 -43 -47 -27 -85 -35 42 -76 14 -94 -35 -18 96 -27 23 53 32 -88 -15 -5 35 -79 14 -16 59 -46 -30 42 37 60 -11 79 -39 29 -68 -46 80 69 -13 -51 -49 -24 -69 73 -7 68 70 62 52 19 -85 -67 -87 -28 49 -24 84 93 46 -61 73 -31 -25 90 48 49 83 62 -10 -91 -75 -2 99 -48 -10 57 -56 -97 -75 13 94 -52 -36 43 83 -55 -39 -3 32 72 76 71 -3 78 -7 -52 -52 74 56 40 -78 22 59 -32 4 -49 81 62 18 73 58 -69 -83 37 53 -42 -10 11 92 21 -82 78 -9 20 42 37 82 89 53 -43 -33 41 60 -42 -34 -11 58 1 -80 -89 -66 -9 40 -45 67 99 47 31 2 7 62 -27 -83 49 14 7 -12 47 41 -64 33 -45 -50 68 -36 -3 -67 69 -79 -59 17 -16 -91 45 -45 -23 97 9 -90 32 53 85 -52 -80 16 -31 -15 -53 -29 -90 -47 75 -39 -71 -9 -86 93 -94 -82 -86 -10 -69 80 76 -80 45 62 36 14 2 54 -7 37 82 48 -29 -93 -83 -77 -79 -4 16 -36 -56 -87 -98 -34 -32 -17 -68 33 -53 16 34 45 85 -68 -16 -27 -65 6 -89 5 61 89 -51 -94 44 61 -34 -87 -51 -34 -86 49 -19 -47 -12 38 40 94 9 83 73 53 23 -14 40 10 -67 48 -46 2 3 92 -73 86 -11 41 90 76 -57 -2 66 -45 -47 -93 80 -88 10 10 -24 -59 40 63 8 14 -82 -84 35 33 52 -98 75 -92 90 -13 32 89 -79 54 -76 -10 -31 20 21 -90 56 0 73 12 7 29 -61 2 18 -88 26 72 -61 -81 7 -26 95 -66 35 -21 -19 92 -14 77 70 22 -25 -45 13 31 27 -83 -40 57 -71 32 -54 -60 -45 91 4 -92 95 43 -39 11 -94 -55 -11 -21 80 -29 -25 89 -17 19 90 -41 -43 -54 55 -97 -32 76 -90 54 -77 56 -85 29 41 -85 -9 -78 -42 72 -64 -21
47 26 -30 33 -69 -18 43 30 -1 -67 -88 60 37 96 -83 -58 86 -75 67 -16 -26 -58 85 16 66 -92 -26 -82 -73 -53 -5 74 -22 -17 84 19 -72 -4 -3 -93 21 -5 -32 67 10 -24 -53 26 13 67 1 -85 73 94 42 -69 -61 -69 16 -47 78 -46 93 -88 96 -5 -18 16 49 -53 -10 -32 -23 -6 50 -10 -6 -28 -57 21 98 -84 -18 -60 93 -6 -22 16 2 -86 -10 36 57 -90 -16 70 59 -51 38 -77 98 -24 97 89 -56 -58 -69 -94 -76 27 -39 63 -83 13 56 25 75 14 87 -20 47 -6 66 -55 67 93 48 11 71 -11 55 7 92 77 -45 98 69 57 -25 79 94 -15 -61 77 97 5 94 93 92 34 -23 -25 -3 33 -52 -41 26 -56 -24 86 -68 -9 -69 73 -25 -52 -80 80 -17 1 -68 -61 21 -94 -23 -14 70 70 28 77 -1 -64 49 -57 87 43 68 -5 -33 8 87 70 -15 34 68 5 63 -3 -9 -20 72 -30 -21 -74 35 33 57 -69 -38 50 58 60 98 74 -1 91 14 -83 -21 10 18 -28 40 84 -79 51 28 -11 -94 -50 61 -81 66 97 -90 64 -38 27 26 60 20 -30 32 25 -26 -26 1 -5 -70 98 -22 45 -91 26 -99 -99 -57 18 -62 55 -22 -59 -63 -3 -20 -58 58 58 7 -83 -64 63 12 -13 -99 -44 -98 -63 58 -56 99 3 84 -46 -7 -82 79 -11 24 1 -23 68 -43 3 -95 85 45 -11 93 -31 33 -34 93 32 -99 3 67 79 -29 6 34 -59 -63 73 69 0 -99 11 -42 5 -6 -43 68 -19 -45 38 14 -76 23 -57 2 29 -37 98 6 95 1 18 69 -80 -31 -89 57 -34 -72 88 -81 81 76 57 -75 12 -2 -61 87 -41 -38 -49 -9 -46 76 -79 42 44 -95 34 75 7 -26 92 -44 50 73 -57 -46 -20 -10 10 8 89 -40 -21 6 -23 -69 69 -74 -69 -38 -19 -77 73 29 6 -3 69 78 47 35 97 15 -39 39 26 -12 -95 88 16 21 -70 59 1 -92 -73 4 68 -33 -31 -65 95 -78 6 68 -47 -26 -90 -22 1 28 -67 -19 12 -69 85 57 61 27 34 -11 57 -7 -74 63 5 76 -86 12 81 -35 83 -12 45 -74 -84 -32 24 -80 70 94 -88 50 66 56 -71 -24 -10 -48 37 61 -75 92 -70 25 95 63 -27 -43 -79 28 -26 14 -90 -93 -50 95 -3 29 -57 -8 -63 -14 97 -21 21 -5 81 22 -65 -34 91
72 -78 3 41 49 75 75 29 -17 -28 8 -34 -27 77 45 55 -41 4 78 50 9 67 10 10 69 37 -84 9 52 -66 -80 28 -75 -15 14 7 -16 -43 -41 31 -48 -93 -44 11 -3 -3 32 -92 -57 -56 16 -38 -19 -81 36 90 51 -42 66 -8 -41 81 -66 -9 57 2 52 90 90 -80 27 29 -49 52 -15 4 -4 -53 -92 29 41 50 -63 14 -34 78 42 75 -54 28 -25 19 -54 -28 56 21 95 -15 97 -79 -45 88 61 -68 -24 -54 -35 16 84 -13 63 75 -51 7 -13 -53 33 -15 -43 68 -19 -56 -17 -57 98 -72 -62 91 90 -27 -23 -73 11 -30 -30 -31 39 27 16 -88 -92 -92 41 89 -52 52 -59 49 90 71 19 -8 76 95 -21 -80 54 54 -55 -35 -58 21 39 21 67 20 82 -39 -54 -35 91 73 -54 3 88 -64 57 -59 -2 -17 -33 23 -29 47 73 -73 99 -30 -60 20 -77 -97 78 -71 82 -84 52 -62 36 -16 -22 45 -79 60 47 61 -8 -92 -5 -5 -37 50 -73 31 92 43 37 -40 -32 -56 1 37 42 80 57 54 88 19 -11 76 -31 47 13 75 3 95 -90 -62 58 -46 65 -61 94 43 -93 74 -85 -8 73 41 -74 -56 80 30 47 -58 98 -12 -66 77 69 -36 83 40 39 70 -37 44 35 40 92 25 75 -3 78 69 33 -28 -26 -70 68 -43 58 -66 -19 -59 -20 45 26 51 56 22 -56 56 98 -19 84 48 93 23 -2 33 -26 47 2 -58 22 -84 -53 19 -59 -7 -8 -13 -32 -82 -2 -40 -92 33 48 -49 -31 34 88 43 -21 41 -91 -20 95 -49 -38 -68 -86 -11 75 70 -72 21 -15 33 7 77 -92 -84 88 87 51 90 29 30 67 42 96 -57 -68 -59 -90 -37 -60 -33 -38 38 -82 -86 3 -20 36 -95 31 75 -64 31 -43 -82 -27 -64 49 90 -61 2 -90 72 -22 -88 -62 21 66 -22 97 51 -8 -10 -87 16 -36 -48 -44 -57 85 -33 65 -49 -62 65 0 -63 42 -99 -25 22 -58 -21 96 86 42 -96 -74 -26 -53 -44 34 -78 -39 26 -95 -40 50 -53 -88 95 24 9 -51 -44 26 -48 -71 -44 87 39 48 33 -26 74 -68 -73 21 49 6 -15 33 89 70 -57 -35 53 -1 53 -34 -91 -41 -93 53 -17 -89 -53 -68 44 -71 -13 31 5 -29 -34 35 11 83 -31 -7 33 99 -14 28 20 89 -9 -19 12 -5 -53 -88 37 -48 40 87 -36 36 34
69 17 39 -27 -53 58 87 -46 -10 -11 -8 -57 36 -7 92 39 -31 -41 -50 -15 -81 -35 -70 16 -44 -77 79 69 44 80 -44 -28 59 14 -93 -60 69 91 84 82 42 68 53 -47 -26 15 31 -24 -19 70 17 75 14 -45 28 -38 -83 -47 -80 13 -17 0 47 -42 23 -88 -71 32 4 50 -6 9 -65 -15 -43 -47 -54 -26 -96 -66 -47 44 -2 8 -49 -29 -43 -39 -43 69 -81 56 -93 19 -16 -12 -34 -1 -7 46 56 -73 -95 14 33 28 81 93 -3 -72 -58 17 60 -43 37 -67 41 97 -25 -39 51 -26 -62 13 45 -14 87 -58 39 -38 -51 50 -98 -48 42 16 -44 13 64 -40 -15 45 -52 78 67 92 -10 -15 19 73 50 48 75 -37 75 -43 -35 35 -74 56 -7 49 -87 -63 -61 86 -98 -67 -11 26 12 -15 35 45 -17 96 -69 8 -28 -47 -74 -70 87 68 -26 18 62 42 10 93 -98 -73 -18 56 -86 -50 11 96 15 97 -2 89 73 -5 83 -91 -97 58 15 -89 -82 -44 -23 -10 -91 -26 -53 -3 54 55 34 -1 -23 89 -78 -74 45 -75 93 65 93 22 65 32 73 26 90 17 -59 62 -56 -18 -86 30 24 64 -56 -90 71 -54 50 -76 92 -43 -16 -32 -51 -53 82 5 -79 23 37 -91 92 -43 -54 -37 44 -69 65 64 3 -24 -83 -55 24 -5 69 93 5 87 10 -15 91 -25 94 -8 -96 -62 37 -40 99 -76 86 -64 -39 17 43 0 74 30 -66 -8 56 2 -84 7 14 -58 48 -69 22 -87 -10 85 72 50 64 -85 -68 25 -55 47 -91 -22 -76 -38 28 5 -81 11 -39 -35 99 -92 88 49 70 24 -21 27 -33 -88 20 -61 16 -51 -94 50 44 65 27 82 3 57 -26 -91 -16 -88 -75 -95 40 65 51 -78 -23 -70 -65 17 18 9 -45 12 -47 -18 -28 79 32 -15 -38 70 23 -20 -51 39 -81 -83 -24 51 -24 26 -98 -56 49 -17 -11 3 52 20 -92 -86 -57 56 -43 -20 -25 26 66 -36 95 26 20 37 2 -6 -30 41 20 96 -13 -84 90 66 -59 -42 58 6 46 -48 -93 6 -2 -16 87 9 -78 -53 -13 -34 -6 -60 -19 30 -21 36 41 37 21 32 -87 -28 88 -77 -14 -47 21 -31 33 8 -48 -95 -44 -54 -81 69 -77 18 -82 -20 94 87 -66 75 -7 -6 72 -86 -60 -47 -90 -65 -28 70 12 -15 -15 -2 23 2 -16 -8 83 -77 60 -55 -64 99 -19 7
-64 -78 -89 -85 85 35 -72 4 88 80 71 3 -34 39 -58 29 23 -49 29 56 -96 83 -59 -50 12 73 79 57 -23 -38 26 -43 -41 -33 30 -15 -8 75 42 -72 -62 -72 -94 -21 53 25 -96 67 -54 -17 -33 -26 35 -22 32 89 -86 -3 -64 64 48 2 -80 55 77 -65 54 -84 82 -6 9 85 -2 76 -56 -89 -18 99 -67 -56 25 -92 43 -24 8 45 41 -26 -34 -73 -95 74 -13 43 77 -21 -38 69 78 -48 -50 44 -44 -89 55 -56 -8 33 -18 -25 -83 -36 -7 1 11 71 5 62 29 -52 -24 36 -19 44 13 61 71 -4 42 -22 16 -62 -45 16 -24 -30 12 -81 28 21 -87 90 -72 93 15 -49 -19 28 62 34 73 66 14 37 50 74 58 -1 17 -73 -58 -13 71 55 97 69 -20 -19 -63 86 8 49 14 -30 35 -17 47 46 23 48 -99 11 -55 54 1 80 0 -13 20 95 -68 -77 57 -66 -65 -98 77 -25 -34 -30 -97 30 -95 49 -10 42 -80 -31 -46 -34 43 24 -71 36 -62 32 -85 -14 82 -90 -31 18 4 8 87 -52 -40 33 -68 -36 69 -36 75 64 7 -39 -42 -70 35 13 -74 58 -69 -24 -74 84 12 51 -29 29 4 59 82 61 47 -57 48 -28 -35 -18 -35 -8 -39 48 -4 -36 -38 -40 -3 74 -67 -27 95 -55 18 96 -29 66 55 36 -53 16 -59 -25 -88 -72 98 -80 88 20 63 -94 61 91 6 91 10 9 -95 -9 45 93 -53 -76 77 9 -15 61 13 77 1 88 -99 79 64 68 -74 39 -17 -63 42 51 26 6 -96 31 -28 93 41 14 -20 22 -72 -51 -76 57 -78 -96 -14 -37 53 -36 -86 60 -95 -58 48 -15 26 -93 -27 -92 -51 76 25 82 -24 -30 5 47 -60 -83 11 74 46 13 96 -94 -62 -69 -27 5 -69 -82 30 59 -35 -50 -55 -95 -39 15 52 84 68 56 25 85 -34 -47 -2 94 42 -82 99 -91 -85 61 62 80 49 -67 -10 66 -74 -56 -24 -65 67 -34 -29 -72 -31 -66 -78 -59 16 -71 -76 -20 19 19 50 49 20 -99 94 -22 -70 72 -87 -27 38 70 81 -50 -96 -72 2 -63 -8 -83 6 90 86 -27 -11 -3 13 84 58 21 92 -25 -30 -44 -9 -32 72 0 94 -44 -14 25 -83 -24 86 -31 -33 -30 25 -86 7 13 -67 54 25 -12 -3 -12 -7 30 79 34 -91 -70 12 44 20 3 -18 -86 -11 -64 -37 68 -11 11 -30 4
0 -39 -33 45 -64 -72 -79 -29 70 -31 91 42 9 -4 -70 8 -72 38 -47 -87 21 5 -47 -15 -38 -79 68 77 -75 -88 13 61 -54 -14 -86 5 -4 -91 -98 -24 -68 -3 95 -32 -45 -55 42 -7 -27 -32 20 43 16 -93 79 96 52 57 22 -52 60 35 89 -88 -14 -95 41 -91 -60 3 54 -24 -61 9 -96 -13 58 -41 43 -71 -24 54 -40 -35 -39 73 -19 59 -35 34 85 5 59 68 -12 -33 64 21 -17 -91 24 -80 -5 -33 81 25 -29 30 97 -29 16 -41 -42 58 -91 -70 -27 76 -26 -91 79 -26 70 -32 -52 22 -62 -69 -23 14 44 57 33 -21 74 -16 -15 15 23 -88 -74 39 -35 -51 -46 52 5 -94 16 4 59 -6 36 50 25 38 50 -46 81 38 78 -39 90 45 -84 34 39 94 32 -78 20 -16 50 79 76 15 81 -43 49 35 41 -12 35 -63 13 -85 16 -78 -35 1 -4 45 84 0 43 36 -23 56 88 7 -55 -50 81 57 -5 29 -29 -47 8 -46 70 7 -79 30 26 67 94 93 82 83 -56 26 -78 31 -32 99 -21 -55 19 -6 -76 64 -93 -5 26 -5 47 59 -17 27 43 63 -54 -51 -15 48 79 44 -17 -47 -55 47 53 78 8 -25 61 28 -55 1 76 -39 21 -50 -46 -82 12 -60 -70 -16 -78 41 -17 73 -79 -10 16 -11 30 -7 20 -76 -87 98 -41 -35 -59 -84 -7 -41 -41 -65 11 -46 -60 3 97 -25 87 27 -32 1 12 -87 -16 -65 5 36 -70 2 81 17 34 49 -63 59 -7 -34 5 -41 46 -26 -80 -4 53 15 56 -25 18 52 44 70 -10 92 -82 45 -45 95 -44 -51 -32 34 87 97 5 -75 -97 59 92 22 -52 38 0 -4 35 72 -61 92 -36 -79 27 3 -12 -3 -53 50 14 86 27 13 41 -91 20 76 -66 77 70 -47 11 -84 -12 -78 96 -74 62 -4 7 -63 -68 -64 -20 -27 83 8 89 -8 91 -96 89 43 -51 40 -32 90 72 -81 -12 71 -3 -6 90 66 37 -15 -99 -92 3 89 -17 -86 -25 63 -8 8 76 26 -49 -34 3 -74 -54 0 68 -56 -99 97 2 58 -85 57 88 -64 73 84 80 96 67 -7 -73 0 22 64 54 42 -91 -33 2 -73 63 67 -9 21 -7 -4 -6 -19 -71 -42 55 -76 19 -76 -11 27 -33 -86 32 -76 86 -95 -42 -37 3 24 79 -14 26 80 94 39 -2 -10 -75 18 55 -35 -62 -88 -84 -69
-91 33 94 -20 86 -60 -94 8 -29 52 37 41 -36 -44 -84 -14 -70 -9 -24 -80 61 19 82 -76 84 -46 -60 -27 -31 -66 -35 41 97 89 68 19 -64 -31 -45 -3 52 -44 86 -85 -79 58 11 81 -65 74 -49 44 74 3 -54 -25 21 -13 -29 26 12 -53 81 -29 65 49 35 -97 29 -97 29 10 -5 24 -82 65 78 94 45 -11 80 -19 -66 93 99 3 -20 -87 -95 -94 53 -60 20 -85 48 -42 -82 -54 -81 57 42 63 12 -44 88 22 -23 19 96 28 7 -32 48 -95 -56 88 -42 -13 77 -75 69 -26 11 81 -66 -34 34 -37 -50 60 23 55 30 62 -45 -70 -75 -24 51 68 -19 -32 44 -9 -83 -18 83 14 92 25 85 47 68 2 -73 -62 -85 -30 0 37 -12 39 -68 19 26 -30 51 33 -32 10 82 -78 -70 -41 44 31 -25 22 -43 -91 68 -66 -65 -29 53 -81 -55 29 -66 56 -94 2 -92 -1 77 54 -42 29 26 -72 -4 -18 -19 54 -29 -21 -5 -82 31 -6 34 -59 27 87 29 60 -65 58 -83 -50 22 48 -94 -79 -43 98 80 30 -53 32 5 -70 24 -68 32 -95 -2 91 -95 91 93 -37 31 9 42 -17 -78 -78 -75 -5 9 3 53 70 -64 -41 34 83 -84 -71 69 -3 -16 45 75 47 43 -15 11 35 -22 77 -59 -99 -83 67 23 -80 -31 -67 61 -81 -18 -25 -25 -16 11 -67 -15 42 -81 -38 5 16 -4 97 -13 41 37 72 97 -10 -41 -97 -46 49 -16 -26 -24 -73 51 -50 19 -19 73 -9 -70 -33 -76 -43 64 93 92 -75 25 75 73 35 43 9 82 -11 71 78 62 -68 73 -71 -96 -65 56 -2 53 -36 33 94 10 34 79 39 -52 1 94 24 -59 31 -26 -6 -67 63 -99 -8 -28 25 -71 -36 63 31 -20 15 94 -25 16 -30 52 -12 -53 -6 99 -12 -61 62 46 6 75 -65 -47 79 -59 29 -22 39 -38 -88 50 -9 90 85 -37 26 78 68 10 34 44 19 -35 14 91 86 -74 -94 88 17 -87 1 21 -11 54 16 -30 92 -72 -42 94 -27 -19 -73 98 -57 79 22 -71 20 -52 -16 13 55 59 -62 -33 -52 21 -46 56 34 97 23 20 -57 -40 97 15 65 82 58 -49 65 83 -79 -20 -68 -49 -16 42 48 -99 50 39 -69 -95 -28 -80 -55 -93 28 58 -69 -89 61 34 -39 -33 -41 84 67 -5 -25 -49 -92 54 39 9 78 -8 -44 24 -7 -4 68
-5 51 -17 94 -93 -85 28 16 88 -24 75 -56 -40 96 34 -47 10 50 -10 -30 -82 12 -51 22 -19 20 68 -14 -30 14 75 78 12 -12 6 64 -77 52 26 -68 94 9 13 -99 -91 28 23 -14 76 25 -36 36 -60 88 -7 18 -13 65 36 31 -33 -80 72 64 19 -18 10 99 29 28 -31 33 -94 -59 -24 -57 96 92 -68 50 84 -99 -74 -72 -90 12 -66 61 52 -7 -82 41 -15 -33 -48 -39 36 -66 -12 9 53 91 57 33 -62 38 23 -68 67 27 13 -61 56 53 20 94 -34 48 5 9 47 91 -17 -31 58 -60 62 -72 -44 63 28 -28 14 -87 73 5 70 6 98 15 -60 -43 58 70 39 12 -7 48 88 -59 56 95 1 86 -81 72 -71 49 -81 25 82 57 55 0 -56 -65 55 90 44 -17 -44 -44 45 0 29 -79 -23 96 -97 20 15 19 -41 22 5 -50 -11 -23 -60 43 11 19 -56 -40 -46 -42 -76 -78 35 -59 79 74 -24 -45 84 -88 80 41 17 -89 -77 29 65 7 13 -98 62 7 -87 61 60 20 98 -73 -26 71 84 -39 -38 25 -8 37 -3 47 -45 8 -23 -50 -57 -53 85 -18 -85 17 94 11 -49 -11 93 42 -44 95 -13 -41 43 -74 98 -42 -43 84 -98 83 60 -81 -27 51 42 -65 -45 -60 -66 -78 53 -93 -63 47 76 -31 -29 -75 -7 35 -54 40 -44 88 95 -75 95 21 -58 92 40 -99 -21 81 36 -10 -94 93 -47 -79 39 -36 -84 79 -44 1 58 -92 95 -66 62 16 74 -19 -31 -60 -24 28 18 89 18 79 15 -20 32 55 -37 -9 -15 16 28 -36 25 -4 -77 83 94 -6 -84 66 10 90 84 76 17 -4 -70 43 47 67 -94 32 -43 70 94 37 -18 22 9 -95 62 30 43 21 -70 40 -70 12 97 -70 19 -35 -62 36 78 -21 -20 -24 -56 48 -67 44 8 -62 94 98 -52 48 -11 75 52 -18 -91 53 24 -30 -96 -70 8 54 15 12 -80 74 -22 36 -89 -75 -80 64 -84 -78 -63 80 99 36 -91 99 -54 -26 -93 -52 -44 -18 89 -43 31 -54 -12 -97 -82 67 69 -87 95 -58 87 88 71 -25 79 40 78 23 -43 -46 -9 -18 82 -80 -55 -6 16 -57 61 36 67 84 13 0 -48 -25 84 -11 -38 60 -49 -54 98 -44 -59 -89 -95 18 45 -32 65 20 89 -49 -92 53 84 -28 48 99 -26 -71 -98 83 -48 -63 -83 -51 -14 43 -43 -97
20 43 -89 3 -52 84 42 -63 68 12 73 30 -31 -32 82 -71 -28 68 -57 21 -77 87 44 -79 -67 -10 25 -49 -90 -80 78 47 -7 -8 11 -55 17 -3 -33 -5 -35 -42 14 68 -80 -93 88 -37 71 66 82 30 -65 -40 42 -5 -18 33 58 91 -50 -19 38 94 86 -80 1 -33 49 -79 -60 -3 -58 -22 21 -9 9 -19 -35 -26 -87 25 74 16 -33 -61 -45 -20 -73 -40 69 37 -10 39 -80 22 -79 -3 60 35 -33 -1 59 17 -97 -26 95 -5 -18 -68 4 58 -15 96 -35 11 -56 -93 -66 21 -4 91 -56 71 -19 62 -46 87 38 -55 -40 -60 -79 -43 8 -56 -90 -25 65 96 -7 65 -35 -29 -23 18 -92 61 85 94 53 39 -21 -78 -78 21 68 -45 -97 93 -74 -95 38 -69 92 35 82 8 -95 62 -46 54 -11 78 4 -73 34 -28 -57 21 17 53 -19 62 1 96 -90 -47 94 -22 -48 86 90 -28 26 -31 82 9 -14 -16 -55 34 -2 -57 -43 -97 -23 41 -33 70 55 56 -79 -65 75 -50 -8 61 -57 -92 -82 27 53 53 24 71 51 -5 -84 -60 -38 -71 83 -93 -96 -73 37 83 49 7 -53 32 13 26 -94 -56 37 77 -38 46 -51 68 -4 89 -13 -40 63 12 56 -54 -88 97 -15 83 18 25 -53 19 -53 -84 27 -38 -20 18 12 29 -72 -37 79 -76 45 -7 -52 14 -40 77 69 57 76 -60 47 -4 -13 -67 -98 33 16 93 -93 88 -70 29 76 -79 -55 -10 -76 -73 70 -36 -93 51 63 -34 -76 -94 18 64 83 -22 -82 62 -55 -82 25 75 -5 81 -50 2 48 -55 -1 61 96 -68 -54 -4 33 -39 20 -18 92 44 -39 95 -57 -4 -27 23 -25 73 -77 35 -60 83 -4 -58 -21 41 76 59 -47 -54 -63 -21 2 48 46 81 -8 -33 86 -56 -50 92 -95 -42 -17 57 12 -21 -12 77 -20 99 -87 77 -82 -30 -50 -63 -74 -42 64 -16 12 52 88 -50 50 -21 10 45 8 8 54 -95 9 -63 -10 -66 56 -55 -68 -61 -79 5 64 -46 -10 24 92 -2 86 93 -12 35 77 -9 -16 0 47 -75 -20 -57 -95 61 -71 84 -68 -96 67 8 98 94 9 -5 45 56 68 11 -85 95 -56 -47 -34 97 -72 -10 10 -32 -62 -63 21 47 88 49 90 -89 33 65 -96 14 98 -62 -96 -84 -25 -6 26 65 -15 -91 23 -94 58 -69 0 92 95 -21 35 37 -91 -15 90 -1 -14 60
-56 -71 77 58 -91 -50 97 -81 19 -21 -84 84 81 56 -68 71 -70 -4 22 93 93 -66 14 60 -31 21 65 -67 14 5 -27 -38 -55 -45 -73 -45 -88 -23 -8 22 -72 -82 -54 98 -16 78 71 -45 51 -45 64 -27 -16 -4 65 -24 -83 61 63 46 -26 -76 -64 -55 90 -23 -96 -94 -81 91 -83 -23 -55 87 96 50 76 49 60 -56 -57 61 93 -62 -57 56 -23 98 -99 45 86 7 25 10 -26 -60 53 49 0 -16 42 -46 -82 -65 95 54 57 -46 -43 32 21 99 -70 -90 10 -97 46 -82 -5 60 -90 32 -10 -20 95 -13 -57 65 -79 41 -91 -39 41 -52 -98 -43 81 22 -36 95 31 42 -12 20 -73 -7 -43 63 46 -7 -91 77 -71 58 -84 -67 77 -34 92 4 -48 65 -10 -70 10 65 39 54 -62 -79 14 -52 1 82 19 11 -22 -72 4 -57 -73 -2 55 -78 56 -21 -92 60 59 -88 30 88 99 76 -83 50 57 -23 21 -35 34 -34 -75 17 14 -42 -93 17 -85 4 96 31 -88 -64 -31 44 -54 -3 -72 -4 -92 22 -3 91 2 92 -13 -39 -91 40 -8 -1 -70 66 68 75 -99 -48 76 -43 99 -21 90 30 -77 14 -48 38 10 -47 40 63 26 -58 -5 -4 8 -7 58 -87 85 -30 -7 67 -98 52 32 38 -50 28 91 -98 -94 37 54 -9 7 41 -27 -50 -8 97 -8 -56 -87 -15 30 -30 96 -29 57 -40 77 -95 -12 -58 -76 17 51 -22 -59 -63 92 -39 53 -53 -88 -45 -49 29 24 -88 10 -23 -90 -28 -33 31 47 6 -58 -19 -46 -1 15 0 -6 76 -72 -54 -51 22 -93 -39 -83 -45 7 -77 71 38 -88 -9 -25 11 60 9 47 -54 96 93 27 55 0 18 -39 -34 -52 71 1 -42 -61 -83 -59 74 24 54 -31 72 -87 -69 -94 11 40 -8 -84 70 68 90 -91 -49 -49 -2 -19 -15 -87 68 -71 -53 3 80 70 56 -82 -58 80 -28 34 -82 -12 -46 -39 11 -80 47 -66 -17 40 70 34 60 -12 -89 99 60 -31 -82 99 -13 62 73 -95 -81 -5 -26 53 86 -3 -75 40 -70 -52 85 23 72 -55 33 43 62 70 54 17 -94 91 -32 -57 53 67 18 52 -78 61 45 -60 -35 18 75 56 21 64 -27 -3 40 50 31 52 97 32 67 -18 -69 60 17 76 17 72 -84 61 -87 -67 -15 -90 93 -59 -10 81 53 46 -6 47 -43 31 25 49 -56 1 16 75 -43 -24 -12
-93 -43 -30 73 44 73 12 58 -79 -21 -62 -71 -70 -40 -54 -12 73 71 90 -49 -5 -24 86 -99 42 -38 -92 36 -37 -13 -51 -93 83 -33 46 -14 5 -5 -55 27 84 -19 -45 42 -96 20 -19 63 98 -34 -10 -7 -51 99 -11 44 -62 56 -61 51 23 6 -9 -45 -71 -12 74 20 -54 74 13 42 -79 -63 14 -89 28 -99 -76 46 -13 -18 -32 -17 28 -34 -93 78 86 67 11 -84 64 23 -89 65 87 98 57 0 52 -66 50 -41 -14 -68 -41 -61 -52 -2 -22 46 34 52 32 -10 -30 88 -32 -85 -20 9 -46 54 -61 -34 -56 -43 -87 -48 -20 -62 -38 84 -52 17 -49 -20 -70 -32 4 -40 -16 -39 -29 -1 51 23 79 -61 34 -98 -19 -15 -11 -45 92 -67 53 -51 -64 -67 -92 -47 3 -42 28 -98 -28 74 41 69 -56 2 -20 -91 88 7 72 -59 -18 69 -12 -43 -3 -67 -62 -66 -68 -49 -37 -78 -68 35 -63 87 -83 28 96 -53 59 70 63 -65 -18 -56 3 20 42 -61 -54 -28 88 56 -70 -31 18 -86 4 59 4 22 56 71 95 39 -1 -9 -15 36 43 -74 -61 -56 -14 -6 76 34 7 82 87 -23 -50 -22 46 -73 23 5 -84 -17 40 -50 58 -45 -5 87 -85 26 -3 95 9 -89 -33 -99 34 75 31 -78 9 -13 75 -32 -8 -85 73 71 -94 93 -63 -7 -70 -27 60 -44 -19 -20 -96 56 34 75 -89 36 90 -30 64 79 10 -14 4 -9 -27 -27 27 -41 -62 66 93 9 -14 48 20 84 -67 55 31 -85 40 -57 -74 59 -68 -36 53 -71 84 -34 -42 -84 -12 -31 -69 -74 -61 61 -3 78 12 91 40 -24 63 -42 -61 80 63 -72 -73 -84 85 -66 -92 38 -63 -78 -49 23 89 33 63 -89 -20 31 12 -57 -91 -12 -16 15 -69 75 22 31 -40 47 58 84 -76 -72 -38 29 93 11 -36 20 -33 48 49 76 -59 62 -26 -97 24 -15 -71 -95 -9 64 88 -68 -86 52 59 50 7 17 46 50 -71 -77 -94 -94 2 -91 -41 62 -23 -81 -11 19 -15 71 -22 16 16 25 -7 -40 48 47 -34 -10 90 67 -59 11 42 -5 -10 -37 -18 -72 76 75 -60 -57 98 94 -90 -69 -49 -99 -66 52 -23 -1 -5 -36 -8 -81 -96 65 76 99 77 -68 27 -95 -46 -55 -33 32 -39 -95 61 -65 -80 -2 68 -66 -42 66 -53 -48 -88 -42 54 5 40 -64 -9 -36 -69 -60 -72 -81 -73 -5 -97 21
-77 89 -85 -99 -20 87 -75 -8 -3 74 -92 -49 49 69 -25 -65 -5 68 46 -89 9 80 -8 -72 -54 -39 -14 -22 -98 -57 95 -16 38 -51 -97 56 80 -64 81 -68 96 63 -22 59 34 -18 -67 61 -55 -52 73 4 63 -59 48 68 77 -47 7 -77 -39 10 80 64 37 66 29 -55 -52 -82 68 55 96 -29 -48 -22 -13 -14 93 -70 16 -51 -27 -5 -27 -1 -42 -70 66 50 -57 27 6 -47 0 -99 23 78 6 28 54 -36 -74 77 88 37 -28 75 11 -16 -42 -1 -57 66 28 -72 62 33 -16 -31 -14 4 34 70 -50 87 -10 -65 -65 -54 -78 -89 -20 -44 -78 -68 -59 -3 1 87 -61 69 -63 32 -59 -58 17 57 -30 49 -86 51 50 -98 -30 47 11 -28 55 -18 -11 -68 -62 -74 -1 29 -69 53 32 27 87 -6 11 15 -76 -16 68 23 -74 58 -73 69 -85 7 35 67 67 80 50 22 19 83 46 -58 92 -10 65 17 35 -14 49 43 92 77 47 -9 -45 31 35 -27 -6 -27 -42 66 6 47 -48 -4 46 -28 -75 -69 -69 45 -42 -95 63 -39 74 15 -59 -53 -71 -5 72 96 -10 68 -36 -91 51 79 -32 94 -84 51 36 -6 -86 -5 97 -81 -61 60 26 45 -50 -34 10 81 -44 -35 -38 -88 3 -18 89 82 85 -73 64 -42 -69 79 66 -58 62 0 -65 -9 -4 -14 -73 -76 -78 1 -82 39 -94 -14 -15 89 -86 85 -57 33 21 28 -39 -97 83 -53 -66 4 -14 98 88 -84 66 70 -87 74 -39 26 -26 -43 20 5 99 -92 84 66 -54 -37 19 -61 -23 -79 -42 90 -40 -36 -24 51 -72 -70 54 -34 -5 22 -95 -40 32 90 5 -32 -11 98 -97 31 40 -30 -5 -96 66 12 41 23 -50 -87 -85 80 -55 -49 -81 -95 4 -41 54 52 -8 35 -74 -53 -40 -63 -20 -49 80 -65 -75 8 -85 16 55 -81 73 -81 -10 -94 95 28 -98 80 37 62 72 -19 -91 62 45 29 -8 77 -62 98 -31 -2 21 -86 -1 -75 95 22 -72 33 -67 -87 91 -77 6 -41 -62 -73 86 77 -83 43 45 -39 -85 23 21 15 -10 6 -89 -15 -64 51 37 41 0 -13 -19 23 99 -9 -69 -68 15 41 10 58 -90 -76 -27 47 70 37 62 23 -22 19 -9 1 -68 -72 21 77 18 39 25 19 -69 5 66 59 -36 86 84 -83 87 85 -84 -85 47 -98 96 -36 33 -57 -77 85 -61 76 19 -20 -16 21
27 -9 92 -99 -89 -81 48 -81 -54 -26 39 18 -73 -4 34 87 -97 90 -85 -67 72 75 46 9 70 -67 -78 -75 -93 -85 47 48 -9 -51 -94 63 -62 61 -84 -92 37 36 -81 87 -42 -13 17 -61 -70 29 -94 32 13 -21 78 -90 65 -3 -83 -1 99 -58 47 54 -32 -85 99 59 -34 -31 -70 16 -5 13 -91 -5 48 0 -54 -93 20 -57 -81 75 97 79 31 -11 86 -58 23 65 -39 98 29 26 12 -69 -12 58 31 -50 92 -19 -90 -17 96 -26 19 -39 -90 -14 -18 77 45 -87 85 72 -36 2 -65 40 15 -41 67 89 6 -75 48 0 41 58 54 71 48 68 42 -16 -10 19 68 62 47 2 -15 98 -6 59 -5 -29 -93 -35 6 -58 -36 2 22 84 -50 -11 41 -12 72 -1 -68 -95 -65 56 9 88 -65 73 15 -74 -23 51 44 72 53 95 -23 -92 44 -88 -58 49 -81 -54 -78 30 91 2 16 -5 32 18 62 45 76 20 5 54 -16 53 -19 72 52 34 -58 37 -27 -52 91 -98 57 -81 43 -54 45 -11 16 -75 -97 76 53 17 -68 2 11 -27 -45 -11 -76 -40 -33 -91 73 74 32 -50 30 21 -8 93 -37 -44 -99 -7 78 93 -81 34 -66 -82 -93 -47 29 -54 3 69 -93 6 -91 -53 41 -3 -27 -91 -2 95 97 70 -1 36 19 14 -40 92 -98 -32 -50 -61 86 -65 94 -41 99 31 95 11 33 -40 18 -91 -76 77 -74 -71 -7 -90 50 78 -43 -90 -43 -15 66 -15 -61 93 3 64 9 39 61 -68 71 -76 96 -94 -24 68 76 -22 88 88 54 27 29 -79 64 -90 -11 -55 9 -74 -36 51 38 10 -76 16 8 -51 71 -95 43 49 94 -2 82 58 -38 11 -93 -11 -22 -60 42 -57 -12 42 -47 -49 -19 7 80 -88 -24 -40 -56 40 61 23 72 2 36 -26 -3 62 -97 -93 -33 34 -19 -30 -26 26 90 -24 72 44 39 51 76 4 -54 -81 95 34 -49 -93 -45 99 -15 12 85 -65 2 70 -62 60 -52 -29 -97 54 -65 37 -24 -77 18 -8 -92 -5 -18 5 -27 1 -91 -94 -97 -43 -40 -84 -68 19 48 -66 99 10 14 86 46 -20 -83 -2 99 -57 61 41 26 89 28 -61 -87 -84 44 5 47 59 34 14 92 77 18 27 5 47 -94 -45 -73 -88 -53 34 46 19 -88 97 -91 68 58 46 -71 15 -29 -44 -55 3 -30 86 -59 -5 88 -60 63 -44 -58 -91 54 91
80 -26 -75 53 -59 19 -53 80 -42 46 30 -37 80 -13 3 10 -54 60 0 -39 -69 -92 -76 -42 -57 -94 32 91 97 19 56 57 -66 44 7 -3 -93 33 49 82 75 49 40 -99 -84 -75 61 72 -57 64 52 52 -63 34 28 -18 2 -83 18 -10 23 95 22 1 97 -81 -98 85 -58 -75 -29 -2 6 -47 75 17 57 -25 13 -32 31 40 -72 -90 -53 -66 75 -57 23 -1 85 24 85 28 33 0 -17 59 82 -3 53 -20 -74 21 27 -89 -20 -20 57 27 73 40 65 56 84 -6 27 -63 72 -25 98 -91 14 51 32 72 85 -53 93 -34 46 -85 -12 -50 -13 -99 -57 76 75 36 79 94 53 -76 83 -4 49 34 87 34 -61 -61 -45 -96 -24 29 -23 -93 43 40 68 -78 71 -7 7 2 18 20 -56 21 -93 82 82 47 -81 -99 -18 26 -65 -16 -7 0 -47 -87 96 -96 46 17 37 58 -12 94 46 83 12 44 -61 17 16 -17 -68 2 52 -36 -60 23 -80 39 -2 45 72 -93 72 -20 8 86 -9 -22 29 -62 -15 -67 -78 53 -93 8 -37 -81 -92 -49 6 62 5 62 59 -83 62 -99 -41 -75 -48 -51 -83 -77 -49 88 -52 92 -5 -11 -6 16 -51 -63 -64 45 -52 41 51 44 50 92 11 64 93 0 3 24 7 -22 39 -75 -6 -17 -25 32 -50 52 -48 -50 36 -53 88 93 -78 84 9 77 67 40 72 -69 66 34 79 59 21 45 98 39 -48 -70 -69 77 45 -59 43 8 -98 -10 -31 47 -61 28 -6 -97 45 -92 -17 91 55 -62 40 15 20 -49 11 -95 -52 18 -99 -98 15 -43 -89 39 84 -64 22 -65 -7 -8 -47 28 25 53 -75 -94 -39 34 -24 81 -79 92 12 65 81 -75 -35 -80 -40 86 84 -74 3 -50 -67 53 -35 41 -84 -23 -33 -31 -83 -15 14 -88 46 -19 37 -26 -1 -90 78 4 -79 -37 30 -31 61 -77 49 61 96 76 55 -17 56 -30 -96 -11 21 -90 -78 91 -71 53 -23 -9 39 71 -7 -9 -27 19 -6 87 -46 26 -10 -2 -49 40 -4 54 62 36 59 -87 -51 -29 76 -47 -9 -43 -92 -76 59 -52 -71 -21 21 12 2 74 43 44 -28 69 37 86 -98 64 -65 -44 -53 -55 -65 -16 68 65 71 -85 55 99 93 20 98 66 -21 -39 28 -46 -28 -75 93 68 11 3 66 39 -26 -24 50 -86 -31 79 -80 62 -57 13 88 7 -97 -16 86 15 76 81
54 -11 -91 -79 25 -47 11 81 19 44 -50 -20 -57 -73 64 25 -80 58 20 -95 97 -85 29 43 64 63 15 -60 -79 29 64 -40 -41 43 64 -36 35 -66 -67 -84 27 -42 -44 9 -7 -57 -57 -31 88 75 58 -6 16 -36 83 4 15 -12 64 -78 89 89 -29 -16 -99 -39 -23 31 98 34 59 -29 -5 -44 98 -88 68 72 -55 0 -80 14 -91 49 33 0 -55 -80 65 54 17 -67 1 20 -1 -70 -82 13 -58 59 89 2 36 -82 -42 67 35 66 91 -63 -94 -40 19 -63 23 -35 -34 -55 -14 46 20 -85 96 -33 45 60 68 -97 -49 -41 -96 60 -42 67 28 11 -23 -13 -88 -32 92 -40 -45 9 47 7 21 59 80 -95 67 0 73 97 -36 -34 -2 14 12 21 10 -29 54 -12 41 -62 10 -38 -38 78 31 -87 -4 -50 69 35 95 -36 6 -64 -33 -32 -42 80 52 95 -53 -66 -83 14 -16 22 96 -65 40 78 -1 -22 -78 -32 77 78 54 51 -55 25 -35 88 53 -24 -26 67 -18 -70 76 85 79 92 34 64 96 41 -45 -5 -33 95 -88 -65 97 -84 82 -82 66 -43 75 30 84 86 79 -23 -91 -64 12 41 92 -44 50 18 98 39 63 70 -87 -51 -14 49 34 -28 86 -8 78 -69 -20 48 38 -45 70 -19 17 48 -42 86 -30 -3 -65 -2 -16 -47 -43 35 49 -65 16 -95 -90 -81 -74 29 99 -45 47 77 -44 15 50 -5 -36 -34 28 -26 22 -65 -60 -91 20 -9 -49 6 45 4 18 43 41 -74 -98 -22 69 -82 42 -65 79 14 84 -15 22 -91 -34 6 -90 -37 66 1 56 -32 -54 -89 3 80 -98 -32 -66 5 -24 48 -82 96 -76 -87 1 -7 -54 44 21 -66 80 19 41 -45 24 -78 20 -14 57 -24 -35 62 -64 70 -15 71 -53 -85 29 35 51 -61 62 75 70 -43 16 4 -34 73 98 -83 -28 -72 -37 -47 35 30 -47 80 13 -6 -92 80 93 63 -40 -54 63 -12 -98 -89 -60 -88 50 -96 41 -13 74 31 66 7 71 52 58 77 -13 17 49 -41 -8 -97 -69 -17 38 9 -56 50 -68 -26 71 -95 13 -29 -19 9 97 -23 -96 56 71 36 -27 -71 -80 21 24 -24 60 -14 -27 -99 -63 -36 85 40 -70 85 -31 -75 -51 97 97 -57 65 96 51 -23 81 54 77 16 21 69 -87 56 -70 -13 -17 -39 60 84 28 24 71 -86 50 -52 74 7 58 47 46 -37 97 14
64 -2 -82 -31 89 80 24 -23 41 -82 -52 -92 11 25 92 80 -60 99 -28 33 99 -43 -28 70 -18 65 10 -52 22 -45 -69 -41 -82 -6 22 -19 94 67 -11 26 -57 -58 51 -92 23 -45 32 11 21 51 -14 57 81 -28 29 91 -74 51 -99 96 -1 -31 -62 80 56 -98 7 63 -70 -82 -11 -2 -28 -85 45 -23 99 84 24 -6 96 24 30 40 31 88 -18 3 -52 45 -46 4 -93 -84 -82 -93 -50 73 76 -1 8 69 99 -76 35 89 -84 -30 65 20 -25 35 69 -57 44 32 84 -3 31 94 54 -52 16 -25 62 -63 76 -97 2 13 -78 -36 -7 56 -92 -99 -17 -43 6 -71 78 -49 -45 -1 -25 36 10 62 -68 -62 59 42 95 -91 19 -8 -21 19 11 52 -4 99 97 44 -90 76 51 -18 -26 -77 71 83 -67 -36 34 -31 86 31 -95 -67 96 63 -27 -18 29 76 -81 32 -28 67 -89 -50 -50 38 64 81 8 32 8 41 -8 -57 -85 15 17 57 31 7 -63 36 -96 58 15 -39 49 -94 87 23 -25 -47 2 -90 -31 -45 61 -18 -7 93 -13 -19 8 98 -59 -9 85 24 -67 -19 -11 -63 -86 -51 -17 -7 29 -47 52 8 -61 85 -46 -66 -53 60 46 38 -10 -68 -6 -44 -9 -86 -5 -39 -60 67 56 -83 40 -22 14 -58 -8 -83 59 15 -44 -90 -1 -85 96 2 -64 -10 20 -36 -5 93 -61 -5 -11 3 53 -51 8 78 -17 -48 99 -68 -15 -98 75 5 85 5 12 -70 70 -11 77 23 -72 -96 91 -37 -95 33 73 -38 74 35 69 -65 -72 -97 2 79 -51 35 -73 79 -82 46 -24 -74 58 -21 88 -30 -81 -26 -59 -51 65 -23 -40 64 -95 -99 67 -51 -98 85 -41 -41 -10 49 -93 -88 -78 66 -82 -90 -4 -88 -21 1 64 -72 6 70 78 -12 -65 19 -98 74 -16 -2 32 43 -96 43 37 -33 37 42 68 4 28 -58 -15 29 63 -23 -67 -70 11 -24 -92 -30 25 56 29 -96 -63 -14 97 61 -59 34 -86 32 -24 77 68 -76 28 -79 3 79 65 65 -39 -40 39 -75 78 -50 -86 93 -5 22 5 95 -43 -86 -15 5 53 -75 84 22 51 -68 -91 49 20 88 65 22 -61 -11 -9 87 -75 40 23 -65 55 11 -8 -6 6 -88 6 -80 -53 80 57 12 94 59 76 2 96 27 87 -39 13 83 -18 29 -88 -90 -43 -37 0 -11 -69 -72 73 -12 64 70 -65 -60 -89 32
-12 33 -46 17 66 -19 87 50 -80 -57 28 -87 37 81 31 24 -41 69 77 29 -46 -49 9 78 -98 -51 40 40 -54 -8 -99 71 24 32 52 -34 88 -45 15 -29 -37 90 83 -42 -10 -36 -90 79 -49 46 36 59 38 -33 86 73 42 4 99 -49 6 -51 32 22 58 -22 -4 -44 67 82 -52 -35 -18 -57 32 21 -27 93 -16 76 51 -89 60 -58 50 -27 -44 53 -79 53 -14 93 2 -69 30 -1 -89 61 83 -45 26 52 -45 -28 -31 86 67 -25 37 -46 -78 -51 -51 78 78 -45 63 -86 99 84 18 -49 -93 -34 1 89 -84 81 -40 83 -15 2 -76 42 -54 57 21 31 51 24 -17 -88 -35 -29 -57 57 19 39 44 6 -95 92 -24 84 -90 -86 -46 72 80 -72 30 -96 45 -97 -1 -19 -5 -74 -69 31 18 37 -33 8 80 7 -22 -89 -8 -75 96 39 -8 62 -84 72 87 -46 -44 -32 -15 -41 -2 -5 30 81 66 -15 -72 -36 -92 53 -56 28 72 63 56 44 -63 55 71 69 45 -91 72 36 99 45 61 35 -90 29 -94 -16 47 -16 6 -38 18 99 26 -24 47 8 -48 66 -68 58 31 -42 -62 -75 61 53 24 9 -44 42 -79 -88 95 -29 77 -89 86 -38 89 -58 15 96 51 -16 65 -89 84 43 0 63 -35 -9 99 24 -89 80 77 43 -49 -86 -42 -47 -60 -93 32 26 -44 -35 65 2 7 13 1 -82 54 4 -63 -43 -65 -88 49 38 -43 -99 -48 27 -28 90 16 86 -24 -97 -1 -41 -68 -52 85 71 -9 -42 -80 -70 89 37 -48 -85 -18 -27 -8 33 83 26 91 52 87 -22 94 -48 -47 90 -19 -78 -79 -67 -32 58 -60 -73 -95 -92 -70 -35 -29 94 70 40 -68 -40 -61 88 -54 -50 7 18 -56 53 37 -82 23 95 -15 11 -91 35 -6 12 81 -56 35 73 -70 54 -60 -96 58 -54 -15 87 49 -43 -34 -7 -75 -43 93 25 -38 80 -4 14 61 2 -46 44 -13 40 31 -66 -15 -67 26 -53 -50 6 -1 -61 42 85 65 38 -35 80 11 -50 -37 -40 -55 -43 -83 -75 -82 3 86 27 17 73 71 -84 -47 -63 -84 62 -39 79 -6 40 -2 32 -71 -35 -29 30 -66 -74 16 -82 8 55 -93 -38 80 83 77 23 46 83 12 49 83 8 -12 -81 -54 52 7 33 -71 77 26 -92 35 64 -63 -73 61 -58 90 -14 77 37 -82 -29 1 75 -90 55 -73 43 80 -23 -60 39
24 -17 37 12 -92 4 88 -81 69 -29 -97 -48 47 80 -79 24 88 -94 -74 87 11 -98 -78 -83 93 6 -66 30 87 89 16 -45 -79 -36 78 -85 -63 -48 -80 5 -80 -4 90 -75 82 -7 55 -32 38 -18 -50 -60 -29 -38 -8 1 -2 65 -33 48 -6 -77 32 -62 30 12 91 -2 -91 27 35 -5 -2 70 -21 -54 33 -69 68 65 58 -24 0 -83 75 -8 35 -7 -23 -2 20 47 65 -97 -69 52 -83 84 -16 -7 92 35 9 -38 53 23 49 -74 6 -8 91 36 35 -69 -25 -7 -94 92 -3 34 -46 36 -83 -26 -9 -91 71 -7 80 86 4 77 -23 -56 60 -6 -13 57 10 -19 -55 81 18 80 -63 19 -45 35 -58 -29 19 -10 -44 57 45 -17 76 -80 3 24 94 10 -83 -59 -31 -76 -3 99 -1 -17 -81 25 -23 -15 27 40 54 44 97 -67 -45 36 -81 88 -78 94 -82 -80 -4 90 98 -18 -6 -1 78 41 59 23 -9 -38 74 75 -73 -49 -36 55 70 -73 19 -7 -84 32 56 78 44 -40 69 -91 73 31 5 -91 53 60 19 -53 10 -15 57 54 -41 21 -93 91 44 -94 31 83 34 1 -62 5 -26 25 86 -61 59 62 -26 30 -80 2 -83 -22 34 22 1 12 84 -17 89 -8 -93 -75 18 71 86 -92 9 7 -53 97 -12 62 -51 68 -98 77 -93 51 -66 51 38 56 6 43 69 -60 22 95 -38 -93 44 -61 -22 91 -6 27 -85 51 71 -16 72 21 86 60 31 65 -22 6 -23 -51 -5 76 -63 78 -75 -78 51 63 53 60 18 5 39 -52 -98 -66 -86 99 -24 -46 2 -38 -82 -33 33 99 -61 20 -76 33 56 25 -46 -29 21 86 73 -30 -50 -46 8 44 36 6 43 -48 72 -15 -46 47 -41 -94 78 -42 -45 -72 -70 10 -90 -69 38 46 -28 -22 57 -23 30 -2 -53 -49 -86 27 52 95 68 48 -85 13 23 29 -2 -47 55 -28 -77 26 63 19 87 21 -8 7 -22 0 73 79 -86 96 -76 71 2 46 -90 22 82 45 -16 -95 -75 -99 55 25 -13 36 -61 -46 94 -74 86 26 14 96 -20 -94 -40 -60 61 -32 -6 49 -98 83 -57 -89 -71 44 0 82 78 21 80 -84 53 76 23 68 80 -28 -65 -73 -24 47 -47 71 -71 -50 -7 11 18 91 -87 12 67 57 -21 -95 97 48 39 10 -10 -24 -67 -31 -68 82 68 -14 95 -57 48 -34 90 -89 89 -57 -35 84
80 67 12 14 0 -91 73 78 63 4 48 -15 7 9 79 3 72 -65 72 83 -64 65 0 -94 77 -38 6 -35 14 -94 70 -20 75 -62 95 -47 -76 -43 -45 -75 56 95 95 47 88 -85 5 48 41 -44 -9 -73 -40 -26 -75 -95 28 -81 92 68 79 -94 98 39 97 31 -92 -41 37 77 -74 -43 94 13 -60 4 3 -82 25 19 -91 -25 -57 -14 13 -4 59 11 90 -66 55 40 66 -5 -43 -78 -78 -11 -38 -77 -52 -16 67 84 -57 -39 -17 -18 -93 23 33 -85 31 -69 30 -36 92 -45 73 -13 78 88 47 10 5 12 -27 -7 31 47 -58 46 -70 97 0 63 61 -42 14 61 76 -27 24 63 -47 80 32 37 -61 25 46 -65 -59 -23 -38 43 81 -60 -57 54 -73 8 69 -17 51 -42 -1 -83 -58 80 -13 5 -78 18 34 -66 38 68 29 13 77 81 -69 -7 15 -99 25 67 -33 0 51 10 74 33 11 -72 -13 18 11 69 97 90 -36 -1 3 -28 -58 -24 -97 68 69 -12 1 38 78 -13 -77 36 35 -57 -54 -89 -26 83 24 -87 -29 -36 -99 -93 -20 -72 -54 -20 -47 -82 -92 -88 -21 -83 -76 -72 -22 -66 0 -10 49 98 -23 13 84 -61 -85 2 -61 83 -16 -93 -38 7 59 -36 -70 -71 -43 -75 -64 4 -76 34 -87 75 -32 -74 64 -11 51 18 -33 97 -59 30 0 99 39 -58 71 78 53 87 -34 77 4 23 -66 -94 44 -4 -63 -14 50 -3 39 -83 -38 -56 72 5 87 -79 -56 52 55 70 47 -7 -18 -90 -33 -39 -24 33 -53 -52 71 -18 90 43 -78 66 59 78 46 -40 29 13 78 -4 -55 -58 90 85 -52 -78 -95 95 92 -42 28 13 80 34 19 -91 -41 -66 64 24 43 79 -10 -57 32 27 13 30 56 -95 34 35 -55 80 17 74 42 -26 32 -18 85 50 -93 77 99 51 -78 20 -21 -94 30 74 -35 58 87 -89 -18 -14 51 5 -52 -87 44 -54 69 -12 -47 -1 27 -1 37 65 -89 -95 39 -31 -69 84 -21 75 16 -35 98 12 47 -45 -90 47 38 -9 -10 -35 51 -82 33 43 -39 -83 72 13 -72 -52 2 73 49 63 -2 13 40 63 23 35 -29 -9 -87 42 95 -70 -85 13 -29 17 -83 -8 69 -20 -88 -54 45 -20 56 -57 -26 18 77 -95 -52 -80 33 -87 -26 -4 -41 92 41 -38 5 -71 59 41 -89 -17 -83 -88 67 93 -31 80 32 -19 -57 -50
-65 25 76 43 39 56 -34 1 -64 -44 6 -87 26 -23 41 82 -54 83 69 52 86 -80 -19 -97 33 30 60 48 36 35 -39 -82 -26 13 63 70 62 -70 7 -55 89 -86 87 -13 15 57 -21 63 -78 67 8 53 -36 -39 63 44 -96 -5 -52 85 82 49 28 -44 43 -64 -31 -2 31 9 -81 81 82 81 -63 49 61 87 -29 -36 -74 48 70 -17 -14 -58 24 -84 -30 -35 -46 68 -9 -21 -10 -52 11 45 5 37 -10 -4 74 80 63 24 -69 -61 32 -25 0 98 -30 54 -40 64 -81 -36 63 70 47 -17 79 77 -58 15 69 -38 -87 -74 -3 22 -15 -95 -89 75 17 54 -5 -47 -3 -16 -48 -68 24 37 -44 24 -19 9 69 -17 16 -50 37 2 -21 36 8 -50 -88 79 -31 50 -93 50 -33 -11 73 75 -35 52 51 -74 44 -81 97 -55 32 -72 -38 5 -34 -25 18 -16 -9 3 27 79 -45 64 32 2 71 91 -98 37 -12 42 15 50 7 -85 -59 88 -94 -72 5 66 -15 -95 32 84 -36 -99 92 23 65 97 58 4 -78 -71 81 94 59 -55 82 57 -9 -2 21 58 -16 -79 -64 9 -54 61 -90 80 30 -72 72 -27 59 3 30 89 -93 -77 10 37 76 -41 -43 -78 7 -81 47 -96 -45 -10 86 48 -96 -56 -80 5 -34 7 79 -96 -62 14 -9 51 -98 61 91 68 0 99 39 43 -83 -93 19 -72 -43 -13 -98 -86 17 -89 91 22 -61 -10 -26 -83 -35 -56 99 -3 -11 -18 -18 86 -78 -90 43 -32 -1 -75 74 -95 -14 36 74 52 -49 54 87 84 79 -69 78 -8 -28 36 89 -50 43 78 -97 3 -87 42 -14 -91 29 32 -79 -27 53 -60 -10 -17 -87 2 74 -69 59 42 6 22 -68 93 -28 57 -29 -7 -25 63 -96 60 -75 82 -6 -39 12 -66 -85 3 55 87 68 -64 -69 -99 -85 -33 -92 -29 -71 -51 -66 49 -75 -16 79 21 -74 85 88 -40 -24 -78 -33 -37 38 -71 -82 -3 11 -99 -90 30 91 -76 -89 -35 -11 -9 55 62 68 -17 -40 85 39 -75 24 41 -43 -8 -82 72 71 52 -1 -95 40 -87 91 -47 -41 -30 -6 -84 -56 -32 -14 -91 82 14 -97 -1 -63 -66 -8 -85 91 4 9 87 85 -43 47 -37 64 -97 -48 80 33 -17 -71 14 22 55 22 -35 51 -95 -41 -25 -48 34 39 80 5 36 12 -89 -21 -44 4 -79 26 -77 4 85 -35 65 51 69 43 -36
55 18 72 -39 63 -53 -92 62 -42 -10 98 -36 -93 -88 22 92 81 -40 -20 -47 -85 -73 0 -6 -25 54 75 32 50 -4 6 79 23 15 -1 -46 -1 -42 79 -50 65 6 31 -13 -95 -33 -2 79 -26 -57 -17 79 74 18 -97 99 34 -15 -15 69 -45 -72 58 96 35 45 40 -16 86 24 36 -32 89 53 22 -24 -57 93 -81 -53 23 81 93 4 -9 -17 -22 -73 -75 -5 -98 77 8 45 42 -59 -13 64 29 -61 -60 89 92 -18 -78 86 95 80 -87 58 3 33 -38 -32 -40 -65 19 -66 -83 -57 -36 99 51 -81 49 -74 -5 -84 74 -49 -71 22 48 56 67 62 -66 5 -32 66 -98 87 55 59 38 68 -69 -86 -82 21 41 31 0 11 9 55 -87 -52 77 -64 83 96 -74 5 -57 -99 -17 14 -11 99 -26 25 -2 1 46 79 -84 99 39 9 -74 -96 -41 -75 78 -26 -63 -44 86 38 18 16 -45 88 66 -19 -67 33 -39 -77 -26 54 -19 49 8 -73 77 52 11 -67 70 -28 -8 94 -8 77 -18 36 -75 -56 1 76 -66 29 -43 -8 91 13 39 55 71 62 97 64 -17 86 18 -71 37 -4 -14 51 85 79 58 -90 -97 16 -42 -20 -14 42 12 61 70 22 18 -48 -80 17 -30 42 -34 39 21 -1 -22 -19 -25 -80 -73 -31 -8 20 -4 3 -10 -58 50 -34 29 52 -72 -19 -92 -82 -10 -35 55 -71 -70 -60 65 15 -29 14 -41 30 31 50 -55 -99 -90 -72 19 -86 25 57 2 76 74 64 28 -82 44 85 29 -44 55 -10 96 -38 -36 -68 51 23 60 -81 -25 -7 -73 46 -95 85 96 92 44 9 -84 91 -10 -36 35 5 -99 55 -13 60 32 -37 25 73 -98 -37 -9 25 37 87 -14 -88 -50 -5 -2 -54 -88 75 -92 56 -71 -90 -83 -71 -43 44 34 -85 95 99 -71 32 16 25 -39 61 -73 -17 19 33 58 15 65 -29 -33 2 -96 -85 -20 15 -9 37 24 95 -86 -5 51 3 -56 -16 -10 34 42 -9 87 -81 -48 -57 -23 83 -81 27 28 -5 61 -95 42 -33 -18 33 -22 95 10 -93 -77 -1 -4 73 71 4 57 83 78 84 62 66 62 80 16 -62 18 -41 -99 45 -33 46 -26 21 29 -67 -66 -3 71 4 -75 -6 34 87 81 -66 -55 -48 -39 59 -67 41 13 60 -82 89 -52 88 33 82 31 91 75 -46 -73 -77 45 -26 -76 91 73 -56 39 -59 -72 95 32 91
78 -34 -50 -29 -81 2 -31 -32 66 -36 -79 45 53 64 -47 -73 -90 -43 35 90 35 -6 85 -83 -41 -61 -98 80 27 67 45 14 -44 66 19 -66 21 33 51 -42 -36 29 -18 40 -56 70 30 33 69 57 91 6 -75 58 -4 98 15 -1 71 -78 14 -1 -39 -25 66 -86 80 -3 -45 38 15 26 41 -43 -40 -91 36 35 -2 -51 -57 20 62 -33 -30 -95 -47 9 73 -67 12 97 -95 -11 -22 -98 69 87 -26 -25 54 88 42 -31 99 19 67 80 -23 49 95 76 86 -31 -6 17 -24 76 39 65 -72 -49 -21 -72 83 -32 -32 -4 87 -70 41 -37 68 43 19 59 7 -85 -72 30 70 10 59 -95 42 31 8 54 1 -25 -51 -60 -51 88 -51 -56 40 -5 69 33 59 28 -2 -70 77 24 -99 -26 -93 5 -73 4 20 38 -26 -1 77 -76 -96 72 -52 84 -5 -84 -27 -82 -34 -52 -90 58 -23 99 59 -52 71 30 88 88 -78 19 40 -93 16 -25 68 35 -38 -70 88 88 97 22 -22 1 -48 73 -29 -14 -56 -50 86 -51 -66 -10 -54 52 19 41 -16 -53 -35 13 -6 -52 -7 -44 -15 68 -51 85 -19 96 -65 -62 -22 -63 -93 21 -60 -66 -58 97 53 33 -80 84 89 6 81 -31 -6 -27 -52 83 -42 -40 70 30 39 84 38 97 -68 5 -88 71 -88 16 35 -73 48 -22 56 -42 98 -73 36 58 -10 18 -92 -52 -69 -23 77 -34 -86 -33 96 -11 48 95 31 39 85 59 -46 -1 66 54 36 2 55 80 -1 -8 -77 92 18 60 52 -41 23 22 60 -10 33 56 -39 -13 72 59 9 -32 26 0 -10 -71 -81 60 47 -48 49 -7 -38 9 -85 29 50 23 -45 -38 -63 81 95 0 -93 75 77 2 95 52 -60 50 -19 45 -44 -41 8 -24 0 -76 -73 -61 92 76 -97 -76 44 -25 -46 -46 -8 -44 -40 -90 65 53 30 54 -73 14 3 56 -73 -36 -78 14 46 -86 15 43 56 44 -8 60 -9 -77 -98 -37 -61 46 64 -31 -66 82 -84 73 -89 -57 43 -66 85 -93 57 -57 32 62 -12 94 -4 -95 17 48 80 34 -77 -62 92 -37 82 12 2 -52 81 -91 77 66 -62 -44 0 81 22 97 -24 -82 65 80 -66 22 -90 31 69 -39 52 38 -46 34 66 29 75 87 -98 17 1 -75 29 -10 -83 32 -60 -57 -69 -34 -15 66 65 50 47 52 74 -3 -16 -64 -16 -38 32 59 -86 18
1 61 -69 35 -52 68 -45 22 -1 -86 -95 -93 -24 -14 81 -94 -26 -97 17 -93 55 97 26 88 -31 -23 62 -32 -42 -56 -72 16 71 -72 47 41 -82 62 -83 -42 14 28 40 -83 -82 -85 -36 -28 -82 75 19 -81 -42 58 40 -46 84 -96 65 -19 -27 69 72 -92 53 89 67 40 -30 -12 93 -88 -65 51 -63 -6 -63 79 41 51 -56 -75 -39 -25 -83 -20 -80 60 -26 18 -48 59 -19 -54 28 -48 -87 64 25 5 63 77 47 38 -60 3 -27 -42 -53 74 -52 8 -65 -88 24 -50 -81 4 21 -37 -56 -83 -90 70 -36 -34 7 -34 68 11 97 8 -84 -98 -98 54 25 92 -71 -38 -63 44 -52 -51 -16 -17 5 -92 67 -2 23 85 93 54 -90 73 57 -43 -14 99 9 -72 68 -6 -98 77 0 -30 19 -64 6 -74 -18 -55 -40 -5 -37 -48 -65 -12 78 -11 -37 -77 92 -72 -73 80 45 -87 -63 -89 -33 -97 83 -92 63 -27 -45 -90 -83 -2 -97 -76 -2 -42 -99 -58 -25 -44 15 -61 25 -37 5 84 10 -93 89 -53 88 -36 62 -77 -23 15 -14 -33 -44 -12 35 50 40 15 32 78 -59 27 -80 -3 -67 74 -15 34 9 48 -84 -12 15 -56 -40 3 -87 2 -44 -28 -44 66 -21 -44 -65 -72 -29 91 48 -59 -81 16 -9 40 -49 75 -88 43 -27 -22 -41 -82 93 -79 -71 -97 -40 57 -92 66 91 -27 -27 90 41 67 -25 -68 -40 61 -35 -76 46 30 -13 86 14 -43 21 -32 11 32 -81 -85 -2 86 50 -55 -21 89 -29 46 86 -66 9 -9 99 91 -46 79 91 -14 58 -45 65 -49 83 -40 -66 -38 91 -22 6 -21 28 -48 79 -40 -8 79 9 88 -8 -25 61 -44 -71 9 27 -26 97 -84 -92 -72 -50 -8 11 72 -44 77 -6 51 -99 6 71 -98 85 -76 -86 72 1 50 -4 -4 -98 75 57 10 88 -22 48 -96 33 46 6 -46 -74 -79 -22 -43 -56 -87 14 -26 27 -31 -24 5 15 93 -65 -95 21 92 49 -20 -53 -1 71 82 74 80 85 -50 -75 -41 -71 22 10 93 74 -21 -6 -86 -16 94 -59 -35 0 -56 36 47 -19 74 95 12 27 -13 39 78 -90 -31 -90 23 77 31 3 60 -95 -38 63 45 -23 -60 -20 -72 26 -14 92 12 84 18 -70 49 50 41 -60 82 69 -71 32 64 -8 -65 64 49 -40 62 45 80 42 -13 -77 23 45 -90 27 58 84 61 58 -57 -30 -25
-90 -25 -68 65 56 46 -2 67 -32 67 68 88 33 -69 65 39 53 -41 84 -68 56 60 -45 -34 55 -16 -14 14 -46 -78 -55 -34 -37 -73 24 58 47 -94 -94 -98 -89 31 -7 -46 10 72 -53 -60 95 53 32 16 22 -18 -53 72 35 -32 44 -34 -10 29 3 -91 70 -35 -44 71 40 64 -99 3 -96 11 58 -84 -49 -76 43 38 -38 -28 94 -71 70 -10 39 -35 -88 15 6 39 -86 43 8 0 -38 85 25 -21 -98 -57 -31 -1 -31 40 -31 30 12 -7 -10 -14 51 43 47 -30 -99 44 -90 86 -35 95 78 -36 13 -16 -65 -37 -71 -69 -20 -17 55 57 -10 -69 78 68 68 13 9 -82 -44 82 -78 -37 33 90 67 95 69 -32 -12 0 -95 -75 76 75 73 76 -43 16 -72 -88 55 -71 4 -7 -31 61 -49 -41 -66 54 -30 -75 -70 38 -41 41 40 75 -14 85 -34 -66 -29 -70 83 -89 69 -69 97 84 -35 -91 -10 -6 -20 -29 33 -80 53 58 -89 -36 -56 -55 8 78 9 50 51 -78 -22 -60 -88 64 -28 -91 -21 81 75 28 -26 -51 59 43 70 -30 39 54 87 12 -96 -22 90 65 26 7 91 -66 8 66 29 -26 33 98 41 11 -79 -22 95 58 -57 -64 70 -91 -15 51 48 79 -66 -89 -82 -76 62 -74 -33 19 -4 8 33 60 2 -78 89 -13 17 33 65 1 94 -88 18 96 78 -59 -49 20 -9 92 -17 -76 96 -58 -92 -77 -1 -76 29 49 3 -48 -91 22 -96 27 77 27 -92 -64 50 -15 47 57 -66 78 20 -80 3 -78 54 -31 43 -45 -1 -84 -26 -20 90 -66 -87 -58 15 25 -47 -3 82 -13 -65 -99 -69 3 -46 41 80 -75 -54 -72 99 -56 55 20 85 60 -34 15 74 43 -92 21 -44 65 31 -64 -53 -96 12 -65 -37 79 -96 55 88 -89 89 -10 82 42 -72 60 -36 42 -37 -49 62 39 96 27 64 27 92 -84 45 28 -63 -52 77 86 -74 -57 -81 -73 -7 9 22 -1 50 91 -14 -81 -13 -58 30 65 58 59 -53 -23 25 95 58 63 -58 2 89 96 79 -28 -72 57 92 -24 41 -33 23 98 -73 54 69 -12 84 32 -50 30 -92 -72 -76 36 -80 82 -41 -93 44 -83 -26 -55 -61 -54 12 13 -1 71 -72 28 -2 45 -70 -65 -53 65 63 -91 -92 -25 -87 -9 93 37 33 -15 92 53 92 -30 -68 -14 37 24 4 -16 27 -99 53 54 65 95 -83 20
8 -22 -20 -77 -82 66 -85 -60 -10 35 -41 96 -23 -84 -7 -42 -65 52 -11 -88 67 -87 -99 -95 62 -57 44 73 8 -76 -79 22 27 91 -38 -52 -68 -2 67 -10 -39 85 -93 -75 30 53 -46 -63 -77 -19 -65 58 -99 -96 94 99 99 98 -85 -62 82 -1 18 -28 -46 -68 9 -70 -12 57 -46 -62 14 88 -7 -28 -31 33 68 35 -96 19 -55 -90 -52 8 -34 54 -18 -53 7 6 0 1 -98 72 13 83 -69 -65 52 99 -30 -97 55 -72 -92 -32 -96 87 -21 62 2 9 39 -93 95 61 -55 -44 33 -24 -81 -59 -61 12 5 20 -74 40 -78 34 48 -10 77 70 -79 -56 67 -49 19 55 32 67 -67 -55 75 -96 -47 62 -84 -47 -48 -25 67 -99 28 -61 85 59 7 -55 -59 48 66 93 33 -1 -43 5 -49 -23 -48 46 -40 -32 -78 59 -51 2 13 22 -56 6 60 -65 5 -92 -19 -93 -47 99 88 98 -95 28 -26 96 69 -19 26 30 -25 -95 79 64 3 14 95 -52 -60 36 3 68 -25 33 62 -56 -49 88 29 6 -60 -78 -44 -33 31 8 -34 -74 77 15 -4 -78 2 21 -75 -71 -24 87 -85 -37 94 91 -30 51 -2 -33 4 71 17 -20 -35 -81 -79 67 -69 95 -96 -9 -63 78 53 57 -46 3 78 77 -29 57 -24 -17 -48 -48 -44 8 -21 13 -81 -5 7 78 28 -91 91 -70 20 95 31 52 -24 72 21 21 73 29 -83 -92 98 33 -87 -7 98 89 -27 1 50 38 -34 -58 87 -88 -42 -81 -27 84 -5 58 -26 -18 -29 55 34 57 -16 55 -29 96 -5 19 -84 84 77 83 -29 56 -68 55 62 -73 81 -5 -95 74 36 -43 42 -70 -89 -20 -9 -67 -80 37 42 -58 64 -31 -54 -9 21 -64 -49 1 -10 37 -65 -45 -37 49 -38 40 74 5 -29 26 -58 -78 -6 1 31 82 89 -89 -2 33 4 -49 47 -71 -70 -42 71 -96 -44 -12 -32 -87 6 20 59 -66 -87 -9 12 -80 99 -35 5 -24 42 71 24 67 -5 -23 70 66 -1 58 -83 -28 -91 71 -83 30 -35 -96 38 -35 30 -89 -86 22 81 -89 -30 86 -70 -12 -14 -7 -2 -18 -30 -88 85 -94 -85 37 -75 18 73 -25 -4 -82 1 14 86 61 -95 -89 56 -81 -25 -40 71 -28 68 83 -73 30 26 -61 -2 51 -85 -13 -19 -87 -74 -57 -16 51 90 95 27 -93 31 69 92 -68 32 -10 -80 78 -72 -15 -90 -27
-65 -84 16 98 -12 -21 -70 -29 26 -24 99 -51 -67 49 -68 -50 -77 -14 -67 -73 45 80 69 -10 42 51 -41 50 77 -12 -51 64 75 -20 -6 51 -50 -4 -58 -90 25 -25 -38 -48 70 45 26 -47 31 -66 2 90 -23 -6 44 -62 -94 -30 16 -35 -44 42 29 30 45 -26 14 -38 -47 -90 58 -6 51 40 59 -49 -64 77 8 -43 74 -41 24 -24 -33 5 79 72 -82 75 95 20 -49 -38 93 -48 84 72 28 -76 -91 86 75 69 57 -99 3 -20 30 -77 -19 -65 57 55 -63 0 51 -11 12 76 67 -35 47 -77 45 96 -96 -77 -77 52 -89 -79 25 68 25 57 -3 -37 84 -96 11 78 33 59 26 81 -51 43 13 94 17 -38 -37 -72 45 -72 -4 70 -63 23 63 -28 -99 -21 54 -11 -35 20 -67 39 -74 39 51 -9 -30 71 -78 -36 60 -17 49 -56 1 -91 -32 2 -25 -56 81 60 -97 -94 41 -35 -6 70 91 2 38 92 -26 2 -62 -18 1 12 25 -1 -81 -91 48 -46 -10 28 -5 -52 -42 -52 91 -61 -81 -88 -26 90 -82 33 58 -65 -23 -45 58 -5 42 -52 72 25 92 97 -92 27 -10 -93 -40 -52 -51 -16 36 28 7 -14 -40 76 -57 -44 80 -87 79 82 -61 43 -54 0 34 -45 -98 80 53 86 -1 -13 -7 34 -71 -67 -39 52 -10 24 1 6 -30 99 -86 -16 -38 -81 81 21 -72 79 1 -15 -51 -98 52 42 -71 -51 32 46 71 -44 99 15 -12 -55 64 97 -75 -82 -95 21 61 69 45 9 -23 -43 -54 -78 -52 34 97 -42 -41 34 21 -57 21 -92 48 -83 74 -5 33 14 -56 -7 63 -21 58 96 92 64 44 -88 -35 78 29 15 -28 -89 -91 1 -82 -28 -22 79 -35 42 -30 -32 -99 15 -39 52 -92 -42 -57 46 -85 -38 -70 -2 -28 43 46 51 6 63 82 -34 -14 33 47 -16 41 21 -92 69 -45 68 50 -32 42 -27 62 95 -21 19 -59 91 -6 35 -29 -96 -30 -92 24 67 8 -36 -19 35 35 77 28 -87 57 44 -66 69 58 15 45 -26 -58 88 22 -66 -81 -99 -59 13 30 36 28 13 37 -24 -97 58 1 -24 -61 38 -85 -34 -75 63 -13 -24 55 -50 48 1 66 54 -51 -44 43 17 30 85 5 76 -54 45 -80 29 40 61 -74 -94 -42 -5 -15 16 -44 -5 83 51 -14 28 99 -39 29 37 -38 -77 57 -16 25 72 -39 42 -73 47 -24 7
-90 -35 50 62 -24 39 90 -48 10 11 -91 -82 93 -42 -11 -24 -63 -10 53 -57 -20 33 98 -32 -38 39 -93 -60 26 -68 56 -90 60 31 40 -40 94 25 -4 43 -86 26 52 86 65 -9 23 -4 57 96 45 29 44 -98 -12 0 19 -34 44 75 -9 26 -3 23 29 2 88 66 29 -28 -94 -69 22 -29 -45 91 -23 4 16 -95 0 -6 -63 17 -64 58 -22 -82 -44 -91 80 -83 53 88 3 87 18 -52 -98 -68 -88 35 16 17 88 12 -58 31 -87 -80 -70 56 -19 28 10 -2 -43 -60 11 -64 86 -47 68 0 -61 -55 15 -4 -59 -91 -2 95 26 32 -96 -32 16 27 19 52 -58 40 53 55 -1 33 -18 -66 22 9 94 6 -78 62 -91 -93 -64 60 -72 -58 -17 -40 9 -95 98 -56 -27 31 -53 -58 71 -26 0 -41 -84 -29 98 89 -57 94 80 -28 -4 -37 -34 -86 38 -86 93 -58 43 -82 -28 13 8 -67 68 21 -13 73 76 51 -40 36 47 -68 60 4 57 57 -20 20 51 43 -31 9 37 42 62 51 -92 89 -57 -92 91 57 -11 71 4 -64 19 21 -54 56 -40 -26 61 -70 -80 78 -93 -81 -15 48 -28 -41 24 -88 48 -14 50 -30 91 -61 95 14 68 39 -37 87 69 -86 -81 8 -77 85 66 -15 -44 83 97 -64 -21 -54 -26 26 0 -36 -58 -79 48 -91 -11 81 -94 -95 8 80 -40 67 -89 -72 37 24 63 87 -63 66 -17 82 -30 -68 45 -83 94 55 -80 93 -13 -30 62 23 80 7 66 -35 5 88 -48 -84 -65 25 0 7 13 -80 94 -19 76 27 58 -74 -96 92 -87 16 -16 8 11 -30 82 -95 0 26 74 -54 -4 -41 31 84 -89 -62 -31 -18 -87 -36 2 53 -92 63 -43 17 -37 48 9 3 29 -92 -31 -20 -57 -35 42 -85 -35 -65 -9 13 72 -75 76 -22 -14 -65 82 -26 -30 -89 -47 -59 8 -57 17 39 -22 -70 90 6 80 10 -62 -1 -84 -90 87 53 -37 64 -67 12 67 40 -92 38 13 -2 55 49 -66 96 -48 -11 62 -48 48 -39 21 -52 53 88 78 -30 -2 -4 -3 -99 65 21 -7 87 -33 5 -69 25 -77 -55 -30 -83 -8 -40 -92 -59 -80 78 15 19 -26 58 -22 3 51 92 -39 98 62 -75 41 -49 34 71 80 17 -94 -11 -91 -95 -80 -34 32 -67 -23 6 46 -14 93 -15 -30 14 -61 -15 -18 37 7 51 -77 29 97 35 97 9
-72 61 -64 71 10 -9 -22 64 -55 -21 -30 -1 -8 -99 -13 -8 30 -88 92 -30 -69 -48 -9 98 27 -57 53 38 -59 -43 66 41 -95 45 -73 63 21 72 39 -21 -22 95 -75 60 -40 -40 -51 -95 47 42 30 19 57 -87 10 34 50 11 79 92 34 79 76 83 -22 53 -71 83 98 -92 97 82 -4 74 43 -83 31 41 -23 28 -9 73 -99 56 -74 47 -37 76 -79 1 25 79 -21 61 -50 78 13 -54 76 -97 -76 90 -64 97 61 64 74 17 3 23 95 20 -70 -18 57 -93 -26 -30 -39 -9 73 49 3 -47 4 69 17 54 31 -64 61 -46 24 -7 -43 -37 20 92 45 29 46 4 -46 56 -73 -49 -78 10 57 58 -80 -71 50 12 93 5 -71 -47 52 -34 48 14 -78 -49 78 67 92 -40 -56 47 60 62 42 -58 61 84 4 50 41 84 1 74 -27 -70 43 -21 -56 -16 48 29 -67 -65 94 -77 72 39 -73 -70 -27 -71 -87 -15 30 -48 66 28 -13 -44 5 8 28 67 -66 15 47 36 88 29 -53 42 -41 -65 55 58 40 -52 -61 9 64 -76 82 12 -2 -10 61 -18 -59 -27 -65 52 10 -70 60 -59 -53 74 97 -52 79 79 -9 30 97 36 -33 40 -97 21 15 -60 -92 85 46 0 27 -26 94 -48 48 -98 88 -61 63 52 90 69 25 -68 -1 12 78 -55 3 24 -67 99 27 -61 66 -59 -98 -92 -89 59 -45 -62 21 -80 -5 -92 -36 57 96 -86 -45 82 71 4 70 -65 -95 -52 93 -73 -27 72 -45 -59 -49 43 -21 64 -90 -85 97 67 93 -99 -81 -81 -81 63 -50 68 30 -55 58 0 57 -94 -31 24 87 -1 88 -34 -72 59 24 -54 22 -82 -70 -33 84 55 26 -54 -60 -8 -1 -8 -66 -95 -81 14 55 14 -63 87 77 -76 -3 -6 26 -94 -4 -98 84 77 -32 -92 -42 97 21 77 -98 -56 32 -51 -80 -1 69 17 96 -13 -74 -61 65 -90 -23 18 18 -90 24 -38 64 -15 -27 -11 88 -3 -63 -48 59 -57 39 7 59 79 -74 25 58 -20 -75 -29 88 -25 50 -9 -40 -75 69 -5 -63 -81 -36 47 94 -82 -37 -94 -74 -12 -59 56 81 32 5 -50 70 -47 78 83 88 90 54 -75 4 86 66 -85 -95 24 -49 59 85 8 27 -98 17 -80 16 -35 -77 -53 94 -94 -86 -9 -2 25 50 62 58 81 -54 -53 93 47 58 93 -59 68 9 -86 -98 87 -29 -28
26 -32 -91 -63 -93 -59 -41 -63 58 68 -78 57 79 76 95 65 -78 11 60 59 -53 -88 78 -75 -84 90 10 -83 -35 -77 -3 -35 74 59 49 -29 91 -42 -50 32 -55 24 17 -25 82 -90 85 90 -23 -37 -14 -30 12 -82 -26 -58 12 63 -21 47 13 77 20 69 25 -98 53 -32 89 -78 58 -49 33 -39 -11 -13 -16 43 45 -46 -96 5 -21 65 68 -28 -98 94 80 -92 69 36 32 -11 91 12 -12 1 94 -85 90 -11 67 -98 28 99 96 -71 22 19 -33 -99 51 -67 33 67 -41 13 -25 27 -81 -72 -35 81 -96 48 91 -57 11 -79 -14 -70 -57 39 28 -21 80 4 24 -59 -42 -18 73 41 96 -21 -45 67 -67 -78 -24 -22 23 46 -40 82 59 -92 -81 29 -47 3 63 28 45 -52 79 24 -48 31 58 -10 69 21 -25 -20 79 -17 -26 -85 30 10 93 41 -42 5 -35 -32 -77 5 -93 -21 -27 -77 -33 -1 -99 -12 65 -67 69 -64 -51 56 67 31 35 51 80 67 -82 19 46 -32 -47 -82 -45 94 49 -80 46 -33 3 -83 -72 29 -28 -41 -62 19 83 -58 60 -17 -89 -59 -41 29 -52 67 -32 -17 25 -81 -94 -31 -59 -87 -83 -10 32 -86 -15 19 55 70 -69 34 4 2 45 70 -65 -35 -22 -54 15 33 -96 -5 59 -44 -57 83 87 -72 -69 71 -93 64 42 11 -16 -96 14 87 -45 -66 8 -90 -43 -88 -31 -49 49 -5 -42 -62 -99 -33 75 35 -72 10 70 54 -35 -80 -54 -65 -36 63 67 -90 -71 13 49 -15 16 -62 81 -88 77 58 -96 65 -1 63 73 52 26 -85 -73 69 -3 -94 -45 -52 -89 98 92 92 23 -16 -35 93 97 62 -81 83 91 -39 93 -99 -77 96 -42 94 74 -76 64 -65 -1 51 -72 -58 -90 -57 -35 55 -22 -11 76 52 -90 1 -34 90 22 -14 99 -56 -47 -88 -95 -39 83 6 -63 73 73 -90 -57 36 -67 -35 -84 51 -97 84 -25 87 -23 -43 -91 -7 97 -38 58 1 93 91 -17 20 17 -30 -77 50 -30 -66 -78 1 37 38 73 14 77 51 80 93 -95 53 -2 -27 1 -62 -67 -43 37 -16 -21 49 75 -26 -81 10 85 94 44 -76 84 -26 -75 -43 -27 -92 11 -82 16 -15 -91 15 25 -69 -13 51 -89 90 44 -60 49 -91 -52 97 38 78 93 1 -73 45 7 47 -90 56 -99 -49 77 60 -8 -81 65 30 -67 -47 23 23 86 72 -79 20
40 -91 -31 -46 16 1 51 -79 53 -56 35 27 83 79 40 -17 -36 -68 -46 -19 33 -31 -36 -48 -13 -23 -61 -46 -53 -70 -10 -18 -33 -63 75 74 -66 37 -16 43 -9 -6 95 -16 5 24 77 8 44 -80 -33 -37 -4 75 41 -6 -2 66 -6 -14 -47 -79 32 95 47 -2 -87 25 83 -23 91 41 37 -92 7 -2 -61 -17 5 -7 22 -50 39 54 -80 -99 -91 54 -28 -24 94 -5 37 -24 -48 97 28 -58 -24 -55 70 -99 67 -21 -73 -86 94 -60 -86 -47 33 -10 13 -75 -51 -79 -63 78 -88 -13 -17 75 -68 -53 -83 26 -72 -11 -68 95 74 -28 67 -94 -99 -78 78 44 46 51 25 -30 67 10 73 -1 66 -67 -95 -56 52 -90 -69 -17 -46 -5 -99 17 62 -19 -94 -28 81 -64 -27 82 66 23 42 82 -10 -3 -64 38 53 -13 62 58 72 -95 -55 86 -17 16 4 -50 -98 -30 81 -70 -76 96 35 -47 1 -31 -45 30 -97 -1 -41 -12 26 -70 -76 -75 -46 -86 -66 -34 -79 78 -70 19 89 -34 68 -96 56 78 9 63 11 77 38 -90 -63 58 -82 -20 26 -46 -66 1 -87 -83 72 -60 -36 -86 80 5 74 -77 -34 -97 -84 66 64 -51 -19 3 93 -72 -96 -8 -84 -2 -75 45 90 67 38 2 16 16 -58 83 -8 74 47 58 -81 -98 -99 76 90 39 -12 51 48 74 -14 51 -44 83 7 -92 17 -22 17 94 15 -95 41 56 -55 -5 -66 -28 80 -21 10 -55 45 46 -25 -21 -56 77 -35 -52 91 -34 -79 -14 14 8 22 -17 50 -68 49 34 -81 -44 34 14 14 -99 15 93 27 95 -18 -13 10 63 77 -68 98 -76 60 71 -16 43 -96 -67 -64 -7 34 93 -88 63 -67 11 71 10 -71 65 15 -93 -63 -84 99 -44 -31 15 62 42 -8 -60 86 31 -2 38 -59 -35 -26 -82 -75 68 94 63 -25 97 -24 93 -4 -18 -89 -1 93 98 -90 -64 -35 -79 -4 4 -16 92 66 -60 79 -65 12 -49 -84 -69 -75 99 38 85 46 -26 81 -43 -76 -65 47 45 -15 15 45 -64 26 17 -94 60 47 25 -7 -19 90 90 10 7 63 54 -54 -68 91 46 2 -40 50 -78 20 -17 42 -87 30 -5 -92 -65 -4 58 21 16 -41 -19 -73 -76 57 -10 -7 -35 76 79 87 16 -30 -30 67 6 -38 -13 22 67 -11 -46 -51 64 -45 -23 62 -14 -68 -13 88 60 20 -99 40 -31 94 28 84 -46
33 -31 -48 5 15 83 -46 -88 20 -71 -97 -97 -11 97 -67 -83 24 86 93 50 99 78 -68 73 -3 62 59 -90 -29 37 -94 -86 -3 69 -79 -96 17 51 86 -9 -10 67 63 -58 96 -60 43 -20 -24 -65 -12 -5 53 59 -41 -28 -15 -93 -31 93 45 69 -12 49 89 -32 5 80 35 16 7 10 23 57 -48 -98 -46 -13 81 -61 0 2 63 -97 63 -71 -41 48 59 -77 9 -44 9 40 8 -87 16 66 96 25 -13 -94 21 84 -39 -97 -73 -27 -82 -98 50 86 12 -71 59 11 -21 -91 -74 86 -32 -50 96 36 -20 85 -57 -59 -51 -26 32 -40 81 76 70 17 -53 27 30 72 -77 -22 85 61 -11 -24 39 66 18 55 80 -51 22 -78 5 -99 -12 -71 -7 29 -70 -3 -46 -55 -28 -35 64 -64 76 94 -49 95 10 93 75 -54 -54 22 -90 74 -23 -4 -53 12 -37 95 4 -85 77 80 -1 54 -94 -8 11 -32 -25 -46 84 9 20 26 20 -28 73 59 14 9 49 42 -40 -40 -73 -26 -91 82 92 56 -86 88 -4 40 -52 -82 -57 21 20 -91 99 32 -67 -32 33 98 -10 -25 91 -93 -81 -11 50 -8 44 -22 -43 -83 12 -90 -40 53 -6 -64 -27 21 49 -13 -2 -60 64 21 -26 21 -33 -29 96 0 -50 22 -82 -56 28 -30 -16 46 -59 -34 48 -76 8 -79 51 73 51 27 -67 48 -53 -24 65 -73 -99 -96 -40 -8 41 25 58 50 -30 80 -40 -1 43 69 25 81 41 -71 -24 36 -22 85 -49 -35 82 3 -62 87 33 -9 -95 95 -53 89 10 -61 -95 -71 -74 94 -37 -44 88 52 70 -65 -44 -62 -39 -69 52 76 -94 -70 -9 40 -26 73 14 34 -80 -17 84 -68 35 73 61 95 -71 -12 -19 -28 48 81 -79 -66 -88 16 0 53 -77 -89 -89 -25 -26 -3 56 -8 -28 94 -1 -2 -39 -21 -7 23 -96 -42 -37 -72 -95 -52 -97 22 37 34 69 79 -57 80 31 -60 -45 -81 31 -56 -65 16 14 88 41 -51 57 1 -98 7 93 66 18 -8 98 5 -76 -68 50 -66 -40 83 -43 0 -35 -29 92 -72 55 5 -48 -1 -72 49 -70 91 40 -93 34 25 -53 -88 -83 77 -26 57 35 -57 -6 38 19 65 48 80 13 9 19 42 -72 -41 87 50 -83 -44 -55 16 8 79 -43 37 -62 51 43 -2 76 60 67 -73 12 -19 -31 59 11 -50 -70 43 -44 -28 -32 -85 87 47 -90 -44
-92 24 2 6 88 34 -91 -12 45 -74 26 79 35 -89 1 -35 -46 -89 48 -35 -6 -77 42 36 -62 -35 2 -25 -70 19 41 -39 96 -30 -13 73 66 45 27 -2 -56 -99 -80 67 15 4 35 13 38 29 -68 -20 -63 -85 -88 -23 -44 -21 -59 -88 49 -12 -92 49 -58 -91 96 -91 13 9 58 -68 91 11 -93 97 27 72 -27 -66 9 5 82 7 -96 -77 -67 33 -13 50 50 -60 -19 -4 1 99 36 10 -65 15 94 45 27 1 -68 -10 -37 4 7 10 53 66 -72 -90 -64 30 -75 27 78 -66 -53 5 85 52 -16 -45 -28 44 10 -22 -79 -11 -88 19 9 55 48 18 -55 71 59 63 79 -32 -87 -50 12 59 73 94 21 0 10 75 -45 -66 41 14 96 17 -60 24 35 -73 -61 0 -66 -80 -18 -7 -65 34 -20 -44 67 -19 62 50 71 97 -5 -42 -54 90 40 -8 -17 54 87 -7 62 -39 -78 82 -2 98 -77 27 33 -36 18 -7 -39 86 -87 -94 92 12 40 -4 -74 29 41 42 17 21 54 48 -89 -93 11 5 58 92 -18 73 46 -84 52 60 -98 27 -26 31 80 85 -87 -16 -40 34 -43 85 -91 12 -93 39 -87 -39 85 -18 18 -9 -88 38 40 22 -27 20 -58 -5 -52 -84 96 68 59 -61 17 13 47 71 90 -86 43 40 -94 19 47 -83 -47 -86 -86 -50 68 -31 42 98 24 -36 72 -77 -72 -23 79 0 -57 2 32 -28 -36 90 -13 44 -64 44 -71 -35 -32 57 -82 81 -16 -26 47 10 -61 -8 18 -28 -75 79 67 -43 -79 -56 -65 97 64 93 95 -95 95 -2 -71 -88 14 -69 -96 -87 60 62 53 -96 45 34 5 -28 -74 24 -95 54 -42 -55 25 -47 -49 -30 82 -1 -41 93 55 23 46 -67 -78 -62 7 -55 -19 14 -59 82 63 -97 89 37 -12 43 -9 53 -55 48 2 -77 29 9 -85 72 -77 19 6 -78 -17 -98 -82 -50 -29 47 38 86 -64 -64 50 -70 16 -30 -64 -43 22 23 -5 33 -13 -89 21 22 55 -2 -17 -88 11 90 -27 -8 50 -81 -96 57 58 -45 8 -8 -97 -42 97 27 28 40 66 2 -99 -30 26 -13 -98 84 82 61 1 21 -37 -28 -10 -63 56 -28 -19 -84 -20 -10 34 85 34 -59 29 9 75 71 -42 -89 -32 41 -1 16 77 -82 33 37 0 9 33 57 -12 53 -92 52 61 -50 93 -74 -34 -34 1 -34 -6 28 83 -18 42 5
89 53 45 11 21 -74 69 -96 -84 86 -85 37 2 -67 83 46 33 83 19 -42 94 13 12 -79 69 11 -44 29 69 -95 76 75 40 -15 65 -77 -37 56 -31 -53 55 -56 14 -56 85 35 -11 34 -10 12 37 47 63 -73 83 -89 85 24 -68 -14 16 79 5 -81 65 -67 -89 68 -39 -41 92 -49 24 39 -66 21 0 -12 -69 78 6 96 -80 -89 -24 -16 22 37 56 64 97 24 21 48 11 78 11 -29 -81 -91 45 -53 -74 -5 93 -27 -82 -99 16 -47 -63 62 -20 70 90 -72 -56 38 -45 30 -55 28 -45 84 54 -19 55 27 12 -55 95 86 -42 -6 -41 -90 40 -82 -24 -41 -71 50 57 31 98 2 -58 2 -47 25 6 62 75 -44 64 -19 68 57 12 8 -69 -12 94 67 2 -83 -9 -71 21 -21 -5 -31 -17 55 2 92 -53 -89 -66 53 27 -42 90 -94 -70 -14 76 -32 -49 66 -49 34 -68 17 37 -67 -94 35 31 14 -60 76 -75 0 -15 -65 76 53 -12 42 37 -81 -25 23 -58 -64 -32 -84 -84 69 88 36 -62 39 46 20 -56 -3 3 -64 -88 12 57 -87 25 14 -17 -40 79 74 -42 -54 -26 -13 -64 83 -72 -44 66 -77 -72 -32 -86 -58 -21 45 11 32 64 87 -61 3 -24 17 -77 -92 1 -62 -40 -73 49 -31 55 -53 -24 46 -62 -97 59 -54 90 43 26 39 78 59 -30 44 98 -53 54 -30 29 -80 -37 -45 -90 -67 94 -10 20 -43 -57 43 83 65 -97 -60 -45 -53 -91 29 -9 62 50 15 43 2 80 30 -83 -66 -31 74 6 14 -6 59 -64 9 -28 94 -96 -50 -61 -60 -58 85 85 -9 -72 -95 -2 68 -51 -85 71 -77 -26 -54 88 66 -46 -53 -21 -17 -73 -30 -52 -83 -94 5 40 -78 -66 48 84 54 -19 64 11 47 4 -77 -9 93 24 -72 52 49 -19 76 -46 90 -35 -58 -44 -6 77 -34 40 -63 -69 34 -14 58 40 38 -65 28 -10 5 31 98 3 74 52 33 -63 -58 -45 75 -20 -13 -62 -26 -49 -8 -17 -12 -45 22 -42 -3 49 -24 88 -5 -78 92 62 -22 20 -39 -59 16 -41 42 -83 18 -68 5 -32 2 -82 46 76 -15 70 26 44 23 15 0 -28 89 64 90 -52 35 86 -31 71 77 4 52 90 -97 -36 87 31 -43 14 60 28 62 -8 22 -23 52 -17 42 20 75 -82 -39 57 25 38 86 -40 -14 -11 35 58 7 95 -13 29 -15
90 -59 -81 -80 71 40 -32 8 -92 8 -54 90 -63 -82 -51 -66 -51 -10 -56 35 6 -77 -6 41 -46 20 40 -49 84 -45 -61 -66 84 -17 19 -14 -51 -66 92 37 -47 -76 -49 85 73 -29 -95 45 86 57 85 -87 1 -6 -3 8 -46 50 36 44 59 74 -82 70 -5 -66 -34 48 -8 39 -10 -85 -39 -35 -34 -81 51 -75 79 44 -38 10 -17 -63 -91 40 -93 -9 72 77 57 -36 69 1 -63 82 -25 95 79 -81 91 -61 52 0 35 -87 -31 13 -61 47 -96 -28 -67 97 -66 -17 89 68 13 86 25 10 94 9 63 -62 69 -18 6 -24 40 16 58 -51 82 -76 -80 -24 -18 81 28 -15 87 -96 98 -33 78 51 -82 -19 -16 91 87 87 37 -51 73 27 36 60 -40 -32 -86 -67 -73 -45 -36 0 55 93 -58 -49 -32 54 -84 15 23 -49 -42 -52 -77 59 28 -80 -1 -62 17 70 90 7 -94 43 -74 90 -57 -57 91 26 54 -85 -65 -40 20 6 39 49 -60 -40 -70 64 -21 -94 -60 62 -97 -94 -20 27 -92 -62 -9 57 3 -13 47 38 -92 -84 -88 -58 -72 86 -90 44 29 -21 2 23 -32 86 60 -37 -23 -5 -1 -94 45 57 -47 -68 -32 -82 86 -49 -1 73 -94 16 -45 -43 -61 -74 94 90 -89 0 26 -14 51 31 -90 -23 -63 37 -96 72 -40 -60 40 82 -60 -35 73 -55 8 17 2 33 15 89 -32 45 74 4 -23 -60 31 -36 -58 57 16 46 58 -86 -5 31 -43 -64 -86 78 99 -24 -54 81 -76 44 -35 62 33 -30 10 64 89 22 45 63 -78 5 8 -30 -83 -98 -52 -4 -79 45 6 -57 -41 92 82 92 99 48 41 51 24 -72 43 -10 18 95 72 -75 1 -90 -36 70 89 -71 -31 -56 -74 1 -89 -17 -33 -97 -66 29 64 77 28 96 57 -95 40 94 -4 -1 -58 -79 8 10 -68 -41 -13 -41 -39 89 -92 -85 -71 87 -54 -55 -98 87 -42 -9 -18 -93 55 9 -8 -20 42 -54 34 -47 -43 50 -81 -27 -49 34 -85 75 5 70 -61 -74 2 51 -97 45 48 71 90 -96 15 -18 -88 -17 -60 -33 -5 62 -65 20 75 -55 -25 14 -87 -11 77 22 7 -41 -27 -4 38 63 85 -5 96 -65 -6 3 33 -23 -6 44 -98 25 -3 -26 -36 -19 15 4 -31 53 78 51 16 18 69 -35 98 -41 69 13 -63 7 -29 61 -31 -62 -78 66 57 -56 16 -20 -26 5 -6 38
16 -98 43 64 -5 -79 -5 73 -65 -4 3 99 -53 21 -91 6 -85 75 39 39 12 -91 -96 -98 -9 -77 35 -12 45 -72 82 36 97 -52 80 3 77 -5 -24 63 -23 -48 23 99 -14 -51 70 -1 83 -76 -18 83 26 -18 -3 -23 28 -76 -46 43 70 79 61 6 41 -7 -15 -65 0 52 -46 -37 -85 -66 -68 43 67 -93 49 -59 96 94 65 51 -55 -26 10 -41 89 25 13 -50 -75 44 -81 -3 -17 48 5 26 -42 -80 10 85 11 27 13 -7 94 51 24 21 45 0 -59 -30 -82 -22 59 50 78 -2 94 -18 -9 33 -50 -8 -61 84 29 98 -19 -81 -98 -58 -23 21 -8 -24 -72 22 -8 -56 0 35 43 19 -49 -44 -12 -52 67 19 -45 38 -82 57 -51 -93 -30 -94 -80 -61 -4 94 -9 -41 -51 32 -72 73 -87 38 -90 -48 8 -16 -13 71 88 30 -62 -18 66 -86 63 90 -5 -27 -23 -36 -11 3 23 33 -7 73 -67 -41 -8 78 -64 37 36 44 -35 31 -15 -52 -43 -15 -51 66 -30 -41 17 -2 -27 14 -18 -70 82 87 89 70 78 39 -13 70 -97 59 -30 90 -61 -73 -23 -11 81 91 -62 -20 -99 -50 23 70 16 81 -91 -74 -70 83 43 80 63 87 50 29 42 54 64 -85 -65 -62 -41 51 -67 -8 42 33 -17 19 47 -53 -98 48 -24 71 69 -99 11 69 36 -95 -24 -76 47 27 -87 -47 90 51 75 89 71 9 36 68 46 -17 0 -15 39 35 -73 -89 -57 -79 -39 54 -93 68 -95 74 59 -86 -99 61 -91 -64 -40 -24 -20 67 -92 -84 -13 58 68 97 62 -99 -65 -48 93 -26 -73 5 -89 -8 -93 -18 -82 -98 -2 -64 -26 -68 5 -56 -99 -75 28 67 79 -45 71 72 23 -73 -27 23 43 -59 -7 73 46 31 -14 -42 -58 -20 94 -52 95 90 -14 17 -69 1 -82 65 90 -6 -59 -41 -71 16 1 -76 80 -39 21 11 -78 76 11 -20 46 58 -65 4 15 -20 8 -77 92 -79 -89 -27 -32 -7 47 36 79 -8 95 76 21 76 -14 7 -54 39 45 53 17 22 43 79 43 -93 -24 -51 -5 46 -17 18 -76 -69 -27 13 26 78 39 -43 23 67 5 43 29 -94 -53 -5 60 -14 -66 -64 -96 26 -73 -80 -45 72 -85 -22 21 -75 80 97 -38 54 -81 69 16 38 -54 -35 94 -80 -8 37 -63 91 23 81 -52 -3 -50 86 90 46 -60 60 41 54 -92 -99 -25 60
8 -8 -53 68 -36 -60 -63 -16 -15 81 -17 35 -7 -54 -63 62 37 22 66 9 72 18 52 -77 13 -97 -94 54 60 -49 52 89 76 4 25 -77 37 65 -90 -98 20 -42 -16 -3 19 38 -82 22 65 44 -13 71 -65 50 -79 -74 73 -71 -85 43 -88 0 -59 55 -22 -26 60 -35 25 88 -33 0 -34 -84 -56 76 -97 17 -86 94 54 -49 82 54 97 -53 -79 -14 86 -84 84 40 -18 12 91 58 -19 12 -1 -9 98 -8 -71 96 61 13 12 33 -25 -32 78 85 33 36 -39 30 -23 -29 -54 -29 8 -31 84 69 -52 -95 28 97 1 -63 16 -42 8 82 90 -99 3 -62 1 -93 28 -98 -52 14 -30 -43 -36 -38 -46 49 -94 -45 -87 -36 -87 -55 -80 61 95 -80 -67 -81 -56 66 76 8 44 77 -12 79 25 -35 56 17 31 -58 -98 46 12 82 -25 -41 -94 21 98 -54 -54 3 65 50 -62 80 -88 -62 78 96 -66 34 34 -24 -92 -73 56 -17 14 -50 20 -25 51 -68 95 -97 52 -6 -63 25 -56 -18 -96 -39 40 -56 45 -97 90 71 -37 88 -16 92 -93 35 -99 -7 11 -68 76 -91 -12 -76 36 -52 -23 48 96 -53 -89 3 -34 81 6 -23 31 -45 10 -61 -1 -89 41 -38 69 4 75 -10 -50 57 36 -44 85 94 42 83 12 -63 -99 -56 -26 20 -83 7 -84 6 62 40 74 3 -50 81 89 -31 69 -35 -42 -86 21 -15 -93 -56 -24 -40 82 12 17 -32 44 -57 -77 64 45 27 -62 90 -66 2 -96 -43 -33 -7 73 -95 -35 -20 44 36 -12 -75 -43 22 98 -50 -57 -82 -72 57 97 -78 -7 -18 89 -19 81 57 64 93 48 46 -87 96 -94 99 -61 -44 47 46 -16 -65 58 55 -25 55 -66 68 -72 49 -52 75 84 29 -57 -54 -48 52 -17 83 87 9 -52 73 -46 -88 10 -2 85 48 -60 -98 -20 21 -30 -2 83 -63 -40 95 5 16 -89 52 -11 -90 -79 -31 -43 92 2 -45 2 45 -3 70 36 4 -69 -88 -2 46 44 -64 49 -89 5 83 -21 63 -15 -42 -41 -11 69 -80 -97 -83 63 -73 -57 10 -7 27 -77 -93 -97 51 -3 -40 2 -34 -25 18 75 -29 47 -15 -89 -70 49 29 36 93 -70 4 -52 95 7 70 -49 28 -93 -51 -96 67 -70 20 97 -20 -7 73 26 84 96 41 -12 -96 -1 -64 24 32 55 -66 44 69 -38 14 -31 29 12 90 79 -75 -14 19
-78 -27 6 82 12 23 -95 -80 -42 -52 60 52 47 65 61 70 71 49 59 83 -51 67 -39 -98 -50 -66 83 -46 22 -78 48 22 55 -42 53 -22 73 -91 10 -55 60 26 -70 -23 28 -30 -9 -56 66 29 31 83 99 17 67 -89 0 62 -45 -94 68 -97 -4 71 85 49 -64 0 -11 96 18 28 64 -72 85 -12 7 82 19 -80 34 -36 21 84 89 13 -35 -97 -83 10 2 83 13 -55 -67 -78 93 -9 -14 71 60 -66 -44 84 -49 26 56 -39 -31 64 60 21 -14 24 -22 11 -50 -81 -92 -5 30 42 19 -48 27 -13 -50 -68 71 -34 -3 -21 -57 -30 -49 75 -99 35 87 55 -34 -70 32 -30 0 -80 71 23 80 -12 54 18 30 54 -96 -48 87 57 -39 -94 69 -31 -72 8 88 -52 56 65 65 86 12 -93 -45 -47 67 64 25 27 -36 53 89 39 -23 -26 63 33 -94 5 46 30 -63 40 79 -82 -3 -7 -97 -65 -94 1 -23 71 77 26 -64 0 -15 -29 48 -92 -42 25 87 -47 -5 -70 54 -35 35 -13 28 -10 -84 19 -53 -3 -60 -9 8 55 -99 -37 -46 -40 -51 -69 -30 87 -45 -48 10 34 82 -63 -35 96 -25 -23 4 -36 -97 95 -22 14 12 -48 80 19 -91 -88 -20 -8 -22 0 12 -29 -49 43 15 -34 64 11 -7 -21 -92 90 47 37 10 -25 49 31 -63 63 91 83 15 -57 56 99 96 -8 -44 -78 -58 79 39 -72 63 81 43 -65 -3 33 -81 64 -62 54 -59 -47 57 89 17 66 82 16 82 -93 44 -6 57 34 19 -51 -22 96 34 90 -27 -5 -20 16 54 49 96 91 47 51 84 90 59 -24 -44 89 -30 61 24 -43 -49 -12 14 -21 33 22 43 15 -8 -72 -4 81 46 -93 65 55 -72 21 -37 81 -25 91 73 -6 5 38 85 79 24 10 88 -11 36 76 -73 14 97 -25 -5 -6 90 -27 -98 77 18 -12 0 -91 75 -35 -98 -42 -3 29 49 66 -18 -97 -91 -68 -53 77 99 30 -75 -41 -58 -64 66 -14 90 -29 -82 49 -46 52 48 63 18 -67 -2 50 14 11 -9 39 -40 -30 81 -77 -97 23 -31 -24 -84 68 13 -55 41 -60 17 -17 -35 25 -70 19 -94 -23 -22 94 -52 -61 53 -20 -98 -4 -20 -70 92 -89 89 20 59 57 -18 -24 68 77 -1 35 6 90 21 -11 24 -47 -68 37 -99 25 -84 -65 36 44 69 -24 -70 -57 -55 42 77 -70
19 77 24 43 60 -27 -12 36 45 84 15 43 -83 71 -27 -8 79 85 -9 -95 75 -5 23 10 69 55 17 88 -18 -30 -5 25 -66 -99 28 60 -6 8 70 -26 89 -29 84 80 69 -95 -31 -41 -7 50 40 17 26 4 -73 60 -48 41 92 -90 -18 95 7 -93 -1 -52 -10 -45 54 40 -70 22 39 84 84 -54 57 -48 84 -73 -51 -41 87 -7 99 93 8 -52 63 77 -52 29 80 68 -6 74 12 5 -6 -44 86 -7 36 34 -12 83 -75 -36 32 41 70 52 -9 -47 93 44 -79 -86 1 50 -65 94 13 -21 5 89 16 -59 95 79 -2 79 93 -97 -35 18 -48 60 28 -92 26 89 5 -49 40 95 -85 23 -52 -41 -40 -80 46 49 -69 -12 81 -30 30 90 -37 -4 1 85 23 94 73 33 -39 21 70 -97 71 -54 -5 13 31 66 -46 -14 40 -85 -76 5 -56 -20 -76 -58 -58 -31 50 12 -64 93 -57 -10 3 32 51 28 5 -39 40 -44 68 -77 83 8 46 -79 70 98 60 95 89 -51 -36 64 -40 -83 -97 -39 57 -34 63 21 13 -47 51 -8 -73 20 74 51 64 -60 12 -51 -72 -33 -15 37 -41 -10 62 -90 53 -45 -64 37 -76 -98 54 38 -10 82 -77 9 -87 -57 39 83 51 -22 -23 46 -87 0 -49 -1 -27 8 -83 27 -17 -74 -39 -14 -49 -24 97 -57 -46 -5 -12 -39 88 -99 -39 21 -59 -54 -78 21 -7 -5 -42 90 99 39 44 32 -80 -98 5 -8 47 -43 -33 -76 30 -28 -59 -98 -88 -47 12 -6 -58 64 -97 82 84 -11 -52 -6 61 56 93 -81 -37 99 61 41 91 59 -95 -35 -17 21 23 72 -44 43 29 -31 -54 -76 -45 84 62 11 73 -64 -48 16 -44 -20 -90 22 -99 25 56 -97 -22 -42 96 -45 14 -42 -1 -28 -22 -20 54 20 86 44 68 -90 -9 90 29 11 19 93 -53 60 62 -3 10 -15 -48 -86 54 -72 59 -54 -52 53 79 -48 -87 67 -42 -26 38 -87 15 38 -76 18 -48 41 86 66 42 88 25 47 15 -52 -86 95 -41 64 45 37 -70 83 96 57 86 44 -53 -48 80 -41 -33 -43 -75 -33 60 -35 -49 -82 81 -97 -47 -39 43 -81 77 -13 37 80 73 -32 -92 -38 -61 78 -29 10 94 26 76 -3 -11 -67 97 -76 50 19 81 82 -93 94 -42 -7 -94 42 72 43 -59 -16 -94 9 6 -59 -3 23 15 61 61 56 -48 -48 -28 74
22 -43 83 13 -67 20 -99 -67 -49 48 73 -90 -56 30 -11 -52 -7 99 18 75 51 57 -99 -71 -2 47 -40 36 -26 31 42 84 -88 -72 86 20 -60 93 -2 69 9 38 -5 56 -52 40 87 30 67 47 74 -78 5 -77 40 -82 72 -98 -78 10 57 -67 4 94 -86 78 -20 33 -62 32 82 88 -74 -74 -26 -13 -41 12 -20 -25 33 -31 14 -29 97 69 -85 -70 20 -90 -36 73 -54 -53 57 -97 -56 26 -4 -95 -72 2 31 -37 -84 33 75 -18 34 -81 23 59 -20 62 1 16 38 -23 -35 77 79 62 -5 93 -85 -83 31 -17 41 22 -25 -63 -36 71 -68 74 65 10 32 -23 64 34 -92 31 -77 -95 -24 74 -11 37 92 -89 44 48 -95 88 -38 -76 31 -12 36 70 27 -27 79 -74 32 -47 -41 -51 -43 -75 85 -94 -40 -82 -74 3 -24 -13 15 47 -13 -19 -34 -75 -9 -85 -67 -14 -42 -74 64 -41 -87 25 -15 24 78 70 -84 -57 -35 -27 -44 -13 -17 -32 -84 19 58 -59 -98 0 13 62 26 59 -52 36 93 -87 -94 99 53 -82 45 -52 -6 -44 -66 -65 4 85 -7 -19 14 -85 77 -1 72 65 -72 -93 93 -6 -37 69 12 48 -17 -68 -35 -38 54 62 32 87 -80 39 -3 25 -31 93 -47 93 -34 -88 28 -58 13 32 85 -61 98 -4 -35 -65 99 -34 -65 21 -39 -72 -6 37 38 82 89 72 -64 -25 -18 21 75 -36 46 17 -75 -61 -89 89 -59 -7 57 -34 -55 -32 37 -74 -98 98 57 45 9 93 16 23 -33 39 -23 -96 23 -54 40 46 -35 -10 37 91 -95 72 -20 7 -34 -43 -63 -60 -49 -85 57 43 -31 50 -78 96 75 9 -49 -10 -10 77 -83 -15 -37 -92 -86 -63 17 30 87 32 -91 -22 -83 -30 -75 22 59 80 -92 47 15 11 58 -29 -45 12 55 32 74 -57 -67 41 93 -20 -92 -2 44 -53 -23 82 25 93 -13 -35 -30 55 -90 96 4 -35 17 -19 39 -11 39 39 -59 94 -80 74 -99 46 -42 87 -40 34 -27 -32 0 90 -42 74 39 43 10 -15 0 74 14 -71 29 -33 66 -26 17 67 -81 -41 10 16 33 13 -21 5 2 1 8 91 -97 -90 38 89 -27 46 88 87 34 -95 -50 -60 96 -70 -94 -73 73 -54 43 12 -80 63 1 51 -29 78 -91 -52 7 -12 -58 90 -14 -40 10 -86 23 12 -94 -96 43 60 66 -19 76 -57 -28 34 -96 -11
40 -6 -22 19 73 99 -37 25 -90 15 -91 -72 -14 -14 -95 3 31 -95 78 -28 -19 92 57 -52 -21 61 -60 -96 12 50 20 68 -55 80 36 -52 86 34 -29 -42 41 -54 28 93 72 -7 -27 -74 -49 -67 -70 89 75 -7 68 7 -83 26 28 -72 33 81 66 2 18 49 63 -93 6 -27 -67 17 86 42 -86 55 25 -60 -92 84 -35 16 -53 -77 -58 -96 -35 -47 -37 -25 -78 64 -56 -10 57 -56 93 -99 -92 71 98 -21 -46 40 -56 -14 47 -73 50 34 84 18 -73 -54 -52 -50 89 13 21 40 60 89 -60 -57 9 -54 -44 62 -12 -10 35 18 27 55 -96 70 -55 39 16 57 -1 -58 -45 31 -86 17 43 35 -45 -78 -45 27 -32 -87 -18 -81 -81 -47 -38 83 22 -17 -93 76 -96 -19 97 14 0 20 21 -24 68 -71 -44 66 -6 -53 -34 19 -64 99 51 -34 36 42 -6 -24 -5 -18 41 44 -40 85 -53 -32 72 95 87 51 -57 -98 87 -2 22 -77 99 70 -94 -45 58 -81 -96 34 -51 -31 -79 -97 -92 66 69 56 -73 83 -36 -39 -12 7 -98 43 -72 -27 8 -2 -32 -1 65 10 45 -57 -62 -81 -80 -41 11 62 29 -21 -6 -87 -44 -37 19 45 -23 -84 19 28 49 20 -79 0 -92 72 46 0 -27 -99 -79 79 16 36 30 -64 44 82 7 -93 -58 47 -63 38 47 63 -97 -46 -96 46 33 55 -83 -67 54 68 51 -98 -29 9 -80 62 89 -48 21 -62 -79 -25 -59 -55 -88 62 -90 -36 -89 -26 89 29 12 70 49 52 -48 -51 70 -37 81 20 32 -21 -30 -5 79 -81 46 -57 25 55 25 -20 44 -62 -77 -10 -6 -83 65 41 -74 -12 -30 81 -58 22 19 -51 -94 -38 -9 -9 83 91 -1 24 54 42 13 -88 53 93 26 -26 8 87 -43 -99 39 -47 17 68 57 52 77 -61 -41 0 24 47 64 -48 -75 -95 -8 85 -77 -31 -19 -37 -43 69 12 -59 -1 23 -25 -87 38 -45 27 92 -32 62 22 36 52 -8 65 -33 -25 23 -84 -67 12 -4 75 -97 -83 50 26 -95 78 15 -31 92 -33 5 77 -4 -36 22 88 57 -38 18 -48 -77 -9 -25 60 73 -69 -49 45 -5 -83 67 33 97 21 -86 12 29 91 -23 -9 -2 -25 92 -28 86 -81 -68 3 74 -50 -13 22 25 26 28 1 6 -18 -36 -5 -58 36 -99 -22 -44 53 27 -49 -87 55 -91 28 41 -25 93 80 30
-32 -88 -7 51 3 67 -47 16 -47 70 -1 75 -29 -50 -90 -95 -68 50 -5 90 45 -2 43 -46 -60 27 -69 -36 -31 -27 4 86 2 -33 -31 89 93 74 72 74 -80 36 85 44 -88 -70 67 60 -52 39 -47 26 -13 -78 -41 45 -85 -33 -79 37 48 -59 -20 94 62 20 8 27 -62 98 47 49 91 -47 23 81 -98 -21 -41 -13 45 -65 -45 -69 -45 2 -36 -56 -24 69 14 -25 52 -80 23 82 -37 -46 46 23 83 -48 -89 -14 -35 -61 -39 94 -81 33 -9 12 -11 -90 54 -56 -40 5 -68 -81 24 -48 33 10 -52 62 28 -24 -44 -94 37 -27 -53 33 46 79 -95 -17 -71 -23 77 43 -13 -47 84 28 -15 43 37 -84 -98 -93 4 40 83 -92 23 -19 36 98 -45 88 -5 -81 80 28 33 85 -92 -20 -13 -73 -58 22 -69 -11 -84 -90 -98 -56 32 44 11 -12 -72 -48 23 -1 -26 -63 63 43 -14 27 -71 68 -54 -96 26 -12 -15 88 67 -34 93 34 80 7 20 51 -11 -89 16 -40 71 -87 -12 -58 -92 85 -81 74 95 -7 93 -67 -65 -40 -99 -17 71 -76 94 -80 -85 -42 16 97 -36 -12 -80 40 18 10 -20 97 -76 -7 -91 -55 -38 -79 25 51 -16 -53 -96 82 10 -84 87 59 -78 50 -92 -42 46 35 86 87 -66 -86 17 -30 -5 59 -77 -88 45 6 51 60 -34 -33 -53 45 -27 -23 -96 69 -47 -7 22 -5 -99 -95 -68 2 -25 -22 -78 37 -18 -54 -33 -26 -86 -1 79 -6 6 34 4 -93 -92 12 -53 5 87 89 -19 11 -32 -15 1 63 76 15 -74 -87 -51 -33 47 95 40 -86 2 -90 61 -15 -53 42 20 65 6 1 33 2 -47 97 0 -64 29 91 23 52 -49 -11 26 -25 7 94 85 87 -5 -36 -5 -8 86 -52 75 20 -36 77 1 33 -61 -82 54 67 37 -56 -76 -41 -22 -29 55 -48 99 -51 -46 -78 75 33 73 -53 30 22 12 -74 -48 48 73 92 -27 -81 -44 -98 -56 76 -87 55 64 -51 67 -63 -5 -21 24 -28 98 1 -85 -60 75 56 -90 48 71 -50 -86 -31 63 44 -5 -62 22 24 -56 1 81 -55 -6 64 -5 96 85 -40 -31 -9 78 -12 -28 79 97 -77 53 -14 59 43 15 -43 -27 30 96 0 25 54 -52 -4 -96 -22 95 15 49 48 69 7 -97 -50 62 -50 -1 65 22 -58 50 -1 -74 4 -69 55 19 -30 -60 -27 -24 5 -42 -3
-5 87 -16 -9 10 83 10 -53 -64 50 40 -3 -5 -80 24 40 85 -92 61 -33 -74 -82 59 -30 -75 72 85 -19 32 -91 67 17 32 37 -54 -53 74 42 24 -5 -83 51 86 -4 -27 -63 -19 -61 -17 -8 -3 87 55 -59 -59 -22 70 34 77 -76 76 69 -98 60 -35 -16 6 2 -74 -38 90 -16 39 99 -17 7 69 24 -51 53 -78 54 98 -56 79 -54 24 65 -46 16 50 -83 81 18 86 63 -14 -29 63 -76 80 57 -61 -59 63 97 -34 93 78 -29 71 -39 -92 -40 -79 76 71 63 -80 -37 12 -18 73 93 64 -25 44 -42 97 6 77 -35 -57 43 -52 15 0 -77 -92 92 -32 4 17 -69 -38 -72 83 93 10 -51 -86 14 -19 -5 -59 -36 5 -60 -68 -30 -87 -23 40 39 83 4 18 -82 -88 17 -4 52 -55 10 -92 43 4 -52 -4 -14 54 -49 -60 -80 9 85 47 -37 -19 38 -43 0 -12 -12 -53 -84 45 -45 -32 15 -42 -48 -87 -89 -14 12 22 70 40 -71 10 37 -34 59 -99 -14 -42 81 60 -63 -69 -37 -43 49 3 -85 24 88 4 72 99 18 -31 5 -82 -63 4 -93 84 -1 84 -64 -65 24 4 53 -69 57 -86 -80 -26 -16 -14 -87 -9 47 -85 -97 -77 45 94 -70 -43 -16 -70 -68 -17 39 61 -33 -1 -9 7 -27 16 -69 13 -72 72 -96 -49 30 -61 34 5 13 49 -12 12 -9 22 -45 -97 46 -27 19 -28 -54 65 68 -63 9 -90 48 -55 -8 91 -10 -51 53 -76 -84 7 80 93 -37 -90 93 30 -70 -66 -1 18 -57 -3 72 -6 -57 79 24 -58 62 33 29 41 82 -94 -78 67 -78 -62 45 60 16 -58 94 35 2 -15 -67 21 -83 58 -5 91 23 -58 1 -96 59 43 -74 -31 96 -59 66 -71 -65 -65 -85 5 84 16 79 35 13 -99 -60 -60 80 99 -94 -71 7 40 75 44 -79 56 -27 53 -28 23 -84 46 -25 -96 -59 51 -26 -49 -25 -76 43 -28 -87 11 -58 -93 27 87 53 -78 81 -1 -29 -87 -26 5 -83 5 -43 90 51 11 67 83 57 8 -42 -31 -91 16 1 27 -43 55 44 -44 -74 -63 -91 74 20 69 30 5 -75 35 61 -24 1 -18 -65 28 57 -8 -62 32 -62 51 -9 -80 -56 -84 -84 -81 3 83 -26 72 59 76 60 -91 19 -61 -45 -48 -41 -32 84 72 -53 -42 94 -66 -53 -83 -62 0 63 -32 18 -93 79 -88 -55 -1 -75
-70 -98 -20 90 -60 77 55 -50 48 19 -58 21 64 33 46 -82 61 87 46 17 -32 -89 -77 -82 -28 -91 9 -4 -2 -76 36 -86 89 -1 -18 9 96 2 32 -74 59 44 42 39 -22 -41 -61 -44 41 32 -18 -41 -41 68 -83 29 -38 -10 -85 99 -31 64 85 83 63 -15 -24 -93 -58 -31 5 40 -34 -87 -30 -63 12 22 -73 -37 67 -86 91 91 73 -31 -19 -52 -87 21 74 -53 78 -33 -17 64 17 36 79 -60 93 -40 -55 83 -1 41 60 57 -26 72 94 94 -93 -65 79 91 -27 -54 43 -93 70 79 -37 -2 15 -51 -65 -81 -38 -8 -7 72 83 -26 -66 82 -30 18 43 -70 95 -4 7 -74 -24 -88 -8 0 61 13 57 27 -19 -37 -90 -74 7 -42 62 -67 52 -26 -50 -71 29 89 39 -81 -54 -65 -22 1 32 30 -68 -49 -98 57 48 15 68 -78 7 -40 16 13 -62 74 -50 -62 61 11 -72 -12 49 54 -54 -68 -34 10 -76 -66 -29 -1 -54 -41 87 66 -17 49 -60 -16 73 -83 20 -63 -61 -69 59 -43 63 9 -21 80 -9 -82 98 6 75 58 19 83 -98 -86 34 -53 -5 37 -32 -80 -74 -77 81 86 -44 -41 -90 -25 -39 -13 -67 11 37 -49 23 -30 -55 67 -38 57 26 2 87 -4 -52 33 -12 -54 -62 -74 26 -88 -27 8 48 47 -67 -96 49 43 -91 -45 -32 -18 64 -76 -2 -55 76 -75 56 31 57 82 -38 -12 19 17 15 -98 -16 37 -77 -61 -91 23 64 -75 -18 -31 -78 -32 -71 82 -50 -93 12 -59 90 39 -26 -4 27 -19 -53 74 43 46 -86 -62 -79 72 37 30 -17 14 0 -94 53 -60 -8 -88 -51 -13 0 73 8 0 -99 -75 -60 -91 -12 9 -25 -76 -51 96 -10 57 -84 -74 -5 80 96 -27 -54 48 -7 -55 66 5 -89 -74 -6 -83 55 -46 94 72 40 33 -20 6 -60 -71 2 -36 -79 63 48 33 -69 79 -92 -42 -77 -88 7 -33 -15 97 -89 0 11 -56 37 34 73 67 -10 81 -55 86 61 -23 -63 70 20 -62 49 -71 69 76 -63 -61 5 -34 39 65 22 39 85 -66 -26 -6 89 11 13 -6 56 -24 -52 -89 62 32 -31 59 -66 -76 -85 60 -53 -78 -13 -83 -7 -60 59 -65 -7 -73 36 51 74 -52 71 -63 -49 -57 -69 27 -13 -56 86 59 62 87 -74 96 -26 -51 -22 -16 79 -90 -4 0 72 -50 -41 -75 9 -11 96 -74 19 -23 -8 -39
-58 62 79 -21 50 -1 -53 -60 85 -52 49 -71 -35 36 -90 -18 64 -97 98 -80 -83 -94 -75 -40 97 -13 74 -55 -8 -75 -89 -87 -37 -22 63 69 -96 -95 -59 75 72 13 -50 18 -16 -68 -56 81 56 -20 79 -85 -63 47 -3 36 12 -1 6 12 79 -52 -48 12 23 -16 -83 30 -31 -22 -37 -88 -64 21 -74 -64 -17 62 -1 76 -29 -64 -41 24 22 82 41 -62 -5 2 -79 71 -27 51 -20 18 35 22 -1 49 36 46 63 -19 -7 73 18 26 -84 85 89 74 -62 -42 -69 80 -84 27 44 61 -42 13 49 -86 52 65 -95 -62 -48 13 -20 -56 -21 -14 -77 -17 75 -78 9 22 -9 -77 35 82 96 90 45 64 19 -51 -42 48 49 61 -66 38 46 95 -25 74 18 99 -72 -17 44 85 51 -60 -45 77 -37 9 -66 -74 41 95 61 -13 -60 -90 19 59 -35 82 13 25 71 66 -7 80 -77 3 74 -73 -19 -42 67 -7 -53 -31 79 48 -40 -95 82 7 97 78 -87 -39 -61 -38 54 -17 -75 -41 18 -16 -31 79 -93 80 -92 -23 -70 89 -78 -61 -51 -67 -71 12 56 38 -11 -34 -3 37 34 -13 -98 -11 -38 -79 -88 47 71 85 -92 61 23 -39 63 -86 -98 51 64 23 -10 54 50 -17 -83 61 40 28 33 -88 38 -20 -16 -49 -96 -98 20 -86 37 41 -79 21 -79 52 98 58 -56 -64 94 60 64 -73 -72 -55 81 -93 -56 36 -85 -7 -7 -18 -14 38 12 15 64 27 85 40 -39 -68 71 73 73 -82 26 -6 2 -88 79 46 17 -38 -14 -70 56 57 62 17 -21 -91 15 -36 27 87 61 73 -33 -46 44 -91 -84 42 51 -21 -56 53 -35 67 52 -92 30 4 -54 -58 -99 -87 46 -55 32 -20 -99 22 12 61 88 54 -65 -81 -96 25 6 84 -83 4 29 82 -51 22 -22 -81 -16 92 -66 -66 -31 -48 -35 -49 -35 92 -78 99 -6 -57 -26 -82 -35 46 -16 28 38 42 -54 78 35 -22 50 52 -80 12 16 -10 -97 16 -16 18 59 43 46 51 12 -43 56 75 95 28 87 -92 97 -5 10 49 59 49 47 24 -91 54 -98 47 61 23 96 37 63 -76 60 33 -68 -68 22 -60 -44 44 -39 19 35 -48 46 -67 -30 -97 -71 88 -82 68 34 -84 2 21 -41 98 15 -47 38 -28 92 23 0 -42 30 -32 53 58 51 51 -68 33 69 -25 -80 -19 52 -35 -91 53 -16 86 38 29
76 61 17 7 -15 84 13 30 36 66 81 -95 -48 -25 -10 65 17 -66 -2 -50 45 -44 46 64 56 -31 29 25 61 -11 -80 -20 88 99 81 55 -34 24 -66 -32 27 53 55 -14 99 -54 48 -61 -81 64 37 -51 47 56 57 0 25 41 -82 -98 -29 -28 66 41 -85 29 12 -34 32 54 19 -45 -57 8 -62 3 28 68 -93 -40 61 85 85 82 -8 54 -92 6 -19 16 50 -45 73 39 -69 -72 -77 88 84 -60 58 66 83 -91 89 69 -73 -41 27 5 29 -36 -72 72 -16 27 80 55 59 79 84 -67 75 21 98 -35 59 -5 -84 35 -66 -36 -93 0 -45 10 -30 68 38 -84 27 -46 72 -27 6 63 70 28 50 -28 2 -73 -17 15 50 93 91 -71 -74 33 78 -1 11 44 97 92 -12 -14 -8 70 43 -81 -91 48 71 -73 -89 56 -22 96 -99 86 71 31 -58 -17 96 -54 -93 76 -78 -44 24 -76 0 -60 -64 -38 -84 -75 71 8 88 -92 35 75 -81 42 -67 -49 -6 -44 -57 -82 -69 -99 -49 87 -31 -72 63 74 90 73 -4 -71 -67 -67 -49 42 -44 56 -97 -34 89 56 49 19 81 33 -89 -12 74 56 96 44 9 62 -68 -20 57 34 78 -44 -68 15 12 -65 -48 82 -4 30 -21 5 -4 -40 -16 -91 -45 -74 -13 56 96 -86 51 -55 43 -33 78 79 83 3 62 99 54 94 -36 -93 -37 -19 -80 70 -72 -77 81 23 42 58 14 -15 -95 90 8 65 61 22 -97 -99 -70 42 -52 38 28 -7 -88 -78 30 29 40 66 -88 8 -73 94 16 95 -10 28 21 -81 -43 -4 -97 21 49 -3 87 -38 63 75 71 -39 28 -95 69 -41 65 20 33 -53 79 -72 -7 -49 -52 -18 63 5 -40 -6 -22 55 12 -78 90 -98 83 -51 -39 -90 35 -74 7 18 78 -75 -49 -13 19 83 37 -16 34 17 26 77 66 54 49 90 -10 7 -31 54 56 -34 80 -72 17 78 -82 -13 29 -52 -25 28 19 -64 -67 24 -52 84 71 11 23 18 -65 -9 -44 76 13 -8 -83 87 -89 99 -17 -4 -12 38 -78 -12 -93 95 51 9 -66 -72 29 74 14 45 73 63 34 -12 -61 -21 -86 22 -78 26 84 89 9 -16 79 51 59 -94 19 -19 -8 10 38 -34 -69 -61 35 76 -33 -80 -33 44 54 96 4 15 -59 7 -30 -21 89 58 -63 -33 64 -24 28 -2 49 64 -7 0 -53 56 -2 -90 -13 -43
76 -44 -59 -59 38 39 -90 33 -81 -49 86 21 49 53 48 86 -7 45 -20 -1 -86 -85 25 -45 9 38 -19 -30 16 -59 -56 -82 -80 26 -72 -23 70 -48 -99 55 41 -56 11 50 -40 60 23 -74 -50 -66 -71 96 -85 -99 99 -23 -57 26 55 -63 -28 9 -72 33 -38 59 -55 23 95 -99 -52 -57 9 -43 57 -13 83 -28 -3 -29 4 -52 -61 21 39 -66 -90 -36 65 -92 25 -64 -44 -34 4 57 -96 -71 95 71 -91 66 -29 -67 -88 -32 3 49 -99 -14 84 -15 75 34 14 -57 27 39 -92 44 -40 -33 1 22 -31 -81 -78 -76 8 -16 -32 -27 4 93 -44 -72 -65 4 -15 11 -80 -73 -32 97 90 93 -52 -54 22 -75 -6 -46 -73 65 68 89 72 -30 31 -87 -9 -81 -35 10 -60 53 85 35 7 26 89 95 17 85 -47 -95 -65 19 -55 -44 -70 -63 -79 -51 23 -10 -94 -85 69 12 93 -14 47 -16 -83 -71 93 37 -89 -27 -45 29 6 29 61 65 83 -55 10 64 -60 -26 79 23 30 -16 -67 12 32 -25 17 20 96 27 85 -78 -43 63 78 87 -82 65 54 87 -49 64 31 -74 -41 98 -41 43 -53 -43 -5 -54 -38 95 -42 56 83 -82 -44 8 73 55 -30 41 -39 41 -42 -51 -56 -32 -41 -66 -52 20 58 -70 -5 -3 30 5 -77 -76 -20 -65 -43 -23 70 65 -66 -27 -17 -90 91 89 -90 15 90 16 68 69 -20 -97 92 97 23 78 -9 -87 69 -86 -80 -55 0 85 10 -58 -78 94 43 -28 -93 -43 -29 31 -89 -25 44 19 63 90 71 70 13 -94 -10 50 -88 44 -73 -38 -24 68 64 -87 52 -50 22 -80 -42 31 -35 28 7 -40 2 87 -76 -17 53 77 -90 68 79 -58 40 78 -65 -39 79 76 63 -37 16 52 -88 82 14 93 3 -26 89 64 12 -7 -21 -52 -41 -13 -86 28 -5 -79 -46 80 13 -45 7 1 71 -31 34 -77 13 -83 16 -66 -91 -64 -41 25 28 -10 -48 -97 7 -66 98 99 -55 81 -40 -47 -14 67 -92 53 62 -39 -31 -72 79 -54 46 -56 -18 14 92 94 4 82 90 34 9 3 92 48 -94 71 36 88 -81 98 -98 59 -4 -35 84 7 -44 13 -54 14 2 -34 68 31 36 20 -46 -86 62 -96 -41 -65 -46 34 -46 56 -58 -88 6 55 -77 -71 -43 77 -71 78 43 -41 88 -62 -86 -50 -92 -11 7 92 83 -61 -84 -47 76 -22 76 71
-57 -98 -43 63 -11 -70 81 -50 38 62 98 -35 20 -99 -38 -73 -79 -1 -14 29 -6 -23 52 -39 90 0 -15 61 14 -58 55 -7 -21 -75 -6 -92 34 40 -21 42 0 -83 -44 -97 -48 46 -85 -81 -17 -21 -29 42 3 66 -84 37 14 67 -78 33 -33 61 -22 26 18 4 -15 -98 -97 -8 66 56 82 13 -2 27 57 -55 -34 -94 -5 34 -60 71 37 0 88 21 20 -54 -59 -43 39 74 55 -1 -51 76 -77 42 17 -44 -31 -94 96 -4 -77 -82 88 86 98 71 87 -81 40 -17 19 56 -83 -41 56 90 -68 -64 -72 -57 70 26 5 -7 15 -83 -43 -46 95 43 89 -33 -32 -38 92 -16 -30 79 -51 -26 -3 56 87 -91 92 79 17 -81 20 -84 49 96 -90 -32 63 -19 77 43 77 65 -75 -43 47 93 21 -24 -50 -75 -22 -9 84 -55 55 66 2 54 -47 -24 -75 -41 -6 40 -27 7 19 -87 -62 3 76 90 71 40 56 85 38 55 87 -85 -35 -56 -16 76 93 -20 65 62 -51 -31 62 58 -90 41 48 83 -61 -74 -55 99 68 -85 20 92 -69 -50 27 -15 53 -95 -13 -14 70 -17 10 39 77 8 38 77 -4 83 19 58 11 53 -69 4 44 -71 -94 -22 -86 40 -89 31 57 58 -12 -24 -15 -18 69 -94 71 84 -99 -56 25 -51 49 28 99 12 -1 89 16 29 69 47 -7 -9 -15 83 -47 0 75 -43 43 45 20 -8 -58 -84 8 -48 -19 4 -7 86 -66 40 -12 -47 -92 -96 -38 -57 -61 -35 -92 75 -95 -89 -90 5 -10 24 20 -51 86 -74 -48 27 57 66 -66 -74 78 -83 -28 -16 96 -23 -78 76 -22 -66 0 27 54 55 30 -94 60 2 -61 89 92 51 -59 60 -89 86 -42 56 60 -2 60 -82 -25 -27 31 -21 54 -27 -15 46 -55 -87 -43 -78 14 69 -30 -7 -6 -91 2 34 24 68 -68 56 -65 -3 -53 69 -42 -90 78 -6 36 16 73 -11 97 20 -97 30 87 -63 60 -61 -24 91 -17 53 -53 4 -7 -15 41 95 65 28 27 26 80 -94 -96 35 -15 13 -57 -34 18 -98 42 53 42 63 42 18 1 -55 61 -58 35 24 -96 27 -55 -57 -47 74 93 -42 4 17 45 -77 13 96 -31 76 -72 69 53 52 -46 -76 82 51 84 -85 1 91 -44 54 92 -47 -33 -1 -22 -9 18 -75 2 -93 -30 -85 -85 -64 -68 68 12 90 -68 -5 69 -9 44 -40 34 -35
-62 -11 -42 -76 -88 -12 15 -46 -35 -65 -68 42 -75 42 81 34 43 92 95 73 -18 -51 51 -91 -48 -8 50 37 83 -73 -81 -49 11 -24 36 -8 -80 69 40 -87 65 -30 -70 -69 34 -71 2 -64 71 -31 25 -94 96 34 73 7 -36 -46 20 -59 7 72 32 0 88 -18 4 13 0 9 69 -68 -58 29 -78 72 12 66 91 97 -74 70 97 26 -64 28 26 -40 -29 -6 -6 -31 -85 -21 67 -83 -80 -72 -25 -92 -45 -71 -21 -13 16 -63 -77 13 -79 19 88 63 31 65 47 -90 -59 21 -52 58 -84 67 -76 -5 -4 80 -59 -82 -53 -47 -58 -24 -46 33 92 45 -96 15 79 -28 71 -37 41 10 -8 38 -60 59 -83 87 -56 50 -96 36 51 40 22 23 97 -31 -34 94 -52 51 76 9 50 -79 6 -53 24 -57 37 65 45 -22 28 19 10 73 -89 -81 -91 27 -9 46 -51 7 94 89 39 -42 5 86 39 -75 -33 9 57 58 52 97 58 -72 -58 -44 46 -86 -23 15 23 83 -11 14 65 -55 35 74 -83 96 -61 -50 -21 32 12 -54 40 3 -41 -99 -65 -84 -74 -13 14 97 -81 16 51 -9 75 -59 94 92 -69 -78 67 51 -45 39 -66 61 -50 67 -61 92 -91 90 32 20 74 -69 21 38 -57 46 90 -77 -69 -18 -52 -94 -69 -87 -46 -5 66 -5 -80 16 -4 -37 -17 -84 24 -15 99 26 -93 -65 -16 -18 -83 66 -65 99 -88 28 -78 72 -8 -40 -82 -29 19 -64 -80 3 7 -39 80 -47 74 -12 -77 -86 -8 -90 58 -43 78 -72 0 -40 7 49 -30 -88 55 -11 95 -98 -89 59 -85 -56 -92 73 81 -2 -53 -48 -6 4 24 5 -49 86 -92 42 70 -4 26 92 -67 -51 -43 -17 3 -20 -71 76 -95 -7 -13 31 -28 -30 10 -21 -84 97 67 57 -4 -66 -97 -81 -5 -28 78 12 25 17 85 -26 50 54 62 -69 83 -20 -74 78 86 66 91 -14 67 86 -68 75 95 31 57 44 83 -64 -63 51 -18 -86 89 96 59 10 -85 -26 27 -87 26 35 31 -26 -3 38 33 84 -20 -98 92 9 32 41 -72 -65 -54 54 50 38 -72 -32 57 80 -61 -39 -39 92 -91 37 -15 -6 47 22 38 45 47 90 -35 -83 -63 -65 79 30 -6 91 87 -76 -48 -33 40 93 -56 -99 -1 -22 7 39 97 3 58 -79 -49 -30 67 -7 38 -81 34 62 -39 -33 -88 71 68 -38 3 71 10 -78
-99 23 28 -81 -68 -26 67 67 35 75 -80 -55 24 52 26 99 74 -87 41 35 18 57 7 31 69 -48 -94 80 13 88 -67 83 -31 -33 98 -99 24 -38 37 88 -44 -3 88 59 -57 -24 -12 -99 98 99 79 -94 -20 31 -95 34 -47 26 89 -63 53 73 56 -99 -49 -68 -60 -33 -72 -8 31 4 -63 21 62 -44 -2 -10 -50 75 20 -68 -62 -54 -18 -51 -63 -50 79 95 71 80 -68 -32 2 -20 58 30 -50 -43 -22 -87 -35 -52 77 -47 49 -84 15 -52 -23 -67 -51 63 -29 -26 -88 82 -37 -90 -16 71 14 -99 -40 64 8 -38 -57 41 3 -17 -76 80 -16 73 42 10 -43 -45 13 97 35 12 38 94 20 98 54 -57 -8 68 -28 -60 65 42 35 62 -6 -42 41 -38 49 64 11 -57 -54 -57 74 -18 -68 19 -20 88 72 61 -59 13 -44 95 -49 -67 -79 3 30 -79 -64 -70 66 70 46 -97 68 54 79 9 56 19 15 90 92 91 15 -71 -34 -82 32 48 -35 -19 -54 -50 26 97 -97 -30 -22 -73 0 71 80 -39 88 83 80 -59 -37 -73 60 74 19 11 -93 87 95 -61 1 40 -13 -7 70 -91 17 -95 75 48 20 5 54 25 76 5 36 -44 18 -20 -18 -80 -14 18 -6 24 -98 44 -94 36 9 35 -12 -93 -84 33 -42 44 73 58 -16 -21 80 99 90 23 -30 13 -38 -38 32 72 83 -56 -20 -49 71 73 -61 -42 -32 -27 99 -55 79 26 55 47 -18 -26 40 -48 -91 36 -14 -77 60 23 56 90 31 98 43 -85 32 3 -49 22 53 35 -35 -2 71 -14 58 40 -57 36 -30 24 -14 32 44 -44 37 -21 92 -94 17 -6 -16 40 30 -52 -54 -82 -5 43 49 48 32 32 84 -76 81 92 -33 -49 -67 -99 -18 -2 13 53 11 26 -36 -57 94 0 77 -26 -78 31 9 64 38 9 -69 -6 99 22 -6 40 -26 -35 -51 50 82 -76 39 -14 73 -99 -1 -28 -49 10 74 -12 -81 20 25 86 37 79 60 45 -2 69 21 15 22 11 20 0 54 29 7 87 18 -26 37 -65 37 64 11 -32 -84 -36 15 84 -46 75 69 -59 -46 78 64 -73 66 57 -41 -87 -96 50 91 93 -67 80 17 67 -58 -60 -19 1 7 -42 31 89 -51 -23 -92 -72 -74 -78 -10 -89 4 25 -44 24 13 -67 -22 75 17 32 -63 -76 -23 -46 10 -11 -78 -68 -38 -86 13 81 -84 -41 -28 89
