78 -9 -71 65 -70 -92 -57 -18 79 55 -23 36 -80 70 -16 -79 92 -14 88 82 -75 -22 -64 -14 94 18 -87 -95 55 -98 61 -54 -14 62 39 -21 -15 43 -8 -57 14 47 -38 92 44 -6 24 -45 -56 -82 -37 -23 -72 53 49 -97 -11 64 33 -64 57 -7 -54 80 -73 -68 90 90 90 -55 -8 -38 25 -64 54 -11 1 -12 50 -66 -56 -86 38 81 -18 1 28 -6 31 -77 -48 27 42 -95 -27 44 -10 95 59 -90 -32 -38 -37 -63 47 -70 -88 -17 -26 55 75 -75 38 -22 -40 -56 -89 -71 71 -44 -66 84 80 61 86 92 -37 89 -49 55 62 25 10 75 -53 -51 -20 39 -5 -96 42 -73 -93 -18 -83 -69 -93 -53 30 -39 0 73 -39 37 -92 69 94 -83 93 26 -86 -79 -99 -89 92 -64 71 -52 85 99 -2 80 11 -42 89 -80 1 -10 70 -51 -9 -76 -76 -25 30 63 -90 -56 -71 87 -32 40 62 92 -25 -77 56 -39 91 26 -20 -93 -16 95 -54 97 -93 35 -84 -61 68 56 32 56 99 -3 -80 -91 -46 64 -86 -87 58 -72 31 61 73 31 -96 21 48 -92 -99 46 66 43 67 10 31 11 -49 27 13 95 87 85 85 66 70 -25 -75 -41 -82 -68 -29 -29 -3 -11 -8 -73 -67 63 -53 -47 -85 59 69 68 -64 0 55 86 46 32 30 -12 90 -12 7 85 -78 -79 52 -29 -36 -93 29 72 -69 -88 5 -58 80 58 8 83 -79 -29 -17 9 34 27 6 -87 43 38 14 49 -93 17 67 43 -13 91 -3 -68 3 17 14 82 -35 -82 24 -53 95 -42 -23 -66 -85 -76 -66 -81 -9 -53 21 -77 45 1 -64 -32 -96 78 -84 -18 69 24 25 16 -74 -72 14 96 -53 78 -53 2 -2 -49 44 -53 -33 -64 -39 55 -26 55 -65 16 -2 31 -27 13 41 -21 -82 -81 93 21 88 76 16 18 59 -61 -66 -90 80 -42 -63 -20 25 -95 86 41 -51 29 -30 -70 -26 -21 79 -96 37 63 98 -62 -95 40 -55 10 2 -34 44 7 -32 43 94 71 86 -52 -23 -96 -21 -86 -77 -77 -36 0 -57 58 52 -21 -62 13 17 3 8 -70 -50 35 -57 -22 21 36 -92 -19 18 40 -73 -57 -88 -50 -69 -81 -71 94 -57 44 44 96 77 -93 -20 -11 93 -63 9 21 53 -47 29 21 47 -7 -28 -82 22 15 64 -95 -94 53 67 32 -77 69 34 23 -26 -74 -70 -48 36 -93 70 39 33 -7 -31 85
81 41 -45 71 -31 7 11 26 44 74 -12 6 73 -92 -51 88 3 -63 -86 -19 -79 -36 29 -99 8 -1 -26 29 -72 75 8 -40 -40 -91 -73 82 88 18 39 -70 14 60 46 -72 57 -55 -58 -78 -9 -78 -92 91 -44 19 26 0 -4 78 62 17 25 -9 1 -16 45 -30 -52 0 -54 -19 -10 -55 16 -11 -37 -73 -29 98 76 -42 39 86 87 -59 -27 -85 15 36 -47 -50 -60 31 -12 -52 -31 -31 -73 -62 -81 87 -69 67 -14 64 93 56 -31 37 -89 -62 -71 -17 -64 -75 35 7 -26 40 -19 45 -78 -7 4 -48 -23 70 36 -43 62 1 82 31 -75 36 -88 53 -1 59 -23 51 33 -79 -88 19 -58 -85 -22 85 18 16 10 -31 -13 63 -86 -24 -24 -10 -30 -74 87 -91 64 -57 34 -85 56 -28 -10 32 14 8 7 -75 38 85 92 -49 -92 -98 58 46 -84 69 -55 -19 12 17 -3 66 8 40 73 -72 72 -60 -46 58 99 98 33 -16 -20 -74 86 -54 -69 -87 -8 -29 -26 57 -36 17 -51 -87 38 37 88 58 84 -72 33 55 -83 56 -48 27 13 25 8 -70 95 68 -8 -7 65 17 20 51 34 19 9 44 -92 -80 -71 -68 93 22 -31 30 -96 75 -68 56 -20 -53 -47 13 72 85 -50 -27 33 3 -5 -22 9 -29 -51 43 95 -36 -37 -80 16 77 -87 -30 40 16 75 24 70 -92 71 -32 -35 -61 60 71 74 28 -56 -43 -12 -53 -60 90 -64 5 -40 -84 52 -70 84 83 -18 25 -14 57 95 -87 -40 93 -25 -50 87 72 28 8 -75 -4 -56 98 -40 -54 -76 -53 -93 99 -8 -72 53 15 65 3 70 61 47 26 77 65 48 52 -43 76 -19 55 -75 25 55 -20 -12 -6 60 80 -16 40 27 42 29 -86 -12 75 -74 39 -31 -92 -63 72 46 0 -80 -92 -28 72 -20 -64 96 15 -94 39 -5 -95 39 -76 -38 21 -43 -13 -86 -35 64 99 24 50 -31 -17 54 -91 -5 -12 -99 16 55 73 -34 -52 -40 38 38 -10 -29 50 58 68 53 84 -81 58 73 61 54 -92 4 -71 29 86 -85 54 66 -62 -58 52 -63 -83 89 -37 -89 64 67 28 2 -65 0 96 -61 8 -68 40 -38 59 -45 80 16 -25 25 90 -21 -67 25 6 10 93 31 69 33 -73 0 56 -71 -29 51 -48 80 48 -12 -76 46 -61 -72 -13 -81 61 78 -57 47 -51 31 93 28 -31 99 -73 95 -37 73 -93
49 -96 -86 66 92 1 26 -72 -68 71 26 76 10 91 97 72 26 95 16 13 31 -99 90 87 71 8 94 36 -92 39 -74 68 92 9 5 -51 96 -27 -46 83 24 93 64 -69 -44 21 -7 -30 -17 34 -9 76 -40 43 92 -38 29 -24 89 44 22 67 87 -86 63 -32 -75 45 76 -22 76 -38 -37 -75 83 -6 13 38 -47 34 61 75 92 52 86 37 6 -53 74 -2 -19 80 59 10 43 57 89 77 -74 75 -72 87 -90 59 -77 92 -56 -75 31 50 59 64 -34 89 36 -46 17 -19 70 -47 -27 23 -52 11 -11 -7 35 0 -37 -57 -31 -97 81 -97 -77 24 -21 35 6 72 -47 72 -83 -86 -28 13 16 36 19 99 48 -43 32 11 1 -91 -86 5 -34 -67 33 80 81 7 26 -79 72 68 78 -76 -78 -15 -22 36 22 8 -75 -62 15 69 -29 42 61 -36 73 51 92 -62 -57 -83 -3 -40 8 -93 -24 -65 -74 87 30 -66 -36 99 68 11 -14 74 53 -39 -39 -8 25 -5 40 -15 -29 -31 51 41 -40 -28 3 -41 -30 25 -8 -97 -46 19 83 -35 -99 -29 -73 -73 77 -71 -15 21 48 -87 10 50 53 -21 -77 -23 80 -27 -80 47 23 85 42 35 59 -52 44 -27 92 -67 8 -30 -68 3 65 51 91 -94 64 -76 43 81 71 19 41 -37 -37 -92 15 99 91 -61 -82 93 7 65 29 19 89 26 42 31 -26 10 57 -37 11 46 -37 33 -82 -53 -79 55 71 27 -4 -9 -97 -25 65 31 52 -83 -54 73 -72 -36 51 -66 32 -32 44 99 86 -91 -62 -24 97 43 -21 -92 -89 24 -80 71 -40 83 -88 -10 79 24 18 -70 -9 21 -87 -34 -55 -45 55 -28 48 67 57 -85 -10 -96 0 -27 29 95 31 19 29 27 -5 -5 51 -12 8 -55 55 58 -15 91 -7 82 44 -57 -16 -24 55 68 16 44 -62 13 -17 -21 -86 46 49 -70 -90 -36 83 -3 74 -46 14 -27 -38 -84 50 -55 -78 21 39 68 83 45 -64 20 80 91 58 47 67 13 -58 69 -18 -46 -54 33 -1 -18 72 16 7 20 88 91 -41 -46 -16 69 7 86 51 66 -35 47 55 94 -67 -44 16 -55 -27 38 -92 24 -55 50 10 27 -26 -15 -92 -35 -37 2 -74 18 -6 -21 60 -42 -41 19 -37 72 -19 11 -16 -3 -74 -10 -85 -64 -76 5 -60 -71 15 36 1 -7 28 51 -99 53 -48 22 49 -18 2 -2
12 -16 -90 -11 54 37 -24 -17 43 -51 51 -4 -83 53 72 46 -27 -44 -64 33 -65 89 66 2 -84 -27 87 57 -67 5 -1 -85 99 -97 73 -78 -38 -13 -38 75 30 -73 -6 58 -83 39 -61 -54 58 -91 -93 30 84 22 89 0 -25 -8 -60 22 69 62 73 42 -59 -39 -25 -26 78 -90 -98 -93 22 66 38 -37 86 -95 60 -17 72 -28 -92 -73 -24 -56 22 3 -38 -95 38 -97 -52 -7 -92 -94 -41 82 13 -71 81 14 -48 15 -41 50 -80 53 72 -18 -85 -99 10 56 81 56 65 -69 66 28 -10 67 -66 58 -91 22 59 72 -99 -52 -18 -25 65 78 -82 -95 -52 91 35 31 -79 90 -79 54 -4 79 -15 63 1 33 -88 89 -7 -71 0 -40 71 -20 -99 32 60 69 -36 -65 -51 86 -62 -44 10 99 10 35 -29 85 40 -68 -69 -86 14 -31 -31 54 -34 55 76 98 -11 18 -72 -14 11 43 -40 20 -76 -19 -4 91 -83 -50 -3 -79 -25 46 -31 46 41 -97 -88 39 -52 -73 -79 26 79 6 -92 49 -63 18 -18 51 -55 -37 -20 -36 55 -16 6 19 -36 -60 -8 -42 -72 -15 25 2 98 -54 -73 -11 -47 3 -3 -56 12 -74 -54 55 15 96 53 99 -21 17 -81 -54 -49 -75 -5 -21 -58 -9 93 -86 65 -27 -58 -94 59 -39 68 24 -24 44 48 93 -7 -6 84 84 48 -67 67 -47 40 -78 64 -95 -73 -8 22 60 20 89 99 -71 30 0 55 -25 -28 65 51 19 -7 66 -90 46 -77 97 -1 72 -62 -56 -88 97 -76 -5 6 -88 60 49 -36 -43 -62 -61 -74 -5 -10 77 83 79 38 -86 -50 -94 66 32 64 -55 94 -20 9 -84 51 -45 13 7 -25 72 89 21 23 -1 -92 -85 -83 -90 -95 57 -55 5 -18 -34 2 64 -47 62 23 -44 57 -52 25 66 56 -57 -6 -82 -98 90 44 -44 18 -75 86 83 -63 90 -43 -52 23 -46 29 -63 -76 3 -9 12 -26 -79 55 -52 44 -71 -29 56 -17 -71 -48 78 -1 72 -3 -64 54 54 78 83 -19 -75 65 61 85 -87 73 -62 60 -98 52 39 36 -23 88 40 -20 -3 -26 17 96 45 1 50 -25 -93 48 86 -49 40 -66 -48 -80 -54 39 6 28 -2 -35 7 18 89 34 32 -44 22 -96 93 98 92 -31 46 23 17 -78 -9 -52 96 98 -36 0 64 44 97 -2 -12 -32 -9 -30 37 -17 61 19 -54 -43 85 20 -44 -50 40
79 84 85 37 35 75 -61 98 51 82 -15 -39 59 79 -27 -24 -27 93 -58 -77 -3 -64 -1 59 -25 33 -36 -22 -48 -96 38 -76 17 48 -51 59 49 55 67 -17 -15 42 66 -98 -97 93 58 49 1 -70 67 73 -23 58 83 95 -39 -90 52 79 -69 21 -22 86 95 -41 -98 1 -27 2 75 -36 -83 -50 86 13 -66 -40 -49 -5 8 -66 -22 97 6 39 -91 -63 -44 51 -68 24 45 -26 -45 -39 -80 -44 -50 -72 -48 45 31 -15 -54 -68 -54 85 19 -30 -81 7 22 -2 85 61 -72 89 -91 -30 -57 45 10 87 25 -19 -82 -20 -80 -58 50 83 -18 79 27 -29 -30 65 -30 44 60 -61 92 -8 97 -37 -83 -63 -18 42 89 -56 7 19 40 -9 -16 -61 38 -48 -96 -21 -99 37 -92 -15 9 55 -14 96 43 77 18 -10 -28 -79 62 76 98 51 96 -34 -92 -15 59 -96 13 -6 -36 -22 65 71 32 -2 -65 -58 -9 -34 70 94 27 5 7 65 -42 89 -56 60 -69 -39 97 95 -20 16 -29 -5 -31 82 8 0 68 -79 -18 -45 75 -22 66 -52 3 -73 -13 -31 74 57 59 56 84 6 67 40 -87 71 -61 82 -86 61 -43 -97 -23 -51 -38 -62 -63 -13 87 -23 -77 -27 -71 37 -21 -6 -70 -54 52 -96 -86 29 61 36 84 81 -48 -98 2 -5 -25 37 -40 -41 37 2 -87 -34 -75 -36 -94 -95 40 -58 56 -23 93 -11 -77 -5 76 -79 6 98 -32 -84 -23 -84 -5 -66 -88 -19 -95 -55 -91 98 97 -35 -46 -23 85 56 22 -52 -10 44 64 27 -49 -71 -88 74 17 82 -53 54 31 -80 -11 21 -43 -19 -12 -38 -5 -86 -32 52 -93 -95 16 74 34 58 66 -43 15 -47 58 69 4 1 -52 94 82 99 -69 18 -77 41 22 15 37 86 -89 -96 50 -66 95 -20 -88 93 -66 -79 -66 55 75 49 -86 79 6 -72 12 -73 83 -75 9 -59 -99 17 -97 -99 35 -51 75 24 -47 73 -28 -46 51 64 -78 -84 65 34 44 31 -64 -57 -41 31 -46 29 12 -77 -50 54 -43 53 78 3 -24 -47 81 34 80 30 -67 -30 45 71 28 -66 -55 -29 -54 -53 87 35 70 -18 -31 46 20 -15 -53 -40 -79 -62 19 -18 73 -44 20 -32 87 19 57 -94 77 69 59 -95 92 -42 -85 -54 36 -96 -21 -31 57 61 -10 29 51 -68 -25 -14 -26 24 -23 16 18 78 91 54 99 -58 -93 58 50 4
-47 -64 -76 7 49 15 -45 34 17 44 26 -95 -14 -21 -54 5 88 88 94 24 -51 3 -57 -38 14 -18 44 -17 24 -38 -78 3 -68 -38 35 13 -44 -20 10 89 -4 20 -11 74 -64 -24 -42 3 10 85 7 -22 -29 -70 -16 -14 45 -65 -45 76 -90 -26 -7 -98 -26 -79 43 84 12 49 -75 14 95 31 64 -12 -8 -38 92 -22 70 -78 -35 24 -50 -71 -49 62 -36 -5 -43 -85 45 32 -59 95 98 -60 -18 85 -16 72 -87 23 81 -39 -11 17 -47 27 45 87 90 -11 89 43 17 -98 -67 24 13 -18 -53 -60 41 -87 56 80 94 -96 5 -12 3 -24 -71 -38 -81 81 71 -35 -67 -97 -69 47 9 9 -20 55 -12 1 36 -66 22 -21 8 -38 -66 -18 65 14 -27 -91 62 -50 -45 89 -8 -31 67 37 -25 96 41 -89 -67 -4 -61 -34 -75 -4 48 -2 93 -83 -8 93 54 27 45 91 69 26 35 81 -1 96 -38 4 80 -34 -60 93 59 -15 -85 -89 65 -77 90 -37 61 -52 -66 -65 -53 5 -25 43 53 -65 -97 -2 36 -89 -28 -23 -48 82 57 -76 -93 78 -34 15 -72 43 -10 83 22 -69 35 -52 -93 -91 14 71 90 -80 -25 36 83 -87 -46 15 19 99 63 -85 -18 93 -53 0 63 -12 67 5 -7 -98 25 -5 59 52 -27 19 61 -99 -86 87 31 16 93 -65 49 -61 -36 81 -67 -76 8 11 -39 -14 -34 -10 58 30 53 19 -22 42 -10 87 -15 69 58 44 -10 -47 7 -87 -19 -51 -23 46 76 -49 -49 20 -66 36 -28 -11 54 38 82 11 -28 78 -93 62 -46 72 22 -70 72 50 25 72 60 -78 3 -53 -63 -43 -43 -85 -24 39 57 63 -91 -99 -32 32 27 15 -26 -17 -92 -18 -83 -27 32 63 -7 -52 -75 -18 7 18 10 -44 -99 82 -97 -26 61 -74 37 78 28 36 -1 67 -26 -34 -58 10 72 -74 54 29 -78 67 -14 91 10 -40 74 -28 99 37 -27 -21 -94 -79 39 32 27 43 -59 87 75 -33 90 54 -98 14 -42 -77 -19 6 -70 36 52 75 -89 83 -98 -63 75 -45 7 23 4 59 -66 -32 44 72 -59 -13 -35 58 -60 -47 -37 9 72 77 74 -56 -57 -75 1 -77 65 66 -32 -40 -85 40 74 -62 82 -61 -79 -61 5 -76 -50 -7 -49 59 39 -2 -40 -39 82 10 86 57 -75 8 33 -21 73 47 -28 43 -87 -47 -72 -73 -22 28 -34 94 52 -80
20 8 17 86 61 -96 -21 -75 62 -76 -32 74 -75 70 -53 46 10 -95 21 8 7 38 -31 -9 80 95 -76 25 19 83 50 -24 -83 61 -79 -60 -11 39 -96 -42 76 -42 10 -49 50 88 -35 -90 8 -99 85 -10 75 -78 -28 62 -32 -61 22 -20 41 42 8 -35 -85 91 74 55 85 48 -35 40 39 -75 42 72 -62 -89 58 46 -37 -14 -44 -1 -58 -52 -91 90 -6 29 -40 95 10 14 -51 -29 93 -89 -98 26 50 62 -67 68 -89 83 -24 -42 -73 -91 -5 -60 -34 -22 -11 53 -57 -93 -7 -2 24 -29 56 8 -16 -92 9 -43 -4 -6 -6 94 93 93 -83 -87 57 38 22 0 -78 -64 -25 34 -38 -88 61 -66 -77 59 9 -75 -52 -66 -9 43 95 45 56 -47 -16 63 -42 94 60 -22 -11 49 -61 -8 -24 -95 73 56 -17 -13 -48 0 83 -55 25 -82 2 7 24 51 50 -95 92 -95 -6 -71 11 -51 67 48 39 78 -8 7 -63 -11 -63 -5 -8 97 -14 42 -85 92 -67 -81 -33 -98 -41 -74 86 17 -86 -62 45 87 -18 -76 49 -78 -65 77 93 83 -92 -69 97 -83 -49 -38 25 -14 -68 -39 -54 -67 99 77 -81 -13 68 58 49 -9 98 -25 42 28 -45 11 -60 -44 93 -68 -87 65 -22 82 78 -61 -99 92 -72 -71 -78 -28 71 -12 -94 25 -88 -73 -87 88 -64 -81 -31 -59 52 -17 99 93 89 71 -51 -82 -76 -10 41 37 -41 12 -15 -94 15 -67 70 -17 -94 -20 29 -9 28 36 50 79 -3 68 87 78 -32 -86 42 98 19 22 -4 71 31 6 -25 -44 64 48 -46 -83 56 95 -82 16 61 -73 -12 -83 -22 -97 -6 11 49 -37 -48 -59 97 -31 -67 28 -57 -70 -94 16 77 -17 -49 -75 58 -60 30 -21 -74 -99 76 17 -22 12 27 69 -19 -72 -41 4 -52 45 80 -73 -49 -13 81 98 -7 13 -85 -37 -91 69 -76 -86 69 30 -62 -58 83 -27 -57 85 -64 -37 56 50 25 -51 -94 75 -75 -80 -89 -17 -39 3 -67 -27 8 -89 2 20 60 -56 70 35 25 -35 -19 -61 75 -24 -3 47 -75 50 46 4 91 48 53 9 29 37 57 9 63 78 -61 -79 -73 61 96 98 -5 -9 -89 -46 55 76 -14 -2 -73 -94 -10 35 -74 35 82 13 37 -34 -15 32 -58 -13 -9 -63 -89 -81 -48 -63 17 -89 -34 4 84 15 -65 -41 15 -74 -78 36 -72 34 96 47 -64 85 8 16
-72 9 33 79 -99 63 -74 -54 12 -43 68 11 90 16 -98 1 -78 -6 13 -39 -11 -52 82 -61 77 22 -3 27 78 45 21 -52 37 88 -56 -71 70 -24 55 -3 99 50 33 -80 96 -22 17 74 26 39 -73 -66 54 -99 80 -87 -76 -61 -46 -1 41 -35 1 -62 -7 -78 -7 90 29 60 15 52 -43 -78 79 55 -48 44 -8 -71 -51 98 -37 -75 -64 97 90 24 -1 -50 -81 -79 -44 82 -75 -77 -28 -95 27 -62 -68 -96 -57 64 -32 20 -1 -37 -90 9 -3 -65 -13 -57 -6 47 -92 77 59 93 -59 -12 85 -22 32 44 20 17 -53 -93 35 65 -96 -56 -67 15 -83 46 -89 -89 -31 43 -7 -2 -39 99 55 -59 55 -23 47 25 -53 -35 -18 94 30 -58 38 71 62 79 -54 0 -92 15 37 5 -64 92 24 -49 -86 3 -36 -10 -25 -77 25 -72 30 -37 -56 -15 -81 59 51 60 53 -83 11 70 70 -98 40 -42 -40 -16 19 -35 -16 -34 37 74 -26 55 -77 29 99 13 96 30 -83 -42 -54 -61 82 22 29 72 60 20 92 8 67 -74 44 -68 -66 7 32 58 -92 14 -13 -61 -39 -86 7 24 25 28 -85 -62 60 -3 81 2 92 55 -24 99 55 -55 38 -33 -1 74 21 -57 0 -43 11 99 -80 -50 20 92 17 67 21 4 59 -4 54 77 30 -43 20 84 52 -36 76 -25 32 -65 -45 -97 56 74 -75 -57 -14 79 25 -12 45 32 89 -86 32 -13 -75 -40 71 18 -61 69 66 -94 -26 44 -98 -53 -66 -90 -5 16 -87 -60 25 -67 -39 -54 63 63 -43 -13 86 -67 -89 76 69 96 -13 60 -16 99 -18 14 77 86 -61 73 -8 -35 6 -96 -9 70 -56 20 94 -85 16 39 31 37 -57 38 90 25 -84 45 69 -76 23 78 -28 0 -16 -45 55 68 -61 -7 -88 92 94 44 -65 2 -53 81 -65 40 -50 46 -41 -77 -71 -65 46 94 -83 -16 -74 4 -62 65 -92 -5 31 -81 77 52 -8 -68 -16 -89 69 16 58 -28 28 18 -11 -29 -12 -59 -73 6 -88 -18 46 -71 42 41 12 43 -80 -59 93 88 -4 -52 60 -76 87 -21 45 -38 44 -66 74 5 -3 -76 -8 -63 -41 61 -32 -72 11 -37 -69 -26 11 35 8 -15 -61 90 93 40 -8 95 59 20 42 -6 15 62 49 -27 51 -57 64 -9 -30 48 40 60 -49 -43 -44 56 22 -10 -44 -29 45 -43 44 42 18 45 36 -54
-42 52 -58 73 93 18 -77 76 29 11 57 -53 -4 -55 -24 -21 21 51 6 51 -50 -33 -97 23 48 -89 50 -34 -97 50 -65 -80 -67 -25 -27 -35 -32 -43 76 5 21 -89 26 8 82 -40 -63 88 -73 -64 -92 51 -83 26 21 31 7 -61 84 -72 -55 -70 -19 -87 99 -8 64 30 -64 86 -40 -47 -2 42 -2 59 -25 13 75 -42 44 -68 -37 -13 -56 89 -62 -32 71 35 -78 59 43 87 -69 27 -30 39 25 -95 54 -20 -56 45 -96 76 48 10 -40 -86 15 -47 -42 -69 -69 -79 -87 -20 22 21 -21 86 -60 16 26 -78 96 -98 -68 -3 52 -61 73 82 27 -34 -95 -56 84 -33 -80 69 -55 99 -35 -84 -23 -15 -5 -71 -15 57 -53 -96 -93 -57 -74 24 -8 -55 -51 -18 24 -22 -76 94 39 77 53 65 -24 33 -68 34 2 83 -76 -38 66 93 12 -59 -31 -44 -92 69 8 83 -36 95 -32 -49 27 -72 95 -91 -94 -33 -50 -45 34 -34 -40 -24 -42 -20 45 -32 0 -86 -24 33 -43 -33 49 -66 64 97 33 -81 -32 -65 -80 35 58 59 27 -12 8 -57 26 75 68 70 37 6 -56 -38 -6 41 66 -50 41 90 -54 55 60 -93 52 -65 -18 2 52 44 -68 -68 -25 91 -72 -53 -6 -38 64 -30 -99 -64 23 -36 -56 -47 -15 72 22 41 27 99 14 39 -22 -97 54 20 -4 17 30 48 77 53 -47 8 -44 28 75 -34 -41 -79 63 28 -90 23 60 83 54 57 63 86 19 -32 -39 -29 25 66 -11 84 96 29 -9 82 -16 72 22 -81 -90 21 60 -38 5 -34 35 -12 -54 18 -89 64 4 55 -27 -12 2 85 -87 -31 -83 23 70 -49 -72 -85 -77 54 12 21 -99 45 51 -50 -48 -11 -6 -8 -10 -86 86 73 -74 84 53 6 -59 -79 -70 39 0 -84 -2 30 -16 -49 -97 10 -84 -57 98 70 42 75 99 -1 83 -72 -78 40 -15 -72 31 63 58 55 -22 -76 93 -94 99 4 93 -67 -4 61 -16 49 -67 -68 -11 41 -89 64 -58 59 -63 73 -54 15 40 94 -80 86 82 -46 -68 0 -50 99 -65 -43 33 -21 28 -44 -74 -54 43 25 23 85 -12 -58 -99 46 -9 74 51 7 -56 -23 -34 90 22 -52 -12 -81 28 -63 -17 80 -10 -65 93 83 -36 88 -2 -44 53 -82 -16 -91 -2 -87 3 42 -28 70 61 -97 30 78 -67 59 60 38 95 82 38 4 94 -28 -81 92 90 -60
-58 41 70 6 70 81 48 32 -60 63 -18 -13 22 94 39 10 2 -84 -77 -78 -20 91 7 81 -69 49 -64 -3 -14 82 15 54 -74 -64 -20 11 47 69 -62 24 95 15 72 77 60 84 -19 -34 -22 -95 -10 61 98 28 -28 42 -84 -54 -97 22 -67 37 -46 29 52 -43 97 -54 41 74 -9 73 69 40 90 17 86 -82 -85 99 82 78 55 -52 -18 -24 -67 28 -23 -28 -53 -95 -36 -59 -97 83 28 50 67 -68 -17 -88 -79 70 -50 -54 -72 -87 94 81 55 48 80 -72 -48 -11 -78 73 83 -67 10 -28 -74 -62 92 -32 -60 98 3 72 62 3 39 -10 81 -70 27 56 -59 -37 -63 -40 -91 88 67 9 58 4 78 82 -77 37 96 -86 -84 -12 97 -16 9 71 -78 -69 9 6 -82 19 9 -49 -13 34 -13 60 -2 90 -58 -3 58 -85 77 -88 -67 -11 -81 -26 -8 51 70 98 -1 -23 18 77 43 93 -28 -83 46 26 54 49 -59 -76 -40 42 -13 -23 30 -90 38 -1 58 48 -85 64 33 -87 -44 42 -36 78 -59 78 -58 75 88 -80 -22 39 -7 56 47 -6 17 -22 -79 76 36 -40 -41 -75 -14 -89 -10 2 92 67 66 -77 21 -78 79 23 -67 -34 5 41 30 52 35 -86 99 48 -91 -58 51 69 -64 -45 -39 80 -1 90 -29 83 -15 35 -91 -50 -5 14 -77 -35 13 13 59 85 83 -15 80 87 48 48 -9 -64 77 47 -42 41 -98 -84 -79 49 -74 21 -77 -55 -32 82 -34 96 -70 7 84 80 -51 29 64 -28 53 91 -84 23 -19 28 -56 -11 -98 -32 -19 46 46 65 -87 -48 -52 -83 2 77 -22 -74 11 -6 -87 -44 28 -20 -37 -82 -59 61 98 -72 -16 -81 -16 99 -86 -2 8 -17 32 -32 36 13 89 -96 -54 19 -35 -15 3 -96 16 31 -4 87 -41 -17 18 30 2 -23 -59 85 -27 -34 34 -30 35 -87 -64 -2 -51 51 28 -3 -87 0 -71 -42 8 62 -31 -13 -36 21 35 10 43 29 -28 -15 -78 75 25 -42 -81 15 52 25 -68 -31 70 85 11 25 -15 79 90 71 21 88 37 -19 -40 -11 -88 -58 -50 23 -3 47 -4 -40 -51 -12 -7 42 -41 35 -56 -14 74 96 -1 92 -87 -39 -22 -43 -34 -63 -36 28 -24 -95 7 -89 46 -68 48 10 91 69 -47 20 -52 -25 56 51 51 68 -79 -44 36 -56 -16 44 62 68 -63 -8 -72 -92 -42 -65 -65 59 -59 -70
-66 -60 -17 -78 27 -56 87 -37 12 19 91 -86 -32 47 25 22 -89 -40 20 80 -31 45 -18 84 -3 -29 -46 -4 28 -11 5 66 94 9 9 42 -27 -76 45 -88 82 42 -46 35 -98 51 -9 -20 70 -78 84 23 81 -48 30 -90 -22 -2 99 -94 8 59 44 57 15 -44 -70 55 -18 -56 -75 -44 -96 -70 81 -61 69 -35 55 -28 -69 49 36 -11 93 8 89 44 71 72 -15 -83 45 -11 -37 -33 98 70 71 51 -6 33 97 33 -13 24 80 -19 4 45 77 -20 32 74 96 -27 53 50 73 43 -58 33 82 79 -70 -46 57 43 58 -90 -79 81 20 -74 36 -3 -37 44 -84 -84 -56 10 37 -20 29 -51 -39 62 -62 -82 53 -57 62 51 60 -55 32 39 -48 -67 44 91 -24 -58 -70 40 -17 -24 30 -88 69 -28 -99 -41 69 16 27 -48 -90 92 23 -19 44 -64 -56 -27 81 -95 43 31 26 -35 -10 27 -49 0 29 -84 48 -26 17 88 41 18 57 79 23 -35 76 -2 -11 81 -12 60 -62 57 -67 35 27 -36 87 -58 -94 67 93 -76 41 23 -98 -62 -61 -34 44 79 3 9 63 -63 10 -58 -1 -6 9 0 41 -29 49 -4 -87 70 -85 -29 -63 -85 -16 70 -45 68 -85 -46 -29 80 -86 79 72 -60 -96 -4 75 -11 87 -20 56 50 78 28 22 85 -87 -50 85 -78 -79 45 67 73 -37 77 37 42 48 -77 -92 -62 85 90 47 -89 23 84 60 29 26 14 66 -26 -53 64 53 -73 -95 -1 -30 -22 8 -8 21 -80 2 74 10 78 -14 -48 -22 -79 42 26 48 -66 -84 -58 40 17 -8 -39 33 8 -31 66 -2 48 -90 49 4 91 63 -98 -31 -70 -23 23 31 -66 -74 -8 11 -8 93 -44 99 -4 -5 -97 66 5 -51 84 -42 11 84 33 -25 -13 -85 -39 8 -32 -44 48 5 28 25 60 12 72 35 99 -96 -32 55 -11 -67 82 3 79 89 -23 -15 -10 97 -77 90 67 -15 -46 39 -3 -94 -29 -16 32 -97 -40 67 -8 43 95 -98 -3 -60 -87 -48 42 21 17 39 -6 -55 55 -66 27 -40 86 10 -59 -32 39 -2 -42 75 39 -94 -83 7 64 72 79 73 5 -75 67 -49 9 -83 -22 43 -99 -90 -60 -1 -51 47 -35 -88 44 51 -66 37 53 85 38 78 8 -89 -52 -59 2 -29 50 -36 -37 -36 -53 -73 95 56 -69 50 -92 -81 33 16 -64 -4 23 31 61 47 98
-16 -42 48 61 -31 -84 99 -8 -82 82 -66 -27 -93 -26 70 71 30 88 -66 -9 -42 -39 -81 -56 61 53 -8 56 -50 -27 83 -73 85 56 -26 68 67 -2 -20 37 87 -5 -88 -33 -24 9 -70 -71 22 70 70 -22 -24 15 10 94 26 -5 14 77 17 -4 -67 -39 -39 -27 -93 64 -59 51 65 -33 38 36 68 -69 -16 8 5 45 19 25 79 -84 -31 -28 -74 62 33 82 36 49 82 86 56 54 23 35 -52 -2 23 -69 -3 -42 52 92 3 83 -20 69 -20 -21 86 97 25 88 -9 75 13 89 -67 -85 91 -66 8 -80 -15 8 -15 20 4 -4 99 -37 -84 72 78 -48 -35 -93 61 43 -44 -66 48 0 62 -31 84 -29 38 98 -28 -45 82 -27 45 -38 18 -61 -73 86 -3 -67 83 -13 -3 15 -73 59 65 -43 77 -9 88 -45 -63 22 -49 70 -14 66 63 -65 72 -84 -99 -98 18 -30 99 -12 -32 -80 46 -54 -11 36 41 -75 79 3 -20 12 90 0 -26 -26 9 58 -40 49 -57 28 59 4 -68 -73 -93 84 -26 66 42 -47 -75 -4 72 -81 63 -39 63 -54 -36 50 -65 -1 62 -63 29 76 -79 -97 -38 -24 -50 0 23 17 -22 -73 2 -61 98 94 50 -28 -34 -11 -29 -2 2 -10 13 21 -33 -67 -50 6 21 -9 24 -13 8 36 -70 12 -45 73 -89 -19 73 3 -12 -59 47 40 74 89 14 -17 95 -96 -48 33 -42 88 39 19 -96 -59 53 91 -26 26 93 45 -38 -21 69 90 75 -71 36 19 79 -61 95 -18 -13 72 -6 66 -6 96 -20 5 72 -92 54 -55 16 80 6 -83 -76 56 -21 51 35 67 -65 27 45 62 19 -67 52 11 -64 67 -51 29 -92 -13 -57 -74 -34 -31 -14 51 -31 21 32 40 -98 -1 76 -82 -11 -94 84 -50 9 -70 -25 67 84 86 -91 82 -48 -88 65 -9 76 -24 -68 95 -13 -54 0 -97 10 25 -17 -2 -25 -95 39 27 35 52 9 77 85 -70 5 98 22 -23 -41 -83 47 84 -46 -33 -64 95 -23 -99 42 -16 43 94 -51 -15 -64 -53 32 67 44 -17 84 -12 -79 -67 -15 -65 51 41 40 41 56 60 -95 -91 96 55 -16 36 -85 -3 -37 84 5 88 -77 95 10 80 -49 -17 -11 -95 -46 16 -99 82 -14 -80 -45 -57 -83 -27 78 -84 97 -70 -90 9 -39 62 74 -13 -51 -56 -68 -12 67 -62 -93 -21 22 -77 34 16 -99 -79 58 -45
-78 31 -93 -72 -40 -42 70 90 27 29 -57 29 -1 -99 60 -59 -45 -51 85 26 7 -18 -87 66 66 21 11 70 44 6 95 93 67 96 17 88 -26 85 1 47 43 -68 8 67 53 -52 -7 -63 -44 -65 -32 71 -82 -16 -54 -48 -48 -28 -14 63 -48 11 -36 -55 36 25 -53 8 40 10 92 55 -70 -27 -61 -73 -7 -72 -93 -92 94 46 49 58 -14 89 90 -35 3 -37 -99 -59 -43 36 3 -63 62 -62 3 -45 -71 83 -27 9 12 54 0 -21 -22 -61 24 89 39 -82 -36 68 59 -96 -19 94 -20 -71 35 -99 74 -74 61 98 -13 -31 17 -89 22 48 89 -40 32 41 -88 33 96 -44 -79 86 -97 -16 56 -80 -81 2 13 86 -84 82 -55 28 -99 -47 -9 61 -57 85 83 -68 -91 -32 44 68 -99 -90 31 -49 50 97 -91 10 49 24 76 30 64 -33 53 16 81 6 78 -37 -54 38 60 -12 -35 56 52 -72 94 60 97 -47 51 52 15 -21 30 -12 -86 53 -87 -95 -96 -37 18 19 67 52 78 -44 -97 -58 38 -63 51 -6 -9 -34 -67 27 -26 44 -93 -64 61 61 49 6 46 -97 -32 74 52 31 98 15 36 -25 24 87 -89 94 -28 -35 98 -31 -6 -24 -4 10 69 25 -31 -7 80 -3 -8 56 -76 48 -32 -11 -3 86 -66 20 42 66 -61 55 66 -64 86 53 92 86 26 -45 2 40 35 -19 34 67 -53 86 -71 92 4 10 -37 18 75 56 2 -43 58 2 -74 78 -48 -3 -95 -64 -80 -87 23 27 -81 -77 -71 -1 86 -63 2 -77 -86 -18 -65 -77 -28 -21 -38 82 67 10 44 -72 -54 -46 45 10 31 -60 -85 -96 76 64 -70 20 -59 -19 94 -72 -3 15 -84 25 -78 -11 71 99 -34 -7 -12 -22 84 -60 21 -57 8 0 -15 -77 -17 -7 35 -67 -28 10 67 -69 37 14 78 -59 -41 22 36 78 -99 40 91 71 -13 -82 84 17 -80 -66 -39 -44 -38 84 61 95 59 6 -27 -13 64 27 -85 7 -19 56 48 -62 46 -93 -63 9 -20 70 50 -82 19 -36 10 -33 33 34 38 -64 -51 -32 36 -50 -14 83 78 37 -59 -35 -63 -5 17 23 -22 -13 18 2 97 53 1 46 -17 36 -30 -37 63 6 -98 -88 88 53 -41 -84 -84 -1 50 -36 87 -98 41 91 -23 98 24 28 83 -76 78 -2 -6 -60 -69 54 44 -5 -62 -77 -69 -69 85 -54 87 -97 -43 -17 -86 -6
-40 2 8 -27 77 -18 -38 56 6 40 5 7 -39 -60 -94 79 59 -83 -52 41 -33 79 -64 -78 -83 29 7 -33 66 85 6 -93 -4 -80 90 -7 52 11 87 62 60 53 -91 22 -59 -56 10 -91 63 -16 82 24 87 -76 -53 33 30 54 -42 -95 -85 -22 -19 -62 61 92 -91 -45 29 -19 -85 -69 -75 69 94 76 60 12 41 49 62 -12 11 96 21 -4 6 19 -79 67 -71 -96 74 -63 46 83 -33 11 -98 -67 17 78 -58 73 -74 46 86 64 2 -20 -10 20 -27 -92 87 -96 53 -97 22 -44 -15 -94 77 -61 5 -50 46 21 -64 51 -30 -62 82 16 52 58 14 -32 50 98 67 -70 -89 -39 -14 -74 -58 73 -71 -78 -52 58 52 40 60 0 -76 -17 37 -91 55 85 96 14 35 -72 9 -91 -69 19 -70 -6 -50 88 71 -34 -71 -84 37 -82 -20 39 22 55 -89 8 -53 35 -47 37 -34 -49 -61 -45 76 -44 69 68 85 26 23 74 -67 3 -94 48 -27 8 41 -33 50 1 20 81 -77 -20 -79 -95 -34 29 6 -48 50 68 -37 -39 44 16 16 35 24 -98 58 1 -47 -12 -89 91 1 -80 28 -52 76 43 -42 -24 24 -35 -51 -39 85 -72 -10 -3 -69 41 37 4 43 -89 -63 82 -32 95 94 -48 45 -63 -79 41 -77 92 97 -87 -60 43 68 60 -43 -75 52 -46 -15 85 -58 -54 -78 -2 -97 25 2 38 87 -10 -69 12 -79 81 -92 -6 50 -45 -98 52 14 -70 84 13 -83 64 1 -79 48 -49 82 60 54 66 21 89 55 67 -8 23 -83 -2 -34 30 29 -65 -37 49 98 83 -77 36 -75 -30 -43 -31 40 68 -77 9 -1 19 37 41 -16 96 81 -48 30 47 -39 -4 70 25 91 -84 -3 8 -31 -78 -95 -63 -4 86 -8 -1 -8 -5 -45 -11 -10 -74 -31 -87 8 55 -10 35 -63 -25 -96 -58 -38 -76 -47 23 7 -90 -65 40 -4 95 70 25 -29 82 54 26 93 -19 -4 -16 6 44 -68 39 69 -8 57 87 87 94 -8 37 13 36 -25 46 50 30 10 11 0 -1 92 97 54 -8 81 99 13 45 -45 -49 14 19 -78 -23 30 3 24 -45 -29 -73 -35 -92 -86 -85 -64 -41 -20 -5 -27 36 -31 -80 -28 90 -54 45 71 -6 31 56 -66 23 43 -87 78 31 -3 -61 57 -95 4 -46 94 65 -48 -85 18 -88 -98 -1 -17 -90 -68 29 74 42 -89 -44 -56 -71 -74 46
86 48 -21 15 72 37 -51 45 62 32 24 -52 -41 98 34 -11 -40 19 23 -77 79 -33 47 23 14 -26 -28 -13 -53 -54 -56 40 85 1 54 15 3 63 -74 -86 12 -59 10 53 51 47 -25 30 18 -26 41 -64 60 38 -28 -57 -1 -77 -12 92 9 -75 -74 23 -68 -79 4 41 -39 70 41 -8 -3 -43 -39 25 -9 3 2 38 35 36 -27 -65 -53 -86 3 -30 -47 6 88 57 39 -4 -59 81 94 8 74 -15 85 48 -95 -80 46 65 61 22 14 -86 -80 -57 50 45 -43 3 -63 -34 -44 16 89 -60 88 -92 64 19 42 16 -74 72 -51 -66 99 4 3 -54 -11 -2 -84 -24 10 78 -35 -79 -10 82 61 32 59 64 -67 -15 -84 79 -14 40 -21 -35 30 64 85 22 -72 39 22 64 43 61 33 24 62 62 4 46 -79 75 26 -13 89 9 77 -18 -98 -50 88 95 -37 42 90 -34 -90 99 -19 -80 26 -57 42 55 -83 37 -50 94 -7 -45 53 -63 -7 57 -24 44 -4 17 43 -3 94 -14 63 20 88 -60 -7 97 60 -46 68 -28 -14 -33 -90 -2 56 90 86 6 32 43 59 -43 85 -51 7 93 71 -44 -56 -27 -86 -81 -71 -67 -12 -35 15 98 -90 -10 -52 -62 -83 -94 26 26 -7 -24 14 45 -13 -8 -30 -33 -40 71 -43 -95 13 -47 -58 -34 28 -31 41 -26 49 -60 1 -44 69 -39 -84 77 45 -24 -6 -47 -82 -58 -32 71 98 -4 98 -94 54 53 94 70 -9 -29 -4 93 82 -15 -98 -89 2 7 -10 -90 39 -8 83 95 65 -55 93 1 -28 63 46 -7 -86 -29 -62 -45 -84 -17 -92 36 57 -69 -33 22 23 -15 46 59 56 34 -60 24 25 -2 -67 -30 -73 64 -66 -34 13 -68 22 -96 71 -13 -17 90 84 32 -25 88 10 50 82 96 -76 88 54 34 -97 -8 62 -8 16 24 -64 -26 68 -97 -61 97 -75 -50 -42 -21 32 11 79 9 55 -26 91 -28 77 43 47 -53 -25 -98 -89 -40 85 -79 58 -44 -1 -86 59 -19 -61 4 76 -86 17 74 67 0 61 -21 75 -72 -94 92 0 20 -28 -87 35 46 59 12 -29 65 -34 38 70 -85 1 33 -74 -78 42 -18 14 66 -94 41 31 -66 -82 -84 58 -4 78 -46 -46 40 -75 -90 -82 -90 99 -65 -61 64 0 -10 -35 36 -33 77 85 52 -8 -78 61 -96 82 50 -81 -39 -5 -46 52 48 -89 -62 -60 -65 -34 53
-58 80 80 -33 33 33 27 -16 -41 -84 17 49 53 -81 25 66 -28 -54 -61 35 53 -87 9 0 -63 77 31 -78 -41 66 75 -88 -85 -46 -65 -87 -88 -3 -89 -52 -65 -69 84 66 46 73 87 63 73 -95 -64 30 84 -84 54 -32 60 63 82 63 28 -42 -3 -19 -19 -7 -50 -97 -1 48 43 -89 3 24 -39 76 -81 64 36 -97 80 31 -86 15 -85 44 -18 -59 -59 -67 -5 -35 -44 72 -75 38 35 50 -64 -91 -27 39 68 -32 -64 2 -40 66 -77 63 -16 71 43 9 67 -45 -8 71 -42 -94 76 -55 66 -46 1 -86 -88 -94 -11 -2 -23 18 -79 -15 -5 -84 60 -69 -22 38 42 64 71 -78 -43 79 -75 53 -35 29 -95 -6 90 47 -48 14 94 86 -98 49 0 60 -12 17 57 -37 14 62 -41 -40 68 -43 -77 -27 -67 -48 72 -10 6 -99 -61 -43 -70 -62 -35 -14 -81 22 -96 23 79 -32 68 -63 11 8 48 35 -79 -61 14 54 -92 91 24 62 -94 -94 20 -10 61 98 27 -14 12 58 -31 -24 46 44 49 -28 -49 -29 -20 89 -19 -49 97 48 -66 12 19 22 95 -61 -57 -65 -37 59 -18 -86 50 74 -72 -6 71 -81 77 -84 -84 76 60 -92 -13 -35 70 97 4 -69 33 -60 14 92 20 -72 -72 41 -80 0 65 -85 44 -98 -94 98 52 81 -22 73 -54 43 -48 -17 57 -24 -50 98 76 -13 13 -37 5 -20 2 -13 47 10 64 -12 -30 33 -10 -47 -97 -98 -4 79 -43 -63 -95 -98 -53 -63 -44 -45 -60 -73 56 60 -37 95 -1 -22 82 46 82 -13 36 -37 -17 18 -85 -58 87 50 -98 -90 1 74 -70 64 59 65 -52 -94 -97 66 -26 84 -48 -84 91 -45 -49 -97 40 -33 -35 -20 77 47 25 -67 -11 -71 -82 -51 -27 75 -77 99 58 41 -60 21 23 24 -66 57 -87 84 13 -34 11 67 38 14 -55 -82 90 -71 -3 -1 94 -11 -27 -82 71 -3 -52 73 23 50 -48 46 88 -43 87 24 67 44 6 -10 -27 -21 87 56 50 -86 -45 -24 99 7 49 22 80 -14 -3 -60 62 97 30 -11 -43 -42 79 6 94 4 -89 -51 -23 36 -7 -57 -32 99 -8 -98 16 24 79 75 -27 70 56 43 48 -70 -32 -33 -20 -12 32 6 49 49 45 17 72 41 -31 -97 -84 -87 -65 50 -2 -78 -77 87 95 44 -5 69 -50 87 -86 -63 -77 9 68 -52 77 -52 64 26 88 33
-13 -99 30 -48 82 -60 74 -43 32 -91 -93 -88 5 -56 8 86 25 66 23 97 24 -60 84 11 4 17 77 -15 18 -80 -17 88 -23 -4 -67 -50 28 60 -75 87 -55 -48 -24 71 38 -74 50 38 -90 -23 -44 52 4 31 62 13 -35 83 30 50 -22 95 -74 79 91 6 -59 44 32 -89 -29 -50 18 61 45 54 -27 6 83 83 85 -38 -95 -79 -50 -72 12 -85 89 27 -34 -80 -47 4 -70 36 35 35 -51 16 11 -97 -53 59 59 71 -57 -20 25 -10 -7 69 -28 26 55 -29 -10 95 -57 -59 43 75 18 -39 -13 -68 -4 -20 -75 -23 49 86 37 -96 -76 -28 -16 82 56 4 23 -16 -16 49 -81 37 -49 41 -4 18 -26 2 -99 58 -85 -58 -60 86 17 19 34 -19 -88 70 -44 20 -38 -79 -20 29 28 -68 13 83 -43 36 85 -80 41 33 -91 51 -29 55 70 -93 -22 12 57 -10 97 56 -95 -8 -10 -82 13 -78 86 -65 -57 99 41 33 26 58 67 -85 22 -37 -57 89 6 99 53 40 71 -70 -43 36 25 95 -92 8 -69 48 57 92 -48 -28 -82 5 -81 76 -88 47 85 -7 35 33 -94 -66 10 9 98 98 -73 39 70 -28 6 -90 -52 44 1 -71 -70 -83 -64 -61 40 6 45 -91 84 93 -4 58 78 -62 95 14 93 -29 -66 1 28 56 18 -60 -73 -45 80 7 -41 -98 -1 -21 59 63 -25 67 35 64 -58 50 88 -46 -41 -61 66 -2 -30 -28 38 -99 -30 57 -71 11 49 66 41 75 66 -83 40 -11 58 -22 24 -50 55 92 -8 82 76 27 -57 -11 -55 -29 -32 -25 34 -47 -39 81 51 -96 54 -31 -43 34 -24 32 44 -55 -42 -71 -25 57 55 -78 67 17 -88 -90 87 99 95 -22 2 90 43 31 99 63 -34 -99 33 -75 -18 -68 -70 83 48 -45 51 -75 48 28 -37 -53 18 35 -61 -29 26 -83 20 -42 14 -18 -73 32 -91 70 -94 -56 3 89 -83 -58 -85 -12 -51 10 -24 -78 56 -64 74 -47 -33 -41 -67 -40 41 -35 -87 59 57 -87 48 94 -32 -50 0 -15 71 74 -14 -47 81 63 -40 -5 93 -50 -36 95 -87 67 -1 58 -58 81 88 57 -73 -58 34 76 12 -68 -35 34 -7 37 -74 35 14 -35 67 73 64 -71 51 85 7 86 23 -42 -26 -4 76 60 -58 -18 -84 -86 36 93 75 -7 35 62 -86 17 -33 83 -74 47 85 -39 84 -23 -45 10
9 -76 25 -9 -20 -36 79 -47 94 -26 84 23 68 -13 95 60 -93 -65 30 8 -83 15 -83 -86 -6 -22 1 51 70 22 88 23 -57 23 17 -59 -13 -39 11 12 -91 52 69 -64 -83 -40 71 -94 -17 -43 8 -36 88 -69 72 7 -62 2 -82 71 -19 98 51 74 -54 60 -14 -48 -27 34 -99 -88 -85 40 5 -17 -95 -58 -69 -11 -44 -36 4 61 -62 13 -77 93 56 -78 -52 10 -3 -87 84 59 54 22 12 -92 -62 -46 -35 84 31 -38 -10 20 -46 -32 24 57 -73 66 51 -63 -99 -79 -92 30 97 41 67 54 70 -94 69 30 62 20 63 59 -7 -7 -34 -74 33 -52 52 28 -49 54 71 -78 -54 -47 -61 -31 -41 -90 -50 79 87 99 94 -12 -92 66 59 86 52 22 8 49 67 74 -31 -68 -42 61 87 -44 62 63 18 -18 31 84 94 -65 75 7 -23 -21 -12 33 65 92 -53 97 -23 65 -97 -85 -57 69 93 44 -94 13 -54 -16 -33 16 -72 21 10 -70 -12 35 -88 -22 75 9 -49 -77 87 27 -72 78 92 72 21 63 46 3 87 -81 75 -26 -24 8 92 24 -44 74 80 -74 -94 4 -79 -26 -2 29 -45 -31 -75 -7 61 -44 83 14 -28 9 -34 -95 73 -47 24 23 -6 50 56 20 30 55 54 98 99 -88 15 -5 -70 -44 58 -18 69 -30 -41 -83 -77 -11 72 -87 -74 -81 52 89 32 -9 4 -78 -40 -85 14 -76 86 5 24 84 -20 21 98 -9 92 22 64 88 -51 -53 -5 -35 -29 -25 23 70 98 73 -20 18 -28 52 23 -96 99 -64 -23 48 19 73 94 -75 -10 2 -95 -37 -67 41 -55 -30 41 -83 46 -31 -17 -2 -11 99 -38 -43 67 54 -52 15 65 18 -78 63 -22 39 98 83 98 -79 45 -93 97 20 8 64 59 37 -21 59 62 5 -76 64 40 7 95 7 85 67 -32 75 -29 -83 48 56 -50 33 2 -30 -18 -10 64 34 -22 83 -11 -67 88 -48 -13 39 -40 -67 36 15 27 35 -89 56 -73 -11 -63 33 -76 -51 -52 -54 47 -39 -47 -23 -21 1 -21 41 69 81 34 45 8 -83 54 43 5 24 -42 -58 -57 38 -3 -61 -78 0 2 91 68 39 -21 22 -71 -37 54 69 -2 -4 -17 -15 -31 -67 96 56 -54 -37 22 87 -96 32 -17 -27 -95 -8 -12 70 87 -84 66 18 52 -91 93 -41 -79 -81 85 23 -37 -8 93 -71 62 -55 93 -69 40 -62
51 -1 -75 69 78 52 93 54 -17 65 81 76 26 32 46 -26 69 50 -83 -72 -61 -9 45 -4 -13 57 40 24 12 77 17 75 1 9 -67 56 -35 92 -32 88 -44 -95 -27 67 55 -45 40 -88 -10 93 81 32 60 -3 15 95 8 -75 49 -9 67 64 -62 -47 -11 -84 -22 4 -32 -67 95 -91 -58 25 56 20 -18 12 57 -15 30 55 81 27 56 66 -6 7 -39 63 -72 99 -8 -1 82 -44 -34 17 79 -17 -97 -47 -88 -73 -70 -22 67 64 9 -97 -2 -45 8 -2 -10 -12 -37 54 9 -96 -75 -5 -65 -18 44 -45 68 53 -74 37 78 -62 -75 -2 8 66 -41 51 16 -76 -4 -24 73 -81 -68 90 78 -80 -43 -95 -69 -88 -46 74 62 -75 -13 91 50 -74 78 -5 98 71 76 -51 -71 -39 85 21 93 19 -47 78 84 -68 -99 54 -75 2 9 22 -63 -60 32 65 23 37 -33 -68 84 -45 1 66 -10 4 65 -46 -65 -31 -24 58 -46 45 7 -28 -84 99 29 89 64 -63 17 15 24 54 63 -74 -17 -43 62 -73 -78 -33 81 -40 -52 70 32 -52 2 -76 48 -80 4 55 -64 23 73 90 -63 99 61 32 -55 46 -45 -98 78 -68 -67 -60 8 -81 95 9 -34 -99 -50 -29 -1 -60 11 -46 -39 4 -36 71 23 49 -60 -67 12 84 -69 -90 -26 -33 -92 77 -22 -43 16 -32 -92 31 24 -96 -73 -83 -82 99 -53 -87 12 83 -18 63 78 -9 -8 44 -95 -2 17 36 24 -75 61 -5 75 -77 98 -98 72 -48 39 -82 -33 -18 -44 83 51 86 -18 -65 9 -65 -48 17 -26 68 57 73 -83 -19 -40 -46 0 72 -26 31 -10 30 -36 47 49 -74 31 95 -7 18 -79 -42 -87 -74 -23 13 -41 -72 42 -69 -80 -74 76 -45 63 80 -15 -13 57 24 36 -25 66 -74 50 -6 0 -89 78 93 -27 -17 -66 9 -53 46 -6 -6 -41 37 -6 7 -28 25 90 -90 80 -83 54 -83 74 -52 53 57 -40 46 79 -48 -34 -14 25 -43 -11 88 -50 -94 -92 76 59 89 -85 -95 -61 72 47 71 36 74 12 -17 34 20 61 -50 -33 -84 53 -10 11 -87 -91 84 39 13 -33 99 1 24 -92 76 -6 -54 -46 33 -87 -59 -56 64 90 -80 -85 75 33 20 -37 47 -95 -24 72 28 94 -16 67 98 -71 38 59 38 -59 83 -19 -48 -37 22 -90 44 73 18 -3 36 -49 43 -67 46 50 -54 13 83
-99 71 -60 35 -79 -72 87 69 -7 -84 37 22 -72 -61 96 91 -77 51 8 89 42 -23 -8 -22 -41 14 -3 13 -12 -36 82 -26 -66 59 -44 -78 96 33 96 -69 68 -89 -56 39 88 53 -16 -15 93 49 70 69 1 98 -89 -97 -70 -10 97 37 63 50 95 -98 -62 23 -70 -92 27 -31 -4 -74 34 -88 76 -62 -61 51 -59 -6 -71 -74 -28 53 -22 94 89 -38 -89 -12 -93 67 19 68 -53 -88 -22 -84 71 -72 -99 55 91 -9 76 -10 -27 -94 23 -50 54 27 -95 -12 -68 -81 86 89 85 21 -33 -72 -1 -71 25 -81 44 -56 81 -9 44 14 67 26 90 62 -21 -4 -47 27 -16 9 18 68 -39 -25 -48 -22 1 -62 47 -34 19 98 66 -9 -48 90 62 -63 -31 -98 11 87 -28 -25 96 81 48 -40 87 -11 16 -18 -48 42 -72 86 -41 -8 6 -50 89 61 -77 -45 -37 -79 -16 -78 22 2 -81 56 -86 28 -60 65 87 -72 31 74 76 -82 85 78 81 40 74 27 -89 10 -64 -54 -99 85 -60 -59 79 46 -96 21 88 -25 80 92 -8 96 40 -68 -53 88 31 -80 89 63 -53 -81 8 55 -81 -73 -49 -52 33 -25 -3 74 37 -59 20 -40 45 50 98 57 -96 -5 -35 24 54 56 11 65 93 32 37 -74 14 -78 -58 64 19 -11 -52 -91 -2 -42 8 79 16 -76 91 -97 33 -21 39 31 47 -91 -74 4 72 55 -44 -75 -28 71 -82 96 15 89 -95 -50 34 -26 7 9 95 87 80 -98 38 -53 98 63 -18 -23 -39 -27 -43 43 -37 65 -33 87 12 -44 53 -62 -6 86 -20 -96 -21 91 59 -50 30 -35 46 -11 -85 96 -34 -86 59 25 3 27 -56 3 -62 71 -32 -92 -96 -28 96 -12 -11 -6 41 -17 44 -86 -42 99 57 37 21 9 -14 96 -98 -90 61 -90 57 -57 -36 -7 50 -72 -37 94 82 46 47 39 -11 -72 -17 74 -85 66 2 -92 61 57 48 -8 -52 -76 77 -46 27 23 79 -61 15 -78 87 56 86 30 -48 -63 50 -87 -91 73 5 -26 -33 69 5 35 17 -80 8 14 15 91 7 -71 -4 44 85 6 -53 71 64 -98 -18 -5 38 -56 35 54 -14 80 -95 -34 27 80 -31 63 64 21 67 31 -76 64 -70 4 48 65 -17 -62 58 64 -11 87 6 74 79 55 43 79 82 37 32 54 99 -24 17 -95 83 -15 -6 26 61 33 68 -25 17 64 -47 46
-1 -19 24 79 52 70 -33 58 56 89 -69 -15 90 -49 69 -58 37 -20 28 -72 36 -80 -17 -84 10 81 73 39 -49 42 -94 9 5 -65 -79 -57 35 21 20 -6 53 -71 86 -74 -54 -11 -66 98 61 -90 -55 -16 64 4 -56 -3 65 64 71 -40 -76 -12 83 81 2 -66 44 -31 11 35 29 94 47 9 -58 -47 -72 -46 -68 -55 44 71 -66 13 -64 -79 -46 -49 -14 97 15 -72 -80 -13 -88 2 26 55 54 8 -18 -44 81 93 -20 3 68 -31 -3 -77 -50 42 79 -20 42 -27 35 87 -57 -57 -69 -44 8 77 86 39 -45 68 -44 26 -82 39 46 22 -38 -49 16 -71 -40 59 85 16 -72 -27 -16 -79 -31 90 27 -25 97 -53 -80 40 -52 -29 9 -48 -83 60 82 80 -64 80 88 74 45 51 67 9 -97 -90 31 12 36 76 21 50 -67 -43 -98 68 -69 80 48 -70 87 53 62 48 -71 57 1 91 -69 -85 -25 -34 -1 -16 56 5 8 -76 -14 31 71 -30 -81 30 26 -17 93 -90 83 -36 13 -70 93 -53 18 71 -4 64 62 24 32 5 16 -44 13 47 -44 39 -59 24 -86 -21 -87 94 13 99 -46 -30 -48 23 -73 -41 -82 -45 92 62 -96 -76 -17 -87 -78 98 -39 -33 -59 -53 -70 37 70 19 -86 51 -16 -67 -40 81 92 -61 75 97 49 17 -30 -17 97 97 -23 -51 -64 56 -20 -66 -18 -57 -99 -55 -98 -12 -11 -84 10 53 41 88 45 55 -92 8 61 -13 23 -81 -91 69 38 13 -34 71 17 82 19 -20 -8 -87 65 74 -96 -44 -81 -95 -37 -13 11 42 33 -95 37 -91 -73 -91 -93 -89 18 -33 -53 -22 46 -8 -13 6 31 -67 55 -57 46 21 87 47 -62 -85 47 -4 21 -30 80 35 14 14 31 -50 11 49 -92 83 -63 -75 52 40 66 -46 -58 -93 -75 -48 89 -46 -53 -90 91 -96 12 1 -96 -31 0 -82 2 67 -26 -62 92 -19 -29 -78 -27 -89 29 -88 -95 54 55 10 50 -17 86 -82 28 -22 62 -81 -6 -60 -17 10 -18 -44 -22 17 -23 13 -68 -45 -12 64 -96 6 -42 25 -51 38 30 97 -11 -53 -87 -57 78 60 -63 46 -80 -40 -97 -60 94 -9 -76 72 -12 32 75 -53 -53 48 74 -52 -44 -88 94 82 17 27 -90 21 -30 -73 23 2 24 48 92 -93 -97 -16 38 90 -51 -3 -65 42 21 -60 -67 -16 -98 -30 -69 45 -76 -6 29 21 -95 20
-6 68 -3 -93 58 49 4 -77 -92 42 -60 -40 37 94 -43 -88 -94 49 -66 40 -52 81 -13 36 -67 -37 -40 55 -36 -64 92 50 15 -56 -6 -52 -4 -14 36 34 -26 36 -1 -48 27 -15 -90 1 63 86 -25 0 88 58 46 -17 -63 47 23 -51 86 19 -95 13 63 -7 -80 -28 -74 87 -42 -70 -18 -70 40 17 -98 -21 -64 19 74 80 -53 -59 -2 66 -8 -76 56 -31 -61 -77 33 -23 19 90 -55 54 82 99 25 -77 -20 54 59 -66 35 -75 5 16 -77 96 47 80 70 57 96 12 41 -32 14 -98 63 87 -59 -20 49 -21 -57 51 81 33 -18 82 -4 12 -59 -1 -88 0 68 -43 72 -50 -4 23 -74 30 76 -1 -75 -3 31 15 -94 2 -71 -58 -22 2 -54 -44 -81 0 38 -68 86 82 0 -3 42 -43 16 37 -96 -6 -79 78 45 49 92 -39 -20 13 -39 -8 -60 -26 85 94 -51 30 -63 47 71 -52 46 -67 77 -56 64 25 -93 -32 -67 15 -10 -40 -26 -22 61 -5 -39 -22 63 -66 29 -99 -14 -15 34 -91 -93 -34 -89 88 90 -21 -95 -94 26 67 99 49 -52 52 -22 -17 20 58 -25 -73 21 84 -33 64 93 81 -16 -92 -50 52 -30 -51 30 -58 0 52 52 37 -91 -6 60 75 -62 -65 -79 14 20 -75 -3 38 -53 -67 -22 73 59 -44 18 -46 -57 58 -96 40 -24 -6 28 -31 0 51 54 80 -30 -66 56 -75 99 68 -52 -79 -60 59 71 -29 28 -57 -61 -13 -47 73 -61 -94 72 -45 11 -96 44 -60 -16 57 -15 64 -97 -34 -76 0 -66 73 -67 -88 -39 83 -25 97 -30 55 21 -84 5 80 49 -29 -44 -68 -26 -77 -96 -31 -73 32 60 -56 -66 31 -34 72 -18 28 73 -68 52 -34 3 76 -47 -39 -27 -90 50 41 88 86 -51 -11 -88 8 21 22 -95 -50 69 -32 -45 -89 41 -98 42 -31 19 21 23 23 -1 -58 -43 76 -68 -91 78 47 84 -44 -92 35 -17 51 97 82 26 89 -24 34 -8 -5 62 -25 -24 -16 -14 22 -9 94 4 58 98 82 -2 -95 13 15 -46 -4 -93 -46 54 51 29 72 40 46 80 69 -50 61 76 13 -25 37 -75 54 56 59 37 29 14 -51 72 -92 31 -85 28 34 -9 -50 13 53 -87 58 -64 -25 13 -19 -42 41 95 -12 -78 57 79 -40 79 62 14 -24 66 -65 -94 14 -65 -33 75 39 -62 -43 -76 -75 -68 49 -16 6
7 -76 -69 39 -45 5 19 -32 39 87 47 -60 -33 82 94 50 -41 -10 42 19 -76 -2 -94 -97 14 -97 1 92 -52 75 62 63 19 29 -38 -6 -15 -56 53 -34 -25 -38 40 -10 -41 5 41 66 -69 -11 -85 64 -15 -48 -70 -47 29 -43 -21 78 74 -98 87 -27 -21 72 -20 -83 -34 59 99 -47 -13 53 -67 94 -11 4 87 53 95 92 -29 49 -12 21 13 -28 -89 38 66 -99 91 -68 69 -99 96 -10 -53 44 17 -46 -2 -26 -64 -89 92 -29 62 49 90 97 57 2 95 6 -69 -88 -44 -6 -28 -64 -47 94 92 -77 25 0 6 69 -72 -69 -85 63 -44 -42 80 -37 83 -54 20 69 11 17 17 -64 41 -24 15 97 -26 7 -78 -48 -44 -71 -17 13 21 52 76 21 -29 52 -64 57 40 -20 58 -24 -98 30 -93 -59 62 94 54 -77 57 22 -37 -40 34 -16 8 -7 -99 -81 -13 59 -49 -77 -64 -3 55 -2 18 99 -60 -13 -18 -24 -78 84 -93 -4 -7 62 -71 51 84 58 -66 -2 7 11 -41 99 -73 14 -88 -73 -82 -24 -2 -84 65 -43 28 54 -49 30 97 -81 15 -49 -89 -46 -4 -24 -38 83 15 -77 -27 7 -24 74 -54 27 85 57 28 82 89 4 -84 -11 90 -52 -22 -68 63 65 15 -37 42 89 55 51 53 32 -92 73 -87 -49 76 -10 -60 -77 -50 23 30 32 16 13 5 46 31 75 -82 -97 -94 -63 96 -33 13 -24 9 -20 -71 -81 67 -13 -25 -65 -63 -82 63 80 -22 79 25 90 41 -83 -47 21 72 -40 18 58 31 -74 -38 8 -55 77 59 47 -51 57 -96 -54 -70 -23 -43 -57 -8 -15 32 99 35 -6 40 83 -67 51 49 -4 57 23 -36 -59 86 84 89 -23 25 90 -17 64 -15 -8 -88 91 -17 44 30 -96 51 65 -50 55 72 -97 54 36 99 23 23 70 -35 81 13 -36 47 99 29 -92 -89 18 -45 -53 -9 86 3 -95 58 13 -85 -84 99 -71 39 -77 -81 -50 -35 81 42 79 -73 78 -91 -52 -32 25 -18 -40 -42 59 -19 5 28 -94 63 -24 52 -10 26 49 -11 70 -49 -58 -53 18 -18 44 44 63 -85 15 -95 -19 15 -55 -84 -10 -43 -26 22 68 -26 -6 14 -30 -21 88 -34 -56 -66 -72 -15 -64 70 -67 18 -30 -31 4 29 -24 83 3 58 -31 -87 66 0 -44 -75 73 11 19 -59 71 51 64 -25 87 99 23 -55 -97 14 79 -86 28
-82 -12 89 65 -92 -68 4 77 -61 -36 -21 11 -61 64 69 98 -3 4 10 92 -71 27 88 99 -60 -95 16 -15 65 69 -92 -93 31 -84 -36 12 32 -92 -74 75 46 -77 -15 -71 77 -47 -5 -30 -5 -43 -3 69 -95 -56 96 91 7 66 -34 -70 -64 46 -38 -79 -28 -15 -45 52 -19 11 28 -63 10 -2 -46 -43 -82 60 -76 31 78 -3 -23 2 -41 -15 74 2 -55 29 57 39 77 -91 -86 8 33 47 -17 -6 55 -25 79 -35 4 -55 -84 -90 -34 -96 76 18 -5 -36 26 91 -11 16 -81 21 24 -42 -30 56 75 -72 -11 75 -98 -36 28 73 75 -86 14 -21 48 -51 5 -25 37 91 16 19 76 11 -46 23 90 96 -93 28 -65 48 -43 87 -99 96 91 -21 -98 8 -76 38 -33 58 -64 -32 -64 -28 97 18 85 82 -87 -43 55 -19 -41 -54 -39 21 76 -77 5 6 54 -44 43 -15 92 -97 73 13 2 -33 -3 3 85 -97 -76 10 48 64 36 4 -78 2 -66 -28 51 42 52 74 -92 -45 -65 -61 -29 -32 29 -81 -5 -83 92 -1 90 0 -47 -55 -52 11 -63 25 64 -31 -74 15 -4 -37 29 -68 59 -5 -67 -23 83 -95 56 -87 81 15 -42 41 41 46 -80 -37 -15 -21 84 -21 -71 47 29 73 79 90 16 -77 27 30 99 -45 24 78 76 48 32 7 -62 -42 -61 88 5 -26 -75 76 87 -36 28 65 31 -60 -73 -59 76 -43 -29 -12 98 -6 -50 50 -67 32 48 -50 18 22 -16 -85 -30 -91 32 55 -11 -28 7 80 5 40 -85 -90 11 67 -75 76 -27 -46 61 54 -33 19 16 -48 11 -73 -40 -46 17 81 16 87 -22 -33 32 15 -78 0 -34 -47 81 65 75 -28 -8 -26 3 -76 -53 65 19 -59 16 -23 76 -48 61 -35 43 -95 87 -41 -18 73 -26 35 99 62 54 -27 -20 94 -53 43 -83 30 -93 14 -70 -23 33 85 49 -64 -95 -34 44 69 -86 -63 -36 -75 -20 58 -73 83 -73 25 78 -48 14 12 81 29 -20 -72 19 -33 -80 -23 -85 89 5 37 88 -54 12 -67 71 -22 20 -97 94 -65 -39 37 75 -95 0 46 52 -91 -53 -27 71 -22 35 -67 15 -41 -4 -26 -29 -50 -35 36 -77 -4 -31 -30 -46 -97 -24 0 -52 20 29 64 -87 26 18 -9 -27 -25 75 48 99 47 -88 -69 -77 38 95 -86 26 91 -10 10 -8 -36 -32 73 63 -66 -11 -56 13 67
-38 97 5 -2 70 -28 -25 56 -23 -3 -17 -98 60 -23 -59 75 83 7 -72 44 30 51 17 68 30 -36 -22 72 71 77 59 -22 -50 -84 -88 -17 -90 5 59 -1 -59 26 70 -51 58 32 -9 66 30 -3 25 40 -56 -91 11 -36 14 78 -68 90 -95 -6 -88 49 28 15 -15 -19 -71 17 51 33 -55 53 25 -60 2 -23 -68 47 -25 -79 -20 89 -39 -56 52 12 -74 64 59 97 20 25 -97 77 53 84 3 -95 82 14 16 -81 -91 -22 -52 -6 -32 88 97 -63 81 30 48 -80 7 -32 -40 -11 -2 -64 8 41 -86 -90 -46 35 -49 7 75 -23 -18 -48 -41 -87 23 72 -36 -89 42 29 -82 -26 -17 -92 -42 -54 3 52 10 -11 1 93 -37 -45 56 -35 11 70 52 -50 57 47 33 36 -87 -9 72 -45 -23 -19 -83 -10 57 72 59 38 99 73 21 4 63 28 -84 30 -83 -19 5 15 -57 -1 -14 -7 -1 73 94 -43 -67 76 3 -66 23 -44 -13 -68 83 96 -58 24 47 -58 68 12 66 40 -97 82 23 -21 80 82 65 9 -44 -81 -90 -94 -59 -2 -52 76 -36 -68 -27 24 -26 23 21 -96 -55 30 -66 -65 52 73 -19 99 -90 -26 -42 33 87 -44 -51 -16 -59 -83 -98 -50 -6 66 9 7 30 95 -87 -94 -29 -40 41 63 89 -50 30 -94 62 -57 -69 -78 78 95 57 -25 32 20 68 74 -85 4 32 1 22 2 85 84 -44 -64 51 81 0 45 -42 -3 -11 11 -95 -43 -78 52 -88 52 -38 -14 83 -41 68 22 -37 -35 -51 -99 38 -41 36 68 12 -33 -41 90 -37 31 -23 13 -72 -23 -66 -60 -81 1 80 98 -22 -35 46 73 -73 6 -17 -29 58 3 23 48 -32 -16 -67 -42 1 93 -54 -72 -83 64 -99 89 45 -28 23 14 -44 4 -28 43 31 16 63 -70 86 53 68 -38 26 16 54 72 -2 -96 18 7 -18 96 25 -29 98 -95 -72 -58 53 48 -11 31 73 82 32 73 -19 -99 76 53 93 -92 -34 40 18 -34 61 -93 37 -85 74 -54 -6 28 49 35 -37 -23 -83 -1 -92 35 73 8 68 -61 -24 59 43 73 -88 -49 81 63 31 13 -56 71 -55 -25 -45 -31 52 -26 46 -22 24 46 28 -46 71 89 -44 -30 -10 -95 98 -66 0 -24 66 55 4 -8 6 76 61 4 75 27 70 68 87 92 -45 -1 70 -1 30 53 66 -56 -6 4 -2 11 53 69 -4 -17
-44 76 77 -35 -8 77 63 -77 -98 -47 -84 -68 92 37 -45 -97 34 -1 -79 -69 -92 -77 87 56 23 5 12 88 -69 1 18 66 76 -3 -45 -16 5 -23 -78 -44 20 -49 -62 78 41 -87 -67 -40 -37 90 67 -98 -75 -37 70 -34 -25 -8 -69 33 87 40 97 16 -86 87 65 75 47 87 93 -95 78 71 -95 7 43 -79 -15 -79 -67 23 59 -94 -82 -55 28 -72 87 -94 27 -31 77 99 -44 -15 24 2 60 72 -51 -89 81 -2 85 -85 73 -85 6 -18 -66 -56 65 33 -97 -19 -38 -91 85 -16 37 -17 -96 83 25 77 -38 -62 -50 39 -47 -70 28 -63 -18 32 -17 62 -37 57 -40 -53 46 0 73 36 -7 71 -78 8 45 34 -55 -51 2 54 26 -45 75 80 -8 65 -84 -70 -39 30 -15 85 36 -94 68 -91 -60 -11 30 -86 -7 33 66 -82 82 15 56 -50 76 -1 -32 90 46 -60 71 72 85 13 57 43 -54 66 -75 34 54 26 -25 -9 -95 50 -13 40 12 -14 -56 21 98 -72 -5 86 8 -58 -5 -19 15 -26 38 74 -32 55 -5 94 -20 -47 45 44 74 86 -54 12 85 -52 73 -73 -54 68 -17 6 -45 76 59 -19 -26 24 61 36 -68 13 70 -77 -91 -87 -62 40 64 -82 85 -9 18 51 -16 -70 11 65 84 58 59 -10 -34 -42 85 -34 -26 -93 -4 -76 50 -19 52 30 22 43 93 14 64 82 -59 39 -11 -42 -75 -17 70 -38 -13 99 41 2 -10 45 42 28 77 82 -42 -27 -73 46 59 -55 -89 49 -65 -56 -65 -73 -75 4 97 75 -6 -66 -64 66 35 -29 -32 91 -41 1 1 -84 -94 -5 38 -11 77 -42 46 -24 73 -25 5 -26 -80 74 12 -91 16 12 7 85 44 3 60 -91 25 -36 -80 -68 -52 53 -24 -50 37 -13 97 -44 55 -43 78 -45 -79 73 95 10 22 34 91 8 57 59 -6 -91 -99 52 -23 -80 28 -80 -76 42 14 44 68 58 -92 -66 26 -57 -70 26 -51 -14 16 23 52 7 25 45 -92 -18 11 -90 -53 34 30 -91 -26 96 48 -4 14 80 -91 22 -83 42 20 30 -67 -80 -98 -18 -6 -31 97 -95 79 54 -51 -97 52 -5 -48 11 78 39 3 -85 -21 6 13 46 75 73 41 -11 -97 95 -73 7 -21 82 65 1 15 -5 20 -26 93 -79 24 -88 34 -66 -88 91 77 99 -4 -15 8 5 -17 97 -50 16 18 -14 -47 -40 -66 -72
16 -88 89 -53 23 28 -47 -66 -41 92 73 -74 61 -73 17 -77 77 23 -97 -86 54 -38 10 30 79 -9 42 95 -21 14 18 -81 -8 -50 -77 -25 -49 -43 -91 -96 3 -22 -63 -99 88 75 -38 -32 -9 -61 -13 94 -77 -20 31 -57 -59 -19 14 -98 -75 82 -90 32 52 -79 -77 67 79 -24 38 57 88 2 25 42 -53 -64 -82 -33 50 18 93 27 98 59 81 -88 -55 -55 37 52 21 78 -90 0 41 -91 38 18 -3 22 24 49 -49 -8 -37 -42 -20 70 -45 -16 68 -83 -19 45 -48 93 -4 4 71 12 20 -94 18 -14 -84 17 68 -1 79 36 18 75 52 13 -4 -40 17 -9 37 99 73 4 87 0 54 -40 57 -74 -19 -54 96 73 -11 -12 26 -83 -35 -43 64 -54 17 72 -77 -41 -67 43 -30 -64 14 35 87 -10 -97 -27 -9 -15 -33 82 23 27 -30 -78 84 57 -34 -23 -85 -41 -55 64 17 6 98 76 -74 76 47 -47 50 -99 5 20 7 -38 81 -62 9 -15 -70 87 6 -78 -58 -27 -66 -96 -41 -91 75 21 50 -28 98 62 54 30 -60 71 -68 52 39 96 58 99 51 -38 -36 73 55 -38 -8 98 94 -65 27 65 44 91 -46 22 -49 -6 57 34 -29 -65 94 1 71 -3 51 56 62 -22 18 76 -77 59 5 37 -78 -5 10 72 2 4 31 -46 -44 -87 69 43 -29 -7 24 3 -39 80 -13 -46 -12 71 70 -33 -4 -71 87 61 -52 49 76 -28 -66 87 -22 -5 10 -46 65 23 63 82 -57 -48 -7 -18 20 49 -83 42 -52 81 -44 -59 97 -39 -8 -24 48 57 5 2 -60 53 94 36 39 97 77 41 -33 93 -60 84 27 59 67 34 -85 -48 -26 69 -30 -56 -56 -12 -45 46 88 -51 60 -26 23 84 -10 -67 96 -11 -32 -31 -67 -10 -3 -26 -97 -61 -62 -88 -14 -48 -68 51 -2 -18 -11 -2 -72 -61 -62 80 50 -73 5 30 -36 -87 -19 84 -68 71 -48 -70 0 -76 64 -14 -24 -91 96 25 82 -20 12 25 -59 -47 10 48 95 39 15 43 -82 16 -32 39 93 -2 -68 83 31 -23 -80 11 -84 -79 -65 -85 32 17 44 54 63 75 70 29 55 91 -89 11 -55 27 36 54 91 31 -24 -92 -48 -53 -84 -4 82 -3 -21 -42 76 -32 -98 76 -68 42 -65 7 55 62 -23 34 63 88 77 -11 68 -3 8 9 -48 -97 44 -1 6 -47 82 83 -61 -21 43 -1
22 41 -95 -58 -19 -90 -74 21 -67 -44 -57 -98 85 66 43 -71 28 39 97 -86 81 -18 -82 -20 9 -95 -20 -20 -40 -56 74 -14 90 88 -25 -26 -64 62 54 73 -38 -18 50 95 -56 -39 -82 -57 -38 12 43 -62 -10 92 77 -28 82 -37 -16 -78 46 40 -39 82 -31 99 84 -14 87 -94 59 87 90 -74 89 -64 13 13 -25 29 87 -80 -26 11 -26 67 -77 -67 51 28 67 25 9 58 -26 -9 37 -84 -20 82 -27 -78 58 78 -29 85 -48 65 -55 -77 44 96 73 -20 -8 -57 -24 15 41 28 -98 -99 95 42 39 73 90 -48 40 31 -22 55 -99 -52 20 -59 -15 -71 60 47 -59 61 65 -87 17 -72 -52 -98 -4 -89 77 25 19 -61 -79 -81 -99 86 -92 98 -69 63 -60 -11 -55 87 92 -21 63 -17 95 72 48 84 -78 -96 62 -49 -54 59 43 -69 64 -48 41 55 -14 48 -14 -96 66 69 91 26 44 -48 -61 52 68 -21 1 84 89 85 72 79 84 73 1 25 -79 66 -76 -68 -76 -78 -1 36 -42 31 -84 -43 63 -22 -79 19 -77 75 96 50 -50 91 15 -52 25 -70 21 -51 57 19 30 73 -25 52 37 31 11 20 -45 12 99 -55 78 24 -88 48 84 -74 33 16 59 -29 -31 76 33 -75 77 47 -42 -46 91 85 -15 -58 48 -16 -94 93 62 -27 -87 15 -53 -29 65 -85 -34 -35 65 70 13 75 45 27 93 51 30 97 59 17 -95 -67 87 31 -98 -37 27 -26 -55 -40 94 33 20 3 -26 78 53 -54 56 94 -90 -75 19 -16 7 86 -45 -59 60 75 34 -48 -53 -40 -26 -19 -86 58 13 26 -41 -73 43 -95 49 -95 28 4 -2 39 77 27 -46 -46 -74 -50 -58 80 -65 -60 -92 37 55 -57 38 9 -7 -25 9 -59 -28 -99 -86 -43 -70 9 84 31 -35 29 -72 48 13 42 29 98 -87 -47 21 -42 -75 -51 4 -69 -69 -23 86 56 -31 -93 32 -42 -33 -62 88 90 -34 -59 -44 35 59 35 4 31 -16 -24 -78 -78 -99 -55 -65 9 -67 33 55 39 35 -16 24 -85 80 -24 67 -17 -34 94 -26 25 -59 -42 -96 -95 -4 47 79 -13 12 -65 -64 -81 -75 -67 -72 61 82 72 -63 -69 -42 -63 -76 92 57 2 -48 -33 -98 20 -77 60 -76 51 -75 14 75 -31 10 -57 67 -22 -27 50 -5 48 99 77 89 53 -88 -23 85 -21 -27 3 -96 21 10 2 -21 -42
77 -95 -63 -1 59 66 85 -58 37 20 41 -80 -68 -28 -11 46 5 31 19 60 61 59 30 37 -91 31 -11 16 -77 79 15 -39 -11 -72 15 -13 78 -54 -78 49 15 55 69 72 -30 -95 15 96 -97 -35 -84 79 -82 24 -96 38 -22 -21 -65 83 -58 0 55 -73 33 9 -79 -72 -14 45 46 -15 83 3 18 -18 -59 95 11 40 13 -34 16 -49 29 -18 -13 -96 -70 1 42 -52 -13 32 -6 13 51 71 -47 26 -27 -59 -47 -49 6 -68 -10 -93 -15 -91 53 64 87 -39 -53 -80 -94 -60 34 -76 -30 41 72 -77 33 70 73 -4 -75 -40 44 29 94 37 -72 40 55 34 53 38 93 -40 -83 -64 32 -38 90 -81 -20 -31 61 -35 -23 -75 -71 0 62 -50 -18 -95 44 -98 68 68 89 6 72 42 -3 -62 -59 -68 -31 -73 69 20 59 74 -40 -72 -53 -71 54 68 -86 -84 56 -44 81 43 -13 -69 -69 4 81 66 -8 90 -83 22 17 82 24 -14 29 -98 56 80 -92 83 46 -20 60 -22 -79 24 87 77 88 50 22 0 86 -7 6 -85 28 -55 81 52 -70 -76 -95 -76 80 -4 -74 66 -52 50 -56 41 -52 -55 -52 51 82 65 -58 18 -67 51 -17 -44 -16 45 -16 -31 -31 -3 -17 8 28 -77 75 1 -70 38 -50 -88 -48 67 38 -18 17 -47 -12 -90 28 33 87 -12 -83 -25 -97 68 -44 -65 39 74 -34 51 -97 92 -72 -92 99 -63 47 3 -10 35 70 -47 -49 11 -91 96 91 -8 80 -9 -20 67 -70 -92 21 42 -35 92 -40 -12 90 -6 40 77 85 -63 86 -27 -71 -74 -29 -4 -93 81 -24 53 12 -60 -11 -59 1 23 74 -93 62 -73 -16 35 -12 -20 -62 37 -59 38 -59 82 84 28 -12 61 -84 59 -2 85 0 -11 21 -51 -9 -98 -1 94 88 -47 -75 92 -65 39 -56 62 70 3 59 95 83 -60 78 93 -46 58 96 67 -32 -42 -54 -92 -50 -97 -7 -9 -35 -78 15 15 -70 -96 1 64 81 75 -18 61 -21 -62 -79 3 15 40 -36 -18 54 -90 -35 24 -41 -8 6 -21 37 32 -23 -44 -53 31 64 62 -90 -17 -60 -92 3 97 -60 -13 64 -93 -92 47 -54 -4 13 20 -27 26 -48 18 18 34 41 72 7 -84 -20 94 23 95 0 -67 -88 -36 -2 -42 14 -89 -73 -22 -97 80 62 61 38 90 27 -58 -49 37 23 81 -16 19 55 65 -63 -86 85 -47 71 -38
52 -47 94 38 -47 37 -11 -43 21 -58 -28 -85 -79 -48 12 20 6 61 -95 25 -78 11 -83 -63 -38 -4 43 -30 24 -16 -75 -38 -78 -50 85 14 26 96 98 67 12 22 -27 72 89 23 -58 -64 76 -49 -7 -60 13 -71 -52 14 -26 -12 -18 -35 91 47 -26 98 10 -11 56 49 99 39 -32 -31 -60 -26 15 9 51 -91 -73 75 -23 -73 60 -95 17 10 53 -82 34 60 74 84 32 65 -74 18 94 66 -10 19 35 -1 -4 47 -74 10 -7 -82 -24 85 -79 -94 51 -34 80 47 -54 21 30 -76 2 -16 38 32 -74 -79 72 77 78 -90 99 2 14 57 25 22 -71 10 43 29 95 -3 -59 -54 -55 -94 -30 -8 49 -63 -61 -27 -17 86 74 24 -57 -17 19 28 -68 -10 48 -94 -63 7 76 78 76 14 -44 -27 41 -95 -11 -14 65 62 -33 -88 7 -23 -6 -19 87 -64 74 27 16 77 54 3 19 81 80 -56 81 -78 88 78 -84 -62 -31 13 -75 -16 -45 82 -59 97 84 16 74 -37 45 -85 92 -73 88 -41 -85 -91 -43 11 -61 76 -81 91 84 -81 -61 -12 -53 94 -36 91 48 -22 -82 -14 24 40 -83 12 32 -54 25 -10 31 41 62 -36 1 61 2 51 -77 34 50 29 57 83 -14 1 3 94 20 9 -28 38 20 -47 -83 90 32 8 -4 -64 73 31 25 64 -90 -48 -57 82 -53 -32 -8 -33 -90 -49 65 30 -94 -34 -82 -71 70 -23 94 -56 -76 7 -32 13 3 -57 35 -23 -2 -86 -19 6 -86 93 26 -45 59 0 54 -6 70 -30 -9 -10 -69 -76 -63 40 38 -39 -85 -53 80 81 45 73 69 16 32 -44 84 77 -44 -40 28 57 -62 -65 97 52 78 -86 -76 -65 -35 -16 31 -61 -20 24 -39 60 -35 49 95 12 -87 61 -50 -82 41 -5 11 99 -93 -79 -72 69 -39 80 74 52 8 -81 -79 49 -94 58 75 -92 -21 87 -33 7 17 18 -90 68 57 -84 47 -36 -90 8 -89 -75 -34 7 -49 83 -36 -31 85 77 -17 -83 91 -81 -68 20 -78 -15 44 -74 -5 -47 -20 85 -49 -21 -13 68 -25 -76 -40 -11 -5 59 1 47 23 -21 8 -4 2 27 42 -35 5 13 87 -49 -73 45 97 64 -27 80 58 98 -95 20 -85 91 -1 51 -28 82 -28 40 96 43 -76 -61 75 -45 18 6 69 79 67 76 -62 26 -39 83 -51 -90 -99 -8 -1 47 -70 -14 -39 -49 -41 -4
35 -23 -61 54 -83 -14 28 51 -34 -56 -40 -4 46 81 -10 -82 45 51 -64 57 -32 32 26 -20 75 12 -26 70 -47 -72 36 -60 -41 -92 68 82 34 47 49 -18 -97 47 19 -79 -42 -56 -41 51 53 -60 36 -89 72 -87 -73 63 -66 -77 -74 -67 6 -68 76 47 13 5 35 96 -28 -15 42 19 -3 -43 -41 -6 -36 51 -23 28 63 -9 51 -38 14 95 -74 -63 67 77 49 -91 -8 -43 13 -20 -89 80 6 -95 77 4 13 76 85 -79 46 67 54 -19 -80 58 -13 84 -85 -20 92 55 -32 14 91 3 -18 -8 -96 21 7 -24 -9 77 -76 -60 -35 51 28 79 -35 54 -13 70 -64 63 7 -9 -27 52 29 -85 34 20 67 20 98 7 -84 -60 48 62 26 -51 22 -85 83 -62 83 67 16 -86 -61 -53 50 -52 -17 54 -48 50 60 -72 11 -40 57 85 61 -4 90 -9 -89 43 37 18 87 -38 95 -71 78 47 -85 -14 -54 -46 -66 -62 -95 92 23 87 -68 -32 -1 -58 20 4 15 -42 92 9 -26 -78 60 -44 86 -6 -48 -26 29 48 -59 -37 27 -20 -8 -54 -76 -45 32 -71 -10 61 88 94 -10 -6 -97 73 84 -88 23 -38 12 28 28 3 -69 -74 89 85 -84 50 95 -75 -89 -87 -92 96 -17 83 -65 -53 -76 21 -5 -12 12 86 65 19 64 -5 74 -70 -55 -80 7 -14 50 64 -10 -75 -54 -75 -12 -33 -47 -99 31 54 -35 -3 -57 45 70 29 -56 -50 6 -27 -82 -80 -32 28 60 -82 -73 16 85 -5 -19 38 92 -96 55 92 86 -50 -83 -7 51 -8 0 -70 -58 -36 -73 -71 58 99 88 -53 -4 -1 -32 -66 24 -9 81 -4 -38 63 80 -76 -73 90 -89 87 -19 -82 -72 -90 84 -32 -93 6 -12 -24 -6 5 -58 -22 52 11 -46 -50 -30 -95 -55 -61 3 -1 62 58 -38 50 -51 23 -27 -56 -7 70 89 -43 45 -89 87 -50 76 -58 35 -66 -4 87 -51 12 -99 69 -66 -32 17 33 -74 -38 30 -57 65 -55 -28 -92 -75 87 50 76 67 -22 -30 56 -61 -82 -69 -10 61 83 -19 75 -22 65 39 82 -48 -38 -22 -3 17 42 -87 17 54 -4 -29 -98 -60 -12 -8 -35 -46 -76 -4 98 -61 -72 58 70 60 40 -36 -93 31 23 52 54 -72 -12 97 -56 35 17 23 3 13 -56 -22 28 -52 -58 -82 28 12 65 77 84 29 -14 42 68 9 -99 -3 -84 -74 -78 67 67
-36 -33 65 57 75 -92 72 80 -91 13 -91 -23 57 -40 21 -89 7 -17 72 60 -20 15 -67 46 -38 92 -8 -77 70 -34 -59 26 -30 35 -49 10 58 48 93 53 -26 -89 60 -57 -79 -83 -6 -40 -48 14 23 -9 64 -7 -78 18 93 -20 77 -35 29 64 -26 88 21 67 49 35 -23 -24 -1 40 18 94 -83 66 -26 -10 -54 40 78 88 14 96 89 -88 66 -79 96 -52 -1 -59 78 41 -98 -64 -88 -77 78 6 93 85 90 -28 -82 -75 14 -74 -4 -92 94 -16 -5 96 -88 47 -15 64 -73 -12 -29 82 78 79 -55 -91 -14 35 -5 91 43 6 -42 78 -75 -84 -38 74 6 87 78 91 -85 -53 78 84 73 -86 46 10 -40 -95 24 -82 -11 30 -21 51 91 -15 -93 -37 87 -93 -46 96 -45 86 10 99 -22 63 -53 44 94 88 -86 -59 -14 -2 -86 -90 63 -74 -4 -45 38 -96 37 -31 -14 37 -69 93 -48 49 8 91 -89 -37 -36 -16 -19 94 87 -58 -65 -93 85 -61 93 72 60 50 -64 -65 -92 -64 32 -13 -90 50 -23 62 -74 -12 9 8 -12 98 13 13 -42 -42 76 19 43 65 -61 -95 -99 -17 12 25 -81 -54 -37 -27 -30 17 -58 9 59 -65 65 -95 43 -50 -94 28 -85 34 -64 98 -45 -8 -86 99 49 6 41 17 29 -73 -24 -52 -37 84 -59 -15 63 -75 47 91 -47 4 39 83 14 -10 42 51 -42 -1 -69 84 6 53 -64 93 -44 -81 -10 -46 -3 9 57 -33 48 -58 -82 6 35 91 -17 -30 -91 -78 76 24 99 -39 13 9 -43 -61 -54 -71 76 -22 -53 -71 90 -24 -34 85 11 -44 -99 -72 56 -82 -47 67 -52 -37 -60 -35 -18 -90 7 87 77 -62 84 -26 -60 65 -75 -97 12 95 -76 -42 -96 -31 48 68 2 -81 -83 -64 -61 76 23 70 -1 -77 7 -28 -12 -79 33 -55 -39 60 16 92 73 52 85 88 40 -85 -9 67 82 -61 33 6 -86 17 -22 87 65 -91 -56 19 -93 90 86 -29 6 43 -6 -16 -20 91 -52 -8 53 82 -87 98 69 -43 84 84 99 -39 -12 56 -11 -57 19 1 -78 17 -8 69 -79 -27 -56 14 -91 71 -45 -1 37 -82 -71 48 35 -60 -81 36 34 41 54 79 53 26 -30 -73 87 -55 45 -88 76 -73 46 -66 67 -54 40 -64 -59 -68 -58 72 -36 17 73 76 -85 -47 -83 -72 -14 39 23 -88 36 -5 -98 -26 9 -82 -60 64
-15 -86 54 68 -79 64 -44 -70 97 -42 -49 -94 4 -67 -55 -24 23 -35 -1 -91 27 97 63 25 -41 -79 -50 -79 11 -45 46 -43 38 10 82 79 5 -55 96 8 78 92 39 38 -29 20 79 26 94 -88 69 91 -68 -60 98 -14 12 33 -79 -80 42 -81 -23 73 -45 14 42 9 -21 51 -49 -74 63 -21 21 33 -41 67 -91 -97 -12 6 40 -64 9 55 49 -69 -10 -56 89 38 61 -19 6 -5 14 -84 -84 -46 44 35 -23 1 95 -37 -45 78 43 -87 -78 99 79 -53 29 89 -1 0 -80 6 52 0 37 56 -36 45 -64 68 41 88 -58 77 41 95 55 -41 91 -61 87 92 52 6 -62 60 10 57 92 45 -37 -9 -2 -97 -71 -95 81 11 0 -75 -56 -30 99 16 -2 14 73 -93 -80 11 53 75 75 -44 -33 -4 -72 -56 82 -19 26 -80 17 -81 -20 29 97 -72 93 -39 -27 -48 -72 -67 -8 -4 72 -58 -47 45 7 24 -62 -62 78 84 -61 19 98 88 -82 -99 0 78 -7 -90 -88 -85 -45 5 -3 -67 41 31 97 43 9 14 -62 -25 -47 -8 -75 -87 91 49 -97 -32 37 -73 48 70 59 -84 70 17 -73 83 -56 88 -34 68 -1 -37 -44 54 -44 -76 41 80 15 96 75 53 -63 99 27 91 -1 -2 -54 83 -50 2 75 -6 80 98 -50 -33 -43 -18 -57 57 23 52 84 11 48 -43 12 -27 -61 -32 97 10 22 -27 -80 12 -84 -17 90 12 -77 -62 24 -99 79 -46 -82 -27 4 -93 60 0 79 89 -23 86 -24 -34 -42 80 0 0 -77 72 66 63 40 68 35 48 -74 -92 -52 -60 79 18 -7 37 68 6 -85 43 -58 -86 22 36 -43 -68 -71 98 12 92 -74 -51 -50 -20 -5 57 18 54 62 99 -60 3 -87 5 -94 -42 -60 -76 73 14 89 -55 85 -62 -10 59 43 58 93 -45 -34 82 -31 98 -65 -27 61 -59 93 -45 62 14 3 -19 78 -62 57 87 -55 -29 -22 -10 -68 14 44 -27 0 2 -71 -19 -83 77 96 -75 -2 -62 -22 81 81 -61 -77 4 93 0 -22 -41 -98 3 -78 59 74 -93 -72 23 29 24 -21 78 -59 -58 63 54 3 -36 -8 -93 -30 -55 2 -5 7 -78 45 47 93 0 78 -26 -4 -20 -42 80 92 70 -3 -79 42 -77 11 -37 20 -78 -71 70 -26 51 13 76 -99 48 48 -29 30 -10 50 95 9 95 4 81 -17 1 -2 99 68 -28
-59 -4 65 -11 -83 22 84 -96 90 42 -27 70 -42 -39 -68 46 -69 61 7 -80 56 62 -39 22 43 51 98 -46 14 55 -73 -67 71 38 -77 97 83 -23 -24 -12 -58 -27 53 -59 13 -8 97 35 -81 -7 16 -32 -73 84 6 -67 89 65 71 85 57 -42 54 26 55 74 -68 -4 71 -85 81 54 -18 -66 41 95 -91 95 58 -39 -9 -91 -41 -10 16 -17 55 -68 48 34 7 17 40 -56 79 -42 48 29 32 47 -25 -99 23 45 -33 -60 94 40 80 -38 50 16 78 60 -1 67 35 51 25 14 48 29 8 -80 -77 -59 33 -20 54 93 -29 2 54 82 -77 41 -24 -23 62 -57 32 82 38 53 -10 17 -10 -74 59 -87 21 -14 -77 -14 2 68 89 64 90 28 -86 33 -78 93 -53 87 -51 40 22 -15 -54 -93 -26 -20 79 -56 12 -74 -63 -82 -11 -43 69 41 64 -29 93 48 91 -22 87 -90 -50 72 99 84 42 -88 60 -53 61 -92 -50 -42 12 -30 -10 35 -53 -76 81 40 -34 -26 84 35 -94 -73 -77 4 74 95 -50 54 30 -24 -21 -82 73 -36 -81 -8 -16 -87 88 -58 55 -30 26 -83 -53 47 10 69 -65 95 58 77 -8 68 -1 81 61 -9 75 76 -17 91 98 45 13 -7 28 82 -42 -10 -31 -4 -33 76 24 96 -27 -79 -47 -42 -45 -65 -36 15 61 52 53 81 57 -15 47 17 -49 80 -70 44 -79 20 -18 10 1 -22 3 -79 29 18 0 -65 -60 6 75 -45 -71 -24 36 40 -76 68 73 -15 78 28 92 -90 37 14 28 88 9 55 42 79 42 -98 1 -87 -7 -66 -67 90 -33 24 97 -67 38 63 -43 -72 -1 47 -70 -79 -7 -7 -64 17 33 69 67 -90 27 -61 -81 94 85 -71 -5 -2 86 73 -96 -32 48 55 -56 12 8 85 9 -52 80 -62 86 -26 -19 96 22 43 85 61 -19 -75 4 -69 59 81 90 58 98 62 -72 26 13 64 -67 -15 40 15 -93 83 -30 -61 74 97 34 31 -35 65 -35 29 -88 -79 -93 3 -97 1 41 74 20 -52 -82 5 81 -17 -96 -64 -11 14 -28 -67 83 -65 -14 -37 -62 27 -2 -63 21 -4 -50 -75 -52 -1 -26 -41 -38 51 57 -83 -69 91 -52 94 77 -53 95 -29 72 78 16 -22 87 -15 54 42 -70 89 63 43 -45 -5 24 -18 72 60 48 84 -79 -57 -88 42 80 14 41 -34 51 3 28 58 -86 -13 81 58
57 59 2 40 -8 -40 5 -24 54 25 -94 -13 41 -59 43 -68 -50 -62 -94 -55 -76 -63 69 -10 -68 -58 -57 -46 -93 6 -35 -32 -43 -76 -73 53 6 58 -33 53 63 -3 43 5 -62 26 -52 19 24 56 22 -67 -77 -21 -96 -73 -94 -36 81 18 -42 53 -17 -81 8 68 -99 92 55 -99 -11 -88 -41 -90 89 68 23 85 -18 60 -92 17 -63 -66 -88 72 -50 -44 21 -76 -12 -61 -76 -47 -1 28 -78 -29 -94 -2 -82 -21 -73 -18 75 -17 -54 -71 -13 26 -55 99 -32 -42 -19 53 -49 70 -13 -5 -29 -16 -15 16 -95 -42 99 -55 77 -34 -42 73 57 92 -89 -10 -11 -20 4 -48 70 -21 34 -72 -74 96 31 53 -51 -47 25 -85 26 94 1 10 78 -54 -41 -43 62 28 98 -38 -9 74 12 -24 -26 -38 -32 -87 68 93 20 -79 -37 93 -96 -64 -66 -32 40 30 6 -55 -55 -46 -81 17 -83 -93 50 28 28 -8 25 80 19 20 14 74 -83 53 -23 74 -52 15 -73 88 85 70 89 8 -95 -4 -14 -62 -98 -95 -35 84 -79 40 59 -19 58 -63 -36 -92 81 53 -78 27 -20 27 -3 15 -81 92 -10 -9 -76 -14 -41 -27 -31 9 -65 -27 7 -94 -60 46 -59 -32 -48 -95 -45 1 6 -78 -11 -75 48 14 -60 -64 -74 -7 15 -72 18 22 -41 -57 33 -56 96 -47 93 -28 65 36 89 -16 -41 -41 5 -12 -18 -97 95 70 -18 83 91 -41 -28 70 -44 56 -68 -82 91 -94 -12 -5 -9 -27 -45 -55 51 -39 51 99 31 -66 12 25 -29 46 92 -17 -92 -94 -45 -27 61 80 62 -75 76 -85 60 -96 64 -43 -49 70 -94 40 -98 84 95 -18 96 16 46 21 -69 -81 -12 -3 98 95 -72 -65 -13 46 62 20 77 4 28 -83 12 -40 2 -95 -75 0 -10 -40 -4 6 17 -78 12 -1 0 10 -13 -83 -75 -77 -54 82 79 -23 -6 3 72 -69 -22 20 -81 50 36 -73 -38 -56 -18 -72 38 -51 44 70 -34 10 37 12 66 26 -6 79 69 -86 59 78 96 -96 -47 72 -58 -64 92 -2 -94 4 67 -61 54 92 99 91 59 75 -43 -74 -47 77 67 -60 33 -5 -32 -38 -21 22 -86 -49 52 -24 64 -37 -25 -60 -40 37 -14 -40 -95 84 23 -18 -72 62 63 -12 -40 8 25 48 -28 3 -82 22 -88 -10 13 -34 -78 74 -61 83 56 -53 86 43 -81 -21 -18 -56 67 33 -90 -97 -26 54
-5 -23 31 -27 -5 36 20 60 -70 25 -25 10 56 -28 -98 51 -28 -33 30 23 -3 -52 -29 -43 85 -8 72 -67 -39 -74 87 31 38 15 -87 -80 -91 -83 -36 96 22 -98 54 -13 -15 -70 15 32 21 72 37 -44 74 68 -73 14 29 85 43 -58 81 72 -83 -96 42 -95 80 56 -77 -9 -93 -34 70 -39 -37 -86 -84 26 38 75 99 -44 -8 53 -71 11 -59 71 34 -79 -22 15 -93 25 23 80 -6 26 77 -17 1 93 22 73 -26 -94 -19 -75 41 -64 84 -89 31 -78 -50 -39 -39 53 36 -27 -87 -68 98 3 -78 19 58 3 -45 43 -27 -40 72 11 -97 -36 -73 -74 -75 6 -11 -68 86 72 -33 -29 41 20 -68 34 39 44 70 -8 24 57 -19 -63 90 57 16 -49 -88 81 -44 52 58 -2 -96 3 25 -66 -71 2 51 61 -29 -65 7 -4 39 -19 -64 16 36 -84 55 -19 -43 44 -77 23 -49 -2 35 40 32 -40 62 -74 35 86 93 -21 -4 21 63 76 -18 60 76 -29 -20 -43 -63 3 38 40 -78 -77 -43 66 78 -25 -25 -9 -6 -40 22 52 29 75 -59 35 -14 68 86 57 11 55 -24 -62 24 -30 -90 17 87 17 93 -18 6 -79 57 43 33 -63 -91 43 39 73 -73 70 1 98 -93 52 38 79 56 44 -49 -76 -19 24 48 -96 65 65 -78 52 -35 41 87 61 -68 -88 -25 92 41 -29 -59 -91 42 -34 65 84 -49 79 -18 -13 -95 -40 -95 57 43 -16 94 54 5 -25 -7 -72 87 81 23 1 -33 97 11 -45 8 61 -86 -93 -75 16 44 -58 -83 84 88 -72 12 76 -78 -86 -12 -85 -61 50 33 -91 -92 -72 81 -12 1 -20 47 -14 -51 36 35 -84 -84 -68 -2 18 53 22 -85 56 -96 74 -24 58 -57 41 -92 0 26 -94 -33 51 -79 -62 -71 -6 -43 -39 -15 34 35 -38 62 20 -8 -86 -94 -81 -62 -19 29 23 -85 -22 3 -27 -35 -59 -96 2 71 36 39 84 -82 -38 -45 -87 -35 -88 -50 -86 32 41 27 71 -10 75 -51 4 44 -34 35 -63 -48 -94 -66 -72 8 47 -35 38 9 -57 -39 17 -27 -81 -89 -87 -88 98 84 -75 58 -6 76 56 -72 -18 80 -41 -94 35 -35 61 -71 -32 67 96 22 74 48 61 -18 46 84 39 -70 73 75 5 -18 11 60 26 -60 -49 -79 -48 57 -78 -49 38 -69 -52 22 -90 22 -56 80 49 -8 -7 -43 -39 -53 -40
29 98 -2 88 -55 62 -2 79 0 -37 -32 88 92 -1 30 -89 -19 -82 -94 -89 66 13 -80 -65 -35 32 -14 -3 40 -33 -31 -49 86 22 -36 -8 -52 8 68 -46 -89 -63 50 -83 -53 -46 63 40 55 18 -69 -41 -91 -54 28 31 -52 23 -94 77 -77 -46 -80 59 33 17 -75 -53 69 43 76 6 -54 71 -56 27 11 -3 13 34 -48 66 34 63 90 87 -26 -50 -90 51 -9 -20 -38 31 -91 54 -51 -9 99 13 56 -18 -92 -73 30 -83 -21 -30 18 14 -91 35 52 84 -9 -36 -38 79 -50 21 -57 -34 77 1 43 -70 94 33 59 57 89 55 -97 -62 -90 -57 98 -28 -68 92 -35 59 60 -79 -25 -5 44 -51 64 -76 83 71 -94 -7 56 -65 -6 42 35 -66 22 9 -8 -22 -14 -98 -44 -99 3 -67 7 -5 27 83 96 -35 -98 -33 -67 28 -11 -63 -58 88 -21 -77 -18 69 -51 -16 -87 59 -7 -64 -46 22 -12 -93 -64 -56 -76 -87 -60 80 27 -58 -2 -64 -13 -21 23 -38 -11 -13 85 -84 -39 39 -14 -63 -46 -2 -18 -61 -35 90 -89 35 -35 -62 -59 -26 -89 77 72 83 -3 1 -45 -55 39 -29 73 55 -95 -62 11 56 96 51 31 97 -70 -24 -15 -32 -26 92 55 35 -71 -45 51 70 -25 -16 -77 -7 89 66 53 74 -43 9 -97 -52 -67 -19 -86 52 -42 -33 -28 19 8 -75 -88 -60 85 8 -6 -33 7 38 26 -41 -81 -45 -47 -32 -64 29 8 88 -75 90 -35 75 -96 -33 56 48 88 -52 -50 83 -98 -28 -78 -79 9 63 -3 -34 -14 53 77 18 41 -93 29 -8 -95 16 -49 57 77 91 -79 -29 -6 -91 -78 -84 66 63 75 -34 70 -91 98 95 48 -69 19 -50 -71 -84 30 21 42 -13 -7 40 -79 66 14 70 61 -82 56 12 61 -26 38 14 -76 -77 -98 -98 -85 -35 72 25 53 -57 24 -47 52 -82 -47 -29 32 -87 26 -35 24 87 -21 -84 -24 -4 33 -14 -63 -2 -10 12 25 18 41 82 -92 -21 -79 59 -38 52 64 -13 -26 -13 -93 55 -95 45 41 -86 -6 -93 -87 77 -41 -47 -19 56 -80 52 -7 20 80 -59 -51 -49 -70 -4 -54 67 -3 36 -99 96 -69 -82 3 43 -58 63 -61 -15 -42 48 -5 -70 -46 33 16 55 -69 9 -15 -16 -42 48 -44 10 -48 31 -18 30 -59 -53 -32 30 -38 12 -59 59 -50 -72 50 28 70 -91 0 28 85 -91 92 26
-8 -20 -39 -47 64 -58 41 -4 -18 90 -6 -20 56 -69 -26 -90 -64 -12 79 50 95 76 24 -9 14 -48 5 9 -79 -17 -80 -67 -41 10 -60 -46 29 -26 -58 73 -80 -33 -1 32 92 48 38 95 -38 16 -95 -96 -99 -26 -50 85 -54 -27 63 -27 -58 13 -65 -83 86 56 -83 -33 -83 32 16 -85 17 89 71 52 -98 98 20 -59 99 7 17 -38 78 -88 93 -30 76 -79 -18 -92 -8 -16 2 98 -71 91 9 -46 -53 52 -46 -29 -95 95 75 -83 65 62 -69 14 5 -53 38 -79 2 -17 0 63 16 -42 61 27 -77 73 99 -40 64 -36 49 41 -89 -85 26 66 21 35 29 61 -36 62 83 -35 -36 -46 76 76 58 20 -11 -85 -84 2 13 -43 -30 23 24 35 99 18 23 -7 -8 57 -40 -9 55 -51 -73 17 -88 -32 -13 -22 83 -34 -16 13 -72 35 56 -93 -98 32 73 -2 22 -65 11 -53 -96 86 25 -77 -76 5 -37 -83 82 -46 -21 13 83 77 -5 62 30 -17 -56 -92 -45 43 -41 2 9 -94 48 -47 17 -2 -99 -9 -88 -97 -7 -5 10 -51 40 -32 -41 68 -16 64 -79 88 53 89 -14 79 76 32 84 -86 11 -96 33 20 -4 47 33 72 29 -76 46 81 22 65 -81 -74 -1 -74 -54 21 30 42 8 27 -84 -60 34 -18 74 -77 -27 -40 -13 54 62 -91 -55 -14 96 -30 -24 -66 32 -14 26 -92 -23 -56 -94 -84 6 69 -68 -72 -93 48 64 85 16 67 -17 -94 90 2 7 6 75 -28 -91 71 -33 92 -24 -34 -9 -24 67 -71 -90 92 51 -45 15 -11 -65 -37 -71 -32 28 32 -13 -34 65 -22 3 55 72 26 44 -81 16 53 47 93 -74 14 22 74 -40 -22 -45 27 10 -18 92 26 -4 -74 -68 -96 -45 98 -8 -72 -9 77 -77 -75 -18 -54 86 -17 1 21 90 42 70 58 -41 18 37 10 69 45 33 -31 -81 76 83 -42 7 66 49 2 77 -83 -41 -10 60 79 95 -85 23 55 17 71 -78 75 45 95 93 58 -39 30 90 37 -88 -56 15 40 8 9 0 17 52 -60 -64 16 -59 -4 -8 72 74 -93 -26 40 -26 14 -53 -98 55 67 -3 -18 99 39 90 67 -1 51 2 12 -82 -36 44 -55 35 91 93 -61 -44 -31 -71 -52 -2 40 7 68 -82 -81 -81 56 73 -56 32 -65 45 -39 -78 23 -9 83 -97 -16 -32 16 44 -52 -58 -52 -18 -96 -65 0
98 -56 37 22 -5 -60 25 -77 88 3 -20 63 -95 2 -73 -2 39 98 29 -99 -27 -64 -25 -41 -49 -93 83 -61 42 -73 51 58 83 13 -70 -82 -76 -90 -44 -24 -27 -15 5 85 92 -47 32 58 -63 57 79 -30 -51 80 78 62 -28 10 -23 10 -66 -22 10 53 21 11 -47 -32 -72 -1 -16 4 7 26 -76 -49 -16 39 -54 -11 57 7 -67 -20 69 50 63 52 -98 -45 76 16 61 -78 -98 17 -45 -40 -15 -63 -36 -64 52 84 -8 -68 -32 15 23 60 58 87 -93 10 26 67 -32 -78 35 -13 69 -27 -11 50 5 -93 -47 -3 -29 -49 -27 43 13 -42 -47 72 99 -86 -54 -9 -48 -20 57 51 -35 4 13 -57 67 70 26 -54 -59 -24 45 89 -14 88 -44 88 95 55 29 64 -44 22 53 -23 54 65 19 59 -3 -17 -17 -4 -24 -25 -46 -79 10 59 3 23 31 40 76 -86 84 56 -18 49 -79 3 61 -79 36 3 9 -23 -4 75 10 98 -72 45 -29 -68 93 -96 -15 10 -68 -70 -77 49 87 -82 -70 -41 -37 -38 80 -11 71 13 -42 -37 -51 -63 45 -71 6 12 28 9 -53 -96 83 30 -4 58 -39 79 -34 40 81 -54 -47 -69 -75 15 -33 -72 75 -82 -4 -46 94 69 40 78 19 64 80 -23 -90 -90 -83 74 -55 37 20 -37 84 35 35 -76 97 25 27 -79 -1 -18 -7 87 88 -10 -9 0 20 -63 91 66 39 39 52 -1 -46 -61 -8 -5 -69 -26 66 75 19 -38 -39 4 -42 -18 53 -63 86 70 27 49 1 -64 33 70 70 3 -14 -40 98 -62 67 97 -42 -34 83 96 -23 -43 91 87 83 93 81 3 31 -28 -28 -15 -54 17 -90 -24 -69 84 81 92 34 49 65 97 56 -7 44 52 -26 -93 51 -32 -55 41 -13 87 72 98 75 91 -37 96 -83 -27 81 45 -51 92 -99 9 94 21 -67 26 64 58 70 16 -88 -79 4 58 -44 -83 -81 57 -49 18 50 21 -13 -73 -10 8 -66 -42 43 -11 35 -35 24 17 64 88 -86 -59 -10 96 -77 32 -26 62 87 66 64 -43 -20 -68 20 91 24 53 98 66 -29 15 89 -80 -60 -48 56 -51 27 35 -79 -69 8 75 -20 79 -83 -13 -53 -21 87 -16 -52 -12 -47 42 41 38 96 91 82 -69 93 30 -85 43 34 17 85 -56 -34 3 45 -42 28 -16 -22 -93 67 -66 73 35 -83 65 -10 15 3 -41 48 -72 81 -17
29 71 -7 54 39 73 22 41 -54 93 -39 -26 0 -91 46 99 -1 49 47 0 96 38 96 -45 62 0 -47 -54 -14 82 91 95 88 -77 55 -8 96 74 2 38 68 68 60 -3 53 -11 -43 -10 -2 23 -62 -96 50 -99 -71 -48 -55 -10 26 74 -34 64 83 27 -32 -1 68 -72 -53 78 9 67 -22 -13 3 -77 -60 67 -5 -70 20 99 -78 4 71 36 -23 80 63 94 -68 36 -80 61 32 73 97 11 22 -82 -60 -78 -53 -99 28 -92 64 36 -26 73 -33 -94 71 -51 15 78 -21 31 -17 10 51 -48 -20 -71 -71 83 29 98 75 85 -85 -98 -89 53 -47 -29 2 -98 92 81 10 0 13 50 -57 -11 -94 -24 75 -58 94 4 -28 42 -98 -16 -20 -1 -76 19 -95 -82 -58 86 -82 -14 91 49 93 -17 81 65 -46 -63 72 68 40 16 51 8 -43 77 73 2 82 46 0 6 76 29 32 -76 35 -5 93 27 -44 66 60 1 69 -77 5 71 47 -63 -69 -81 0 -80 31 78 33 -77 23 95 76 -10 8 9 57 23 52 32 39 -5 12 67 71 51 51 50 37 -70 -51 56 22 81 27 -13 49 56 56 8 -17 10 76 -20 -18 64 66 55 2 9 -21 75 -81 -75 -41 46 -89 -5 85 -94 56 -55 10 58 43 90 81 -16 9 -7 79 -32 20 -24 -62 -23 -44 -58 -91 72 57 8 -71 0 -24 -42 61 -25 61 -63 -79 -46 -68 -1 -59 -88 -87 -25 -93 91 39 53 76 -4 55 72 73 87 42 3 -40 -11 -73 -59 47 76 -7 -35 -98 95 39 -59 -28 65 14 40 99 -52 -24 67 -22 -3 59 -51 -98 24 -95 39 36 45 86 -34 -97 37 56 -53 -14 95 94 50 21 -43 -37 53 -30 -38 -88 -49 99 35 -3 31 -73 -88 -41 56 82 -11 16 -52 72 23 -65 -84 28 95 73 98 -86 56 -51 33 52 40 37 -47 -14 85 -54 36 92 38 -70 85 -94 64 30 -66 -84 -2 25 -44 -29 -57 -69 4 -72 52 -39 24 11 -78 -26 43 -55 -71 -33 -58 0 26 85 28 81 -25 81 2 1 84 4 98 96 35 72 -43 29 -9 -33 -41 47 -63 -73 -8 72 -66 59 -97 -64 -56 36 67 -75 -11 57 -62 24 -10 94 10 4 -52 43 -72 22 -99 85 31 89 -93 -32 50 -33 -42 43 -13 90 -68 33 -44 -97 84 -68 -83 94 26 -34 -76 5 -73 -16 93 -15 -97 -85 -21 18 3
-34 61 -19 -81 -25 -9 -59 -36 -3 13 -13 -74 21 -17 11 -13 -30 -30 -18 62 -84 -51 -75 -70 62 51 45 3 -34 -98 -26 45 -20 60 65 93 -29 16 31 -23 84 -55 21 -5 -97 37 28 36 -25 -50 57 17 33 58 9 9 53 65 -50 71 33 18 22 -80 -1 -81 -84 7 -99 84 66 -69 -18 93 -91 -34 -39 -22 32 40 -55 59 -57 62 87 35 -89 67 85 -58 -68 -52 -42 -74 31 91 78 12 -66 66 69 57 96 -48 5 96 7 -59 98 6 -33 83 89 92 -49 -90 -81 -73 14 11 81 -55 2 -83 -99 94 70 34 61 39 -41 -48 -57 -69 -99 2 64 35 -41 -57 -73 78 -98 -56 11 -8 -61 96 -65 -22 7 15 62 79 -50 42 56 86 91 75 -51 50 -82 89 83 64 -26 7 98 51 81 -32 94 64 -42 -94 59 31 64 -54 94 -83 62 2 -43 -53 -22 70 85 54 42 94 47 -69 -74 -85 80 -55 -76 -42 60 14 -76 88 -44 25 87 3 21 -65 4 11 -75 -8 -78 -1 29 68 5 -68 -53 -82 -58 -99 -80 -70 -12 -9 -72 70 -1 51 68 -8 91 53 18 -90 68 98 -93 -20 64 73 62 -61 -27 12 80 -50 13 4 83 28 -42 9 -96 -79 -19 58 -70 -2 46 36 70 99 -17 -58 -93 19 -82 -12 -47 -27 99 49 55 -39 -30 -72 -58 -98 -24 -80 49 -56 -68 12 15 68 -48 -14 -86 25 19 36 -78 -22 6 17 -78 21 91 -52 -10 34 85 -74 52 -40 31 16 -25 -32 16 92 93 -93 -26 62 -90 -56 74 -21 -46 -68 94 -16 71 -74 58 -97 25 -24 96 24 -99 -49 71 92 -30 66 69 -74 8 2 -73 -39 -52 -32 -87 -44 73 -47 77 -54 99 56 -61 -76 -32 -99 -48 -8 60 49 21 -12 84 -43 -25 -83 28 30 -91 -11 85 -76 45 -92 89 97 46 -31 98 -32 -2 -40 -38 -71 -8 48 10 90 72 5 87 -51 72 51 -48 -39 -87 19 -82 60 -86 -20 -78 94 -98 -65 95 -37 30 -80 53 60 10 -68 21 -4 38 74 -16 49 72 68 44 15 29 27 77 -67 -9 -6 -21 -36 22 -99 97 -39 -56 48 -42 -23 52 31 -38 16 -1 21 -67 83 -24 41 -28 -46 84 -46 37 -14 69 -14 -90 85 41 -4 -5 -54 44 -98 46 -4 -67 -3 -66 43 4 -71 76 -75 42 -69 20 38 98 95 -24 -59 8 62 32 -8 84 -92 -25 53 -12 35
72 6 -99 -47 -15 78 -7 -60 5 -52 -27 -68 81 -24 44 2 65 28 -72 73 42 -24 90 26 21 53 -92 -92 -76 55 90 35 -85 -73 93 87 -3 -82 -46 20 -60 17 -96 -54 78 -55 9 61 -77 20 5 -87 81 55 0 -67 -82 -82 -98 -43 0 -15 83 1 -27 -15 98 0 39 30 71 -88 18 28 6 -64 18 -37 -2 71 78 -71 -2 -86 80 43 93 -45 23 -74 7 -89 -10 87 -89 -5 66 51 64 30 -85 -50 43 55 30 38 82 -48 -55 -18 88 -38 -37 -8 -64 -73 -3 60 29 25 26 47 -25 -68 51 60 13 53 55 24 22 -54 -88 -65 48 55 33 -46 41 -47 56 51 56 -19 -55 88 60 78 13 80 -19 64 -96 -90 -99 -63 58 4 62 -3 -50 25 46 -36 79 40 -4 -61 36 51 -12 -56 28 78 6 -64 -15 98 -51 66 -47 73 -8 -85 51 68 56 -96 -53 1 51 47 68 61 97 42 67 2 77 -48 -57 67 50 -72 89 -7 -26 59 -18 -55 40 9 28 63 -31 9 25 -21 40 -87 36 51 60 14 -27 -82 8 -34 73 -14 12 58 -45 -76 -63 17 -36 -14 -75 12 81 -53 -22 -73 -11 64 72 77 -18 -56 28 -71 14 -19 -79 87 61 19 -49 55 -51 13 -23 -5 24 -72 52 69 -76 -12 73 -6 -20 -59 94 -43 37 48 -11 -74 -5 -49 -69 23 69 6 47 36 99 17 -43 15 89 -46 -93 84 66 -80 -68 -98 -18 -48 -83 -71 51 -93 -34 0 -5 92 -48 56 57 82 -4 -58 -47 45 -81 -55 68 79 -46 -24 10 95 9 -49 7 2 23 -64 21 9 -9 18 -74 99 68 91 48 -56 43 47 -11 -89 -70 7 -28 -78 22 47 -35 -50 -84 -46 15 41 84 -4 95 -37 37 -4 -9 -66 96 41 -96 -43 96 -55 45 35 44 -69 -75 63 -93 -91 97 75 -21 -15 46 -14 40 36 91 -5 -40 65 -68 -97 -15 -47 -39 7 -60 96 -23 43 -6 -82 84 -25 78 12 87 2 -58 -78 30 -94 -73 82 -17 62 -54 30 -6 -87 -12 -11 -89 -34 -11 76 86 11 34 -40 -23 -58 -58 -40 -33 76 -67 -8 -97 22 2 -79 -65 67 -68 -99 -83 -39 -8 -66 52 -31 97 47 48 73 -43 60 56 42 -89 -89 -29 -24 -24 27 -80 36 76 39 -99 -74 -80 -32 2 62 -80 66 -58 41 43 25 -61 -41 63 59 -71 45 -52 -87 -33 -50 -22 28 58 -89 -63 78
48 0 -88 46 37 2 77 91 3 42 -28 -61 64 32 -97 79 56 11 -62 -50 4 -17 -3 53 90 -10 -96 98 -74 -57 -97 80 4 20 95 -44 84 -67 -15 87 43 -8 40 -11 8 -79 -37 56 -48 9 -30 -60 62 11 33 54 10 18 -86 -77 92 32 -29 -84 -70 56 5 64 -26 29 7 40 -81 -66 52 29 75 15 -58 57 -49 -69 -90 -19 -8 81 62 38 8 14 -96 84 6 75 69 -58 -5 -89 -51 76 -68 -51 82 36 -52 33 -52 44 -43 80 -64 4 -4 14 -59 60 85 32 -36 -24 -4 3 -1 -27 43 -29 -6 95 -47 54 16 62 -83 -59 71 49 -94 -66 -23 16 67 62 37 -33 83 -12 -2 -84 95 -8 41 -74 89 -83 80 -97 -5 29 70 -87 46 90 15 -88 -93 -84 25 95 -54 14 61 54 57 79 29 62 -29 21 1 14 41 -15 84 25 95 -90 27 82 59 77 32 1 -31 2 -92 -85 -54 -90 31 -94 39 -30 -88 3 82 16 -42 57 -79 -37 -35 12 -40 53 -29 48 -81 -65 20 -30 77 -69 57 -61 11 -16 86 79 98 92 -38 41 82 64 -18 79 61 67 -80 67 -1 -4 97 24 10 50 30 -3 -70 83 78 -35 -98 -87 -84 -98 55 -10 36 -37 20 -3 -40 -26 54 50 22 -15 61 -61 -52 -41 -75 -82 -73 -30 -59 80 -62 -66 -70 -78 0 -14 51 -59 58 -45 -54 -64 -17 -21 -2 -63 -81 -50 -30 61 51 81 -6 -35 35 89 -49 -99 -25 -1 -17 -32 40 -92 56 64 58 -45 45 -55 -49 34 -55 43 -90 48 -34 61 -42 -71 -88 -72 89 -31 20 33 72 73 1 -8 46 -77 99 -85 47 80 71 35 62 55 -67 43 61 -88 -61 62 -37 94 67 36 -14 40 66 89 50 63 77 -22 -57 -1 15 -76 -80 81 -13 62 72 70 76 24 -81 8 98 -30 -58 29 -68 75 1 -46 -19 79 -59 -13 -91 -8 -4 11 55 -34 -98 -5 20 -54 23 -42 -76 9 50 -37 -39 19 43 -72 -76 -92 -18 66 17 63 52 84 48 -96 6 11 -74 91 29 -58 -62 89 -73 -6 -64 25 69 17 22 -14 75 82 32 -20 96 -99 -96 98 46 81 -24 61 -79 61 -61 42 -85 95 52 52 -18 -8 23 -33 2 -56 -15 -38 0 5 16 -5 74 -42 34 77 51 -43 -79 -20 24 98 22 -42 67 58 93 5 -51 -37 -8 72 -56 -46 -42 95 -79 -19 -18 41 -45 3
-5 -46 94 -68 25 57 -9 70 -69 -74 60 -90 -11 -32 10 -20 -87 34 32 29 -68 70 39 48 -74 46 -24 91 42 -7 60 2 19 -96 87 9 6 46 -82 27 13 15 35 -73 -75 80 51 -32 -85 -22 -20 -49 -60 69 -7 89 -18 -21 15 94 -83 -77 63 -48 -65 77 14 32 2 75 -78 94 -48 6 21 -74 -30 -55 -43 51 38 -76 84 63 -47 -35 22 -76 89 12 -51 -79 -98 26 25 11 42 -93 -85 95 69 -95 92 57 -95 -83 51 35 99 91 -42 53 95 62 -67 -31 74 68 70 -79 -41 16 55 -33 -42 -71 -77 -84 79 54 -36 32 37 -9 -21 16 29 -12 -46 38 96 9 -66 32 35 28 24 61 15 -72 -73 -2 22 -56 -58 -46 -97 -83 58 78 72 24 32 45 22 52 53 -22 22 -97 -31 79 75 -59 66 -18 67 45 67 28 -40 69 66 52 -4 31 -93 -20 -82 33 -53 -26 -2 61 82 -24 -48 55 -62 -67 95 33 19 2 -32 57 3 -27 -81 -70 -63 47 -69 -93 67 -20 -22 37 -6 31 -53 -48 -5 -64 -90 63 -33 -80 85 58 -65 52 -86 -68 38 29 93 -19 14 22 48 -3 -88 44 -95 -22 -36 -34 21 83 60 -49 -52 -74 -74 -13 2 0 49 12 27 -77 -44 57 -55 -51 7 -70 76 10 -9 6 23 -74 38 -61 -30 -74 5 76 70 8 -71 -12 52 -93 -79 73 -48 -74 -86 10 81 -31 12 -1 69 -78 88 -30 49 -70 -88 6 39 -65 -54 -32 79 -52 97 -32 -1 -54 -68 -10 -95 -75 -32 23 -78 -77 66 93 -84 49 12 -40 -29 -34 55 -93 -2 -91 58 20 80 -47 -46 -69 77 46 59 77 35 63 77 14 -14 -92 -73 -93 23 4 47 32 57 -75 -79 81 -13 76 -77 4 -96 -35 44 -96 -29 -84 80 17 -6 -80 94 -98 -35 -92 -22 -89 -96 79 40 4 -52 11 -56 -88 61 -69 49 11 -70 -15 68 92 74 -15 -3 9 13 -15 43 -40 24 84 -63 -61 85 89 85 -2 -38 -25 -73 65 -18 70 -49 90 18 -91 13 97 -55 -66 -94 -54 -78 -10 -87 10 -78 -90 26 14 24 73 45 55 -38 -47 34 36 -40 -13 -97 -46 60 25 -69 4 -41 -18 -92 -28 28 27 -46 28 33 -51 88 -45 46 51 -81 -22 -8 -44 37 -70 -77 6 95 83 22 38 -44 -87 -41 86 11 -17 -78 42 52 61 63 -45 94 17 17 -85 -9 -48 -7 55 9 44
81 63 -57 -70 -63 55 27 85 -53 52 -20 2 24 0 18 49 -93 -88 -62 64 83 56 54 5 24 -85 -32 99 -61 -75 -96 52 -61 -31 -30 43 -24 20 51 -63 44 57 69 -23 -7 20 45 -22 -57 -80 60 -62 67 5 46 65 91 -99 9 72 -37 22 -85 15 -26 35 98 -29 79 -13 94 -87 47 61 83 -70 -16 -64 45 -68 31 49 20 -27 24 -84 -60 -11 0 37 -23 -76 46 -58 -6 -45 -73 -62 50 -1 -89 -95 8 -42 -62 -86 9 76 34 23 92 10 40 18 -81 83 16 96 72 94 -53 -79 83 0 88 -11 -87 -69 -95 7 -47 86 -93 2 -57 82 -15 -1 30 -22 -75 -14 -56 63 56 -12 -59 27 77 49 47 3 76 29 -47 -88 38 -41 -63 1 -21 -6 -83 66 -22 25 58 -24 -9 -9 91 -78 53 -4 80 -97 -31 -13 -57 -15 -85 73 82 -91 61 10 3 63 -50 51 87 -24 93 58 -7 5 -88 -23 21 -64 -54 34 94 72 -26 0 -61 -8 -19 -11 -99 53 -94 48 16 -40 -87 -80 -49 65 -78 16 94 18 -27 -58 85 -88 -4 -19 69 -3 1 7 89 -43 71 11 -45 50 55 -40 -99 59 85 -12 -47 59 61 -99 70 86 43 85 -62 -9 -55 93 -20 -55 -51 -18 -34 -39 -34 82 -28 -56 -59 23 99 4 -92 10 -19 44 -63 -25 81 -65 2 -57 -94 50 37 78 5 -63 54 29 -48 -65 -29 87 44 -69 26 99 -61 -14 -95 -99 -66 -79 -14 -99 -38 60 81 -42 78 -43 -67 -31 51 63 -48 -21 41 24 -84 -60 88 81 47 2 -93 4 -90 55 -15 -50 -88 92 -72 -41 69 -40 -97 2 -6 43 -8 -64 53 -93 18 -88 -66 8 93 -16 29 3 6 86 -1 -63 12 31 84 -64 52 48 -72 -91 56 -97 16 -44 18 -62 -19 6 6 -81 -14 3 59 -19 -34 61 -17 14 -3 -20 11 -19 13 82 27 88 -56 -23 -29 -66 -37 -85 64 29 91 -93 80 49 46 -41 32 75 -56 -40 6 36 86 -69 8 -15 -16 88 -94 -80 -82 26 -48 47 22 25 -92 -97 -49 0 -70 0 76 19 46 -39 18 -57 -80 -61 -58 37 -3 21 36 43 -88 65 74 39 -72 18 -41 10 43 -52 -88 -78 -62 -89 -68 -29 -96 -83 15 57 -5 -32 -76 35 35 72 -9 33 -49 -91 2 23 -51 -38 15 -15 -82 -69 89 7 29 30 -46 42 -9 -56 44 91 -22 -16 67 54 75 -3
69 84 -92 61 42 98 -6 95 32 59 86 62 3 -28 36 8 46 53 -60 -33 -4 -18 -60 43 -57 -49 93 -49 -85 17 -54 -61 -62 30 -82 66 47 66 -91 -98 25 96 -73 -27 -70 -43 -31 37 -57 73 76 -57 66 89 -9 86 -90 -43 -85 -61 -94 60 -34 -3 -56 86 -26 85 -3 -45 79 -32 8 52 -40 77 -64 -45 19 -38 94 -51 -50 78 67 65 48 -1 8 -82 -11 43 40 24 -29 -92 38 89 -16 54 74 -53 -76 5 -40 -5 76 -22 23 -50 -54 6 -95 69 -66 52 42 -84 -83 -77 -46 22 -45 -1 -57 -8 -57 3 66 -77 12 1 15 -26 59 -51 -32 -23 97 -81 -31 -56 46 -45 43 37 -59 -43 0 -44 68 32 35 67 -69 75 -50 41 -57 -89 -48 -47 -60 34 -98 89 55 -3 17 5 -21 92 -41 -46 -33 -69 60 29 -37 13 1 -27 -57 14 22 -40 -23 94 -5 21 -80 37 52 5 51 -51 35 61 -30 5 65 -10 -1 65 94 -90 -15 49 91 -92 43 38 5 43 -48 67 -14 -6 29 -17 -31 29 -58 -82 38 87 70 88 -84 88 -53 76 -76 79 -6 -48 54 -91 16 -57 36 8 16 32 -68 81 91 55 -97 87 6 -53 67 95 -40 22 3 55 96 29 37 31 94 87 -9 -73 -31 51 -83 -52 -91 93 -73 40 85 7 -51 26 35 -86 57 -72 49 61 -87 85 30 -5 42 -1 21 -8 67 77 63 51 -91 -28 -60 6 -64 -91 -59 28 85 -4 -89 81 91 39 93 54 -81 27 16 98 7 19 -49 -51 78 -71 99 38 75 -57 -92 -9 15 20 3 73 32 24 73 -97 13 53 -93 -33 5 -42 -16 6 -93 85 79 -50 -55 33 -23 -6 35 49 -14 27 -62 2 76 92 -60 64 -55 51 93 70 -71 52 -24 -36 68 37 -58 77 -38 14 -49 -6 34 -33 -66 -90 20 -79 -54 -59 81 30 -23 -58 69 63 11 99 91 -6 42 -59 -16 75 -88 59 36 -80 14 43 85 -64 -54 45 33 36 4 -16 -69 -38 43 -9 23 -29 -40 -85 28 -51 -11 -34 65 75 -1 -73 -99 50 -19 46 -44 -95 -13 -18 -41 48 60 -81 -49 45 -94 45 70 -48 55 64 -81 44 9 -72 -65 96 75 -81 29 -76 -22 12 -41 61 -46 91 -4 -98 0 28 33 69 64 51 -16 -52 -91 19 53 -89 -97 -35 -97 -84 22 -64 11 17 33 51 85 -17 -43 37 -48 -44 59 59 51 85
-84 24 -9 75 -26 -74 29 46 38 80 -94 -40 -17 56 -46 22 -95 -83 -15 8 -68 48 -85 95 31 19 -93 -78 31 79 0 53 37 78 44 68 16 -81 -77 45 -57 61 -87 35 0 52 -30 -65 -46 -73 88 90 13 97 98 -50 -76 75 -98 -15 11 87 31 70 -20 33 36 27 19 26 -75 -61 -48 -6 -90 -91 96 -12 3 -8 -30 49 -78 -64 93 49 42 20 -33 6 39 5 -90 85 -34 -90 26 18 -84 -36 -96 17 -25 -94 31 -73 89 -32 -85 90 84 -27 6 79 77 -4 -11 -26 94 -55 78 48 -88 35 -74 -86 -91 -86 -60 97 66 -84 83 9 32 -93 62 28 -22 -69 -96 -20 -62 -96 -10 -34 17 28 72 -27 71 -94 -62 -45 -74 -73 56 -35 -6 83 3 58 -98 -85 -62 -59 92 -58 -84 -89 64 60 -75 73 -56 -46 -3 13 43 -82 -44 6 -8 12 77 52 65 90 -55 23 -24 77 -51 -17 1 -81 -74 -13 28 -14 -26 60 -78 10 -38 12 25 -73 -90 -79 29 -45 -44 32 75 -78 -82 47 8 76 91 98 -97 32 13 -22 -63 36 -57 -68 -70 -31 59 -55 54 -64 -57 94 30 24 36 -43 -74 5 29 39 -51 -72 -2 -92 -87 -69 28 90 -94 87 -7 -24 36 -33 25 44 -66 98 -22 -93 3 2 1 74 -90 33 -4 26 45 -22 -32 15 32 85 41 -35 -84 76 79 55 -35 -85 41 89 87 77 -19 26 -66 90 -67 92 72 -87 -48 8 -68 40 -45 -29 79 90 44 -37 37 -6 36 56 2 12 76 -58 -54 49 24 -98 -44 8 -55 61 69 -78 30 -88 -37 66 8 8 44 -88 5 0 63 48 -50 76 80 -59 75 54 -40 87 76 84 -16 65 75 -69 -30 42 -46 61 69 47 -56 -48 -94 -34 -49 96 53 -83 2 65 61 68 54 -4 41 73 45 -14 94 13 95 -14 -58 63 13 95 87 -35 -29 28 65 18 -65 -64 58 -49 -81 17 -76 -18 1 8 -3 76 -17 -87 -80 6 -59 63 -88 14 -36 -54 -46 -60 -60 43 56 49 9 72 -93 -47 -53 31 -75 -20 39 -34 20 -78 71 17 70 86 20 23 -75 91 42 -37 -11 36 -90 -10 -30 -81 -32 59 13 -80 -2 -73 -4 -27 80 -22 -56 76 51 52 71 68 -47 9 -88 69 -50 80 63 -83 -43 -45 2 -44 9 -63 -28 -17 73 86 23 -33 -57 7 39 84 0 -40 -14 15 -54 90 -17 14 24 -18 54 32
-85 -71 44 -11 15 -16 97 -26 -99 39 46 29 -15 67 88 82 17 -50 -54 69 -44 25 -3 -59 -73 -38 -58 -67 98 -75 -62 -57 30 -23 27 -61 77 1 68 98 88 -94 -27 -99 -39 -58 99 -90 55 15 -76 27 51 60 90 38 72 -24 -87 12 24 -56 -17 75 -46 30 -25 -39 -52 -66 -7 -89 -75 57 -61 45 81 68 -33 85 -15 6 -13 87 -97 67 -68 -35 -83 37 -41 -76 67 -73 -17 97 -37 -55 38 -84 39 -82 -25 -12 -47 -70 85 -18 -93 -8 -87 43 17 17 2 26 82 56 25 -97 -89 -49 93 -35 73 65 -97 -54 -42 -55 20 60 -96 -98 -53 85 -34 -15 -58 -1 -10 93 -68 -8 7 91 -86 92 -14 64 1 -62 -65 -24 76 -64 21 70 -65 -56 -60 10 -77 70 -38 -62 3 73 14 94 -86 67 -51 94 -84 45 -19 56 -33 67 13 34 7 71 88 -99 -85 98 35 -59 -81 1 76 -99 59 -74 -75 72 57 -89 -13 25 76 -77 23 -91 93 -9 59 -48 55 12 -35 -11 -92 24 -89 97 -44 -29 -50 -52 32 86 -65 -33 4 81 -60 58 -20 43 -87 7 31 50 79 55 78 20 -29 95 -49 -64 83 49 69 13 47 53 3 -85 93 25 72 -57 80 -79 71 74 -56 20 -28 93 41 23 49 -50 84 99 -63 9 27 39 64 -31 62 72 -54 -69 56 -24 -33 68 40 -75 53 93 -26 -21 -41 -79 66 81 93 27 -39 -56 -11 -45 -83 38 -89 93 -53 77 65 48 86 -73 -56 1 34 -30 -92 27 -4 55 -82 49 -80 -10 25 99 -10 -42 -54 -52 61 -67 -64 -36 -39 -31 -95 56 39 -42 49 -91 31 73 94 10 -52 1 -15 -28 -56 -22 76 11 21 47 95 22 -69 5 31 2 16 -88 -10 95 -52 -62 86 -47 -92 74 73 53 68 -91 -29 4 -7 73 82 -84 22 58 42 98 22 75 69 -27 -2 23 78 36 98 8 39 -95 31 -98 -17 70 35 36 -49 -7 -67 -83 -45 -47 -57 -40 96 39 71 -6 -52 -1 83 83 -37 23 -32 78 95 -14 -49 -47 78 -78 -56 -31 -27 -95 79 -24 -87 -42 85 -1 83 9 -90 87 -9 3 -21 -74 -91 -84 -52 -18 82 69 -74 -45 -28 25 94 -68 -96 55 34 -1 -45 -87 20 -70 64 65 -73 6 -25 -3 42 42 93 98 -9 -45 59 -57 97 63 33 42 -63 17 25 21 -48 66 -80 -10 -39 26 -86 -10 -72 -10 18 91
-71 85 73 -94 1 22 82 95 -95 -60 10 -54 60 81 13 -44 12 1 88 36 -38 13 -68 17 -87 45 6 -44 -50 -60 -47 17 -75 20 -10 94 62 -40 16 -37 30 -66 46 -20 29 39 -92 -55 -78 -43 -92 13 -17 -41 98 64 -28 -46 3 46 -89 43 90 -75 74 -17 34 68 64 -61 39 -76 70 -44 12 -67 55 -66 -43 -35 94 -65 -1 -99 -2 -86 -80 -36 -89 63 33 30 72 48 -76 -56 -34 -77 67 20 13 -17 73 -42 11 -26 49 66 58 -57 63 -8 43 48 56 9 38 -90 16 -89 -95 -8 -3 12 -93 -84 27 -90 -34 -85 46 72 91 63 -12 -84 16 80 54 -38 38 21 62 -86 45 74 77 12 70 57 41 -83 -31 99 56 25 -28 -82 25 58 39 -95 43 10 -40 -37 76 -89 52 85 76 7 -80 62 38 -32 51 -12 86 -60 -2 -87 -65 23 -82 -83 24 -38 -52 19 -87 80 52 7 23 60 -73 43 60 -43 -87 18 -1 -44 53 -30 -30 -27 -5 -82 15 49 -31 -78 -59 21 -98 45 -38 -4 54 42 -59 -48 31 -16 45 42 -7 37 -99 66 78 97 -46 -48 -3 61 55 26 -11 -13 -18 35 -33 8 -38 59 56 27 -47 26 -16 -75 -10 -41 -12 -21 46 -32 54 53 -71 34 -56 -5 -44 61 -58 91 28 -48 32 -35 -69 -2 75 51 60 16 -58 -20 77 18 65 -84 11 63 39 -32 6 28 16 -98 -81 20 84 -56 59 80 -48 -99 -86 25 -94 40 -59 8 -51 82 68 -44 -90 -35 -9 -71 97 -43 15 65 -93 -81 65 -29 21 -21 12 11 -68 39 7 -77 80 -20 10 51 7 -37 36 5 -63 -18 14 29 -90 -17 -67 83 20 49 28 38 -68 21 -30 -49 -47 -2 -64 -58 59 -63 28 38 -77 -51 14 10 12 -37 77 64 -45 -25 53 -92 -15 -48 16 98 19 -24 -72 -5 -53 94 9 -97 -14 -9 82 -70 -69 -5 12 30 -39 -87 -35 22 99 17 19 76 89 89 -75 -70 -91 -69 -37 10 14 74 32 -48 -39 -64 14 5 -60 44 12 85 93 -10 -31 7 -14 25 -98 77 87 78 -7 79 -8 24 43 37 -47 -56 -43 -27 -19 47 84 97 -90 31 63 -55 8 -98 -35 -97 53 -28 50 30 59 -80 33 -35 54 75 22 37 12 -9 38 -64 -2 43 78 -67 98 54 -33 -37 15 -2 -51 -18 64 -68 -48 14 48 -16 57 -34 51 21 39 -7 -73 27 90 10
-72 -77 32 75 -95 66 70 -57 39 49 -96 52 -60 -39 73 99 20 -45 17 3 -55 -76 11 -90 -52 96 73 -82 0 27 -59 81 73 -59 -20 -43 72 -51 -10 -35 77 -37 -76 13 -99 -70 -55 95 -21 38 -80 25 23 -80 -29 -93 38 14 64 26 90 68 84 28 -26 -92 99 73 -29 8 30 -8 -9 80 -16 -20 89 73 84 21 4 -5 17 -40 7 33 -43 -59 87 93 -94 35 83 -22 -64 82 47 19 -75 12 -56 -3 -73 4 -49 39 30 57 -27 65 66 -23 60 -7 -33 1 23 98 -82 24 -92 56 -1 39 0 -13 -71 -91 67 -45 20 41 19 -88 0 -3 59 32 7 30 -72 26 -41 9 30 -88 -68 68 65 -67 -44 -14 57 -32 82 72 6 37 -87 12 -67 96 32 11 26 -71 -4 -99 28 -74 47 73 -71 -10 66 -88 17 -23 -93 1 51 27 43 -18 26 -40 96 15 -26 -66 -95 9 -93 22 30 -37 1 -39 29 97 -32 60 -5 19 -93 -67 22 -18 68 62 64 21 4 -84 -83 99 16 79 -99 82 -91 -46 67 -85 45 -93 9 17 -17 -97 95 35 -61 56 -51 97 -79 -72 -69 -9 46 98 -31 -20 90 60 99 11 -23 3 66 95 87 38 97 17 -6 -27 36 72 -66 20 -84 8 49 62 99 -20 -45 -81 -97 40 55 63 59 65 52 50 4 21 49 87 -17 1 -30 -82 -4 90 90 -2 -46 36 -18 6 36 -83 25 25 -72 47 32 25 49 8 -28 -97 50 -81 -88 40 7 -84 91 94 -6 -43 34 -32 -63 57 5 11 -85 32 -46 65 79 -10 -53 -15 -58 14 91 -7 -18 -58 62 68 48 -21 -42 -35 87 69 -47 -45 -64 20 29 91 -61 17 22 26 98 42 21 -79 29 -42 -83 25 15 91 30 54 96 75 53 67 -87 -1 -46 -80 37 -27 -56 46 16 51 -26 52 75 93 -76 -72 42 83 -86 68 -28 -46 -87 33 21 -49 -62 17 63 79 17 40 -19 50 -43 -56 58 -75 -20 82 -95 -73 33 -87 18 54 -50 -44 11 41 70 -39 22 -94 -8 -65 -10 -12 -25 96 -9 35 -15 -22 -69 -88 -1 -24 -4 17 30 -99 1 -33 70 -42 -99 79 -74 -36 67 34 11 -99 -18 -53 -74 -94 20 65 17 -99 -30 69 -81 -74 22 97 -19 -3 9 68 -15 85 -74 -38 93 25 -85 30 -37 -50 -95 5 -93 -51 79 -80 66 -33 97 -25 -99 -52 -4 95 79 21 17 43
-14 -30 48 -71 -30 23 73 4 95 65 97 -70 97 36 -5 -79 69 86 -13 -97 -30 -39 23 -81 -20 98 -65 -40 -36 83 -73 -6 -44 -89 14 76 89 41 10 78 -98 -55 -59 -85 51 -43 97 26 88 25 49 80 66 -27 6 41 -16 70 -86 -54 51 -1 6 43 -72 64 -30 -33 -57 -61 29 -5 -38 5 74 39 -76 17 -65 -33 -56 5 -75 7 12 57 -12 8 -64 -66 -64 98 -73 9 96 -90 -75 -37 4 -30 87 48 -58 65 44 72 79 -69 47 -72 -49 -97 69 26 -40 -96 51 -71 -63 66 57 56 91 -61 -18 11 82 25 94 -91 84 76 -72 32 -35 -37 66 -40 -32 87 -60 -57 -74 55 2 86 -15 82 49 -58 -10 -60 -31 20 -17 73 65 -72 19 -43 49 -66 -52 20 45 -68 55 -33 -3 66 85 64 9 -17 -71 32 8 95 -8 -50 25 98 -89 16 41 -10 98 0 49 -22 -88 -72 35 -78 35 -3 -31 -66 57 19 -2 -33 27 -24 -61 72 61 44 -60 23 -69 90 53 -56 68 -40 -11 -30 -70 -16 41 -45 -25 25 -6 -61 -85 23 -44 -58 -3 76 -47 -30 40 -45 -87 -81 48 -1 -91 -92 -39 90 -68 -12 43 78 19 -3 -61 63 78 -93 8 28 -87 -46 -75 71 8 -63 -2 -95 32 -19 97 33 31 63 -69 -33 -85 24 -33 -70 90 63 -27 -25 -66 67 21 -28 64 -85 63 60 -80 16 -58 79 65 -67 1 -84 55 -47 -11 -34 92 97 -65 5 -85 -22 -7 36 79 -59 -58 49 -19 -75 68 4 80 10 -72 32 57 -57 3 -54 -9 -3 -58 34 -87 -82 -65 65 -67 -42 42 97 23 1 -61 -60 62 -73 29 34 26 -76 23 -12 11 90 -88 -51 -74 -59 45 -77 89 -80 9 -69 12 44 -65 38 5 1 61 -51 -30 -31 61 -89 26 11 72 95 -15 84 49 -71 63 97 28 75 -83 -48 79 15 35 -78 -43 -62 50 18 28 -19 66 1 -87 -71 -17 -21 -60 -63 12 -13 70 91 18 -82 36 54 -17 36 -82 92 -43 -51 -86 -58 14 -18 -73 -90 -68 -48 87 -43 -76 -94 -87 -84 -19 -35 -48 35 45 -47 -47 -47 -54 -10 20 51 -99 -39 1 57 -2 -82 29 -58 -4 24 99 -41 -15 -16 -25 -81 34 -47 -88 -64 16 73 10 -34 38 62 -66 -52 79 95 27 14 98 -47 -7 -75 -87 73 -34 -87 19 -29 86 27 44 -10 4 -61 40 -98 -73 18 15 34 17 75
-11 32 43 3 -53 -46 43 -10 -36 -90 -96 12 -43 71 35 -58 31 18 78 -66 91 -6 45 -93 86 83 99 -93 27 -64 -85 16 84 -27 85 87 -37 -75 -77 -27 -60 63 -13 -35 13 16 -76 34 95 70 91 -71 43 26 -71 87 52 67 81 5 -6 10 97 17 38 78 -5 44 -84 42 98 9 -4 93 -36 -20 -58 -13 -14 24 -35 -90 49 85 -89 -69 28 -88 -1 50 11 33 87 65 56 80 -64 -43 73 -75 -87 99 -8 38 -11 -18 97 38 7 -67 63 60 61 -51 89 -63 61 92 20 -88 -41 -8 11 77 44 94 70 -87 2 9 -45 -18 -15 -84 13 -99 12 -90 -7 -78 85 -58 19 58 -5 -21 -30 -68 17 -88 -95 95 85 36 1 -75 86 -76 -96 -40 54 -51 -92 -3 -53 -54 -49 -76 57 69 78 29 -12 56 -39 64 -63 -42 24 -45 -54 -98 -38 -75 16 11 -96 -63 -36 27 93 -56 -96 13 -46 -98 77 41 53 88 49 9 -30 25 36 21 -55 -53 13 54 94 -76 -11 -56 -61 5 -4 18 -87 -91 -32 87 3 8 -63 74 78 22 -89 -31 -7 -57 -46 -61 66 -42 -46 12 11 -1 56 76 -72 18 -9 -19 55 35 -45 62 99 -53 13 -49 10 15 -57 -87 33 -50 67 55 -51 73 -48 59 -13 -27 -25 83 1 57 -37 27 42 -84 -6 13 -42 69 5 90 -46 88 62 -72 22 90 -83 -92 -14 85 -23 -87 28 89 80 -52 -7 -65 -74 -76 96 0 -4 -43 54 -28 -64 86 -11 -62 -39 66 72 72 47 6 93 -18 -27 61 66 82 -79 -22 -95 38 -62 45 92 -44 -37 -70 68 69 -36 76 73 18 -43 -23 -33 -13 -55 -94 -41 -65 -29 85 62 74 21 41 8 39 79 -89 61 -44 -72 -75 -36 61 -96 -37 -70 -90 11 82 30 -69 53 23 11 -18 32 -38 6 7 99 -94 20 25 84 56 74 -4 31 80 10 -39 80 0 31 -3 87 -57 76 1 -17 -89 -75 -11 -22 -32 2 -85 39 1 83 68 62 40 61 84 -83 -84 -78 -9 53 -54 13 -11 43 48 71 69 -35 8 49 -6 -79 -26 64 -55 74 60 84 -61 -19 -28 48 90 -96 84 -77 75 42 13 -81 58 -31 91 -87 -7 -56 63 -39 86 -17 -76 3 -89 -8 -6 22 -26 -97 -52 83 -65 72 85 92 74 95 -32 -79 -69 80 -53 35 15 -71 -55 82 -83 46 57 -17 84 -63 37 -95 -66 42 -77 -46 40
-80 -45 -3 -45 -20 -32 -36 -73 -20 -99 55 25 46 -59 66 -79 -46 90 97 -36 -27 83 -56 87 59 -4 -82 -44 -21 -85 80 -94 20 -53 71 68 -55 95 -71 -29 57 93 43 -97 72 -27 39 21 -82 -50 84 98 -97 -10 -45 62 45 -48 -91 13 51 -39 -71 46 -62 -38 -73 -50 -77 -42 -42 -6 39 -5 94 -51 76 17 74 -3 11 15 -75 97 -74 97 13 6 43 -2 29 95 -27 48 97 52 68 14 99 78 76 9 -22 -17 -47 54 -57 -87 -97 94 35 70 -82 3 3 5 -93 76 -20 80 61 67 12 -54 -47 -72 64 52 -42 -35 -16 -15 13 -41 -95 -78 -92 -72 -35 -64 0 33 -31 13 -65 0 -94 -94 7 27 14 -95 15 -76 70 -15 -54 35 -1 -72 42 63 27 -25 1 -27 -19 10 83 35 19 -55 -43 30 -91 68 -30 -20 36 63 -26 24 -83 -2 79 82 26 -71 67 98 -39 31 88 -68 82 -91 55 68 -52 78 -80 77 -75 -54 90 -72 66 -56 -55 43 74 -77 -9 -91 51 81 30 -1 31 66 94 -33 -67 -5 9 87 -38 -64 -68 7 54 51 92 63 -19 23 33 17 -88 -43 -45 26 79 64 -60 71 -8 -96 -79 -92 41 67 7 75 -83 -85 -54 59 40 -66 71 44 -36 81 91 23 27 65 -64 -4 58 -29 40 86 99 -61 51 -30 -7 28 55 -44 -94 -72 -82 -40 38 -76 -40 71 -21 -33 88 -86 -29 -96 -90 57 22 -57 69 20 -38 99 -83 -89 3 -85 -70 4 -95 -47 14 35 -6 42 -68 30 73 16 36 22 -75 91 -20 86 -16 34 2 62 -28 71 -82 -39 -52 44 -85 -5 53 -6 73 53 13 -68 -5 -26 9 -78 -31 -36 -76 -91 -25 -50 23 -41 -58 44 -59 -93 -9 -37 -71 -1 15 40 92 27 7 -15 72 95 88 50 24 -40 -83 -71 27 -61 -88 29 -38 -11 58 -72 -32 9 40 73 -73 7 -74 -98 -34 -64 24 -31 46 88 -72 83 -95 -20 -75 65 90 95 -6 -85 -92 -33 99 10 -60 57 67 9 -54 -64 10 82 6 35 -75 64 78 -29 -36 10 67 93 -31 30 -97 -61 -96 -75 33 32 -23 -48 66 70 21 -85 12 -11 98 97 23 40 8 -36 15 70 80 -94 86 74 33 -17 72 -28 -91 85 -62 -10 -43 60 -8 56 68 -17 97 -26 -2 6 47 -95 -44 54 -62 -50 -81 80 -10 -11 13 45 21 -55 -46 -37 2 -43 39 99 -69 73
-88 0 -97 11 -46 96 81 54 -66 96 14 15 0 88 -61 33 82 61 -78 23 38 46 -91 -1 74 -68 2 -72 70 11 24 -84 70 -6 64 -26 1 63 -58 -25 44 21 54 -8 -59 79 -30 87 -46 10 77 -30 9 -59 26 54 30 14 -6 -58 84 61 7 30 -18 -96 -99 -96 5 18 41 15 61 28 72 48 12 -93 -38 -65 -62 -10 90 -41 46 -33 -16 -15 63 77 32 75 -29 34 -29 34 40 82 6 -36 -95 23 42 -41 -14 82 80 38 26 -91 84 -58 -57 -60 51 -4 21 -57 90 -98 53 79 97 70 -14 -25 -81 -53 8 -35 45 47 49 -43 -45 -34 70 -44 -88 -73 -55 -26 3 -17 -82 26 9 31 -28 68 57 76 -59 -90 -92 -67 32 -64 -53 61 -93 97 -33 18 30 -4 -98 15 8 -7 -88 -47 -2 98 -45 49 -92 9 31 -9 -73 -15 -79 4 96 -35 85 39 -53 16 18 -56 -22 -25 -60 -69 83 94 -37 20 -9 28 -43 -22 84 69 72 -82 77 -39 89 -90 -51 41 -67 78 -32 -11 95 29 -35 -2 -40 -23 87 -69 83 53 98 30 -73 -33 96 -23 -72 -29 12 -42 -48 54 -52 -68 -68 -58 -22 -43 88 74 66 -52 -97 -85 -6 52 2 -34 -21 98 -35 -82 85 52 -30 77 81 64 87 -68 -42 30 50 11 -29 54 -77 9 97 -10 46 20 31 87 43 -48 74 19 74 22 -75 57 -56 48 -16 54 57 -84 33 -72 77 -75 75 38 93 79 83 19 -74 -39 -80 14 11 29 5 -34 -15 -44 -63 59 35 34 18 23 68 16 -25 62 1 -42 -26 59 7 -6 -67 65 5 48 16 -21 -26 33 58 49 82 74 -17 69 -16 87 92 -38 42 98 -3 1 -50 -25 25 -69 3 -63 -75 -90 -59 38 45 -50 -59 9 -22 82 -78 -69 -87 -62 -10 -89 18 40 -66 88 82 -26 -6 84 22 -97 -82 51 58 -60 59 -94 -22 96 49 95 93 66 68 -20 -79 26 75 28 -49 43 -1 5 1 -67 -56 75 16 16 95 -11 52 91 -12 -20 -6 -3 -30 -10 90 -54 11 -53 -51 -13 -39 61 67 -33 -63 -75 64 -84 93 77 -8 63 -61 32 62 17 -63 12 26 34 -42 94 66 -52 -95 -4 -95 29 -35 27 23 63 87 -78 -43 95 -44 -87 28 -30 28 -49 -4 91 -16 -26 -85 92 -54 85 90 38 30 -9 26 31 43 -79 -18 -87 -63 45 -26 44 -45 29 -46 47 -24 -94
-82 -94 58 11 -93 -37 29 33 95 -21 -61 96 -82 95 -31 69 79 -72 -75 96 -80 40 2 -71 -16 65 20 58 37 -72 -70 -98 -94 69 -62 -49 -27 -11 -74 -41 96 45 -48 -73 82 66 -82 1 62 -98 24 13 77 -39 -60 -54 -97 -70 -32 -70 -70 -41 33 -64 29 38 52 -71 -46 40 -94 95 -6 12 31 2 39 -36 45 -67 -56 38 76 -93 -52 76 1 34 -53 -42 -49 -10 -79 -36 74 -66 -8 -30 -57 36 -84 98 -9 -60 1 -74 16 -30 -83 69 -58 -48 59 -45 27 -58 4 53 -37 32 -59 -50 11 98 -17 66 -22 0 69 -15 4 22 89 45 -16 23 59 51 -42 54 65 -26 0 -1 -53 47 -88 -74 59 -29 91 -80 55 57 4 20 87 -68 -13 -36 15 39 48 -62 -80 65 -42 62 -11 -35 86 45 4 -69 88 70 -30 -18 -34 -12 -88 -10 68 -61 -34 -70 -95 -9 -35 82 89 0 77 91 44 -94 -78 69 70 -27 -70 -17 57 51 4 52 86 56 94 94 -65 98 13 13 68 -13 -36 -69 -34 -42 17 81 -10 82 -30 67 -26 8 31 98 -47 16 59 -77 85 -93 67 50 -93 -51 50 15 -67 77 -61 77 -68 26 -86 86 43 25 -17 12 68 -78 -84 -22 -69 -46 13 -92 4 -16 97 -88 -27 86 25 -68 31 -86 -36 -66 50 6 -95 -65 -30 46 -44 73 25 -50 75 -29 -29 -23 22 44 -79 -92 37 88 -43 -76 -38 3 -55 -16 74 25 92 8 8 -90 -33 -87 -68 -15 -65 -80 29 -17 31 85 -18 32 -96 6 -70 -47 -43 1 -72 -64 -66 48 -5 34 70 -29 50 24 13 0 -6 -11 -45 29 82 -83 22 27 48 -6 57 -46 58 83 18 72 -5 -20 2 75 3 -78 64 19 -48 -69 -17 -26 13 -33 63 8 90 53 -87 -66 -40 47 36 63 47 4 -81 94 64 -10 -20 27 -47 31 -62 76 -47 -23 -30 -36 45 -78 48 59 -37 57 -69 30 44 -41 -55 -68 82 86 -81 32 32 70 24 72 -60 37 1 21 40 14 71 38 47 66 80 96 41 51 18 41 39 -26 96 15 -91 50 -93 86 63 16 -15 -75 69 -30 -67 77 22 -92 67 -29 -14 64 58 3 -20 14 26 27 57 -21 -59 -54 -25 17 -83 -87 75 -35 -37 62 99 -40 99 -47 -15 -22 -19 -26 -88 47 -61 85 49 41 13 55 -19 9 24 -55 66 -78 48 11 -4 24 -91 55 -60 93 89 -99
9 -8 67 -40 1 84 -28 -35 -17 21 -73 -79 7 97 63 -95 -75 -26 -59 44 -69 28 -34 17 -17 81 33 80 69 -33 -64 46 94 -94 78 94 -65 9 -12 48 97 -23 -86 23 94 -86 -68 -84 -50 -7 -59 88 -93 -57 -76 -19 -87 60 -67 1 -53 -47 -95 -68 60 37 90 -99 -16 73 40 -69 99 39 36 -19 28 -3 -25 31 31 69 -37 91 40 45 50 32 -74 85 -65 18 92 66 51 24 -77 19 4 -44 13 -14 87 -33 57 -54 53 0 -32 74 97 5 -56 -53 79 67 -7 48 -3 -61 59 15 -51 47 7 96 39 -48 46 42 70 -60 -6 -82 23 94 -75 55 11 -75 25 -87 49 93 73 2 19 4 -71 43 -42 -78 90 -12 63 -60 82 25 -74 30 -2 20 -58 -4 -76 -12 -3 -63 -96 22 66 78 -21 -55 21 -46 69 -49 4 66 75 33 4 90 -82 56 -83 52 26 47 -53 75 -2 27 -10 -84 17 42 99 88 -78 -39 28 34 -14 -2 71 88 68 -99 64 11 31 -69 61 19 19 91 63 -76 -20 -97 -83 -77 -10 -73 95 -12 80 -14 -82 -16 83 -11 12 -41 95 -51 -48 -89 -44 -68 74 47 -66 -6 91 82 -71 16 72 -6 2 -24 17 -89 -94 -85 -49 -35 24 -68 -28 -20 34 -93 95 -88 26 -81 -5 -4 32 93 72 43 -95 -39 -70 13 -12 45 42 68 41 -87 -12 -16 33 -22 42 92 -13 22 -72 46 10 -20 81 -7 -15 -89 32 85 -25 75 28 -1 67 23 40 83 -57 -82 54 74 -28 -60 -48 -41 0 -1 5 -81 -55 -85 33 91 70 -46 57 6 -86 -36 16 45 3 96 -94 83 -61 65 64 -60 78 -94 -92 7 23 46 -27 -92 59 -20 -51 93 -66 -49 93 -71 -96 81 -57 21 -66 44 87 -63 56 -18 -91 86 -94 -1 94 -82 17 -98 80 -68 -2 -14 -11 -93 45 -60 94 -31 46 -85 47 -16 -15 -92 -31 -18 -74 -87 -89 6 47 -77 -18 0 9 50 -40 -5 -1 -46 -48 98 -3 50 -35 51 -2 -88 49 -81 -70 54 11 -26 -95 -37 -74 -67 95 -79 70 79 97 88 -91 -7 -36 81 -90 60 -33 -68 32 -71 -6 51 72 71 36 85 -4 -63 35 -38 34 51 -27 -18 -81 -96 -51 -3 -58 75 97 32 -45 84 -79 99 57 4 7 -32 30 -85 18 -45 32 -9 -12 -51 41 -29 53 41 28 -67 -2 -95 73 91 98 29 72 -43 7 -98 85 -84
-32 4 -20 38 45 -76 29 61 93 -74 61 7 -11 -50 -47 43 -76 -47 72 48 90 -97 -55 -24 91 99 0 56 -79 -33 53 16 33 52 -23 -63 -74 -30 24 -57 52 -65 14 -34 93 -89 69 -42 -10 16 57 -20 -38 -36 -77 40 47 98 99 -8 -72 -36 -81 62 -40 25 7 49 -85 -88 78 48 -65 29 -83 97 81 25 -40 -13 -83 -56 44 -2 -21 54 -29 75 47 1 82 13 -56 46 -70 4 58 -22 -25 -87 -15 55 -44 -2 54 94 43 -70 6 -63 -8 6 23 -79 66 28 82 -13 -20 -63 16 89 52 -56 -61 -33 15 84 65 16 49 1 98 61 -25 21 -84 66 -11 -89 27 61 -33 -84 -33 -77 -8 -96 -46 -7 -74 -6 98 -58 -31 -83 2 -86 6 56 57 -79 -59 44 13 70 -47 86 0 89 -55 -47 -76 25 -95 -18 49 -95 50 15 95 76 4 71 34 48 72 -17 -96 43 -10 37 -31 -36 -31 -25 -12 80 48 87 -51 26 9 -9 -7 61 91 23 24 -3 -42 72 10 -15 98 -94 -11 -88 -85 -16 65 -55 16 4 -45 70 85 -10 97 -49 -27 -17 -5 -70 96 69 77 -96 -94 -36 -5 -35 63 -10 -73 46 55 83 -28 -17 18 -62 36 -86 85 99 4 90 30 -77 -71 80 -97 64 68 -16 -12 -84 -41 -25 -53 10 -85 -96 -24 96 -7 -70 -18 -51 -11 32 40 -26 -11 68 -84 32 -88 -80 55 -47 -25 15 -92 87 18 43 85 88 63 -69 47 -41 6 -50 70 97 18 76 24 -23 34 90 18 -20 42 92 -70 -25 -1 -45 -7 69 94 84 -72 23 -70 -59 -22 -69 -73 18 22 -18 31 -61 -5 -40 42 -64 -67 -2 24 92 41 -7 87 -46 -59 -4 58 33 16 -98 24 40 -74 -24 -95 58 6 -17 -14 3 95 75 32 96 -51 -48 59 -47 -49 -99 88 -3 88 99 -72 -65 -25 98 35 11 84 -69 -91 -12 -70 14 -58 16 -42 22 -62 -37 66 -34 -6 -39 -23 34 -36 -55 -27 79 57 -2 -32 21 -55 61 -79 42 -38 -68 -68 3 -69 -59 -40 49 -62 94 -97 8 -26 -26 6 -37 19 -19 54 18 20 44 -32 -81 -51 35 -11 -73 -27 73 -69 -8 75 -52 32 83 -26 -84 -52 28 -98 -1 85 47 -87 -95 87 -46 45 -7 19 -70 20 -48 3 -16 -12 76 29 25 -87 72 70 98 94 69 -51 44 8 -26 92 94 -93 21 28 -90 40 61 9 -84 -21 21 84 -50
68 -66 -91 -74 85 57 -76 -84 -67 68 38 -28 -5 -34 32 -95 -62 36 57 -50 71 -18 -48 78 -15 74 94 57 -73 -27 -64 -54 -38 -32 19 -73 -92 -39 91 -25 -47 -48 64 -61 -83 -26 14 -52 -92 99 25 41 70 -5 15 -34 -95 3 -25 72 -35 20 -5 -81 -25 -1 75 -90 -70 45 68 -39 11 33 38 -53 87 -10 -22 -85 4 34 53 -17 -94 63 62 -97 5 -16 0 -61 -40 -80 -76 42 -17 23 -86 77 11 -60 -18 -58 -67 -67 34 37 -94 30 -27 -19 38 84 -48 -25 48 93 25 -74 76 92 63 96 -88 -41 91 72 -26 -15 60 10 -93 -27 -20 76 -27 -66 99 -59 -39 26 40 -35 22 -92 -40 98 6 -41 73 22 18 44 44 -49 98 61 52 -34 96 -52 37 7 60 -99 73 95 49 -10 -2 -35 -65 -6 -54 72 74 -57 -31 -55 -33 96 -8 -80 -86 8 -73 87 -26 -81 -67 -91 39 50 -6 68 24 79 75 40 -76 -33 84 3 59 -4 33 -92 95 22 17 -84 75 56 49 81 34 26 83 -33 -87 -89 -49 39 -47 73 -83 35 5 50 16 -79 42 13 -90 2 -27 -57 -84 58 9 -12 42 55 -4 -3 48 -8 -92 -89 28 -38 43 -55 -31 -9 -66 -60 -68 10 22 19 18 -7 -7 -82 -97 76 -53 66 4 -52 -86 -65 -88 -47 15 8 1 64 -24 92 -21 52 -66 -54 -7 63 85 63 -36 -71 -48 31 39 -94 -59 50 49 -79 -64 -9 71 -76 67 -2 34 12 20 -7 35 -15 59 -6 -37 44 28 -20 -12 -67 66 -64 -75 25 85 -34 -32 71 96 -27 73 -73 12 -89 -32 -24 -18 -82 -10 -20 75 22 1 30 -75 33 -61 44 -4 89 8 -63 -94 60 82 -8 -1 59 0 -15 84 -88 -33 -91 69 94 -60 -79 -17 47 -63 -97 -55 -79 28 -84 -70 -55 8 -51 -98 -42 0 -88 -15 -41 30 -28 -62 -19 10 27 87 -29 18 -59 31 -53 56 -62 -14 43 59 11 70 39 53 -12 -68 -95 -7 58 -80 85 61 -42 66 97 -87 -81 63 -89 1 36 -50 -78 91 -70 45 -27 57 81 16 -60 -57 61 45 -82 49 -92 3 -24 5 24 80 -76 51 -82 70 89 -66 -49 25 70 -1 56 42 76 53 -47 -20 6 -62 84 92 -13 -44 21 5 61 15 93 -51 74 -9 92 -53 77 -11 -70 74 -96 -94 -91 -64 22 -92 -7 24 50 58 -15 -6 68 -16 91 76 22 -21 -80
51 5 -44 -55 62 -96 72 -21 -13 -67 79 33 -80 -57 26 -87 -38 61 -82 4 -23 -74 -87 40 -84 -55 21 72 -14 -1 -51 17 -22 -26 69 48 73 90 -72 -37 -74 -54 -43 -46 69 -11 13 51 60 90 62 14 49 -21 -66 95 20 70 65 26 -52 65 -75 92 8 -83 -14 -25 -74 -75 45 -56 -72 31 2 -27 -4 37 -89 -32 70 -55 -16 27 45 49 58 5 78 41 -80 -64 -2 24 58 -83 47 -28 1 -85 -67 -18 9 -96 -23 44 86 -34 -88 18 -70 21 76 -88 -85 -64 37 67 85 -19 -14 -75 51 46 87 72 24 -30 73 -52 89 -94 81 -5 -60 42 26 83 -88 -90 0 76 57 -96 -13 -86 25 -83 44 -33 -18 47 -3 93 45 -95 96 -99 -85 50 -82 80 37 21 24 -89 -39 62 -14 80 27 39 0 88 42 -83 97 -43 -62 -53 -27 7 12 12 68 -49 54 97 45 -4 76 -27 -70 39 39 41 8 94 -63 89 53 -86 53 -77 -84 75 58 31 80 -85 3 -38 -35 11 52 35 -41 -31 35 -88 90 -20 34 76 26 58 -54 31 -95 40 79 86 78 1 30 -93 -95 18 -54 -14 -47 -39 69 -63 39 61 17 87 -33 32 -17 85 81 -17 -10 -1 98 27 44 -37 60 -6 -60 98 19 46 77 -28 29 -55 -48 -69 -81 91 85 86 -45 42 7 16 9 47 -95 4 -5 11 -75 57 -11 91 57 -19 -65 -75 47 -11 98 35 76 -48 8 -44 75 -45 48 -59 -87 50 29 55 -4 11 29 -10 -92 -25 -9 11 41 28 -77 -66 68 -3 -87 -84 -92 19 -67 -75 70 -37 -40 -51 76 -75 79 -54 49 83 51 -39 10 -77 92 12 -32 -86 -66 45 39 39 99 -78 -77 7 -36 99 43 37 -63 -87 67 93 -65 67 -55 11 44 -87 -59 -66 26 98 69 45 -72 11 81 83 -85 80 -25 96 38 21 -64 48 99 -25 -25 21 -27 40 94 -69 33 97 34 70 -55 71 47 -55 59 -52 70 -87 -8 51 -26 29 -3 -80 6 26 -15 -95 37 -77 48 7 -74 30 99 52 -33 -71 -71 -58 85 -24 -18 40 16 -80 -47 -33 -66 -64 9 -34 -54 -61 87 56 -65 -98 86 -84 -17 98 -30 -73 -2 -57 -38 -22 -71 9 37 2 -4 79 -75 74 -37 52 -76 -21 86 -2 47 31 84 49 21 -85 54 72 -6 -61 73 41 -4 11 46 82 30 59 -11 83 -49 -3 -85 -84 89 9 35 2
-48 57 -73 47 -2 -72 23 -48 0 35 93 -26 39 31 -10 79 62 -76 -23 -75 -59 -30 -13 -46 -60 28 -32 75 49 87 -63 -90 -33 49 6 -71 73 14 -41 45 99 26 26 -62 -96 -58 27 6 3 84 -66 -2 30 -25 -20 86 -84 -80 -2 -26 -33 93 -72 85 91 -44 14 98 68 2 -44 -69 -62 -52 63 42 -22 93 79 -90 58 -43 47 54 -41 -27 26 76 29 -95 21 -14 30 76 -31 -30 -72 63 -69 -76 62 65 30 16 15 -8 -79 -72 -49 95 -50 39 98 -5 -16 66 96 93 72 -66 -73 -45 71 -36 14 -42 -41 -39 59 -5 47 -90 -6 -29 58 -25 27 87 69 -30 -78 -52 -45 -33 -92 -3 76 -27 -32 86 -90 56 96 -58 44 8 76 -55 -35 27 72 -38 9 -14 3 -80 96 -84 -33 -77 89 77 69 82 -47 9 99 52 96 -21 78 -9 24 0 69 54 -96 63 -73 88 -2 37 -62 -96 79 17 61 59 56 -39 76 10 89 -23 10 51 62 40 -66 -92 32 -99 58 -80 -91 -81 -71 78 91 21 -59 -90 -52 28 12 65 2 -55 -58 86 1 -84 -34 -40 -62 -81 -20 -40 95 1 -16 98 -40 -18 50 87 -53 -76 6 -98 21 -58 85 -58 -14 43 -75 60 -27 26 59 92 81 -50 88 38 97 -74 -90 -83 -11 51 -19 -17 1 92 9 -2 52 -55 73 -88 -28 86 -96 -3 18 42 -93 -36 40 89 22 -92 54 -71 32 56 -59 0 94 -48 32 50 -28 -44 -30 58 31 92 -68 42 41 54 -39 -38 -5 -69 54 69 12 -95 2 -61 41 21 64 80 57 -51 67 48 -77 -23 94 -8 -99 -77 25 65 -55 -50 -78 68 -39 44 50 -28 81 44 -87 -94 -11 -41 -93 73 -38 -57 -1 87 23 2 49 76 95 -10 -51 39 -21 -44 2 -94 58 -81 34 41 -18 -45 -30 44 -47 -96 -58 27 -23 -89 87 11 35 31 54 -73 -84 -2 -63 67 -98 27 -25 80 -40 71 -44 -89 -59 50 58 -85 -99 -14 -65 33 -75 -32 23 -47 -85 8 57 99 -56 -58 93 -86 -49 93 -2 -39 79 58 64 69 78 7 -88 -37 -50 8 -15 -66 -48 35 -42 -74 42 -61 -28 10 -84 93 -11 15 16 81 23 87 -8 19 51 97 -38 -68 85 54 -45 -42 -31 12 13 1 -28 31 95 82 -75 -63 41 80 -30 -61 81 34 -12 -96 -30 45 30 63 52 -44 -99 11 -64 -50 99 19 -65 16 -34 45
65 1 -77 48 -46 92 -42 -46 -55 -87 -35 3 -96 -21 42 -52 20 62 -6 -58 -87 96 -13 77 63 -74 17 7 -66 32 5 -50 22 52 -39 -41 -16 11 -60 26 28 40 -72 4 -87 56 41 12 -82 -56 -43 -11 -35 -17 -20 3 -34 -6 -17 -64 20 -59 42 -1 24 -11 74 -20 32 -6 -59 58 -83 -76 -39 -45 -9 33 71 -60 21 -83 -57 -79 47 69 93 -85 -29 -55 37 29 20 -31 95 87 -23 20 62 -45 -56 -47 -46 -92 41 -94 -8 -26 69 -91 68 36 68 -41 -87 50 -5 57 -85 -3 -98 30 -62 89 -35 8 29 -57 23 72 -40 53 -10 -88 -21 -42 -95 29 -28 60 -51 -90 67 4 -24 -66 83 -39 25 61 -92 -20 -86 50 58 -71 47 50 59 13 80 84 31 -73 -71 55 33 18 29 -81 -40 12 -30 48 39 5 -31 61 66 -54 -38 -87 -83 -61 -47 -46 -21 2 -82 71 -86 -12 -81 -2 -96 -33 -12 -35 -63 18 35 27 5 41 98 -77 -46 -90 49 33 82 57 7 -56 5 7 -3 10 47 -43 -66 57 71 -98 -78 82 71 77 -55 60 -79 91 -89 -13 20 4 99 12 -13 -11 -14 73 55 44 52 90 59 66 22 -69 -48 -68 84 -5 9 48 29 -36 -62 -95 92 -52 5 -58 6 17 82 1 -61 -86 -53 63 -18 58 53 -80 -64 81 -56 11 -40 -77 30 81 -85 -98 48 28 75 -49 -51 85 52 13 42 -58 -27 -36 8 96 89 4 66 -23 -58 -18 -75 21 -91 -40 56 38 -94 -72 2 43 33 -21 -37 31 -96 -81 -92 -18 37 -34 -17 24 -25 21 -53 64 -8 60 68 92 -83 93 -70 -90 -32 -23 93 -45 32 18 59 2 97 35 18 85 -87 21 -37 16 27 70 -83 -67 -69 54 6 -47 -47 -12 -99 -73 -81 92 -32 72 15 -6 27 -77 -42 -23 38 90 77 71 -30 63 -58 -29 7 83 -14 69 -48 -47 5 -81 -49 -9 -37 88 -57 -86 -91 -43 -83 -39 17 -13 68 21 29 25 36 -32 -94 65 -80 -75 -53 89 80 2 -4 -84 76 -47 -37 -19 77 29 38 -92 20 -86 83 98 90 10 12 -6 -87 23 -76 10 72 44 -31 -60 -30 76 -49 11 15 26 80 28 -54 2 68 20 39 -43 91 -72 66 20 6 15 90 -55 14 -98 -80 93 -26 90 50 -44 -64 41 51 8 -64 -41 -64 80 18 -91 96 75 -94 -31 92 -88 93 -20 -78 -9 -62 -54 3 38
75 31 -95 -35 -90 47 -64 -17 33 -20 -75 -11 -24 51 -65 14 37 8 1 20 -51 84 -54 69 58 -69 81 -12 -7 51 52 -65 -66 -73 15 14 18 26 40 74 -14 -27 -94 -22 49 -97 -19 69 60 -36 29 77 80 -88 -12 58 -66 59 -3 -19 16 76 8 29 -7 87 -61 -3 -90 -11 56 -61 50 39 87 62 -7 28 -7 43 -97 46 6 -92 39 48 -38 -30 78 -70 51 -32 -27 -67 33 -67 -78 -21 43 27 -89 93 86 79 -73 -80 0 -84 12 51 -96 -30 -30 45 77 40 -15 -32 -54 27 -7 38 62 -52 7 -1 78 88 8 -7 0 -38 20 -28 -50 -95 -28 61 24 96 -94 -17 -68 -28 -22 -3 68 -54 66 -20 -32 46 76 -9 -27 21 17 53 33 27 -85 76 34 -84 -38 75 26 41 -82 -63 96 99 42 20 61 41 -5 11 -75 -81 71 -74 20 -62 -23 86 -64 47 -96 63 -31 99 78 -73 -23 40 -47 -99 -26 -5 78 -29 70 -79 -36 99 94 -93 -37 21 62 9 21 54 -55 -26 -95 1 -78 -90 46 57 47 -15 18 -30 99 99 -22 27 -30 -87 96 -59 34 6 -74 -62 26 9 -20 34 68 -80 72 36 27 -97 61 23 -36 67 -41 51 -23 33 27 19 -80 58 -71 -83 -61 36 35 80 50 37 56 89 23 -21 -33 -14 -78 -88 9 48 -50 -28 46 25 -45 5 72 0 -57 -7 -63 59 -37 42 -5 92 57 68 -8 -22 -80 87 -77 -56 -13 63 14 11 -70 54 -7 -43 -82 31 -2 71 54 -27 -89 -74 24 59 97 58 34 -33 -79 -74 -25 -99 18 -56 45 -49 59 -48 43 -17 -37 -60 -96 98 -60 -86 -35 -85 -9 84 59 -20 -79 -18 -65 -97 -42 -64 -4 52 -76 34 -29 83 5 14 -2 -74 -54 42 -91 23 16 29 94 19 74 -63 85 33 2 -21 -47 -22 79 70 62 33 20 73 -32 -3 87 -94 12 -15 -66 -49 -73 46 52 1 71 -8 -21 34 96 -98 -58 -24 30 -93 -79 -91 -11 -64 -42 -45 9 0 53 -94 32 15 -69 -4 -48 -7 -99 -45 -10 88 5 57 48 -44 -42 -38 -52 9 -42 -45 -80 -77 76 -20 -63 7 33 -59 36 33 -24 -28 -74 -65 -53 64 -1 -46 -47 96 -31 -35 -99 94 77 44 -48 -50 -13 85 52 61 28 -84 -33 -96 -14 16 14 15 -6 -1 -5 -55 97 0 -21 -55 62 67 -25 -88 -1 -43 -83 -67 -31 -42 22 70 86 22
-42 -68 -5 63 -46 30 -7 69 65 95 -24 28 -3 -46 -42 -17 -99 -55 -53 31 -91 -10 -81 -83 3 72 58 -74 -84 -97 -14 92 96 -70 -25 67 9 63 57 -85 29 94 41 -49 73 9 -39 -36 -57 16 67 30 -97 -35 -54 -19 -80 36 -42 27 -30 -89 -36 -16 -43 0 -98 -29 65 -26 -43 -49 8 39 69 -70 -82 39 -12 36 -99 56 14 52 11 -56 71 -86 -19 12 50 18 -47 -51 -68 -28 -44 -39 38 45 -50 -14 99 3 -71 77 90 3 -48 -50 -89 77 -89 3 -17 38 59 37 71 -1 -87 -8 59 27 -53 -16 70 22 -2 -97 -26 31 -71 61 37 -85 -31 29 -26 -77 -39 89 87 -78 46 46 -26 -27 13 -55 -93 -68 13 82 82 -31 -85 -27 -87 -15 73 -43 -26 -46 -34 -70 91 81 -76 83 -91 -67 -36 56 -45 -83 -37 -24 -13 -93 21 -90 14 -8 -4 12 -10 -65 10 9 -41 -43 26 -87 62 -71 89 35 82 -22 38 -83 2 -81 34 73 50 -11 12 -69 -35 -86 43 69 78 49 -64 69 -60 -90 79 70 53 39 -90 -89 -41 65 -8 20 -53 68 62 -35 95 -54 -86 -14 83 52 -97 -71 -91 1 -43 17 87 -97 94 44 50 -69 19 85 91 -6 45 -29 -37 62 -97 12 -65 50 -45 -65 -19 -86 96 84 98 32 -22 55 96 -75 92 -89 -81 91 27 -69 -37 80 9 -60 -33 26 88 -61 11 -86 -64 1 -79 78 81 -85 -81 -85 -30 62 -2 -13 59 -67 82 -52 60 -10 -59 89 -24 -65 89 -58 65 -71 91 55 95 44 24 56 82 -41 -23 -26 75 27 -68 17 27 -46 5 -5 -50 -61 -91 52 95 -66 32 -23 31 -30 -52 -62 -11 85 72 -61 20 30 27 -24 -1 -51 -53 59 -16 -20 75 68 67 74 19 63 -90 42 25 66 64 75 -11 33 69 -31 -66 -54 -75 6 14 -57 -30 44 4 -20 37 15 -65 -71 -66 -98 60 -2 -91 -23 -23 -69 -93 57 40 -60 48 -22 62 -65 -85 44 -26 35 29 -59 37 42 23 -77 -56 -10 26 86 -54 15 43 81 -64 -57 -82 78 67 36 89 41 93 -92 75 79 -34 30 37 -54 10 81 -70 43 2 27 -91 97 44 -27 -61 66 -73 -85 -76 -31 -13 66 -49 -78 58 95 -92 57 -31 15 59 69 -26 2 -37 7 -74 -27 -92 32 42 42 97 -17 46 -84 -8 96 31 13 84 -93 8 -97 -78 50 -65 66 20 -84 -46 21
69 88 38 -76 -19 40 -19 -54 26 12 -5 3 0 -28 -49 66 30 -9 15 71 69 65 81 -36 -57 -90 -89 64 -17 26 83 -25 -48 -23 -8 0 -47 -87 0 -26 1 27 -17 -35 96 15 -84 47 -83 7 75 -75 46 94 12 29 -67 87 -79 -74 40 31 1 -83 -27 52 -22 59 52 4 -55 -42 -84 32 -21 23 -45 55 12 13 -69 55 26 96 13 73 48 85 -3 62 19 -64 25 42 -96 92 16 -79 -85 -3 25 -44 2 -90 42 -45 50 -37 24 -40 17 -71 -70 31 7 16 90 -75 61 -23 64 20 -5 13 31 -55 -25 -77 -99 -83 12 -90 -32 -69 -84 42 16 36 82 74 49 -42 -65 13 81 91 93 -89 -4 -25 -95 -77 -31 -68 -55 -17 67 98 74 38 91 -50 -14 70 35 25 -32 -61 -91 46 -77 -62 -16 -24 45 -82 44 -24 34 17 12 54 85 -74 70 -17 -92 56 -4 -44 61 -64 5 61 -41 -76 -23 52 -26 -12 -73 -53 -9 59 -91 20 -27 36 -13 69 -24 -88 -76 -84 49 -74 -12 48 -79 76 -18 -81 -13 -64 3 48 54 -18 -91 60 57 -91 6 -26 36 59 -12 -94 65 -43 -73 40 -19 -60 -25 85 -77 98 25 -98 87 -81 -54 63 -7 5 -11 29 53 94 -47 82 13 -45 -2 -59 -42 87 59 95 -38 -46 21 70 -66 -80 -23 5 -74 48 40 -33 -9 -89 57 27 -52 -99 52 58 -57 -67 -31 61 90 -3 -4 -41 -22 -91 -53 -87 -41 75 -55 91 -57 99 -15 34 32 57 -69 -36 -48 56 -22 51 40 43 79 -84 2 27 -79 82 39 -61 75 44 23 -78 80 -61 3 -96 0 -84 -91 85 89 -3 -36 -44 -20 10 -32 32 42 9 61 -52 10 -98 91 -4 -35 -71 -61 58 -86 18 59 -36 29 -99 78 34 2 60 -10 -62 -14 -33 -15 -48 32 -18 -67 -63 -73 79 -68 -59 45 66 91 73 -8 -23 -74 -94 -18 -41 78 63 -77 -56 86 -20 4 -21 66 -55 99 66 88 80 -7 -56 18 -93 37 -50 9 22 32 -26 -67 -93 61 38 -41 56 -67 87 -51 -61 34 -6 -29 -52 30 53 88 -75 -85 39 41 -19 -5 51 77 -34 41 17 -36 -21 -96 21 -93 41 -6 90 79 50 43 -60 96 -63 40 -45 29 83 34 35 98 -66 -60 99 66 82 -85 -10 -2 -87 4 39 81 91 -80 13 -90 73 -65 -20 -98 24 86 -42 -73 -30 -33 -73 -46 -68 36 4 68 -12
57 30 13 69 -42 -67 -47 32 -76 50 -59 -41 -96 62 -75 64 93 2 -4 4 -78 -87 -31 84 96 -54 -37 -71 67 -16 7 63 -37 55 -92 91 -43 -22 44 -13 -41 -69 89 72 54 3 -22 -24 -46 -10 22 23 -88 -53 -75 -39 69 2 -37 -75 -24 2 -88 -67 51 50 -16 -93 -76 -1 -75 56 -71 72 -31 -41 -67 35 39 -34 87 94 54 -68 43 9 -61 -49 18 -66 -4 77 -8 -21 -26 -62 20 -71 77 -46 37 -43 -4 -98 44 93 -36 80 71 -57 13 -8 54 -25 80 -75 -92 5 -14 21 -97 -32 3 2 -1 32 26 -87 63 76 -47 -51 -38 -65 44 -98 43 -57 -64 41 47 -89 57 85 -55 25 -14 47 -64 87 -14 -50 1 -66 65 51 -18 77 87 -64 51 -96 -57 15 35 98 36 11 -87 -42 90 -61 15 -77 24 -84 -55 98 93 -29 -4 -83 40 76 -6 33 -73 61 -16 -52 46 12 -68 -99 47 76 -13 -37 89 1 -7 -26 -21 -33 -36 -73 -26 -22 11 42 -45 -58 11 30 83 -66 72 -92 -55 16 66 -64 -5 27 4 -80 -89 -82 43 -22 -32 95 -14 96 -78 5 68 67 1 45 -75 -57 -43 -71 -10 -65 -48 54 48 17 -84 -4 94 69 8 -42 -43 41 30 -91 81 50 -52 -54 -3 19 40 95 74 48 92 45 7 -47 75 -34 84 -30 3 47 -7 -33 56 12 -79 81 52 -52 -94 49 62 -82 22 24 9 97 26 -79 80 -86 41 29 -66 57 -70 62 -54 6 -85 -67 96 83 83 -71 -85 31 13 74 46 27 -50 84 -13 13 -56 -78 65 38 99 63 69 45 -28 -11 -33 -53 74 45 44 12 7 -6 -43 1 -32 -10 -16 -88 -69 -46 -11 -19 7 4 -22 -78 -51 -51 2 -50 -46 90 -58 -47 -12 96 95 15 -64 75 67 -77 -28 -4 88 -21 -88 51 -34 -11 15 22 -92 -65 21 13 9 56 88 -55 48 -92 -76 -18 -70 86 43 80 -59 -79 -98 -53 4 -56 -3 97 -17 -4 5 -1 -72 -73 8 -21 -91 -19 -82 -89 -77 78 70 64 -63 -73 12 49 -67 36 68 97 94 69 -96 -7 13 -99 -73 -77 -28 -45 0 -47 -43 -95 24 -30 4 27 56 58 -51 -73 0 -62 -99 99 60 -8 -74 -3 87 23 -80 25 -21 59 -49 -55 87 76 -80 -57 32 99 -6 1 66 76 -65 4 79 97 -50 91 -13 89 -19 -42 -60 -90 72 -55 23 -81 -16 30 -50 41 66 18
-65 -4 37 72 16 17 -93 -19 -19 -87 28 50 35 -27 -77 -30 75 21 87 -39 33 -78 -84 -70 -8 -5 -98 -77 -15 -81 -1 -36 64 -33 -7 -7 -63 -40 30 -74 45 27 91 13 -95 64 -24 72 -98 -22 47 46 -81 -92 43 -6 73 11 47 -17 81 -23 31 1 -80 -6 -60 -58 -95 45 66 -52 -60 86 28 47 -58 67 70 67 59 17 3 53 45 84 -33 -17 -25 -82 75 66 -1 99 69 72 0 -71 49 -62 10 21 23 -76 -81 93 -23 -99 -69 -95 77 94 26 -63 -73 -71 -24 -1 45 -91 -35 32 26 96 83 49 32 65 -60 -59 -62 14 85 -81 1 37 34 -93 25 -67 42 0 5 -6 74 -76 6 21 9 -60 -92 -56 -93 -60 -78 -78 63 46 34 96 57 -87 -47 70 -39 -58 -13 -89 44 56 76 -54 39 -91 -98 51 -2 -77 49 12 55 -48 -28 30 85 52 -52 52 -56 -56 64 -11 54 -63 71 77 55 57 79 -30 98 -49 81 67 -39 57 76 -96 -51 94 -69 -46 76 23 54 -30 -91 -45 57 50 -93 70 -51 78 -14 21 -27 19 -58 -33 -45 -31 -97 14 -73 75 -26 61 -72 -63 90 90 32 -52 -76 91 25 8 11 -45 -78 96 -39 97 -75 -19 -44 -3 5 -8 -28 -21 -55 64 -57 -82 31 63 -69 -99 81 3 44 -17 70 -95 2 29 24 84 -5 -34 33 -96 82 80 -39 -83 -13 32 36 -66 58 -92 -19 75 94 -20 73 -52 68 -15 -23 98 -48 -92 -58 99 -99 97 -59 97 90 -68 5 -6 51 -82 -21 -99 24 -80 78 -87 -13 43 65 -68 86 32 1 -42 44 18 95 -13 -91 -1 82 39 8 71 44 99 -63 38 -30 25 -97 -29 -35 0 -17 -95 88 -37 55 -68 -11 -11 41 79 -17 21 -13 -36 57 78 94 39 97 48 33 66 -14 -25 -13 23 85 18 84 36 -89 -32 -35 -55 91 81 75 40 -40 -62 -40 89 66 25 57 -96 -69 87 84 -13 -90 76 98 -24 68 -21 26 -26 -3 -24 -44 -91 -47 13 48 57 -85 37 30 92 -65 62 35 15 30 24 93 49 -31 7 77 75 -97 35 77 29 -70 11 -95 -1 38 59 -41 -96 88 -69 -94 -18 51 -72 -79 -96 -84 58 19 93 31 -84 84 -11 -86 -47 76 82 88 -21 81 -20 -69 2 -63 92 -11 -80 -12 -3 -85 90 -84 19 -58 -96 75 -82 -56 39 -58 56 68 60 -9 -20 -79 93 42 41 3 90
-30 -31 -80 -20 -23 26 -62 -71 65 -97 2 45 -65 -43 -27 -19 6 52 38 4 67 -59 -72 -17 2 25 80 -91 4 -42 78 -7 -65 -69 -29 -7 49 95 24 44 -74 -89 54 -96 -55 -13 -92 -18 28 20 10 -67 15 14 41 14 51 -30 19 -55 91 43 -63 26 -59 -73 -80 -97 -13 89 -10 88 -63 65 67 -31 6 -39 -33 15 -87 -31 11 58 65 70 -11 -27 90 87 -51 -43 -8 16 4 21 2 -51 29 49 39 -91 76 -94 -67 -64 -26 56 -71 -91 -80 91 -46 81 71 44 19 94 -42 99 44 67 -37 -90 -1 93 -65 -52 73 -73 3 67 -37 -63 -46 -40 -35 -43 52 11 92 -25 -99 -84 -3 54 -80 86 -72 -6 -44 70 45 -20 23 40 27 13 33 -52 -34 73 38 -41 -47 -14 -4 22 -98 7 -34 68 56 -32 -1 -70 60 87 7 20 45 -92 99 92 -94 76 -68 32 -29 87 -50 77 -49 -3 73 -6 -47 55 -53 98 72 67 -1 -75 -25 51 -18 -48 14 -79 -97 73 69 -73 -66 -63 -46 95 -30 -10 -93 76 7 -62 67 -14 67 -11 -18 14 -43 63 17 23 15 -56 39 -74 -96 -44 55 19 85 -3 11 -59 59 -79 -5 -49 -84 -7 39 76 66 -20 30 49 11 28 -35 -8 -17 -72 -63 -81 38 2 -17 -51 71 -8 89 3 -55 -86 65 -39 -18 -94 -78 16 -34 -89 27 -50 34 -95 -33 -50 -97 53 46 46 -27 -87 -78 -2 51 -9 4 -38 -6 -50 13 -52 -11 -89 -96 -99 -62 98 -5 -2 10 35 17 -6 -64 -25 59 47 33 -17 75 -43 -43 -92 -79 -17 -8 19 -82 -70 -35 -71 83 -24 74 39 68 2 45 83 20 -64 67 -86 53 22 15 -40 24 25 -83 30 52 -4 -99 -51 2 60 20 -26 4 86 -68 -86 77 -75 -54 64 -32 83 83 -18 92 -9 -42 19 13 -5 -58 48 17 -40 -77 52 -8 -74 49 -73 93 -89 26 27 -96 -44 -9 -79 72 81 90 -23 -27 -74 47 53 13 -36 40 -21 9 90 -38 53 -97 -59 13 -73 -45 39 -13 5 -56 -96 -49 86 -90 49 -77 -82 69 -62 -5 47 44 28 1 49 -31 41 -12 -61 -57 74 75 6 72 -67 2 99 -43 74 -78 23 27 -31 55 -78 51 -12 47 15 95 93 82 -56 1 42 -87 -45 -61 36 58 68 -53 -55 -36 -71 30 21 71 37 -88 -26 19 47 -12 23 67 -37 16 43 -11 -54 76 51 -22 70
-31 10 -26 30 36 15 66 -78 62 -93 3 93 -95 -9 -25 61 -74 10 5 71 -34 -40 -91 18 63 94 82 38 -57 -99 99 -43 -5 28 -69 -18 -94 81 91 1 -40 39 -36 -81 18 28 -29 -74 17 40 -24 -52 61 -24 -69 -5 34 21 72 -98 -9 57 6 -83 -32 88 54 14 72 -67 -28 -86 89 -76 24 85 48 -30 -29 -3 -59 28 97 -15 75 98 -69 -81 22 57 -23 -90 -27 -51 -60 8 69 19 9 -58 52 64 4 3 -90 81 64 -28 83 -43 46 64 59 44 -1 -54 -73 -1 90 71 -19 -30 -71 25 97 69 78 36 0 42 73 -17 22 -61 -86 19 -77 -61 -97 -18 1 -51 7 50 -91 56 -57 -67 7 48 92 -70 -11 82 -40 -39 -58 -61 1 -75 -25 -18 76 53 35 -12 -86 90 94 9 -8 -23 72 91 5 -68 -53 -64 87 -33 -70 58 28 41 79 29 72 -58 -46 17 -27 -61 -86 -76 8 49 -31 12 1 91 -1 43 58 -42 -51 -30 25 -48 -96 -75 78 55 53 29 -3 98 5 -80 -37 -6 73 -96 87 -41 90 55 86 6 59 54 57 38 7 66 95 34 77 -99 27 -73 10 -57 -81 -3 20 29 -50 -25 -6 27 97 -82 16 45 79 -27 33 67 30 -87 -37 -63 61 56 -7 6 54 -69 -17 31 -55 -64 38 80 -5 -48 58 79 63 95 1 66 -59 34 30 -90 3 81 -40 -66 -74 4 -25 39 -17 2 20 -31 -84 60 -46 38 91 44 19 45 -14 -58 67 15 9 -58 10 20 -55 -26 -36 27 49 -38 50 -8 70 -48 -75 21 -51 -50 -50 98 77 -64 -70 -1 -87 -26 94 47 -97 -25 21 22 45 -12 34 -45 -72 38 -92 97 -96 3 -10 -15 -80 -9 18 -41 -75 23 13 25 -79 -33 -99 97 83 40 -95 -83 15 -88 -70 98 96 -8 79 -27 -60 99 83 58 35 -97 -1 48 -82 -41 9 65 -36 -78 56 59 -44 -54 19 24 88 1 51 34 69 -83 -54 5 12 -1 -49 14 -39 95 -5 80 -63 67 18 26 88 -93 51 -91 46 -34 -27 96 54 92 59 16 -90 -75 85 -3 46 41 -37 -95 -55 -78 88 16 -37 -21 99 53 -73 32 29 3 94 -58 -90 64 43 35 -69 -41 -95 -40 -5 -17 48 -5 56 43 -3 78 -86 -50 -37 6 47 -79 0 88 72 -66 -99 -28 -84 69 12 91 -3 -65 -93 -71 -13 88 -52 58 2 -24 -56 48 -38 -8 -37 -81
-34 38 -43 2 -34 79 71 73 54 -35 85 -98 -50 -38 -62 -46 28 -8 48 6 74 -80 -40 -68 -87 3 -31 -12 -53 30 23 78 80 -59 -77 50 63 -37 41 -59 58 -92 -14 -9 -87 -30 -46 61 -32 23 77 -15 10 -47 -26 -65 43 -23 -84 -23 71 -21 -94 7 -23 -5 53 -19 54 -31 38 77 -54 -38 69 56 -43 -17 -85 83 21 86 60 30 -79 -39 95 93 15 92 58 -95 -97 86 54 -6 77 -49 70 19 -62 -69 -19 -34 -19 10 21 -87 71 86 48 -75 12 -82 91 -35 -19 -3 -93 -8 42 5 84 -72 36 -62 75 73 45 -36 -66 -97 -96 -40 70 -75 60 72 81 -34 -37 79 -91 0 68 6 6 -18 86 4 30 -30 -24 -21 -99 15 -68 -86 94 -72 27 -76 56 19 -46 22 46 -17 35 -25 42 29 47 -32 49 -3 74 57 -74 -2 80 -92 89 59 44 76 88 -69 62 35 37 -59 -72 -15 -60 -7 -7 -57 -67 9 -81 -15 83 -25 93 -77 57 -55 69 -14 62 87 -98 -75 -57 47 52 8 -98 61 -91 28 -71 4 -74 -20 -48 72 -69 76 -18 93 77 -9 -4 -5 64 2 87 56 29 -99 41 -44 93 -22 74 75 -4 -4 87 61 -20 -36 8 50 61 -71 93 -4 -19 21 64 94 -13 -74 33 47 2 71 21 19 43 -23 -41 -51 -28 50 -91 -25 -90 22 36 -22 43 16 46 84 36 -62 88 -82 24 87 -59 45 97 26 -48 53 -62 10 -21 66 -55 -25 -46 -59 -72 -57 1 -82 -5 -69 69 -77 44 -55 -70 31 -5 -12 -55 94 -48 98 87 50 -73 21 35 4 -45 -19 -18 -92 50 89 -45 48 43 92 -56 -64 -3 -65 -81 35 -56 -79 -42 -66 -94 -6 -81 3 -86 -76 -55 -83 -51 -15 -51 -90 -47 60 -5 79 -28 -13 61 71 63 -19 61 -88 -18 98 70 -47 -17 -48 -53 90 -21 65 -27 18 23 7 45 34 -76 -93 50 -68 -41 78 -77 -28 15 -78 34 -8 25 -53 85 -85 -18 15 -32 -55 -18 69 85 45 -70 -54 22 -35 -29 -24 57 -65 1 -98 20 70 -76 59 -26 -45 37 -63 -22 42 -62 -94 43 20 55 -78 -89 -75 -56 -6 17 14 -44 58 -94 35 -65 -78 -67 70 51 28 -33 -55 -8 -43 -7 -77 29 -6 -40 91 26 -89 -51 42 -9 -66 8 -11 -35 -7 2 -70 -39 59 -69 9 -37 -31 -49 69 -66 -85 -49 63 -43 68 35 61 24 90 17 54
57 7 90 40 -56 88 58 11 -95 70 -81 -1 3 -96 -8 -44 99 -2 -23 -25 70 -81 -89 63 -6 23 89 93 -7 84 -81 95 77 -51 -28 -8 -91 95 38 -69 -30 19 1 -4 -78 -13 79 70 41 -70 -23 12 76 84 -71 -18 -70 51 -86 -51 -32 -48 -11 -6 -47 -74 3 92 -45 -25 42 7 72 -25 -1 17 17 93 49 -25 -24 -84 -31 -38 -12 -77 88 48 70 -13 -2 70 60 70 -88 45 -86 -95 85 -74 77 -56 -56 -77 44 45 -93 48 -63 -21 -66 -17 -63 50 61 -55 36 -40 20 -48 -76 25 -44 80 -1 43 -5 94 -38 -64 -83 -28 91 4 -97 -55 2 87 93 94 26 83 -74 -65 10 -67 63 59 90 91 87 -62 46 17 56 -2 -67 -58 -33 -91 -51 64 95 -86 45 -25 12 62 -32 -25 72 -73 37 -82 52 -90 -88 -21 -48 -44 -57 75 -45 6 -37 -3 -28 -29 -13 -24 91 -68 98 -23 -63 39 -9 -18 -38 89 9 34 30 -67 66 -48 63 90 81 -11 81 -87 -93 -36 -38 -11 32 24 -20 99 10 -85 76 66 -91 28 -88 64 -67 51 86 93 -73 -8 64 80 88 -18 -7 0 95 -79 -65 54 -58 33 -6 -48 51 -91 29 -91 30 -15 29 -22 -11 -97 14 43 12 11 58 5 -24 -37 0 64 -31 -5 -10 -68 -69 -25 7 -35 -4 16 39 -22 -54 29 -7 -31 21 91 87 94 77 57 46 -23 75 -2 -52 64 -4 -48 -40 -7 33 -81 12 -81 38 65 -6 68 4 25 4 -86 35 10 86 17 -46 57 -71 -75 24 -29 -18 13 3 53 -18 28 -62 -77 -7 -26 -24 -43 97 42 -9 -89 -67 62 75 -88 49 -84 32 6 -26 11 -76 74 24 22 62 83 -84 66 -96 8 -44 62 45 71 23 89 95 16 38 -64 79 5 78 50 74 -90 61 51 36 59 10 -58 38 58 -2 92 -61 81 52 -17 -83 -93 56 54 -58 60 10 28 56 -67 73 77 -55 53 86 36 53 -12 -58 -28 -36 22 -51 -42 13 33 -25 -29 69 76 74 42 -88 -1 -92 32 75 -21 18 71 22 43 -66 24 -26 -9 80 61 65 61 -63 -55 -86 3 -73 -69 85 43 -80 -29 88 -89 75 -80 81 30 80 -5 50 71 -50 21 -8 -18 22 -19 -52 -35 -34 -10 61 -45 -88 13 -71 16 86 -46 -92 -81 -39 -60 80 12 80 59 40 90 -27 -8 91 63 45 0 -62 -43 43 72 41 82 -98 -27
-43 -38 -5 -49 60 -62 72 98 12 -6 -64 94 -96 93 60 -15 4 78 11 -7 -7 -15 -91 22 89 42 78 -81 -63 -48 -74 -53 0 -65 36 -34 -36 17 89 -27 -93 -16 -82 -88 93 83 -82 8 -91 40 -56 -4 -36 20 -23 70 88 42 -22 39 99 -47 -16 77 34 68 63 76 -87 18 64 -68 -98 -71 -17 -53 53 -54 -3 10 -10 84 -71 -65 6 6 5 90 60 98 72 43 -84 -60 79 77 62 -50 96 -75 -86 72 -92 73 28 -38 11 64 45 -12 -51 52 96 -41 -92 -25 -8 63 -54 -46 -84 45 -40 -42 0 71 -25 -15 70 70 78 -3 74 -89 37 27 -38 8 96 53 -49 -80 67 -87 -63 55 71 71 45 64 -7 53 -3 -41 -89 -99 -41 -9 85 28 22 68 70 -55 64 -47 -82 43 44 49 45 1 63 -44 51 -62 51 -1 23 78 -62 14 -46 -61 -55 16 72 22 -86 21 65 -43 66 85 -90 51 68 -17 -57 -72 -96 -53 16 -79 24 6 9 15 -47 -46 -72 42 92 32 -9 -71 -26 3 93 16 31 -47 39 -59 -81 -14 49 -50 -21 -61 86 51 -25 -46 75 67 -36 28 31 19 -35 -26 -28 46 -3 97 -40 59 0 60 55 35 14 73 25 93 -92 -18 -36 14 29 2 23 -57 83 8 45 -26 65 52 89 -94 45 -39 69 82 67 20 -50 78 -64 -43 48 30 -28 57 -27 -46 -25 18 -34 93 -96 4 94 -3 55 70 51 -15 88 44 28 -43 -24 -36 83 40 94 -61 19 -66 43 65 -61 58 -59 49 35 -98 -97 -13 22 60 60 -20 16 22 62 90 36 -73 -32 97 -42 -71 90 -30 -42 88 -43 31 -38 79 -80 -47 -77 18 96 -23 -48 -28 40 -87 9 12 39 -87 42 24 88 -72 -87 27 -36 -83 35 -51 91 -26 64 93 -27 21 -13 34 62 9 -56 17 -36 -54 53 -35 87 52 -34 -25 12 3 -78 19 -67 77 -26 79 -64 -67 63 -86 51 94 78 -91 -54 -54 7 71 99 -33 -27 -80 5 -18 47 91 56 95 -43 -73 -79 54 -86 1 70 97 90 -70 -57 -27 -6 -52 -70 -1 -23 -2 -29 -57 40 -31 46 45 41 1 -17 42 64 -53 56 -60 -4 35 -59 80 -20 9 41 -34 -15 -90 -13 -21 -16 -27 45 69 38 -58 -43 84 -28 -38 88 -85 -36 -8 -97 -49 71 3 -89 -69 59 -22 -81 -14 -84 41 37 -21 23 36 37 87 -61 -78 -23 -43 -61 68
15 -18 -26 83 58 -52 -52 30 -62 55 86 -30 -50 -2 -30 -65 -26 -64 -93 9 92 -16 64 -49 59 12 51 51 -34 -10 72 -12 -97 49 34 68 -39 28 -85 -15 52 -98 -55 -53 48 29 63 30 -84 58 -51 -74 -73 -79 43 -45 -74 -3 -72 -16 -77 79 -85 -20 8 67 -99 -54 -15 73 53 -7 -47 77 -46 98 69 48 84 -87 -94 -79 58 74 -85 57 75 83 -65 -79 22 68 40 86 -19 61 -18 -53 6 -69 -74 -67 -34 61 81 59 21 86 11 75 20 -51 -88 21 -88 9 -73 92 20 54 -65 89 -11 28 -47 -27 -83 22 -87 -92 -22 -82 0 62 58 -16 -2 -23 -73 12 -5 -11 -74 60 2 -10 -63 -3 -42 29 99 -99 80 24 -81 -62 -49 -48 -1 47 -13 -67 -12 -17 -88 68 38 80 -9 -39 -2 -98 36 79 97 -12 -17 -31 -61 -10 73 -23 -88 25 -57 30 -62 6 -67 -70 -97 84 71 86 -3 -47 -52 93 90 -46 2 39 35 -67 80 8 5 6 37 32 99 -36 64 -99 -5 34 -74 -72 43 -90 -52 -73 18 -14 -17 17 -69 43 93 -80 55 -74 -47 83 -50 81 53 -98 -28 9 6 -16 47 58 99 -82 -39 0 -42 27 -90 50 -43 -48 -6 -15 -83 70 79 34 -78 54 40 -33 77 -24 -38 -28 37 -53 43 94 -30 -31 -80 64 -44 -46 67 16 95 78 57 85 18 30 95 -78 7 13 -28 91 16 -39 70 97 74 -75 -6 -19 92 39 -4 54 33 55 -86 76 -94 39 56 -67 -34 40 7 -18 -12 49 -12 -98 -14 -28 -88 -5 -74 10 20 -9 -90 -18 3 -19 65 -62 -64 83 46 -58 -5 -42 -78 -52 43 -85 -87 46 70 25 -38 -99 70 -6 52 -35 -64 82 98 17 82 2 53 56 7 62 -20 -80 -29 60 -47 -27 84 0 28 24 24 39 -53 37 -1 -93 -7 67 80 -40 -60 66 -30 5 -70 83 42 41 28 -82 99 -83 96 97 10 91 -23 80 73 53 61 -95 -56 -9 -17 -60 71 35 -76 -89 21 -67 -25 -53 84 38 -30 -67 -31 50 54 12 -41 -90 -76 -14 -10 50 24 74 71 56 7 72 0 7 -39 45 -59 95 -53 -9 17 28 8 -73 -55 -90 -67 85 66 49 -83 -53 -74 68 26 71 31 -36 70 31 -60 -63 -90 50 -2 83 62 -7 -4 19 41 85 -22 -15 -39 94 89 -32 4 -48 -47 -9 14 86 53 -32 -51 77 -67 -71 -52 -91 -51 53
-84 72 17 81 -80 -16 18 -37 -30 78 81 -68 -79 6 -30 -81 -42 24 81 51 77 97 -71 48 51 -94 -95 52 61 -71 26 -40 -13 73 -92 60 36 0 16 -74 -63 0 78 -62 77 8 -99 -7 78 -66 6 -91 -50 -16 9 45 66 -2 17 -71 64 -36 2 50 18 -78 -64 -59 54 -3 32 -27 -17 0 76 8 -66 77 -12 29 9 85 -16 -92 -31 15 -5 47 12 -67 70 59 -80 -95 23 -3 -21 -32 73 26 -78 50 64 -31 30 26 23 -38 -63 -72 -71 -28 -29 -29 -93 -91 39 51 -57 98 38 -4 -33 -33 -84 -33 85 -49 -81 -49 -76 95 4 25 -26 -58 -39 -66 -70 83 -34 -76 54 -68 -20 38 34 25 99 62 41 58 64 52 -4 -51 -80 65 -27 -86 -35 56 75 -20 -14 64 -6 88 10 -31 20 -96 81 86 17 -55 -39 -76 40 -86 45 55 -42 -4 22 88 11 -78 51 -85 31 76 92 2 -69 -45 70 89 32 90 19 38 52 87 21 37 6 -88 -58 -92 71 -15 18 -31 46 68 -56 94 -76 42 -71 94 10 41 76 58 -72 74 -80 30 -31 21 0 -95 6 44 33 -46 -58 -89 73 -92 -97 99 23 17 -49 96 3 49 -85 -89 30 -22 -14 -97 -23 26 13 85 -87 86 -72 -48 59 -12 2 -72 27 16 16 -19 -2 -19 21 5 87 -20 26 -73 -20 11 -11 -31 -22 -83 49 39 -87 -78 -74 -2 -53 14 1 -11 -80 5 -31 86 79 -17 22 72 -28 -5 -45 45 -7 89 62 27 52 30 -56 -9 29 19 58 16 -77 26 66 1 70 46 39 -71 1 -79 -23 -35 45 -84 -60 -53 63 -16 -28 -16 -27 52 -60 -92 90 89 91 24 22 59 -16 -80 -3 -69 83 -86 67 86 98 -91 67 -75 40 -47 18 95 31 -72 76 -34 15 -18 86 68 -35 91 13 78 -22 27 -3 -65 33 21 78 -92 4 -12 -92 -61 64 89 -85 -19 -88 44 75 79 -77 10 30 63 78 -4 -67 11 -51 76 82 63 -20 19 -96 49 -14 49 39 -12 -71 36 -66 -36 9 45 -73 -28 -58 57 42 87 -68 -3 11 -29 -74 35 -43 -43 4 7 -82 23 -47 -91 3 4 -11 -71 -77 -12 30 -5 -31 -95 -15 37 32 46 -54 -89 29 -90 -92 30 80 43 33 29 -16 38 85 -1 -3 38 33 -51 -75 66 78 57 57 -24 26 -52 -5 -43 11 -44 -4 33 70 16 -16 -61 3 -17 92 84 -75 60
64 97 62 51 -1 35 37 -86 -64 -45 -61 86 -79 16 33 26 -42 -17 -96 16 30 -94 -94 51 5 29 20 16 47 -47 -9 -65 97 30 94 75 7 2 -79 -63 42 35 -59 -84 48 -3 -71 -88 52 56 51 -79 1 -94 87 22 -11 -32 -23 23 38 -20 -82 23 91 71 0 -21 91 2 -22 18 3 -64 -44 37 -3 -80 36 86 -91 65 19 84 -62 20 -72 0 -17 -95 70 -91 31 89 4 84 -94 13 23 -22 1 23 51 97 90 -28 -9 -81 -47 -62 -7 79 32 -27 20 -83 -7 4 -70 94 -70 28 80 48 -98 23 38 -74 8 95 -32 64 -17 -89 10 -22 -90 -1 20 20 -90 -32 49 20 41 66 88 -12 48 80 -72 53 -85 85 68 -48 82 -1 -53 -64 -64 -11 -92 -69 -4 91 -74 -45 26 79 24 7 -22 -81 41 7 -5 -61 53 24 -73 -44 -66 96 -95 96 83 20 -44 62 7 -20 31 -28 67 -82 38 -53 39 42 -65 88 25 -52 -91 -46 -62 84 2 -28 47 -38 32 8 13 66 -45 -59 -58 46 93 76 -13 -80 89 84 40 -81 -29 69 -20 -11 72 46 95 -8 71 -5 -38 -45 41 -26 -43 35 87 -20 -45 1 75 -6 -59 -60 -65 -1 -7 -12 39 -57 0 44 -31 -50 -53 49 -74 70 -78 -52 63 -57 27 -57 85 -25 78 -75 -52 -22 93 -61 -81 -53 -91 -59 20 -59 -34 0 19 -50 85 -61 -17 86 27 -78 73 -52 56 -65 83 27 -45 -3 -1 -18 -45 88 -93 -82 67 54 -83 21 31 41 76 76 78 -36 -27 75 -56 74 -44 -44 -59 71 88 1 -1 -78 -37 84 13 82 -94 -72 -15 -28 -19 42 20 -18 75 -73 -5 99 -88 0 -66 16 -43 4 31 -42 -47 35 -82 44 -87 -91 -63 -30 -35 -90 -72 62 97 -50 22 54 -6 -14 -96 80 1 8 24 -95 20 -72 -88 -35 80 -99 52 80 44 38 -23 -9 -89 65 -37 60 95 -29 -52 -23 -80 -59 24 77 96 -94 79 52 52 65 -46 -46 0 93 95 98 -59 -41 79 69 46 -34 -7 -29 55 26 45 55 80 -30 -12 -32 -20 85 84 72 55 47 -33 -71 30 -75 -73 41 -39 76 -74 -46 75 19 27 -69 -41 96 -35 74 64 91 -54 48 -45 -73 74 -38 -21 73 -56 -84 -31 96 -65 63 85 99 24 -62 56 2 41 -43 24 -93 -73 -24 -22 28 -83 -2 55 -39 77 -29 61 46 -45 -88 -54 -21 -47 9
38 75 -74 35 86 -7 75 -57 49 76 20 60 87 -94 86 73 25 80 31 -5 29 -17 -63 40 -98 73 16 52 -18 -84 93 -12 32 -11 -37 -16 -44 56 -97 -19 54 -52 -49 -46 60 37 -81 -46 -26 19 59 -30 59 -20 37 -14 -9 -36 -78 -4 23 -63 82 -23 35 -18 89 -78 77 -81 -54 -47 -34 3 -88 7 -86 -30 42 -52 58 -22 97 65 73 -20 -70 86 70 -76 -71 -21 -35 15 -32 57 98 53 34 53 51 -52 -16 84 91 -13 63 -42 -7 3 -99 -21 -46 -5 40 -8 -89 -55 -72 80 11 -83 -6 14 -52 39 -57 -46 38 -86 -72 14 65 -33 16 25 -9 -16 11 55 -40 92 -34 -78 47 -72 47 19 -71 -45 -97 -58 76 34 -81 -77 -36 67 8 14 15 12 53 63 41 73 69 -22 0 6 -70 95 32 61 68 69 -85 50 -30 -67 60 92 -70 -24 79 32 51 80 84 53 18 -58 78 -55 25 -86 97 -59 44 -71 29 -84 -74 50 -78 -78 68 -63 93 -34 -42 -22 -75 93 -71 80 -21 10 -56 -89 -34 14 4 -1 72 -73 55 -22 -21 79 -67 58 33 -5 -70 87 -65 51 25 -30 40 -98 86 -6 -41 -51 -15 -5 5 -12 -9 20 89 85 78 53 -31 -25 47 -3 46 -43 44 5 -1 92 -29 -89 -77 19 63 -98 93 -58 -17 -85 73 -58 -2 -73 -81 50 -71 -72 -3 50 93 -82 -85 73 -36 85 74 55 -52 -76 -34 -28 -87 -74 -83 -97 29 52 58 46 50 3 98 56 83 -8 -45 -50 -62 86 59 7 0 -82 -14 -11 -33 80 -45 -1 83 -20 -68 16 87 38 -64 8 8 92 79 75 -67 70 9 11 88 17 -61 -71 36 -75 23 -77 -66 -67 57 30 -34 -63 66 -29 59 83 -81 -38 -91 60 53 33 -29 -77 39 -59 35 43 -55 83 22 -6 -76 -31 54 -47 23 -44 -74 5 -1 -46 75 40 48 -42 -84 -35 -52 -41 -13 80 44 21 -75 -40 95 63 -83 11 97 -75 -33 73 75 86 78 99 99 68 92 89 35 -47 56 -52 -97 -17 -47 86 -45 6 42 -21 47 -2 -19 -57 -94 -46 47 -78 38 78 55 63 45 -74 75 -95 -62 -37 -37 -43 -73 72 -15 -64 59 70 13 -59 -90 76 -96 51 -52 25 92 -33 12 -96 81 -6 62 -47 -96 -42 55 -72 -82 -16 90 71 -85 -14 -71 -79 75 -84 -16 69 83 59 38 50 -43 -67 88 -68 -92 84 -21 -36 -22 12
43 74 -46 13 58 64 3 -64 -65 38 -18 17 0 -37 46 63 -62 57 66 76 36 -65 -36 -11 -55 75 -23 62 31 -48 57 -85 -16 42 51 -70 -14 16 93 98 -35 28 -70 78 65 28 -33 37 12 -37 -61 -99 68 -48 -79 -92 -1 -71 21 -56 31 32 -91 -38 -20 49 1 1 37 95 -71 -50 -62 85 -10 14 -94 -99 42 -17 -81 50 23 -40 78 -69 -88 -84 98 -77 37 12 90 -98 58 -76 20 52 -75 13 64 -35 10 -70 36 70 -9 89 60 53 -80 69 -66 -70 52 87 25 -63 -58 -39 48 -34 43 2 57 79 -47 1 -49 7 -38 -25 -3 -16 -16 -97 -60 49 32 46 1 83 68 34 97 30 13 -83 27 2 35 70 15 -99 -49 35 47 48 -44 -86 42 -38 -10 7 -50 -16 2 -15 -35 -42 -76 -8 60 11 -34 -57 -82 -19 -9 70 -99 84 43 94 10 58 -64 7 18 38 3 77 -77 -29 60 -84 -55 18 8 -83 46 40 51 57 2 -32 -25 -85 8 39 -90 73 20 -8 16 59 -71 -5 -62 10 23 49 50 62 82 47 7 -98 55 -16 96 86 -68 17 -80 -43 94 70 -83 83 -92 -86 32 61 50 14 -9 -96 21 32 -87 27 50 -20 2 -51 -13 -36 45 51 65 99 -1 17 -18 55 32 11 -18 -56 -91 89 -79 -41 92 44 -92 -67 91 -55 -70 30 5 -58 3 -47 -13 -66 -70 13 23 82 13 40 34 -36 95 28 -99 26 -47 90 43 96 -66 -50 14 -95 4 -74 14 -88 52 52 14 33 90 -67 77 68 63 53 30 79 94 14 -98 -82 -59 -95 -5 96 88 -13 0 -35 -44 -81 15 46 -74 52 -71 -27 -34 47 -95 -88 59 50 -63 24 -58 36 -54 -39 22 -30 -31 -69 -86 -16 -2 -73 14 -71 -77 95 -92 -47 60 74 19 -16 -84 33 46 5 -87 -30 -27 -91 2 30 -44 -34 -93 -65 65 86 -85 14 65 35 39 -52 -42 51 88 93 66 -70 -74 76 -70 97 -20 -80 -57 54 66 -29 -20 99 19 -12 -14 -4 -25 -54 -84 -56 -17 13 9 7 -45 -31 -46 7 -38 -35 -12 -11 1 -45 73 -76 -48 -3 73 44 -35 -74 2 64 85 28 -45 24 89 -80 49 -28 -5 97 -33 94 91 -36 18 55 44 -27 92 47 -60 76 -64 22 82 35 -12 91 80 -59 23 -21 36 75 98 4 10 -7 -42 -37 1 -27 -45 31 29 1 82 -63 -26 9 -16 46 -56 -14
-92 -61 -87 4 -83 62 -16 -19 51 41 82 -69 -14 -58 24 -73 -56 11 25 -36 44 42 -92 -32 28 4 77 -37 95 -83 89 -85 43 49 -58 -66 33 -95 59 48 -79 19 -33 42 -43 -86 84 16 -86 -85 -90 -95 26 15 -13 -9 60 1 -39 40 73 -47 -77 -86 -19 65 64 -62 -71 97 5 27 13 15 80 87 -23 5 39 8 -82 -16 8 -60 69 -93 37 82 -44 -3 -56 -11 -66 40 8 6 82 10 -88 -84 -61 -51 29 -8 87 -15 -48 35 -2 91 54 -30 84 -23 -52 10 59 -89 30 76 -59 -77 -5 0 -78 66 -73 94 15 89 6 -20 -84 -78 93 -15 -75 54 93 55 -6 40 72 -88 -44 69 -8 99 -72 70 94 -43 -85 49 -3 12 -30 5 -30 35 -42 -63 12 -94 -44 90 -55 84 47 64 86 53 84 79 26 23 -23 91 -18 -76 -92 16 57 -94 43 62 -74 91 -9 54 -49 19 -73 47 74 -38 96 23 19 -70 19 -5 -73 -91 57 -97 67 -65 -7 13 47 23 -38 1 -59 -96 -16 -50 21 -93 7 -68 -17 94 -6 -79 4 -86 -60 82 -29 94 -99 28 -26 74 -1 -14 10 -16 -98 66 -8 -34 -6 -74 -29 -17 50 98 52 77 27 -7 -43 11 -37 -87 -11 -1 97 -43 -84 -71 32 59 -4 -15 17 0 88 58 9 8 82 81 -73 47 -36 -27 36 -89 -25 82 89 52 -87 -35 28 -52 -86 -83 -15 -61 -54 60 -7 -98 87 -20 60 -76 0 -61 -65 -62 -28 -3 -59 29 -97 14 -17 -1 -97 -71 8 -80 -7 90 72 88 -97 -28 9 56 96 4 -18 -91 29 7 17 -34 -80 98 54 -61 -18 21 -97 87 -37 -4 65 82 90 -49 58 73 -81 52 18 -84 -6 68 84 31 74 -16 93 36 57 -39 -30 -2 71 -55 -57 -75 68 83 -99 47 -50 -6 -65 -32 73 -65 -9 -37 44 -99 44 29 -66 -31 -2 32 63 -40 59 60 16 28 -29 -40 46 -36 -95 62 -74 92 67 -63 -67 83 98 1 92 -79 65 87 -94 10 17 -80 35 28 -30 48 -30 -47 -3 -93 87 95 -45 12 -44 20 29 -95 77 -56 -13 3 -83 62 -78 -75 -77 -98 33 -46 -76 68 64 20 31 24 -32 0 -37 -43 -37 5 53 -26 -82 13 -50 -43 97 -92 61 60 -58 -33 -43 22 95 51 -67 45 35 87 32 -76 -93 6 -36 37 -54 -72 73 -97 -81 62 97 11 42 -84 -1 -57 -13 -33 -62 53
44 69 -9 60 -42 19 -82 90 -55 42 -29 6 55 2 -38 -37 -25 -92 81 90 67 -12 17 26 -78 -77 -50 42 28 40 3 -40 -8 10 77 21 22 44 -73 22 -86 -79 2 -72 82 -44 -63 76 42 8 3 92 -9 -67 45 -82 -31 58 98 52 -84 -44 -21 -21 -56 31 -48 -73 -1 32 -22 57 3 42 -79 -93 -15 16 -55 85 8 26 -30 30 -5 92 -92 54 0 33 -54 80 -87 -9 -15 79 19 9 23 -85 27 75 27 -47 53 45 -37 75 -52 -83 -3 -49 -98 82 -58 -52 40 18 60 -81 -10 -47 55 11 -96 -7 78 -65 -13 53 -15 -58 -71 -35 -55 -92 -93 59 56 74 -16 59 88 -85 -10 -1 62 -13 -57 -53 -55 75 26 -85 30 13 11 -91 91 -81 91 1 7 -77 38 -47 16 75 -14 -99 2 -42 51 90 32 2 39 -49 -11 -15 36 -19 83 -86 -75 -96 43 -29 -38 37 -29 -99 74 -80 -29 -17 -28 44 70 40 70 8 66 -70 -29 -14 -20 -11 98 52 -8 2 -82 -88 96 97 -2 -65 -67 -89 25 -97 87 -7 61 -52 2 64 43 49 -58 12 37 -87 11 8 80 44 93 -37 -95 68 16 66 -24 -98 -88 -50 -3 -7 3 82 -3 -21 -92 51 51 -12 44 -37 49 -39 -34 -34 8 5 -8 -26 72 68 -21 80 -99 -26 -79 -50 -32 73 -89 58 68 -20 8 90 66 -25 -98 89 -80 50 74 31 65 76 59 17 28 -63 -80 -67 -20 42 -90 -1 80 -60 -97 -67 61 -13 -96 -14 14 -65 -36 12 -95 -46 74 -82 48 86 80 78 -54 -3 -50 -72 86 55 44 -41 -39 -91 73 75 85 -12 52 43 35 24 -18 83 34 -65 8 -41 36 -79 78 8 -13 -32 -32 38 55 -58 0 59 -64 14 -76 68 -23 -88 -22 50 -70 -68 57 76 -32 14 -82 -66 24 -74 91 -17 83 -21 48 85 -18 -62 37 -31 -72 19 -63 -12 29 16 45 -87 -30 5 -40 -15 47 83 36 55 -49 -55 -30 47 -79 -93 87 16 45 53 -4 -47 6 -89 57 -16 87 -90 -99 10 -92 6 -39 -2 14 -17 -12 35 -7 86 26 -28 -49 96 3 6 -17 73 92 61 32 -34 88 -1 -48 98 77 -63 -12 61 -20 34 3 29 -95 26 1 94 36 70 41 -99 29 35 4 85 7 54 83 -87 -13 -27 30 10 -30 -45 27 -10 2 49 51 -29 0 51 -52 -69 97 1 47 -91 22 -34 7 11 -29 -50
-28 -46 -79 -55 -59 4 -42 23 -75 18 74 83 99 40 -8 -85 40 -64 54 -23 -8 66 10 -38 -31 25 -7 40 -31 -13 33 60 55 -99 31 -40 -22 95 -63 62 -67 -43 0 10 47 -25 -34 7 29 -60 29 -40 9 -1 35 9 20 38 65 27 -50 -26 -22 13 15 -97 -92 -84 -80 51 -39 -14 -59 46 -9 57 48 67 -36 -67 49 -29 -1 92 -39 -18 66 90 -20 72 39 44 92 60 5 -66 30 -80 53 -63 84 93 41 86 -46 -54 -60 -84 -7 -6 -54 52 15 79 80 6 -43 -63 57 -56 -96 -81 72 77 95 -84 77 67 -45 -78 -77 -62 -55 -69 -87 -63 -3 44 62 -2 55 6 57 -76 -25 3 69 40 63 48 -55 -38 -67 89 -34 -62 -8 -96 82 52 7 22 -7 -21 26 10 27 96 89 76 71 4 -42 -19 -89 -87 -10 97 -24 40 -81 -97 -3 -88 -59 8 65 17 -17 -55 -53 14 18 -49 -57 50 9 24 -72 45 47 99 51 -98 75 84 86 -99 94 -82 -52 -50 -1 -94 -57 -53 47 30 37 -46 70 90 -82 57 58 -21 48 -53 -52 -94 48 -84 12 55 7 -3 -13 -9 41 52 -59 87 -98 72 -27 10 -17 63 -23 1 99 74 -27 1 -45 20 34 -54 2 22 87 65 89 8 -81 87 92 -27 -99 25 69 90 78 83 -84 4 -89 -19 -7 27 22 23 -68 -9 61 39 98 40 -62 82 -87 78 -1 30 51 62 20 64 31 -97 37 42 -30 7 65 91 94 66 -78 91 92 22 -24 -90 27 -60 -24 94 -98 29 -64 17 -53 75 74 23 11 45 -83 12 24 -37 -83 52 31 -46 -37 -71 -91 -54 28 -30 -58 -15 86 -92 -26 89 36 -56 53 39 80 -48 -42 29 -46 97 50 28 4 19 25 -67 16 -8 -73 35 -20 76 -68 -36 -63 -3 11 -63 -79 79 -32 36 77 -99 -15 62 95 -12 -90 73 -34 -30 -92 -99 -5 1 -21 -13 58 -52 35 24 -48 -51 -95 67 15 72 36 -93 84 -63 -91 58 74 -56 -4 73 43 58 -40 17 -10 76 -31 39 96 -67 55 -89 -38 -7 -61 -13 -5 -81 -4 33 -96 -81 81 78 17 -81 62 22 -44 87 -27 39 57 -1 36 -35 -98 33 -79 -28 -34 41 91 75 -32 19 -93 40 -63 -34 48 2 65 -59 -77 70 92 70 9 -57 -58 56 23 -19 72 -60 28 -85 42 91 -87 16 -49 49 -93 23 17 -21 58 -5 1 -43 81 -50
99 57 -74 -44 88 7 -17 42 64 49 -74 68 -9 -45 97 5 11 86 47 -5 -77 30 13 50 2 -20 -68 -31 20 55 73 27 -38 95 -90 -42 -93 65 -13 90 8 46 82 58 62 -3 24 53 66 94 -4 -11 -95 22 -37 60 50 -63 -97 -54 24 -38 69 3 -47 -64 77 66 -74 -62 8 56 26 55 36 17 -17 32 4 52 -82 9 -69 -94 -64 78 -18 60 -48 26 35 -11 63 -40 -9 66 -96 -79 -10 46 -32 -35 -22 98 88 22 -4 56 -13 89 -49 34 -31 -77 -7 55 37 16 -80 -17 -48 51 -74 16 -53 -9 90 -44 17 -19 -67 -36 -87 8 33 -32 -34 -31 -95 90 78 0 -99 36 -11 53 37 78 47 -43 -73 -42 88 -67 -64 58 -26 -66 89 12 75 97 68 -64 -1 -81 32 99 -34 52 -95 -91 78 -18 66 73 -86 69 -45 42 21 47 21 -32 99 -65 44 -97 -89 -85 79 93 -34 -50 -93 -67 -18 -72 52 22 -87 -82 47 -4 -10 35 -93 -8 -61 13 -92 -34 -3 -37 -1 -1 -28 27 -70 -68 66 -81 27 75 -22 23 -10 -66 79 -16 70 -21 -43 56 62 -43 -9 -28 -71 -40 -81 -46 -49 13 77 17 -5 -35 -89 -1 -17 8 -36 -34 25 -73 -35 -24 -80 27 47 -48 -28 89 80 18 30 99 -78 -77 -27 36 -52 -83 -81 85 -7 69 59 74 -86 8 -36 -85 -66 64 18 31 -85 90 -73 97 52 8 16 -13 44 -46 26 -2 -3 -34 -72 80 58 56 -4 -93 84 54 -95 -46 46 69 2 -41 -40 -51 81 62 -64 77 -90 -80 -32 -2 -14 -98 80 -7 22 -6 51 30 25 83 -95 6 -42 38 68 -31 -10 -43 -66 11 31 39 -5 -96 -46 -47 -84 1 44 -35 -97 29 -12 -87 -99 64 33 42 -47 7 33 -76 31 33 -74 -76 -77 26 51 6 -86 -14 -27 38 64 9 73 -46 92 53 -79 53 43 -61 -76 93 43 83 92 36 -2 45 69 57 -40 -2 93 -82 -20 -5 30 -43 -58 -63 64 27 -34 -65 -94 35 69 -69 70 79 11 77 6 77 -7 48 40 42 38 52 71 38 60 44 -82 32 38 34 85 -60 73 13 -7 29 22 63 -24 3 55 82 13 81 9 -77 78 -97 3 83 15 8 10 -78 -2 26 -48 -2 -5 7 -36 -86 20 -7 -78 65 -3 -8 59 49 -56 -19 64 44 -7 -85 -17 -70 47 32 -95 -39 24 86 -12 79 89 66 -73 -60 49 65
-35 93 21 35 81 52 11 -54 3 -72 14 80 -45 44 -20 -19 -81 86 21 69 -78 43 19 -20 75 -87 74 -47 47 61 -63 12 82 42 99 -30 -65 20 -64 35 40 -44 16 -81 -64 -87 -6 -71 83 -42 -98 -44 91 56 71 90 80 -47 -89 74 18 -51 60 8 -7 24 -23 63 -2 -43 -87 43 -2 -96 31 82 51 -24 -39 84 -55 37 97 30 -75 54 -98 -77 -64 45 11 -44 80 25 -2 -56 53 30 73 44 -71 -1 94 78 55 -89 43 -4 -69 -81 46 72 37 -65 -73 -28 67 -2 92 -45 -78 -53 -95 -71 14 -39 9 61 82 88 71 -37 -96 -25 -93 71 60 46 67 -93 89 -56 30 -79 0 -58 -68 32 -87 20 -8 -89 72 15 91 29 -99 0 50 -38 -21 -79 -19 -83 14 47 -79 17 -87 64 44 -55 -44 57 94 -9 67 -11 21 93 46 16 -49 17 90 -79 73 -85 -50 -59 -39 81 97 -22 -21 -70 -73 15 16 -39 -84 -27 -36 72 79 -29 -87 -53 8 80 -18 -95 11 -42 21 -72 -56 17 -35 -20 -60 5 72 55 -92 49 67 -99 26 89 44 2 -15 -93 -9 34 45 28 38 2 69 -10 -34 -47 35 -13 -20 30 -94 -3 26 -3 82 -58 -53 -75 48 -1 39 -96 84 62 72 -35 52 0 11 45 2 -24 -17 -8 11 55 97 91 35 -65 11 -51 88 -68 29 38 -57 70 41 64 32 -26 50 97 23 45 64 -21 -15 40 90 -66 -98 44 -1 26 54 -37 63 75 -51 -7 74 39 11 76 99 80 -34 -65 88 24 -3 18 4 6 7 -14 0 -14 74 0 -41 83 -8 43 -36 -67 -78 2 -2 90 -88 5 65 42 -44 69 -53 77 -72 94 -39 55 16 -53 30 -40 -86 65 67 -43 -65 84 78 -37 69 63 13 -78 61 -52 -98 -21 -3 -8 52 47 -21 68 20 61 -44 -14 -42 38 94 7 38 67 84 -24 51 -59 33 -80 79 -9 -38 -93 -72 -68 -62 -59 -94 35 -47 -79 -47 -74 -37 -59 -66 33 -32 -19 54 -60 54 -24 16 -79 -52 14 10 -66 -39 25 -5 19 -3 -9 -31 -23 16 -91 10 49 -15 -84 13 70 -84 -63 -91 6 9 48 -31 92 -87 34 -53 -15 -51 -81 -61 37 -38 -1 72 99 -78 60 -45 54 73 -37 -13 -89 -27 6 -66 -7 29 -40 49 28 -74 29 20 12 97 -61 28 -72 98 -41 27 -81 70 -4 -45 -77 82 -40 68 -26 54 -38 42 -87
-82 98 18 12 78 37 42 14 82 48 -72 -5 -36 -50 72 -11 -70 -31 -7 -36 56 77 92 -94 63 23 -63 39 -63 -18 -80 49 -8 38 -63 32 97 12 2 -87 -36 28 -37 58 -78 -94 -98 -50 69 -47 -62 -16 -54 -94 20 -12 -91 -86 -65 64 0 -63 65 27 -6 80 57 -14 -56 42 83 -57 -66 40 0 71 -97 66 -6 57 -70 -49 15 16 71 27 71 -25 -96 60 -61 -37 85 -89 -4 -23 33 51 62 17 -44 -2 90 43 88 21 -17 86 -77 24 10 -4 -86 -84 -79 39 38 75 -50 5 91 35 -5 9 87 11 -24 17 -25 63 -77 -32 -93 73 -52 -44 -19 -66 50 -14 19 5 21 -77 66 -90 19 -27 55 82 36 -95 -94 -4 -21 39 64 58 53 -18 89 -46 -55 21 47 66 69 71 65 78 -51 -92 -25 46 -20 -70 21 -7 8 42 10 34 9 -2 -97 78 -67 -53 -72 25 59 -86 81 -87 -74 5 49 92 94 -39 26 -56 70 11 -76 -17 33 78 -76 -13 -8 11 29 95 -72 12 -56 98 21 4 39 -37 45 12 -55 -8 -90 -53 -57 -69 -85 23 -42 76 -62 -57 -84 -77 43 18 -47 -28 -68 -72 -45 -76 83 -74 0 -19 -99 99 -38 64 64 -32 19 -97 47 -16 -33 -81 55 -42 94 18 39 88 -57 -53 71 83 -65 35 28 79 -91 0 22 -52 60 91 -62 58 -97 97 -29 -24 11 49 88 2 -46 36 69 56 -47 72 48 42 -18 -99 -76 -24 -38 42 -49 26 -65 48 -71 0 -52 -37 -33 -11 48 42 99 46 -30 -13 84 96 -25 37 58 -59 47 -13 10 -27 -53 -68 30 85 -27 -18 22 75 76 -71 97 -64 14 -74 49 81 30 -24 -55 -30 14 -79 32 50 -34 81 -81 -73 70 40 -54 81 35 49 85 -89 37 86 30 37 -23 -41 -96 25 29 -19 -2 -77 90 -98 38 -70 77 27 -85 14 24 61 -78 76 -5 -94 59 -52 8 99 84 -75 -68 -88 -19 44 18 -67 19 87 -74 36 -34 53 -6 6 8 15 -56 96 38 -38 -91 10 59 -61 27 -33 -35 -96 43 -18 96 94 48 -17 55 12 6 -90 65 20 83 75 -12 -69 36 -94 25 3 -70 98 -89 -22 -6 -21 -66 -58 -36 -83 -8 -72 -64 -89 43 3 -23 -69 44 -43 93 38 -95 -55 84 45 -79 83 -39 89 -97 1 94 -69 -90 -15 -55 88 72 53 -27 -3 81 76 -17 21 42 11 79 70 25 -72
-69 -70 -21 -86 94 -65 -81 -74 -21 44 -72 36 58 -35 37 -26 -86 -83 -52 70 -85 71 20 -47 -87 62 -78 -29 -52 13 8 3 8 74 17 77 72 37 -25 23 27 6 81 23 -67 22 21 77 66 74 3 56 -93 -29 -39 93 51 27 -53 -62 89 51 -6 59 -11 -24 -35 38 98 81 80 37 31 30 -9 -95 60 99 2 77 32 34 -28 7 44 -25 6 -52 97 -23 -56 -12 -5 -23 -6 -63 23 88 -45 -56 -69 -80 52 16 -46 18 -64 -51 88 79 41 62 48 33 80 -37 -88 59 -92 51 7 -82 19 -64 15 27 -56 13 -22 81 -47 56 26 -48 38 55 -28 -91 94 -38 73 -21 -1 56 -27 87 -44 -68 -28 40 14 -96 99 48 -39 41 -53 -40 84 -44 5 45 35 37 38 85 52 -28 -95 83 28 -83 -54 40 71 -96 95 35 -29 91 -70 -55 24 -24 -50 32 -59 -43 31 93 -23 -43 11 74 -9 -91 -51 -68 88 75 88 99 70 -28 60 -87 98 -98 -81 -84 84 68 75 39 42 -31 -36 -73 23 -51 -42 17 -31 73 -50 -34 -49 7 -31 85 13 8 8 -43 -89 -85 -91 -20 -79 -6 -5 64 -56 81 86 63 77 19 71 -9 -59 67 -63 92 2 10 -82 -55 35 -22 23 14 -49 0 -55 18 -34 51 -15 -92 62 -17 -74 28 -10 81 -91 87 31 -54 -4 24 69 -45 45 95 84 -17 70 70 -16 82 0 -58 18 -62 -72 38 57 -18 39 24 67 -50 -38 -19 53 -75 -15 14 -94 -93 -3 -34 -34 71 -93 66 14 48 54 -73 1 87 32 -74 83 92 -68 89 78 4 -66 61 83 -20 36 -3 22 -77 -32 -58 35 -87 -67 -81 -3 -50 59 61 -79 63 -22 -88 89 92 78 -32 -78 52 -14 41 -57 -28 -2 -70 -47 72 -8 -89 75 25 11 -50 -95 91 -35 -30 -97 71 -93 37 38 84 -45 -98 -7 -96 51 8 49 -93 79 33 88 -36 -21 63 8 65 -69 56 -57 -51 24 28 90 -12 -64 -51 44 90 83 97 75 -47 -55 -33 -44 27 -15 89 -73 -74 -85 -82 25 75 -87 33 -93 -41 -79 79 -86 38 34 -28 84 84 83 21 78 96 6 -14 -62 -82 -66 83 10 87 -55 -83 23 26 96 -79 -22 -86 -42 -36 97 64 -17 -93 -79 -67 94 -67 -13 58 70 -23 97 8 -11 53 -94 -77 73 99 -85 71 -64 22 23 -29 -23 -93 -68 64 -10 38 -18 -12 31 95 98 -60
-51 2 -61 31 -90 -71 20 -28 -33 64 47 -76 -4 -57 -65 -95 40 -39 98 50 14 -95 48 78 19 -43 66 -73 -94 -32 75 56 59 38 -31 -34 -71 -49 16 -18 74 -11 70 24 81 -59 -93 -73 58 48 -23 78 -82 -67 86 29 -86 -14 43 14 55 -49 84 -52 -36 -54 -91 -94 -58 -71 -57 42 -16 -6 37 -41 -75 9 71 -7 19 -78 -29 -13 21 17 -34 -27 -62 19 -5 -75 -84 20 26 -55 -2 95 20 5 -83 48 15 -30 -78 -96 -97 86 35 -61 -20 -67 -50 -43 7 0 66 16 46 77 -69 81 5 30 -11 -50 50 -12 -56 -36 -57 11 -9 -84 -98 75 -79 -74 25 -57 95 10 56 -1 56 -82 -17 -35 -43 16 -65 33 -97 69 88 -46 -22 27 83 -63 -54 -34 9 73 75 9 -86 19 25 16 94 -75 15 11 87 -30 68 82 -41 47 14 -61 12 16 69 84 -3 -49 20 57 -68 11 60 98 17 28 -8 -15 77 -95 -29 80 63 57 32 90 -28 -30 -39 -47 -80 10 53 62 44 -74 62 -4 36 5 -55 90 -16 -11 -86 16 -60 99 80 -34 0 -77 -13 -7 45 56 -36 -29 66 16 63 18 63 -62 60 20 -96 -75 89 -84 15 -81 -25 82 -61 42 14 -52 3 80 21 90 54 22 -29 50 95 56 -95 40 -44 96 -56 5 -90 -49 9 21 80 -34 -51 83 2 88 -23 -49 -52 31 -11 -3 81 -17 65 -52 -51 36 -53 -16 80 4 -19 25 -54 -3 -32 34 38 85 -60 -96 36 -38 -51 -83 -27 74 51 99 -36 -27 -30 7 33 26 -11 20 -99 -23 -64 81 97 -53 -85 -53 -80 58 46 72 -79 0 29 -58 -95 -80 90 50 -67 -67 46 73 -19 97 -43 22 93 24 1 10 -72 12 -68 -82 -81 9 -19 14 21 70 54 73 -25 59 57 46 -50 11 7 31 53 57 -87 75 -21 -62 80 -43 35 78 59 23 31 46 21 -40 64 -59 -12 -20 -73 56 -47 96 88 76 -60 70 95 56 -82 -26 35 20 -42 -10 21 -36 -81 -97 65 47 3 -10 -79 -56 43 77 -50 -41 -42 22 -57 -65 -90 35 9 31 -10 57 25 9 86 53 -34 -62 76 -80 74 13 52 42 95 -89 58 12 11 12 96 -69 77 70 -43 -70 55 60 52 -48 53 -11 -44 -44 3 12 92 -7 78 9 -90 22 40 40 -55 64 -13 -51 11 -62 -67 -33 -99 32 -55 69 -86 -22 -76 61 73 56 85 93
71 20 -29 25 4 -15 13 -4 -42 15 -51 -10 39 -6 -73 60 57 22 25 32 -35 23 13 -44 52 -22 -24 -19 -98 -9 67 -10 13 67 -56 -92 -46 -52 -96 49 -80 -22 86 -86 -1 -83 -88 -56 98 68 75 95 42 -70 -13 -40 20 8 28 47 -88 24 -74 22 21 -97 32 15 -45 -62 -28 75 -24 -71 75 33 97 -41 -12 3 -19 -44 97 76 35 -79 -11 -42 -73 81 25 26 34 -89 58 -89 17 -59 56 -11 29 -12 24 2 10 -42 47 16 9 -29 25 -40 83 -51 71 42 57 -34 -47 56 -39 61 36 -31 -23 78 75 67 44 -43 91 -83 34 58 -19 -10 13 90 94 65 37 -11 68 15 62 11 -45 40 -61 59 79 -27 -24 16 43 89 -21 -79 -47 58 -22 -2 95 -38 -92 -15 -82 56 -12 -66 -88 -90 -18 -75 -65 32 85 -35 76 -98 25 21 -66 -35 -95 -57 -99 0 99 -56 13 76 -49 22 -69 69 13 64 64 -29 -6 -56 18 8 -36 -9 27 -61 79 -44 85 12 33 -57 68 63 -23 -7 37 -24 -90 35 44 10 3 72 -66 68 7 8 49 -48 -22 -5 5 64 -11 80 50 -60 40 66 -88 -44 -51 93 -90 -23 87 42 65 10 -24 -38 -56 44 46 -60 -50 -75 -75 63 70 83 83 -34 83 -12 -5 -67 37 -57 -76 -47 -1 -78 -99 -3 -93 -33 83 -95 -62 17 41 89 -61 -67 93 -75 -33 2 78 17 -38 6 -74 -89 -10 54 -45 10 72 25 49 88 -61 21 -34 -88 -26 43 -34 -82 -65 -87 57 -15 -17 -39 1 -17 50 6 -23 -19 -86 -87 74 -2 -83 -39 -13 -74 38 63 14 26 43 59 -14 -98 -84 -95 84 18 -96 -60 -2 9 31 75 58 83 93 -53 91 71 -18 -39 -24 20 96 0 42 49 70 24 -15 -59 93 -55 -50 -22 90 88 -96 -93 -88 57 -80 9 11 -31 57 -51 -52 -22 57 90 -89 -14 27 -83 2 -78 62 -95 -79 -62 40 -6 -53 -7 -88 51 99 -63 66 37 -99 76 30 67 99 85 60 -45 -26 79 -50 36 72 94 44 40 72 -86 80 -63 -9 18 -89 -38 -40 -73 -67 22 -63 87 -55 8 -21 -67 -59 -81 -57 -84 14 -24 -69 -83 28 49 16 -29 51 -84 79 -81 -59 -68 55 -61 16 -92 -77 45 -67 13 35 -96 -62 -83 -29 -27 52 85 -49 -27 41 -62 -23 -75 -85 -66 -7 4 -7 -85 45 -64 8 -62 22 40 3 -76 69 84
-71 38 -22 62 -55 1 97 -95 77 79 -55 11 59 -41 3 56 -61 -34 36 -36 -22 81 -63 79 54 -12 15 91 -70 29 32 -91 -94 76 14 60 74 -24 -69 -35 93 29 -68 -45 59 76 -32 6 -74 -37 69 75 -34 45 -90 -48 25 -85 -29 -40 55 58 -33 68 2 30 -18 -61 -52 60 -83 -68 -94 -83 13 7 -25 12 51 45 -56 -50 -67 48 61 3 14 -91 -92 63 -56 -9 92 -31 58 79 2 34 -30 -85 -88 95 59 75 -25 91 41 80 -31 -69 63 -62 -46 85 14 -49 -19 -67 -81 -18 59 31 -66 -25 45 -69 5 25 37 66 -13 86 -54 84 -14 16 3 62 87 24 -6 -74 -85 -52 -16 64 13 -98 66 -21 -3 61 -20 -75 -25 98 6 62 37 -62 -6 -59 38 -78 -58 -34 -49 42 -14 -42 39 -92 83 59 91 -97 -62 -83 73 9 -53 6 -15 -23 18 43 -19 -87 -29 86 75 81 -14 76 -75 -14 -94 -64 -57 -31 -65 15 94 23 -29 87 16 -89 4 13 -90 -82 77 -66 49 65 8 -61 -69 35 60 -14 26 95 99 -21 4 74 -13 38 40 -44 11 -45 -31 58 48 53 -24 -53 -92 -93 -47 -76 -22 -40 22 26 83 89 94 58 -26 62 -3 -46 -71 13 -65 -49 -18 -65 22 73 -67 47 33 -99 -66 -42 -89 -49 50 31 -70 39 74 17 6 4 -78 83 -42 65 -68 -84 -89 72 -11 52 39 -66 7 34 -7 96 48 -56 31 -91 53 45 32 63 -15 -37 -9 77 -99 40 -62 29 -76 94 52 46 -46 -21 47 -85 -53 -92 87 -1 25 -19 60 17 50 -45 20 56 -28 1 -89 17 -43 71 51 29 17 -21 -9 85 -94 76 0 9 78 99 -32 7 41 -99 42 62 6 -38 53 15 -60 -64 -43 -59 34 0 -78 7 4 42 47 -91 27 59 -73 93 43 28 25 -18 -91 -9 -66 -10 -20 93 29 18 -56 69 32 -64 -68 96 3 6 29 -87 -15 45 72 97 41 18 -3 42 -35 53 -98 -91 -72 55 55 84 -21 73 34 -32 -99 -55 51 -20 55 -51 -88 -92 -75 -38 49 49 -17 -26 -40 -39 -51 -19 -48 20 78 -9 -26 44 -50 -97 71 48 -99 -37 97 82 88 15 -60 -42 -72 20 75 26 2 -50 77 -36 29 34 23 -86 90 33 47 -54 -94 -91 19 -54 -32 14 18 34 -60 91 94 41 25 -69 -18 -62 75 89 -38 36 -37 -93 44 -6 75 -36 -27 85 -55 -17
28 72 65 -11 -9 -99 47 60 78 78 3 93 -37 13 -43 -90 -13 -75 -87 3 -37 -54 -36 5 86 -22 -43 29 -20 18 -98 92 22 54 87 72 5 43 -76 -64 -9 -48 -15 62 69 61 -34 -36 72 -10 26 60 -16 85 -30 54 -81 16 11 28 95 84 -94 44 30 61 -34 -97 -71 -67 62 -77 8 56 95 12 -8 53 -25 -15 64 -2 84 28 35 -72 -12 92 -4 -60 20 -88 17 -81 -5 87 -10 41 -20 16 -73 -55 -53 87 -2 44 -18 27 -82 19 56 25 -15 -51 40 -14 14 23 29 -31 -45 48 7 4 3 19 56 98 52 5 -46 66 10 -28 0 34 -72 -1 -41 95 56 -69 -13 48 -63 36 -77 -10 46 -37 78 12 -58 -25 5 -87 64 24 -30 -40 75 80 -64 98 24 -65 -5 13 13 93 2 21 60 39 -84 32 79 22 63 -70 97 -24 27 -18 17 88 -32 -1 -1 -58 66 -33 81 54 33 -68 -99 96 -11 -8 14 83 -88 -8 -93 98 62 -64 -71 -20 -9 26 -56 -78 51 6 -49 -92 1 46 23 22 52 -46 50 97 -24 -7 90 -49 76 -29 61 36 -39 42 -2 94 -58 -52 -91 -92 -37 -77 48 -48 -3 -3 -61 82 2 -11 27 -85 -75 98 -62 70 33 -1 -89 -76 -92 -47 58 -7 -2 38 -49 -97 -76 -6 -1 97 42 -21 54 -43 63 91 88 -6 -93 94 47 -99 -1 95 63 -42 99 -95 -77 -89 6 -18 -14 -25 -62 44 14 -20 -34 19 -5 92 -29 99 50 90 -81 -25 44 52 -99 -38 26 -89 93 30 46 -91 -86 -36 -61 83 -10 0 90 93 -68 -63 18 61 -46 88 -66 89 34 59 8 32 -71 -84 3 1 25 18 80 16 78 -17 15 39 -34 69 71 18 -18 -73 29 -43 -7 41 -43 79 7 0 15 48 5 -71 -69 -88 34 13 55 7 77 64 58 -92 75 59 -75 41 -23 20 32 35 -59 -83 57 -66 6 8 -99 -23 -59 -23 -67 -78 -53 -29 -21 -49 -99 69 64 95 1 90 60 -88 -31 37 10 -39 66 -69 -37 2 98 82 -15 -30 -72 -52 15 -92 -47 41 60 36 41 32 -34 -40 -21 -33 94 27 -62 -38 83 3 -98 -73 91 -70 -96 22 -49 4 -85 -61 -69 6 96 -36 -87 28 -43 36 -81 -60 -79 14 14 -65 91 58 91 -41 84 -68 21 90 -20 -9 57 31 14 99 99 66 63 60 -92 82 45 13 -41 -71 85 -60 62 38 8 22
-1 -48 -25 -14 -17 -86 -79 38 -56 31 -13 -1 -81 -37 -23 95 -95 17 63 -54 49 -13 -96 71 -83 42 59 -27 -93 -58 62 -93 -40 52 -98 61 80 47 74 -62 33 -83 17 36 -56 -60 55 -48 10 99 74 -40 99 -65 76 -52 -99 -18 -61 20 83 -45 44 -51 -55 72 91 -51 51 6 -33 38 38 -34 7 57 -95 62 24 -77 75 -3 7 27 -65 42 34 65 98 56 -43 87 -85 27 -16 -35 38 50 30 51 32 -76 -38 86 -79 -11 -88 -98 46 14 53 70 59 25 7 -55 77 85 -56 -77 62 -91 -24 -64 17 -87 -49 -62 80 55 -45 61 81 -97 99 -43 30 71 -43 -82 -56 39 39 44 -8 -80 -52 98 -15 -36 -31 84 -76 25 54 -7 91 -68 -61 55 19 -90 -31 47 -24 -18 97 -81 79 59 1 -98 -82 -52 1 -50 -8 34 -62 94 80 -68 -56 -44 -51 86 64 -52 -99 36 -46 28 -45 -87 -8 -27 1 -26 -80 -9 -31 -81 -27 -12 -39 -58 8 -4 26 69 86 58 1 79 -83 -19 -27 4 -30 -18 -15 36 -78 50 13 78 69 -59 87 74 -85 20 97 -64 99 -50 -16 -4 84 -58 -20 20 -47 14 14 56 59 86 -35 70 -74 -10 -16 -19 -6 32 13 -69 -47 -55 -74 -55 -36 18 74 81 68 -37 91 20 -50 53 70 53 -84 14 -15 13 99 -75 -24 -21 81 34 -71 91 -95 -63 -96 -48 -27 -35 -2 -9 65 -56 -27 89 -43 6 -3 -70 84 86 -44 28 5 33 -19 -66 -22 -19 -53 64 -50 -93 -62 -9 9 73 -5 -74 -94 28 -57 -66 -83 -44 -51 -73 3 94 82 9 82 63 -65 -30 -44 35 -72 -64 30 -22 65 -97 63 -79 95 6 68 -57 -17 -89 14 24 -51 -61 54 -27 -7 53 -80 77 65 -54 -17 1 2 -95 33 6 61 -57 77 -64 -8 1 53 92 12 16 57 -21 -35 -59 -83 96 91 -97 57 13 -97 -13 -58 -59 16 54 -37 94 95 -85 -16 96 -88 -87 98 13 56 3 52 12 -36 85 -29 -91 -77 -95 -42 -68 95 43 67 -38 -84 -90 -40 -59 -51 -10 34 19 37 37 -45 -56 -15 81 58 83 -68 42 80 26 -57 -47 -36 85 98 69 -22 -67 96 60 1 -99 -67 93 53 -13 48 18 75 38 56 71 -77 31 -4 46 42 39 -93 -96 15 -30 60 76 16 18 19 54 86 -52 4 -39 -72 1 82 78 1 3 70 98 -26 66 -5 97 23 49
-48 -13 83 21 -54 -56 89 63 69 5 -99 63 70 84 -18 -52 79 -93 44 -32 83 -23 -37 11 -4 -14 -50 67 77 74 -35 -38 -7 56 66 1 90 85 -12 -73 -86 -29 97 -54 92 45 -44 88 -17 -75 -65 -22 -60 -82 -34 7 -29 8 8 58 32 68 95 17 33 -48 -67 68 16 97 45 -68 2 -60 47 86 -40 25 51 49 51 -32 89 -71 -7 31 39 -2 -21 93 -74 12 -66 24 76 95 80 -79 64 -84 -35 89 15 -50 -90 -35 12 72 -10 30 -78 -47 52 -57 26 -70 70 -20 9 -45 -93 44 36 75 -29 -21 36 -13 47 51 -23 16 62 75 -87 -87 27 67 -39 -25 -85 37 -72 82 -1 16 -86 41 -4 -61 55 -13 47 -40 50 -59 20 31 -92 -61 -86 99 -88 -99 38 -14 82 -94 6 -72 -25 -30 11 45 99 -48 47 73 -63 -70 -55 -86 -98 -76 -92 -65 7 48 -59 -73 55 5 -4 -39 78 70 34 -8 64 45 23 35 -6 25 27 53 61 -20 -19 -41 35 95 -77 -61 21 81 -19 69 -12 -82 49 -62 5 53 62 53 -28 22 42 69 36 54 63 -68 40 -84 14 21 50 -13 -85 97 -31 -80 34 -19 -35 -22 62 -37 -78 45 21 -87 31 86 36 56 -29 53 -93 -64 -23 -56 46 -83 -23 38 -23 51 97 64 -84 58 31 -84 60 36 -21 -2 62 -20 -88 -99 83 -52 45 -23 88 -42 88 -51 -95 21 98 -42 65 55 45 0 2 52 -11 -73 89 -22 -12 -26 -28 -85 -74 63 -90 1 11 -16 82 -17 68 60 -95 80 -90 88 85 -67 -89 -62 14 -2 85 -50 8 -99 -48 85 79 -14 -99 -95 -78 -52 10 85 97 83 -33 51 -98 -38 79 -33 -33 -55 -70 -49 81 -26 -10 -72 -36 37 37 77 7 76 86 -36 -68 9 -27 -19 -90 2 0 11 93 42 13 -82 -91 -83 -13 45 -63 -60 43 -94 -8 -79 -5 -90 -30 -36 -85 -95 -33 -91 45 -85 19 -81 93 -43 -29 70 41 -73 -50 -95 30 40 -51 48 70 8 -32 66 -96 -19 1 -65 -29 53 98 -23 -7 59 92 38 94 76 -63 28 9 -7 35 -76 0 -1 -31 -38 33 7 28 96 -50 -29 -7 -6 69 -7 74 5 85 79 -66 -24 -88 -81 -89 -93 87 39 -24 -61 54 1 72 -12 -47 37 -13 -63 72 36 48 -59 -30 72 31 6 82 -90 56 3 1 27 -3 5 -50 -35 0 40 -79 31 75 -35 -68 86
50 -2 92 41 59 -15 -74 -19 39 -51 80 -14 12 64 -67 24 55 39 -65 -6 -15 0 -28 48 36 70 50 36 -54 75 -61 -11 12 25 -49 74 -43 41 23 -97 50 -50 5 42 -54 22 56 90 73 -42 72 14 -31 -58 -27 78 -2 -74 37 12 87 -61 -62 16 -69 -77 -14 46 81 -66 -49 62 -27 75 54 -90 0 56 -27 83 87 -59 -73 -27 16 52 81 -30 13 81 81 -88 46 38 54 74 -73 40 -86 66 -11 93 72 58 12 39 38 -59 -87 85 -85 -32 9 94 47 72 26 69 82 -59 65 82 -38 -6 28 -77 99 -30 -32 10 -72 25 82 5 44 -84 85 83 53 -7 2 -60 84 17 36 -88 -62 -96 -83 -96 -91 -81 4 -12 1 -31 23 44 37 -31 -32 -43 90 -49 -63 50 -1 52 -37 12 -7 91 30 -77 66 -3 -54 -24 -68 89 -96 -80 -84 26 44 -36 -19 62 -25 23 -93 15 -10 61 -66 -89 5 -41 -90 3 -4 -43 -99 2 23 92 85 95 35 98 -97 49 -27 83 -2 -23 -32 -89 -41 -60 28 -31 21 -28 42 19 -6 -60 69 63 67 -51 -56 -13 33 -34 -60 -67 61 -32 -53 13 24 72 -96 47 83 -55 -54 -96 15 -39 99 -7 -90 -74 43 17 46 32 29 -94 22 -31 -79 -32 -81 -60 7 -71 26 21 56 -24 -85 -60 1 91 82 68 20 -56 36 -13 -46 -87 79 -90 -64 -47 -43 82 28 -3 23 65 15 -10 27 -36 38 -87 73 -78 63 -46 -2 19 26 -97 -48 88 49 -36 96 -51 -73 -43 96 54 -58 99 -36 -99 87 27 44 -12 6 93 -65 -54 71 22 65 -77 -18 9 -53 78 -34 18 -45 58 59 99 -47 -91 -92 -91 73 33 86 -15 65 -69 -88 88 56 91 -28 -69 -98 50 34 84 -79 91 4 57 43 49 -62 -62 23 42 -47 -45 85 83 -97 8 85 -43 -40 -99 28 -88 55 -77 -59 32 -98 96 -62 10 25 -51 -45 31 -38 -81 89 53 -52 -36 8 -1 38 -45 -52 56 28 -22 16 -52 25 20 -18 2 21 -84 16 68 -65 -10 85 52 83 -13 -41 -64 -42 48 -80 39 92 -14 12 4 77 -53 -27 -79 82 -80 -70 -15 19 -51 -4 -21 -66 52 -28 -62 -9 76 -40 19 -27 23 -40 -24 55 -2 -88 -44 35 65 -79 -70 -48 11 -30 91 -37 55 27 -30 7 -74 30 55 -46 59 27 -46 1 14 -32 -64 99 -82 -89 49 73 23 -22 -88
44 -87 96 1 -84 -16 -43 -69 72 -69 -77 76 36 53 -43 32 -43 -82 95 -16 63 -58 -50 -11 -17 -18 -67 -55 38 -71 79 46 42 -39 90 75 -49 75 -55 -45 82 -84 59 18 64 -83 -28 -67 18 -22 15 75 90 -6 -7 72 -78 59 -81 3 -20 60 63 -18 97 -29 -64 22 89 71 -24 43 10 -28 86 -45 65 -13 -10 -15 -49 -60 12 -38 54 -90 49 -20 99 -48 -44 -65 87 -27 -91 32 89 -36 47 65 -5 79 -84 34 -5 20 19 -21 82 69 62 -11 0 35 -9 27 86 90 -62 81 -30 48 -76 -85 32 21 -92 -24 -7 -21 -33 -59 -16 42 -50 40 55 37 8 -46 13 31 -91 79 -13 -23 -29 83 62 5 -71 77 39 -68 -7 52 -44 -78 -37 -20 21 -34 -5 -70 -74 -94 34 -93 -73 -2 -27 66 -42 -21 -3 -15 34 60 55 -37 -87 -20 -79 -92 -54 -87 -89 -26 12 -97 -70 91 35 58 55 -14 -16 -17 -45 5 -26 94 3 -13 -35 95 -28 -97 13 69 57 7 -73 -9 -34 -54 74 -55 48 61 -73 58 49 -38 -28 -1 92 -70 15 47 85 -69 10 17 -55 -81 -67 18 -10 15 59 29 -92 49 -6 -7 -7 3 77 77 33 -21 -63 79 -92 89 -99 -59 -50 -54 -17 -30 74 -55 4 -20 43 -2 81 86 12 46 -32 15 32 -94 58 20 -9 -99 2 -11 90 46 -16 5 15 90 -57 -21 -66 -42 -2 -39 70 -18 20 58 7 6 4 -9 4 -88 36 -14 32 14 21 24 0 -53 -84 83 -14 59 48 -46 -17 -97 -60 -79 -2 8 -73 -56 -62 13 -62 -91 37 -22 -92 41 7 9 1 -46 81 75 31 77 71 -6 -12 -57 -16 12 16 -49 -31 37 14 76 -90 10 -18 -44 -32 -54 -8 27 -50 -1 85 35 -71 63 -73 13 -34 -83 63 58 -63 79 -4 92 -36 -71 -75 27 71 -56 -90 -70 67 10 22 62 53 8 76 47 93 -32 4 18 39 -13 52 21 84 13 55 -89 -67 10 -69 -15 -58 -78 97 54 19 57 -83 -80 20 -24 -79 94 -21 -99 62 -51 -26 21 9 28 41 14 10 -28 8 17 -86 6 15 49 -55 10 82 65 87 -55 -92 -87 -40 -16 -37 -80 -11 66 -37 -69 47 -59 -6 -58 -60 -50 29 -91 -72 7 -61 -7 -76 81 -57 -84 -63 -59 5 -29 -18 -39 96 -77 44 -12 -75 88 -96 76 10 20 43 -50 92 63 66 38 -79 -24 12 60 56 -68
-76 -45 38 -50 -1 32 -96 63 -65 -47 -29 -28 81 -35 -56 -86 -99 -96 -74 -1 -13 -17 -92 -17 -41 -46 1 67 60 34 -36 19 -94 95 -4 -29 -30 -57 -94 13 43 -82 -45 -64 -4 -62 4 20 -71 24 -85 46 48 -31 36 25 95 19 -9 23 -31 -10 73 70 -76 -26 5 89 75 -56 -38 2 19 94 -91 -48 -47 -35 -20 92 -6 29 -90 -32 -94 -28 77 87 72 96 -26 44 -92 -9 -58 5 67 45 46 -89 -58 43 -8 -72 -5 63 80 -21 2 7 -64 -29 -48 39 7 92 -14 -64 -31 -16 87 -72 -82 -7 -72 -72 10 1 -30 39 -43 -58 -67 35 -19 -91 -28 88 -3 68 21 56 71 83 15 85 90 -74 28 -17 -49 39 12 -2 -16 -38 -4 78 72 27 27 -38 -97 -56 95 -91 37 -55 -89 38 -49 -95 -64 -21 -21 67 -75 -97 -8 -21 -83 -21 -9 76 -49 45 -1 67 -74 -54 41 -17 5 -60 -43 84 73 93 -32 39 -67 78 -79 13 -42 81 -33 -42 -25 15 98 46 36 -23 -55 26 80 -32 89 33 -72 -27 48 -77 19 -82 95 55 -5 -23 -16 69 21 86 -12 38 75 98 12 27 -55 18 -83 10 -62 34 26 -61 67 -80 -27 -88 -68 9 -24 -43 7 20 43 87 74 -46 46 -60 -46 74 57 -30 30 29 92 93 84 29 -60 -37 2 -19 -78 79 -72 2 45 58 -9 11 56 71 -11 44 -29 -33 31 -99 -39 -28 94 30 -86 -16 -50 50 -97 60 -30 31 -75 22 -23 -96 -88 -61 -43 -3 25 -86 -38 75 -79 81 17 -80 -18 40 77 -48 18 -49 -20 -35 80 -98 -72 -82 65 72 -13 -55 50 -62 37 -30 -93 64 -53 -74 43 -60 57 51 -24 63 15 -86 -18 -19 54 94 64 -40 -60 69 -36 14 78 7 9 52 -72 81 14 16 37 -88 -39 87 -18 56 -65 82 72 -20 -54 -79 65 -13 -88 -40 21 -43 -73 -96 84 -98 76 -74 -18 -46 -63 -80 5 44 -72 -73 13 -88 -51 -2 60 -48 85 -97 -56 -9 81 60 -11 73 -71 -69 29 80 30 -28 -80 -98 29 66 -16 -43 -47 55 -62 67 80 14 -70 32 8 88 52 7 -15 75 -67 -44 -6 12 -11 2 -49 -15 -12 -74 89 -71 18 -14 -25 -37 62 -5 1 72 -38 -76 23 18 -74 31 17 62 90 29 -84 -76 86 -90 35 -81 -41 10 -6 -51 -76 -98 -86 -7 -95 -58 56 64 9 -83 79 89 57 -53 -40 41
93 -89 -87 -15 -21 98 -68 89 88 65 95 47 62 -41 -10 -89 -73 54 -95 23 41 90 30 21 -6 55 -66 -43 -51 41 79 33 -23 83 -68 -40 34 99 -23 -48 -94 24 -95 -81 -67 2 -81 -35 -27 76 16 10 16 84 -34 94 -13 28 -85 -39 -23 40 -55 -81 -58 99 6 17 63 91 -21 99 -69 -12 28 69 -5 98 -10 -19 46 73 59 -93 -17 -64 -27 87 45 39 -52 27 -29 -92 32 23 -40 69 98 66 83 22 -46 -4 39 -36 49 -77 -55 10 56 63 11 -89 -80 89 29 -85 84 55 73 -33 -57 69 -8 -88 -18 16 -38 39 -54 -69 12 -80 -53 -4 -17 50 -69 -26 44 -93 -51 55 -44 54 53 63 -90 -45 -64 15 -81 79 25 4 28 39 41 -62 96 86 -1 -1 18 -56 52 49 67 -21 -14 -37 25 77 -37 72 -86 99 47 -76 -14 71 -80 -64 -8 36 85 -67 13 86 -86 39 -47 28 -59 -59 -35 91 59 38 35 -19 27 -43 17 15 87 2 87 35 63 60 -86 20 18 16 38 -25 61 87 -38 87 -71 99 4 40 -28 -97 93 -17 6 40 -50 93 70 -68 61 -63 -28 -72 -97 -82 22 -90 -20 18 78 62 10 91 -22 -81 80 -88 -55 11 -23 -9 -95 75 -13 -92 -62 3 -40 17 -11 -6 20 -99 -76 -33 -73 9 -76 2 12 31 96 -57 65 23 36 78 -45 50 92 16 -28 -40 -16 16 73 16 -62 -17 16 77 88 54 -74 13 -96 -51 -41 80 -81 -91 28 61 -70 -54 71 15 84 -16 -4 75 22 75 -14 53 46 61 89 15 94 -73 -61 -7 68 -26 37 -42 53 -60 -27 47 97 95 69 24 -71 -91 44 -13 88 73 27 -64 -33 11 -10 -68 -74 82 37 -25 -69 27 6 34 -24 32 -22 -19 -11 -70 -12 54 -28 90 63 10 -88 -9 -57 91 38 84 82 38 89 -30 -27 -74 63 70 -29 -55 -20 60 -29 42 90 -67 -90 -61 -82 -13 -92 94 -16 -59 -81 -38 -94 8 51 97 -84 47 8 66 -83 -53 -81 -22 83 -54 -16 -92 -86 49 93 -45 -48 49 -85 13 75 82 91 -95 10 76 55 15 10 -95 -87 40 -35 33 47 32 -91 29 17 55 24 -99 24 13 52 57 67 68 84 -46 5 -76 -3 -85 68 33 76 -54 44 -73 92 73 -15 -53 87 67 -61 2 87 -98 85 2 -56 68 70 -97 76 -72 73 49 94 6 -53 -93 -25 -2 -56 6 9 10
19 -64 -9 -45 -7 91 92 -78 31 -68 45 -55 76 20 85 -34 56 64 77 74 28 -78 72 -84 -4 -85 1 4 -84 -8 -24 -19 -67 23 82 73 -8 78 -98 -65 88 -87 47 52 -25 -44 21 24 87 49 30 -14 -71 -81 -75 -24 35 -62 -81 -77 64 88 -35 14 -24 38 -82 -82 -31 -85 -75 -64 -54 -49 46 96 94 67 -66 -94 34 9 30 -31 21 -98 -2 -85 27 69 30 -82 32 75 68 -76 52 -71 -32 87 14 45 -82 82 -53 94 54 -23 -13 -22 86 -11 -57 -17 -67 51 -35 -86 -62 61 86 -29 98 -81 38 7 59 -1 82 -66 -51 32 -52 48 76 -35 73 96 68 65 -30 -67 71 55 52 -95 -98 -95 63 -36 -53 57 70 2 -59 23 3 50 -74 47 -33 89 80 -95 83 81 -75 -58 17 26 -9 87 52 -15 53 -18 90 -86 65 -41 67 55 -8 5 86 -64 -30 26 -47 72 -74 98 21 -22 95 65 33 -65 -28 -6 22 -51 -9 72 11 -5 -16 -73 -90 -93 28 11 48 -81 -5 -11 8 86 -31 -35 -72 90 -91 7 49 -96 89 -5 61 -63 0 3 89 27 24 86 92 -85 80 -29 88 -30 -84 -18 -55 -14 28 -78 64 43 95 -40 -48 -26 26 60 -26 67 -54 -13 38 -10 30 -48 90 5 -87 86 28 87 -14 30 -32 73 -14 24 85 3 27 94 -36 91 -84 -51 -54 9 -26 46 -59 28 -66 -54 72 77 32 -8 -55 -31 87 99 -87 51 -7 -15 57 -81 8 -6 3 58 -86 -66 -54 -28 -7 -15 -21 -41 -40 -21 -61 61 49 35 20 -23 39 -1 -13 -41 87 77 -77 -3 -92 -16 -3 15 -75 -14 72 -66 96 40 75 -64 -44 -9 24 -7 -65 -99 -77 -55 36 56 91 9 -12 -47 -35 -54 17 29 95 92 -69 -36 -46 -64 22 47 45 -3 -21 -10 -26 84 83 21 76 -70 18 -44 9 61 -41 27 -29 -1 48 -65 -54 48 67 83 -54 -96 35 62 25 53 57 -37 61 50 -3 -22 62 -95 -77 37 -67 40 44 37 -38 13 36 89 -39 -48 47 -48 40 -16 -83 -50 57 -25 63 11 83 -65 33 -62 66 -95 96 -83 -11 3 -56 -11 46 -21 -74 -15 54 17 99 -78 21 -72 9 -54 70 23 -95 51 64 -83 -41 9 -44 -71 98 -36 14 17 1 -77 49 39 -32 86 77 -2 22 -54 -46 49 -24 -73 -45 78 -99 -7 44 23 -12 68 -55 81 95 52 -70 61 73 64
-47 88 -92 81 41 -80 -40 -48 -42 66 81 -58 -4 -59 76 56 -89 95 39 34 2 98 56 63 82 43 45 72 66 -69 -63 45 6 96 -98 31 -85 98 86 -52 87 -16 -99 17 18 60 93 94 5 38 -74 12 -95 -54 38 24 72 -75 -82 35 -67 -1 83 -41 25 31 71 51 82 52 72 -58 -60 25 11 -48 51 -27 83 -11 -95 41 -21 -38 97 58 64 19 -88 58 -16 48 68 27 -57 -46 -65 30 36 87 18 84 80 30 -81 -78 -93 40 -7 -28 -79 24 5 -83 -39 -53 -33 85 84 54 52 -53 -46 -37 93 62 -29 52 7 24 9 -21 39 19 -2 98 37 -52 86 -73 32 43 -73 98 64 -21 97 -14 67 5 10 -2 38 73 31 47 -80 -24 75 23 -6 -67 37 -44 32 -27 48 96 -22 -4 -24 40 -55 -96 30 -20 59 -24 -82 -5 50 52 60 -11 -96 58 92 -12 -96 70 -38 -6 29 -41 -19 28 47 64 25 -37 -28 -88 2 -75 -18 88 -20 -97 24 70 -57 -94 63 47 -21 5 57 86 40 35 33 -84 26 1 -88 -42 -4 49 81 -36 -7 -31 44 75 -93 76 -36 -99 -79 -52 76 -93 -34 -19 -31 14 -50 86 -85 10 -56 75 24 -34 -52 -27 -87 -59 78 -1 -52 -16 4 -28 78 -35 7 26 94 81 -83 20 84 -54 69 39 53 98 48 -51 54 18 42 -64 -71 -67 97 91 -86 -38 27 17 63 -49 -80 -11 89 33 -38 67 9 78 43 -82 -57 64 -29 -55 -46 -70 -1 -45 -70 55 96 14 52 36 -75 44 -80 -68 -10 88 96 -37 11 3 -36 99 78 -92 -35 -9 -49 12 -19 -94 94 -9 -6 27 -89 -80 -18 8 77 -6 51 -97 3 -82 5 -59 70 81 -76 83 54 -33 84 -44 -64 26 -85 -1 17 -98 3 -39 15 -54 -83 80 -9 51 49 50 -37 22 -46 -52 34 -58 53 95 70 19 45 92 89 89 -9 -88 -34 64 -50 -27 -5 55 -61 70 70 -73 -8 23 12 3 77 -32 -13 33 66 -53 89 -97 -20 90 56 8 35 68 -21 -21 71 -78 13 -90 93 -73 20 -42 62 34 -32 -65 -94 74 82 25 94 79 -95 59 24 -49 -29 60 83 58 84 98 52 -11 17 -56 -83 -5 67 5 -50 39 81 30 -79 -66 -90 -25 23 -82 25 -81 13 -25 60 -43 -31 95 56 53 42 49 -91 -29 -43 -39 15 73 34 53 2 86 -13 -84 16 54 -1 -17 81 -71
-24 -94 -7 -35 -15 -53 -4 -30 -44 10 -87 -60 -39 -81 96 50 -8 -10 -84 22 -66 87 -67 24 -8 86 -15 -67 -80 84 64 -33 -98 -66 4 30 -5 -14 95 7 -40 -31 -60 31 4 -34 -51 58 22 30 -65 -35 19 83 16 57 -18 99 -81 -46 -56 9 -94 -12 66 71 -50 -96 -16 88 -66 78 62 -70 -51 96 -25 37 52 31 60 -46 -85 -93 -91 -71 54 77 39 -55 -47 42 48 52 86 22 93 -4 21 -12 -41 64 51 89 -23 83 -83 -1 -10 60 87 20 78 -41 -41 -57 -52 -42 -19 -57 -30 -46 -2 73 -34 -53 19 59 33 33 -33 61 -60 -11 -62 -43 57 -56 63 94 8 -41 68 69 -32 72 -21 -73 65 -90 34 8 26 55 60 -94 42 -91 19 99 -59 64 8 40 -69 -18 -82 -75 -36 -50 52 55 -32 -9 -64 -56 -37 -8 5 14 73 60 18 0 97 -14 82 3 -1 41 10 -49 30 80 26 48 59 -93 -18 -18 20 -62 84 -51 72 -59 80 -86 -9 30 -71 89 6 48 17 73 79 42 -77 61 15 1 -88 -71 9 -76 16 3 -90 -29 -78 -44 -72 91 54 -41 -67 40 53 83 -38 -83 -60 -65 67 -35 94 78 -32 -50 63 -33 -42 -23 92 76 48 61 -43 24 -46 -44 -90 -21 -75 48 12 -81 -6 78 23 6 5 -82 20 -80 71 96 70 -85 -53 44 -20 94 97 -88 92 88 -13 47 91 85 88 -40 -55 77 -12 95 66 22 14 -94 -12 45 16 92 74 -50 -2 -38 20 -39 26 6 77 67 27 -61 -75 -77 -39 5 -88 88 -98 -31 9 -7 -94 -19 -95 -22 -27 -43 -45 -46 91 -71 -77 56 58 -89 28 -61 -13 23 -99 5 -98 76 -20 -30 80 87 19 40 16 -45 -94 51 81 58 37 27 -42 26 87 -17 88 -34 95 99 -15 -18 -13 60 -1 45 21 -62 14 70 -42 40 84 -46 90 -79 -10 20 99 76 77 52 0 62 -62 -32 -97 84 -87 90 76 95 63 -87 8 -47 -88 17 48 49 -20 -52 24 37 7 64 15 86 -18 78 72 52 96 -2 -62 -73 3 34 -42 -70 -30 97 -37 2 8 -94 65 62 52 39 1 -63 5 97 -69 34 54 -32 -24 84 -30 1 -18 -85 -34 9 -17 74 -28 -22 46 -87 -70 28 19 43 94 60 -77 94 97 -22 -94 -70 -2 -5 -94 -98 -75 40 -24 37 -92 88 -25 7 -45 21 5 92 -90 -32 -7 -70 -19 -47 63 80
-3 -51 34 -86 -48 88 34 -10 97 90 80 -50 80 -92 26 -51 84 34 39 -88 -78 -93 -95 88 -43 80 48 41 34 88 85 8 -87 -18 12 -85 -48 -19 61 -32 -65 -51 37 -22 -40 37 -96 -54 71 -48 -50 -6 99 -62 -93 8 39 -34 35 81 1 -23 -15 99 88 6 -15 30 62 4 58 -4 -32 41 -65 53 -83 70 89 -6 -15 -26 38 25 89 41 27 -66 26 34 74 -44 -21 -74 -76 -89 11 25 31 -73 76 25 -78 -48 63 -61 -37 87 3 -97 -69 -7 -96 59 46 -79 64 27 -30 72 15 53 60 -35 -11 24 -77 -3 -94 54 -19 96 -55 77 54 -35 22 -48 67 75 70 -35 31 13 -7 -43 42 31 48 -41 28 -63 -32 12 -30 -58 -8 -48 17 59 -28 37 -5 -50 86 -66 -77 -63 -94 53 18 57 7 -94 -88 5 98 -51 31 11 -87 83 72 -98 -7 76 72 -89 60 97 -15 84 97 -4 -41 -5 -95 -99 33 32 30 -32 72 -18 14 -9 3 24 -95 -48 -92 -74 67 51 -63 -68 0 78 18 11 -49 33 -8 -55 -85 -15 -65 -11 59 0 -25 -49 -29 50 -47 -19 58 -81 6 -31 74 86 27 -11 -19 -46 -57 17 -34 35 82 -41 -22 -33 57 -95 -78 67 -77 -20 6 38 -87 3 -62 38 -42 46 31 -76 -12 -60 -14 -81 -3 76 11 -68 -57 49 69 -16 -22 76 -82 5 -90 -5 40 -9 80 29 50 41 28 -39 53 -76 -30 -64 2 -25 -69 37 -59 85 38 -24 99 -7 -43 -30 -66 -47 50 62 -69 73 -90 39 86 84 90 48 -17 -82 -19 8 17 46 59 87 -13 13 86 68 -26 -59 -65 28 -60 7 42 57 -20 72 -13 0 43 23 65 -55 14 -52 31 59 62 69 87 -36 58 85 -3 -57 92 95 -73 74 54 -81 86 -27 -21 -95 96 -58 -85 96 21 -50 11 92 -9 6 98 52 0 -94 36 -85 69 39 89 94 61 90 39 -60 30 95 39 48 47 11 79 89 -85 31 -70 -43 31 -19 -75 -50 54 58 -46 87 -80 -55 -86 -82 -29 53 -39 99 27 31 -85 44 -75 -40 30 40 -8 -45 -69 33 65 74 4 -39 -94 -58 7 78 -29 -53 -35 -68 34 -41 74 -69 16 -23 95 -68 66 64 95 -26 36 -84 -38 -66 -29 -22 40 8 77 -1 78 -46 72 3 -86 13 -4 -54 34 62 -2 34 1 94 71 14 45 -82 -81 50 36 76 30 50 -69 -91 -49 -23
-59 60 64 16 -97 -29 39 -70 81 18 25 96 -54 -27 -30 -4 -92 -37 -54 97 52 -6 6 19 -69 90 88 -38 -22 -81 -60 78 27 29 37 42 29 -48 19 -30 96 -48 -10 18 78 -66 9 80 1 38 -50 -73 60 -34 16 -96 -11 -48 68 62 18 -86 -58 71 -68 54 61 75 97 -97 76 27 12 -61 97 61 -33 54 26 71 -32 28 -84 -29 26 -43 46 42 -54 19 31 34 -83 -12 -39 7 -46 -36 -4 68 7 -55 37 4 49 13 -84 -4 70 -49 2 -77 61 -63 -65 75 -33 37 82 28 -72 -16 64 7 96 58 -4 -89 -5 -77 -22 -57 -59 -61 28 24 14 -69 -46 39 -23 -39 -34 67 -65 11 35 -17 -90 49 90 56 86 -60 -4 64 96 -85 91 -82 -56 -25 40 -1 -48 -89 4 91 -49 46 21 29 84 87 -89 14 41 -68 -78 -67 -48 -6 37 -83 -31 63 -22 -42 26 -25 47 -48 14 14 82 42 -37 -65 -21 -49 64 12 16 -15 89 -7 69 61 61 72 -10 -90 -19 33 -75 -4 10 -69 -98 -51 -57 22 -38 65 56 -71 33 92 55 56 -13 14 92 36 83 -70 -29 18 -41 4 -98 -86 -7 -90 67 -18 -65 -5 -30 52 -86 98 92 -36 -42 -46 39 58 -36 -81 96 64 20 90 -10 47 -38 20 81 -35 23 -39 74 -36 49 72 7 -24 95 65 95 16 -47 -9 57 90 36 16 66 -56 63 42 -58 41 -79 -45 -23 48 -21 90 28 40 94 8 -22 46 32 -31 -26 9 41 35 -30 -96 84 14 -47 -18 -75 -16 47 -56 -72 29 36 -92 -68 89 80 -66 -34 35 -54 -24 -32 -92 -56 -64 9 -28 -90 -26 30 26 69 68 14 40 -40 -26 -65 56 28 -27 -74 45 3 13 -91 -47 -28 25 -56 60 -59 -50 -17 -83 -30 -45 -96 -38 -78 96 -12 -28 28 -17 -52 6 32 -71 -37 91 -5 38 33 27 6 46 -62 -30 -30 73 -45 -37 -54 39 41 87 26 -96 4 -35 76 -71 -35 3 -65 -44 19 55 -48 91 -62 -44 -16 -29 -48 51 -91 10 32 36 -42 1 -73 74 -83 1 80 -81 -47 -11 97 -79 -93 64 56 68 95 -40 -93 -86 -10 -88 59 53 -98 -13 32 -13 -15 89 45 -23 4 -84 38 -87 89 66 12 -35 -35 -82 -33 -3 21 61 -21 -30 -96 -10 64 -86 -68 -85 44 -83 17 37 -14 -68 -81 31 -84 -86 -60 44 -38 30 30 55 -47 -66 -34 -2 -96 50
-27 -34 -42 -81 -59 66 -93 -55 91 0 -99 89 -89 10 88 -63 -76 -86 -86 26 -35 -83 9 8 38 -64 -59 -3 88 -16 2 53 71 -85 -75 -56 -95 7 -81 42 -12 69 -20 65 71 57 75 49 27 -10 81 19 55 39 36 -6 69 87 51 -12 -90 -93 -27 83 3 -43 -69 12 66 -29 -22 -87 48 72 47 -32 31 47 25 -25 -66 48 -14 87 79 75 15 -15 -44 69 -1 -44 -48 -50 30 -8 56 35 26 8 62 -77 96 80 -83 79 72 90 -4 1 7 86 84 -23 56 33 47 12 33 0 20 -15 -88 96 96 79 31 90 -49 -5 -46 69 -88 -18 22 68 -85 71 -86 -29 71 48 -71 -42 57 -49 -73 40 48 71 41 -14 71 39 39 -98 44 80 -30 -54 -62 -56 -49 68 32 48 -20 19 -65 -53 -67 -12 -86 -84 70 97 78 56 21 -61 -69 62 48 90 -92 80 10 -31 32 57 88 63 -11 9 -63 -58 -54 -93 -23 60 37 -94 29 -28 -66 -1 -86 19 -90 37 25 -23 83 11 4 56 -77 -72 -69 -33 64 4 95 -72 -89 0 -77 -33 62 -73 89 -85 74 -28 -30 87 90 25 85 -51 21 73 37 30 95 -14 -96 40 51 -89 -41 -27 -42 60 25 27 0 -67 62 85 -27 15 87 0 -67 -21 70 -81 -42 55 -56 -98 -58 82 41 73 -91 24 -37 -68 66 -16 53 69 -73 -80 29 -88 80 19 88 -5 62 -99 -10 -68 -71 4 26 56 12 -82 83 -87 -32 -6 -39 -44 -63 -9 -35 -55 -69 -65 -85 -6 67 -76 12 -91 71 -14 -92 -61 80 71 -58 80 3 88 -71 -79 11 29 49 81 81 22 -39 -60 18 -82 -78 62 -58 -37 -23 -72 -2 -39 -83 -19 -75 70 -56 56 -91 -10 -15 39 -72 -74 -76 29 82 -6 90 8 94 -87 -84 25 -52 -74 -55 73 83 31 -98 -8 57 61 63 -97 -55 15 -46 37 -41 30 90 67 -28 -14 -83 -47 44 -74 -79 67 45 16 53 99 41 41 69 79 -8 -85 85 -9 20 14 93 65 44 -60 55 -15 -22 -48 -97 3 90 23 -52 28 -7 -22 -43 -77 51 -76 40 -83 -39 -81 -62 -47 -13 -89 60 -52 30 -85 64 27 65 69 -61 16 79 -16 -85 9 -63 94 51 -51 24 -85 -54 -19 -54 -99 33 2 -63 17 -89 74 91 -58 -11 -85 68 -34 -17 -79 -89 -94 -36 48 -11 -20 -32 -6 15 -14 -45 18 -7 -34 -96 96 -85 -68 -1 -59
-46 32 90 -91 -80 -39 65 -46 -11 -5 -57 4 70 -9 19 -39 11 -63 -61 -28 74 -16 -18 18 -53 -91 -7 3 51 14 -99 -74 0 37 -88 87 83 30 -2 31 98 -33 34 24 -94 20 97 51 50 -71 -29 64 26 -23 -83 -55 15 -80 -47 -74 79 -90 29 8 -4 -31 99 56 -1 66 92 55 23 38 -57 0 -36 -80 7 65 94 13 -36 -97 77 -90 34 -18 97 6 -41 26 94 -25 -18 80 48 -86 -20 -8 -48 39 32 -68 37 75 -81 83 11 -29 -20 59 54 -26 0 -61 -39 -97 -38 22 -48 -90 -40 67 -11 25 -84 -44 -61 90 -54 -86 -13 86 -51 36 -59 41 5 1 -64 63 -52 -35 -84 -50 83 -17 -76 65 88 -68 -89 -84 94 64 -58 37 6 75 -25 -55 -32 -21 96 8 -39 -27 -44 24 -30 -6 99 98 -80 82 56 10 3 -25 -95 -32 4 -82 80 45 24 -41 55 -10 34 -98 -47 69 -29 -68 -51 56 -68 89 97 8 -38 57 -66 2 -97 -17 -5 0 95 -53 -53 9 19 -23 96 -45 -51 -88 -3 -82 -86 61 44 99 -68 65 -66 30 -24 76 -59 -35 37 -51 -93 9 -35 -39 91 55 -30 41 62 81 53 8 85 14 96 23 -38 45 27 -94 -82 58 -56 -97 -74 -56 -80 54 14 28 -79 -37 4 10 -73 6 99 1 49 -9 -82 98 -5 60 65 60 78 -3 -9 -1 -41 -97 76 -88 -38 91 59 85 28 57 27 -55 23 47 5 60 -56 65 -10 64 8 95 -63 -30 -81 79 55 68 -89 76 -26 66 7 44 74 38 -20 56 -57 -39 89 77 30 84 -77 -9 84 -1 -38 7 -54 68 90 61 -69 82 97 9 26 -51 13 -72 13 -24 -73 63 86 7 68 -14 30 98 29 38 91 42 52 -54 14 92 -84 51 81 23 39 -86 30 66 -26 -83 -42 -4 -76 -8 49 -69 91 -28 0 96 26 -10 -35 66 53 2 44 61 99 -21 62 -89 -38 7 -37 -51 -33 -8 -61 6 45 -50 36 60 10 -65 35 -40 26 5 79 27 57 22 -85 -96 2 -5 40 -6 61 -57 -16 -36 47 4 -82 82 88 15 85 -80 54 -15 61 -43 47 -68 -51 -87 -81 -8 61 11 -55 -60 -68 94 74 30 76 47 -36 16 81 96 -71 51 -65 -50 3 31 -17 -13 -23 11 72 -35 -36 -66 -50 44 -74 -72 -56 66 62 -58 -68 2 -80 -45 -9 -85 -59 91 -4 -42 -11 0 42 24 -22 -66
80 72 -20 -9 9 6 42 -75 -4 -55 -23 -11 -13 -71 -44 -2 -52 -9 78 99 24 1 8 39 -51 -49 81 -54 18 12 15 -79 33 -56 -24 48 34 58 69 -32 41 92 -42 -98 -71 -97 -18 89 83 89 -38 42 90 8 -71 -29 -70 -39 -34 -2 90 66 -53 -68 44 -28 52 16 70 85 -92 49 -54 29 -65 45 -19 -57 79 75 -77 -7 -38 87 53 74 -78 -95 -55 -15 -84 -96 64 47 -83 -62 -55 -55 58 36 -71 50 -43 -63 -84 42 63 72 -1 67 -16 0 -47 58 -10 29 -97 64 2 57 -98 -83 -82 -62 81 -56 95 -26 -28 58 30 -84 -61 0 99 -10 -59 52 29 71 89 16 -50 -13 61 -72 -41 42 95 -86 -2 57 65 -14 -68 -24 75 41 -79 57 42 -51 -14 -94 84 46 -25 39 -94 -78 11 36 -50 -52 -75 -9 67 -63 29 -95 -27 -82 -37 65 -69 63 -22 -98 -36 64 40 -97 -27 -13 -31 59 -92 27 -8 -86 50 -41 75 -52 62 -24 -79 -93 -72 33 -35 -86 -27 -30 -33 -52 45 -15 33 -49 78 -94 99 -21 52 -44 1 18 -63 68 -44 -64 25 88 -37 85 68 81 -89 -39 3 89 -51 51 75 50 4 -23 13 -88 -25 85 -90 27 -88 -80 -16 -31 50 4 74 -3 45 84 -12 -47 -30 90 -97 -93 73 -54 38 -26 98 -60 43 65 81 14 -27 -17 76 84 83 49 -75 -54 19 -21 -5 5 -60 11 -62 24 31 53 -56 -46 -69 -73 -32 29 -25 16 -75 -66 14 77 14 -76 93 77 0 -98 -46 40 31 41 41 88 82 -71 74 -96 59 28 72 -89 5 54 -17 -72 -1 97 1 -77 -64 -38 69 80 71 -93 -43 -87 10 13 6 -18 -42 -63 10 -11 -76 61 -40 30 -85 86 0 40 -49 -29 9 -59 94 -97 80 -19 -89 -20 88 -38 -42 95 40 -85 54 99 -48 44 -59 77 -33 -25 72 -42 59 -59 54 -22 27 0 -65 63 -83 93 -35 -37 28 -54 26 33 -33 82 -32 -16 -71 -84 -37 -36 52 -96 -38 29 44 -11 86 10 -6 -42 4 50 -86 -94 68 -50 44 -22 33 -76 41 61 -32 -11 88 14 65 -88 -58 -65 71 74 6 -42 87 71 58 34 -31 38 -32 66 -1 49 -70 16 60 62 27 -66 -56 -84 78 74 45 -76 -56 63 -36 -91 22 -49 59 -38 96 15 -99 12 -22 96 41 77 79 77 -7 -78 20 -29 -98 -55 10 85 -47 -26 38 -27 -52 -14
6 71 18 11 -88 9 45 95 82 11 4 4 19 -19 0 67 44 -39 -28 -43 6 -95 -65 -75 -35 5 -55 0 40 -28 -74 72 42 -82 -80 9 59 5 77 35 -90 70 -66 -45 49 -85 -83 20 86 -93 31 75 67 41 -76 50 46 -19 35 -74 -88 -20 33 64 -40 64 60 -72 -72 -45 -71 26 72 -40 18 -24 -5 85 -88 -58 4 47 23 -88 -89 -51 -6 65 -71 87 -52 -91 52 -61 -11 -65 19 -20 65 -85 41 76 85 -9 -26 3 -94 78 45 4 11 68 -1 73 0 22 -16 -72 58 -39 15 56 -47 5 -21 -41 27 58 -21 9 -47 39 76 -94 40 -36 84 51 -8 46 -73 -59 18 -71 -69 68 28 -55 -22 -11 23 -16 41 -93 81 66 -83 -61 -2 -17 6 5 -74 -3 80 -12 52 -3 -82 -76 11 32 -2 -3 88 24 -79 -55 -75 64 -25 64 -7 -53 95 -71 31 83 97 90 25 1 -24 37 94 20 96 80 36 10 -69 -68 41 73 92 -76 62 97 54 -82 86 -54 -18 47 35 55 32 -69 -33 -3 -32 -2 56 72 14 -94 -90 50 -40 -39 43 -36 97 -91 -52 96 52 32 1 67 -75 -84 19 -85 -98 19 -78 -97 -32 88 54 -42 58 62 -3 10 20 97 -18 -56 -33 81 21 80 70 -23 95 -22 -70 -50 -73 -12 16 -57 35 39 74 66 -25 44 5 54 -39 -81 31 -68 -33 78 45 -80 -32 46 -61 -65 -70 96 41 85 -46 9 9 -30 64 -70 50 21 -83 70 -63 36 93 -24 94 56 -56 90 -54 -77 -30 29 41 -52 -9 -24 95 52 -15 -97 46 -52 -20 81 76 -70 -76 -53 68 -93 -30 9 -27 44 41 80 23 -42 -4 -21 92 11 79 62 43 -29 77 -36 73 -57 -21 -28 -90 83 -36 -57 -16 -18 27 -48 -72 -22 -75 41 23 12 13 -29 -27 53 83 10 -8 -77 15 93 -27 -33 87 27 13 -3 49 95 -80 22 -15 48 -22 43 9 57 69 -55 91 -31 -2 -1 -29 5 -24 10 84 -67 -33 59 39 59 -63 -57 -58 -42 -30 74 -19 -79 26 -8 -66 -67 -85 87 11 46 -50 86 75 47 46 -32 86 56 47 -71 88 -45 79 -46 76 -55 21 -29 65 95 -29 11 -71 -31 75 -43 89 98 -42 95 39 89 -77 -16 93 24 -30 -51 57 14 -14 -92 59 -31 -46 79 95 54 -24 -48 98 40 49 -31 50 11 -92 65 7 16 -42 -17 44 43 38 -78 -29 99
81 -56 26 97 -2 -8 22 -70 7 -26 1 -27 -77 70 78 -26 96 -5 -29 -59 45 -54 49 11 -97 -46 28 79 1 -81 38 34 -14 71 96 36 -3 41 13 -79 67 -35 81 44 -84 0 42 13 10 60 98 72 24 21 -54 71 -69 -56 71 30 -46 -87 43 -49 82 66 37 -56 -65 22 -49 4 -84 82 -63 45 42 -34 -63 -77 -39 -87 -79 -54 59 -65 94 85 51 80 -92 85 -49 20 62 3 85 -49 12 -82 36 -12 25 -4 57 -28 -73 -67 -38 61 89 -6 61 -4 54 -87 -12 -64 -56 1 88 -97 63 -24 -90 18 95 80 4 -97 -87 -90 -66 45 74 -77 22 -13 -78 -98 -23 -69 34 65 60 -59 87 91 -67 65 -15 -97 -24 -83 31 73 85 -63 -80 -14 59 -31 54 79 -31 91 -13 65 -47 24 -92 -13 -45 33 69 55 14 -87 20 -20 81 -38 5 -82 83 47 -24 78 76 -4 68 33 47 -58 29 8 -97 49 -78 -86 -91 89 -27 75 -4 -31 23 -64 -81 -54 46 29 86 18 -31 27 70 -70 16 -19 -81 86 74 -15 -15 25 65 -60 -40 17 65 2 -81 -9 -42 76 94 15 52 58 -52 59 24 11 -91 14 -37 57 -33 19 -62 55 -39 29 -91 -27 -57 -47 -79 -54 -9 55 -59 -8 92 38 -85 -85 -84 -61 -45 72 -37 58 -57 -99 -67 34 -2 98 -94 16 -8 -59 59 -96 -63 48 88 -92 -27 89 84 68 -21 86 82 44 -65 48 43 85 64 34 -85 33 84 73 87 -10 -1 -80 -78 -5 -99 -81 80 29 5 19 -39 -61 -48 56 40 67 -68 68 -77 -1 67 74 -77 -48 43 89 -78 11 76 -5 24 -79 -55 25 74 52 76 -29 50 -63 86 42 -87 5 65 -36 3 61 40 40 75 29 -85 72 -63 93 -39 54 -97 23 26 36 33 -9 22 56 31 -24 54 -89 -66 -50 72 -99 -2 -31 49 7 -91 -45 -75 53 91 -86 -34 -80 99 -48 -36 -56 -3 -47 88 49 -94 62 -91 25 -51 29 49 81 -58 -61 -22 81 58 -54 -46 -72 46 -90 -83 -83 -4 -21 82 -99 66 -18 -95 -31 -59 -20 -76 -40 81 -18 47 3 -47 83 -21 86 81 -59 -56 -37 -37 -97 -12 82 -37 70 76 -75 -98 51 2 0 77 -61 -60 26 11 69 64 -65 -31 -64 -83 -47 81 -25 -52 -39 -91 -94 -33 -54 9 56 46 25 -76 75 6 79 -84 -43 43 30 -21 -4 -45 31 -14 -62 38 -86
27 89 8 -69 66 31 -90 -89 63 74 -88 1 -6 54 43 -32 -37 -22 81 24 15 28 -10 -84 -5 -83 -46 -82 88 28 -13 32 -91 -44 24 -85 -8 62 78 86 -50 98 48 -50 -85 13 73 16 42 -63 -50 -49 -1 81 -63 -46 64 -61 -27 -66 -13 -71 23 -99 -49 48 -19 -67 12 -94 59 -72 22 -51 -66 -46 44 -71 44 3 -74 -45 -59 84 99 -28 -19 -29 -14 -8 85 -58 -52 21 99 72 -60 -6 50 38 82 -35 -59 50 98 -24 86 -91 -18 -98 36 77 -26 30 36 42 -14 -24 -75 51 97 21 -8 -85 21 -67 49 -69 47 -67 12 -2 -47 60 -93 -62 57 54 56 -15 -52 -40 95 67 -21 -80 -61 -6 -25 41 61 22 93 -1 -50 -48 63 -99 57 17 -73 92 -26 36 -62 91 -84 -68 -98 -22 25 83 85 37 -19 79 -68 -83 24 79 42 51 32 60 -99 17 -6 52 -58 10 16 16 -17 -33 69 47 -90 28 -61 41 82 -9 15 26 46 6 68 47 -11 -65 -94 -63 74 30 -51 1 -50 -17 42 17 21 22 -57 -14 66 -64 -10 67 -43 -43 89 48 -62 -69 28 -5 53 -81 29 -80 -96 66 -38 -81 -92 81 56 -22 64 -84 21 77 -77 -30 49 59 20 -68 -66 -20 15 -34 95 10 -67 54 70 -72 45 88 -77 27 37 -62 -22 80 -53 78 -17 -97 -53 7 56 55 -22 31 -41 53 -92 23 85 -63 77 -13 -91 5 47 83 -23 30 -18 80 46 -80 -34 34 6 -26 48 -55 -36 -67 -55 14 -89 -84 19 -13 25 41 32 -87 -91 -52 -67 -23 -52 -43 30 66 38 -73 66 61 18 48 42 -42 -72 -42 14 -38 -92 -12 -37 38 -94 -19 -13 -62 28 -33 -46 57 63 1 -9 86 71 -42 34 58 -92 68 67 87 -42 97 34 2 -87 47 15 -49 -14 -59 -26 59 31 98 -18 -1 54 96 59 76 11 -40 68 59 -15 86 1 95 -37 -56 -96 10 -13 -50 56 39 48 24 58 89 -18 -7 -62 -78 -41 -42 1 43 45 -66 -43 86 45 12 91 -2 66 54 -7 -22 5 -39 43 -99 -11 90 59 -24 79 83 16 -89 -51 43 -2 -37 -4 69 -46 96 -47 91 -37 42 -20 -8 -12 -12 -87 28 23 -49 2 -7 38 34 -67 65 75 -39 -44 43 31 -51 59 28 -8 -88 -80 72 74 -85 65 -82 27 2 95 15 -93 -5 -9 -50 -73 -68 -62 -40 -78 37 -96 -66 99 -96 -90 -80
-35 -75 63 12 -22 66 -41 57 -63 -5 -3 17 60 -28 -47 50 45 99 -27 -30 21 72 -93 -50 -17 -32 53 8 73 -72 -4 -40 63 24 30 91 34 91 15 64 18 43 95 86 58 66 -21 -84 -28 58 70 -22 58 -62 -47 63 -11 26 31 -60 68 -60 43 53 38 10 -25 1 39 -83 38 67 82 78 69 -9 -69 84 -97 15 -69 11 30 37 -83 60 53 72 63 -3 -35 32 -85 93 -5 -42 -55 95 -63 -30 47 0 91 98 42 90 -43 -16 -30 0 -6 -10 -66 19 -10 -49 30 -9 31 85 -90 28 -82 89 92 -97 1 -33 -43 57 -79 -7 24 -26 -35 -48 -5 -15 -54 62 -18 -48 -52 9 -29 69 -38 -23 -47 94 53 27 -60 42 -29 51 -72 -41 -18 3 80 48 -64 -91 -73 -51 53 -51 -91 99 13 -31 24 -31 94 -71 -6 -5 10 -91 17 -81 36 76 28 3 18 17 -54 -65 -36 -47 -40 70 94 21 62 79 -96 -59 -28 49 75 -82 36 78 98 70 41 -3 68 5 70 19 -97 -33 5 -14 93 -92 -91 96 27 -13 -95 2 89 -39 6 66 9 -5 -74 3 69 88 70 -12 87 -91 60 -43 30 -5 42 56 -11 -92 73 89 49 30 51 69 -53 34 -25 15 33 4 -53 64 -42 71 21 11 -59 29 -62 81 -60 67 96 42 -2 -65 -88 -2 -14 -99 44 -34 -64 37 -69 89 -46 -92 -81 -38 -99 1 87 16 63 -95 -35 73 -8 -40 -9 -37 82 -41 -45 -50 -36 -2 -23 80 -59 55 -32 15 38 16 -78 -2 -33 -79 -37 11 97 -43 27 -93 29 -84 -37 17 -8 77 -58 64 75 92 -99 34 -25 -28 -42 53 15 43 5 -69 -53 64 14 -96 90 78 -3 -34 -40 -40 -71 54 -38 55 15 -52 94 -80 -92 37 69 -54 45 -65 -79 -36 3 43 94 20 18 99 51 24 -79 89 -80 -33 -86 -2 80 -36 -55 -73 -26 15 -8 0 -70 43 -73 -28 15 33 28 2 88 65 -76 -93 43 -46 -53 -97 -14 -59 23 32 -52 33 -23 -22 91 -6 -1 -92 11 -94 53 -37 -46 87 20 -60 -98 22 64 -27 14 62 -46 -33 -98 -96 -14 95 -96 89 70 -36 -66 19 -27 -77 90 -95 -77 -70 2 -6 -27 -20 -71 -95 -10 93 25 -50 72 72 -57 10 -27 -72 14 -67 -83 18 57 -27 -16 -91 -15 -84 -54 -98 28 5 -49 -8 -51 -89 95 27 -92 -74 50 -50 60 -42 88 -26 -75 -15
60 -96 52 -8 84 80 -29 -68 80 -51 1 60 -55 -45 -89 -94 72 98 -20 22 -9 -78 92 52 3 96 -2 -69 -66 21 62 69 72 69 76 60 17 43 -99 64 15 77 -45 -56 40 3 -56 -23 -45 98 59 91 40 62 5 72 -94 36 40 -26 86 -68 -72 43 50 -78 22 67 54 -26 -39 57 -80 67 63 -63 45 -78 6 -97 -21 -63 -27 -72 74 12 -27 64 67 -75 -55 -43 97 53 -85 32 93 -39 -66 -99 -92 4 39 -16 21 2 38 46 86 -88 -90 64 79 -50 -53 -21 36 14 25 81 -33 -93 -37 -35 -52 -15 59 57 35 -2 -71 96 6 39 8 44 65 14 67 -37 -93 79 44 -51 47 -27 43 -15 -76 -11 -18 -14 40 -41 -36 16 46 49 -19 -33 -25 30 -49 -19 -99 5 -10 25 -15 57 -34 50 -27 -24 -32 86 -19 -75 -68 81 7 -66 26 66 27 40 -68 9 79 -7 -38 -27 -69 70 74 89 -81 -97 -29 89 40 -58 -8 -43 66 42 -99 29 -81 -48 -16 46 -87 11 33 -43 83 -64 30 -3 3 -41 36 97 -60 13 41 -37 17 -3 -17 -12 -15 -65 -39 -12 70 41 38 -57 15 -83 31 -92 -24 68 -66 -64 -88 -20 -5 -29 -51 65 20 -86 -69 92 73 84 -25 -50 63 59 14 -30 -69 70 74 -34 80 -37 59 7 90 38 -16 95 -1 -27 -19 -67 -41 -13 61 4 41 -47 -66 -55 10 -9 -97 -11 65 26 -6 -63 -59 77 8 5 68 7 -54 77 51 -7 27 25 -18 -23 -51 -32 28 85 67 -35 -18 78 -81 -54 31 4 -7 8 1 59 -11 -89 54 -18 -46 -17 -67 -12 94 72 17 71 -41 -66 43 14 -72 -26 -22 -65 46 30 -65 32 -36 10 -73 25 40 69 37 -53 -51 -42 16 5 -27 6 -3 -16 37 60 -95 56 60 -52 91 7 -88 -28 -76 -90 36 34 -93 -56 61 -48 -4 14 -97 -89 8 38 96 -24 -4 -85 49 8 79 -4 -51 58 -16 6 86 33 -4 90 -61 -90 -45 12 -26 -53 -92 -1 -74 46 -10 -75 -90 -32 -62 -1 16 -37 83 -78 -13 -4 26 71 19 -88 63 -48 -24 -44 -81 -55 -99 11 37 -92 46 -38 -34 86 -68 -26 23 78 -68 -84 -15 -36 61 13 20 -6 -50 -64 -37 -75 95 -56 -83 -76 -88 -32 75 7 -64 4 0 92 56 31 -78 48 12 1 -43 96 -22 8 19 88 99 23 -4 -35 -38 -82 -93 -43 -91 49 -73 5
12 -30 -28 1 -96 -41 94 80 58 48 22 81 52 -70 -94 43 21 -1 -82 -27 -94 -88 -36 8 -85 73 -14 -3 56 -91 -46 69 60 -9 -11 88 12 8 -49 65 -81 -92 -56 76 51 36 71 33 -23 58 3 -65 -8 -28 -17 65 68 5 45 -48 67 -88 11 -29 52 -89 -11 2 -13 87 -76 19 94 -2 8 27 75 -3 85 38 56 63 -67 -65 82 -74 -11 -78 -63 81 52 -99 -27 9 -54 13 54 48 -86 13 -99 36 -49 14 78 -89 27 -65 -80 86 -7 1 -21 -3 15 -14 70 -46 86 31 96 -62 42 -74 13 28 -67 40 45 21 7 -83 57 -18 -47 77 -13 -42 40 -70 -47 -70 61 -24 77 42 99 82 22 81 -10 87 18 -63 21 -60 -54 48 14 87 90 -68 -19 97 -32 -35 72 98 52 27 -66 11 13 28 47 0 75 -64 -3 90 54 -87 93 73 48 -67 37 36 -76 -59 -38 -4 46 11 -28 -10 58 -74 80 1 -23 -81 -29 -68 -54 14 61 87 20 -46 -23 17 53 72 32 90 53 92 -14 92 -55 -51 85 -12 54 26 -35 -76 -88 -17 57 -13 1 -3 38 -61 -84 -7 -54 -28 30 96 -90 62 95 19 90 -99 -64 46 -13 36 94 62 28 -84 29 -35 18 72 3 38 -55 16 86 -31 83 -98 -92 70 44 59 -12 -74 74 -76 -75 -6 -26 -59 -10 5 99 -58 -31 56 -38 19 46 60 -86 -93 -51 -18 -94 86 -30 -29 -89 42 43 60 -61 71 -87 -60 5 -53 -73 78 -27 55 76 -64 -56 60 57 -33 -77 30 -88 33 16 -66 72 55 78 70 4 15 -95 -79 -34 56 -22 -81 -43 -8 55 -90 -80 68 11 -79 45 -74 90 -62 -60 26 -20 69 8 42 -77 -54 93 80 44 -47 -64 -3 37 -29 84 -7 -72 90 -2 -72 35 57 74 -19 -21 90 81 49 88 16 -76 60 63 -91 60 71 -21 39 -34 72 63 41 -68 -6 60 29 -18 30 43 26 94 -89 56 90 -96 39 -29 19 77 -8 16 31 49 -27 -11 -36 5 49 -93 95 -97 63 58 -82 -79 -8 45 -30 -27 59 -79 -83 4 -86 8 -27 10 18 -6 33 76 71 -94 -27 -79 -87 95 96 -87 -28 -29 42 17 -83 95 63 26 -37 -96 -96 -64 -45 5 -33 75 26 -89 75 7 82 -93 38 41 45 4 -42 -95 0 56 -38 -59 74 -60 -8 -73 -83 -87 -70 -30 -2 27 -88 -33 -82 -62 -67 -66 16 66 -33
-8 38 20 -24 89 -86 -28 53 73 32 93 90 5 -67 16 8 64 -8 -50 -5 64 55 47 -41 -38 43 90 32 -90 -16 78 -97 9 -85 63 -86 79 2 -10 75 92 -16 85 0 -87 27 37 83 -84 70 -88 71 34 -78 -69 41 1 39 -7 12 -29 -79 -25 52 -62 -34 -10 91 -34 63 38 13 9 -71 -96 42 18 87 3 5 67 67 70 15 -72 -66 -5 96 -5 -41 -58 -85 40 65 7 7 -82 -77 60 92 -19 22 -73 51 -79 -33 45 -12 11 32 32 35 72 -3 85 -56 -29 -36 -92 96 38 97 57 -34 -76 -28 92 -73 66 -89 -19 35 83 -78 48 25 -52 13 -47 -26 -26 -84 62 -19 38 -48 -57 4 65 -40 -91 10 -18 61 -16 2 -2 47 19 -6 40 -57 34 -83 -15 -19 1 -3 45 68 -39 -22 6 20 55 -82 96 92 -63 33 19 -67 77 -57 -65 57 93 79 63 -70 -71 -26 -70 38 52 -97 3 -93 89 72 -68 -30 76 90 -94 7 6 -90 70 -6 0 -31 -55 45 -9 80 53 -47 -18 71 -65 51 -99 49 90 6 -1 6 -86 -4 -65 -87 -50 -51 -63 64 93 -30 -25 -35 -67 -51 83 -42 -91 -99 26 56 -99 -31 57 -78 84 -27 -28 49 98 -30 -90 98 -32 85 43 -55 -43 -78 -87 -91 72 -51 -33 63 -4 -54 -66 85 48 -31 25 36 -90 5 86 24 -55 -20 -66 -19 58 13 -6 -28 61 47 64 -67 -66 68 66 -67 2 72 -2 73 -79 -83 -22 -80 14 -91 -43 89 -55 -4 -71 13 -93 -37 16 9 -92 -97 26 -3 -58 -39 23 79 30 -57 -15 67 -31 -89 49 -95 64 -92 87 -20 3 -81 45 -38 -28 67 -74 -99 -24 -51 40 -80 65 39 -79 -71 97 36 -23 86 -14 57 77 21 -9 -48 -86 -93 65 10 67 -33 -77 -61 -67 30 -50 37 -13 88 43 -29 -19 47 -63 10 -58 64 -79 -7 -87 88 93 -21 -81 -56 -92 52 86 74 17 -78 24 65 54 57 14 -56 34 44 -99 -61 -82 -83 -72 -90 -92 51 -39 -14 45 57 59 58 -18 84 -97 27 84 -85 96 74 39 58 73 31 83 -44 -62 -78 -28 -66 -43 59 -84 11 -69 28 -14 57 72 -51 -59 -65 -5 63 -99 28 -44 -71 52 33 27 56 28 -53 -88 70 39 -99 64 40 25 64 4 10 -55 -40 67 -41 85 21 -22 -55 -80 -82 57 -18 80 58 53 -3 -75 -73 95 -51 22 44 80 -2
53 -16 1 17 81 -64 -31 42 -60 65 -88 -31 -47 -14 -37 88 21 -90 67 -74 95 -36 98 58 -44 62 -6 -18 39 73 76 8 62 -89 -29 61 -90 3 26 -82 64 -99 27 41 -77 -24 -74 34 98 -7 -92 -41 -11 10 50 32 50 76 -26 48 94 -37 9 66 78 -94 -96 92 -37 -69 55 75 89 97 76 26 -36 53 6 59 71 13 33 -20 -22 89 -74 51 14 81 35 93 -24 91 25 -87 38 73 90 -87 20 -1 85 53 -30 37 45 77 -50 13 5 -63 59 -33 -61 -2 -95 17 -21 42 -5 -76 -43 24 42 -17 -68 7 41 -96 -88 -38 14 14 -5 -91 -2 39 58 -88 42 3 -34 -49 -33 97 33 -38 80 -96 51 6 -50 79 8 48 -67 -60 -86 24 56 33 40 -77 -91 -81 39 60 -67 22 79 -23 -45 44 26 99 -10 -91 -85 49 -9 47 93 23 -66 -65 -61 -48 75 -73 -50 -1 46 -60 43 -94 73 17 -32 -80 62 10 -85 89 58 -27 -74 3 73 -14 -92 16 85 88 68 39 50 93 -54 11 -53 42 42 28 -8 -63 -76 -25 51 -28 -54 -7 99 -45 43 38 30 31 -17 -30 -44 -13 17 -70 -4 48 24 8 -75 20 42 48 9 -94 54 -73 -21 -93 -42 -44 -36 83 -34 -43 -80 53 -98 -66 -71 58 -50 -41 -67 93 42 -93 16 -95 55 9 88 37 -23 11 -93 -17 69 6 -76 66 -21 24 -75 38 -45 45 7 -15 19 80 -67 23 71 46 14 99 -36 -16 -8 -18 30 5 -58 24 -10 6 51 -33 -25 -24 -66 76 44 -10 -64 -47 20 -8 0 -49 -79 -79 -80 34 7 -12 -48 94 -28 -95 -20 54 -69 31 95 48 -60 -93 24 -39 -83 -20 17 -60 -84 -17 -87 -89 89 78 12 -47 -19 46 -12 87 -97 -48 -94 -48 52 18 87 5 28 -81 -86 66 16 64 -29 87 -31 -33 -64 67 -66 94 92 -48 41 41 -14 -9 75 41 -12 -5 58 -35 3 90 87 11 -71 -48 85 -24 26 9 -21 -5 -53 -39 -6 53 -39 56 7 -42 -22 13 -32 90 63 -54 19 77 41 -66 24 67 -8 -88 -22 -88 -49 20 25 -12 23 41 -16 -66 -21 -6 52 1 -70 -89 -20 82 -97 47 32 36 22 -15 -28 -58 -33 -43 99 -12 -29 38 57 94 -20 -49 -40 -81 80 -15 8 -97 31 -43 -10 75 -27 59 -72 94 92 -3 26 12 23 -48 19 -66 -68 32 -89 85 -48 5 -37 52
19 -70 -47 -7 -20 49 -74 94 62 39 66 81 32 33 92 74 -67 -85 -1 -83 -93 -80 64 -90 88 -13 -65 -92 -90 35 -45 0 -27 34 63 -57 -66 31 -30 31 -63 -38 -51 -96 -67 86 -99 58 68 50 -4 -58 8 68 -66 -69 -29 35 16 -68 -32 91 74 93 -93 63 -82 4 -10 43 97 41 -87 -53 89 -81 -30 1 20 -84 83 -80 37 17 -1 92 42 -53 7 -90 -66 -63 78 -56 -19 44 5 -70 -99 -27 63 7 -21 -54 97 18 -84 76 -58 -2 -56 76 56 -39 17 93 -80 -75 -32 -94 -82 24 -41 -22 -40 -5 69 -88 16 82 -3 83 -78 57 -62 91 91 -95 84 51 -82 -96 -13 4 51 -95 79 -37 -35 80 -46 -45 -76 65 -38 64 54 98 -56 13 29 5 -32 -80 96 30 -11 67 -80 1 38 72 -11 86 99 4 7 -44 -43 40 56 45 64 -94 -30 23 73 -95 66 -34 7 31 -70 -52 -25 -92 76 19 -12 -52 67 59 -81 53 -44 73 80 -31 84 -14 -29 99 -87 47 23 42 4 -39 93 -90 53 11 86 4 -5 69 61 19 -95 -10 91 -56 -56 52 75 95 -48 12 56 38 7 -29 95 5 -68 34 -49 52 -41 -2 -32 83 3 96 -73 -96 69 -42 44 93 91 -62 -42 58 -27 80 -87 26 33 76 -60 -71 22 22 96 -67 91 67 15 -73 10 -35 -63 -76 94 75 -57 -26 7 18 28 11 94 -60 -22 -47 82 -16 -58 -94 0 98 -44 76 46 -73 -64 -86 -79 -45 -24 16 -66 71 -15 34 -33 -46 15 -46 13 -25 -68 97 54 -4 18 60 -8 -97 71 -76 12 1 43 -69 62 -34 -91 -33 -47 56 83 -77 -45 5 -93 80 -97 -67 -11 -51 75 -80 -69 -58 13 86 61 27 -57 25 -13 -46 67 -29 -94 -90 -9 34 -86 -91 50 78 30 -87 31 44 -7 36 59 -32 -29 -8 70 -79 -2 78 -22 25 16 68 -70 95 -21 -47 81 -88 -36 -16 -82 -9 69 -75 -84 83 -42 30 56 -33 99 79 -6 -37 -60 -94 -2 -7 -21 50 99 -68 23 -11 -58 -63 95 -25 19 -46 -54 -4 67 4 53 4 22 -73 -5 50 24 0 -88 96 -20 -44 -85 -95 43 9 -39 39 10 68 79 -26 55 56 96 9 -46 24 32 -85 -14 25 -88 4 -15 17 -57 95 -66 -74 -29 -8 35 82 32 -77 82 98 2 16 92 38 -32 -26 91 90 23 18 89 -33 43 -46 46 20 -98 -84
47 48 -6 -10 7 93 21 -51 49 24 88 -4 55 -98 87 6 51 12 -89 50 -44 90 90 13 -69 26 92 -93 -17 43 -6 -8 -1 -30 1 -46 27 -42 52 71 15 -6 64 10 88 46 12 -41 -78 26 74 -26 65 58 -72 -84 79 64 -23 75 -96 -34 0 -52 -29 29 55 -18 54 66 -34 46 -24 -75 -14 -23 82 -74 -62 -29 26 -6 -52 -17 -20 -26 -35 -40 36 75 -39 -83 30 30 -37 0 23 75 -86 -34 75 29 21 -45 -2 -62 -93 67 -48 49 -61 69 65 -13 -24 25 -91 -61 -96 -47 -88 -37 -77 96 -97 -47 70 -65 47 -31 -64 -17 -26 52 9 -98 -12 48 -36 36 -74 -80 42 -39 -80 17 -68 72 -69 -82 -81 22 -44 -29 49 -12 64 -77 89 42 99 84 43 94 16 65 0 23 56 15 95 43 -99 -92 -29 75 1 48 62 49 -42 -26 -53 50 -89 65 -70 53 -52 67 82 -36 -21 87 -47 -54 -32 29 -77 -3 -99 -49 60 -35 58 27 -70 36 8 67 67 50 -76 34 -9 -26 -39 10 -48 -61 -41 7 -72 -9 -46 83 41 70 -90 66 -65 -38 92 55 83 30 75 -31 -62 -44 90 14 -3 -28 -67 10 -8 83 60 64 38 71 -58 0 -68 74 73 54 20 76 86 -11 89 -7 98 90 14 44 -10 88 67 -88 -64 -64 12 7 -57 -4 -36 -71 55 -89 -70 -93 61 83 78 97 80 -65 -62 50 -73 0 -68 15 -58 56 54 -76 91 51 -83 -5 13 51 61 -35 12 -38 9 19 -71 -5 -65 90 23 28 36 -86 32 -51 32 -33 39 -73 -25 -37 -30 -53 -60 -23 20 -93 50 -77 -58 -59 6 -10 85 84 -36 -81 76 55 16 50 91 -71 80 -78 -48 89 54 -46 32 -81 -22 70 92 -14 -78 -7 3 -59 -39 -40 99 -4 48 23 -91 -22 29 44 56 -51 70 -16 24 -84 78 -31 -79 1 15 -46 68 -20 26 -25 3 -27 84 57 78 -34 -57 42 13 70 23 75 55 0 -85 -34 -69 11 -23 66 97 53 27 38 26 -10 13 98 75 -68 -76 -30 30 -39 79 -25 32 2 -81 24 -74 -58 -6 -71 8 -96 62 27 36 -7 63 -75 5 -64 43 -56 8 -41 5 -86 37 -20 91 89 54 51 -52 -11 -16 -98 -94 70 -96 75 92 -5 0 -3 -44 -5 68 54 14 -28 48 -76 -60 -53 -36 36 -24 92 60 51 -76 -36 26 95 -90 -76 -13 82 -69 -81 33 61 27 -51
44 47 -74 -43 59 5 11 77 -83 88 37 60 94 25 61 42 -54 36 50 91 88 64 39 14 -26 -33 34 -88 62 78 -37 61 16 -58 -17 45 -8 -63 -58 38 64 27 -87 96 93 70 -64 -23 -80 6 -81 32 97 -64 -16 33 -64 -26 17 94 8 76 -62 94 -77 -39 -77 -32 -44 37 99 -7 75 -3 -30 99 1 -28 50 38 -78 64 -25 57 -72 -7 44 83 -84 77 6 -36 23 91 -4 -83 11 62 47 28 -91 -74 4 -80 -4 -13 -29 52 49 55 -50 -78 -81 -54 -27 -63 35 -69 25 -90 -16 6 -90 -41 -57 -35 -43 -60 -6 33 -76 -5 -22 -14 -38 23 -36 -58 74 93 -10 30 19 -38 30 27 6 80 82 -9 -6 -75 -91 57 -74 -55 -62 67 -27 -84 -23 -63 63 74 -9 48 -51 -74 -14 60 69 90 -52 45 52 -72 65 -46 40 72 -11 38 -92 35 -98 3 -37 -23 -67 -96 18 -81 -44 -20 56 -99 55 40 -91 49 37 -39 1 69 83 -21 -51 -27 98 -97 -56 -95 -39 -31 -13 -10 -47 81 26 63 -92 -70 -95 -63 43 -31 29 -11 -84 -9 23 60 48 -1 -88 40 99 22 88 46 64 2 -36 61 -29 -71 -13 92 -75 -87 17 -37 63 34 -9 -11 81 27 -69 91 -23 14 -71 29 69 -38 -96 50 -73 -59 -65 -76 -57 80 -54 49 -38 -21 -41 -60 22 -27 62 54 -67 -51 -97 -5 -80 24 -10 -7 -80 86 -88 -42 99 -70 -40 -62 -57 15 -19 29 69 -62 -19 87 23 79 42 82 -42 97 -36 36 82 -97 56 66 -99 38 -75 48 -89 -86 98 26 45 -62 56 31 67 16 -12 77 59 -54 -96 76 5 -67 97 14 7 15 -77 12 81 -25 81 83 22 -23 63 -68 63 -51 -89 28 9 -53 -7 64 6 49 1 -99 34 -2 13 -70 24 51 -96 85 47 92 65 -45 -44 -64 -38 -65 26 16 25 -63 72 5 -49 56 -32 -93 -71 -64 7 -35 49 -83 25 -4 -78 -81 65 72 -39 -8 -33 -30 -3 37 0 58 18 -44 -64 76 79 41 37 -50 0 83 -38 23 57 -91 -76 48 34 -95 38 -85 96 -66 36 -29 28 -84 10 81 -96 83 46 78 -44 9 11 29 -29 -84 67 -69 57 -20 -37 39 40 -15 10 61 -80 -84 37 -33 27 52 -64 8 -33 -25 -65 -95 -2 -14 -10 92 0 95 27 -22 71 6 -38 -93 97 49 8 -50 68 -77 -75 28 87 -78 23 -12 -2 -51
-94 -29 6 -35 80 99 21 46 -53 -21 -28 -89 -18 -54 14 -34 82 -29 -22 -37 10 -77 -3 46 62 79 -90 67 -70 -48 -62 -88 -56 66 -93 92 86 51 -17 47 6 93 -20 -53 -94 -14 88 68 46 -60 67 90 91 -27 44 24 42 -5 53 -47 53 16 43 -6 -36 75 78 12 28 49 52 -35 69 20 -6 -48 -86 -90 -96 64 -62 93 -20 64 -38 41 -42 82 28 68 -11 -6 -49 -19 9 -74 75 -59 -53 -2 16 -79 -56 85 33 -19 -78 -29 -94 60 -65 -80 31 -3 25 87 78 96 -38 -98 58 68 18 -6 10 -27 -3 37 -35 60 6 -19 84 1 -10 54 36 18 -20 -12 -84 -36 -99 -79 -80 79 -81 -60 65 15 -62 90 15 74 59 -93 54 24 -75 59 27 -67 59 -83 48 -40 -33 95 -28 -18 -16 82 -5 93 -34 4 24 -34 -32 -21 70 -16 -12 38 -45 -60 34 78 92 -97 -90 -84 -61 36 73 -99 -93 12 -68 83 -22 59 -70 49 -47 87 83 -24 -14 7 -59 -95 78 -77 84 4 70 60 92 33 92 87 91 -23 -4 34 -8 52 48 39 -93 76 -80 53 71 -38 66 -71 -45 37 -25 63 -90 9 93 95 3 21 -27 98 -16 66 51 -98 -3 -49 51 89 67 29 69 33 -93 -12 -47 -90 -48 -72 79 -14 -71 99 -52 -6 14 -72 20 -74 -2 -97 6 64 46 -84 -52 28 -69 -63 -64 47 -71 68 -71 -24 -76 -35 94 -62 63 17 -81 21 3 -16 25 -42 -78 -92 16 -77 89 -2 50 73 21 94 -36 87 82 -5 28 -75 11 65 -73 -49 83 -89 3 -18 92 -59 36 77 -12 26 -14 -42 -68 69 -63 -81 -18 -89 -71 28 -46 64 99 -52 84 -15 -71 82 -61 91 -58 -64 -75 65 -30 69 -77 83 -21 75 51 38 -47 11 -82 1 -92 2 97 -41 95 -74 -27 -39 -28 -81 66 -71 31 93 -37 -89 31 10 -28 77 -92 -26 -94 27 -53 13 25 37 94 39 -72 58 -81 -29 15 53 57 -50 -89 46 -95 -80 54 -93 -52 0 92 -31 -59 9 42 37 -38 -26 61 30 36 -34 -31 -49 -69 10 -73 -34 -87 -29 28 64 34 59 70 38 -69 41 94 23 21 63 62 -11 96 60 -94 -59 -71 59 90 -55 11 -78 -84 -21 -16 46 -5 21 -44 -88 -26 -49 78 -91 35 -24 73 46 7 63 79 9 96 -78 21 31 53 98 24 -86 -71 -30 15 -95 59 -24 39 93 1 15
93 -26 15 -97 -39 -7 61 41 46 21 -23 1 -46 -65 -69 -75 38 -18 99 -49 86 86 -5 85 -75 -31 70 -28 -70 31 36 95 95 -55 66 83 -81 55 16 -20 59 -23 -90 -2 -60 -72 94 84 10 -84 -69 44 -74 14 96 25 -83 -58 -33 5 -2 -8 58 5 -16 -25 52 20 12 39 -27 -74 -10 -40 68 44 70 -39 -67 -90 -78 -88 -98 -22 -36 -64 42 40 11 -92 2 12 23 69 -87 -87 -11 -92 -58 -19 -59 -21 34 -56 9 -97 27 -69 9 -66 84 -68 66 45 -71 71 -35 -9 38 58 -56 63 33 -73 -42 4 -16 24 62 10 50 49 87 -46 73 81 26 -37 43 92 -85 32 61 76 -77 -89 99 65 48 19 37 -21 -70 14 -75 38 -98 -65 17 -31 -25 -96 68 68 1 92 -53 -63 -89 -65 41 90 16 -41 -38 -5 51 -61 2 -54 58 58 26 -1 25 -1 -19 -77 -9 -56 67 13 24 -44 -65 70 35 96 6 -52 46 -48 -87 51 -43 60 17 66 20 16 2 -35 -52 37 -21 -43 80 55 -99 -73 -64 -96 32 31 85 18 -3 -91 -69 4 6 -57 38 93 74 42 6 -61 -6 -30 -17 -17 1 -49 29 -10 -99 -35 -82 -82 -19 6 -68 -74 -93 -87 17 -75 59 7 3 -25 22 26 -50 39 85 -44 58 97 79 -48 -16 -7 -32 66 13 -62 35 72 -15 -70 -59 34 64 -21 85 33 98 -37 17 -99 -9 -82 76 -38 -58 52 -11 8 -93 96 -12 -10 -56 53 -95 38 -89 -73 5 -24 -35 5 58 28 -51 6 -14 23 -55 59 0 48 -50 -36 63 -48 38 -82 -66 42 -48 73 63 -12 -39 96 26 17 36 27 -41 87 62 18 76 42 67 48 28 56 -85 -33 15 59 22 17 41 77 45 13 75 -48 -40 -47 -5 91 -1 70 -4 -23 -25 -32 -55 -44 38 -19 -14 57 -5 14 -13 -66 4 -68 -97 -76 -47 -23 9 -6 -62 4 84 76 -8 -30 -33 60 -16 -77 99 -77 -74 76 -39 74 -2 51 -83 84 52 34 -37 -44 14 -93 -21 98 3 56 76 68 16 -31 1 35 70 -94 -36 19 -54 -10 27 -35 -71 10 27 35 -18 -99 -26 45 -42 -98 85 35 -85 -77 27 25 52 -25 36 -61 -48 85 50 -24 31 -17 46 32 58 89 67 33 1 34 22 -55 -32 47 29 -24 -96 69 86 45 -12 28 -28 88 -26 8 15 57 8 98 -61 -84 81 73 -67 15 97 -87 -39 38
-63 -12 16 75 12 -94 83 -52 80 -54 -29 -8 -88 78 -46 51 -62 40 -95 -49 93 -41 23 4 39 13 41 65 36 -95 -36 29 -34 17 23 -48 -20 7 43 25 -79 -89 88 -77 94 77 50 53 71 -89 -86 -9 -99 10 -36 27 41 -5 -21 69 86 -56 -88 52 94 -84 22 47 10 -34 -80 -20 -25 11 76 -85 40 99 -5 -11 76 69 -33 -73 13 41 17 -62 77 -70 83 -99 -10 69 1 56 -18 11 86 3 26 -12 -34 75 -51 -21 2 -92 -72 -26 -88 -46 10 32 -25 33 46 -28 58 78 99 -82 1 -93 47 33 56 54 84 85 -17 11 -73 33 7 59 95 69 35 77 92 -90 -25 87 81 -91 3 25 -16 -8 96 -1 -87 -66 11 57 -63 -39 -40 -30 -91 92 11 -80 -2 -41 -98 -76 64 2 72 -25 -21 -37 12 28 -20 -60 33 -30 93 -98 5 -87 86 -55 -65 78 23 -94 -54 -14 -69 -59 -17 50 33 -49 -72 -58 41 -35 96 -57 -25 66 -83 -79 91 -70 80 94 -62 75 74 62 6 57 -72 96 10 -32 81 17 19 -35 -48 57 -15 89 -39 -15 4 -45 8 86 22 22 -64 -63 -53 -33 86 6 70 -22 -88 68 -86 88 -63 -60 32 10 -14 -10 -48 18 58 -61 14 51 -35 36 81 71 -85 -13 -15 -33 -97 45 9 26 -3 -96 85 -54 68 -6 24 57 78 39 90 29 -46 -25 20 -12 64 46 70 -30 -71 -85 11 -27 22 18 9 17 58 98 -66 -13 -71 -52 -98 26 -13 6 33 66 25 -76 94 -78 14 -31 -58 14 -44 19 97 -11 -26 -76 -98 40 16 -26 62 64 67 -91 -36 -41 -24 -73 96 36 14 -61 -5 -74 88 -25 -43 81 43 -91 -78 78 -41 78 15 -79 64 -50 65 -2 -47 99 -71 -56 -76 -8 8 49 81 -37 89 -89 55 -86 47 -79 -38 69 -43 -40 -89 62 49 -66 -36 92 0 -57 73 49 77 -46 33 -70 87 -88 9 39 -94 45 71 -10 -44 -75 63 57 10 60 78 62 -62 -93 68 82 38 54 82 -23 -57 -80 -34 -37 91 -85 89 3 -67 -69 -83 -30 23 11 -93 87 64 47 -27 17 42 46 23 80 34 -35 39 -74 -68 -1 88 -89 -86 -94 62 -43 84 25 98 -6 93 -77 -46 -36 -82 -67 99 -97 -45 -95 77 96 55 92 -26 15 -9 59 65 -25 6 -23 81 53 71 -40 60 22 73 64 -41 22 9 -73 -96 0 -75 -66 93 91
41 12 -29 -4 -57 -47 -14 -54 -51 -61 -85 97 56 76 65 83 -83 22 76 82 -59 -27 -28 -87 -90 -22 -63 26 31 -27 -63 50 -78 49 -42 88 97 1 -58 82 -94 -77 71 59 -65 -25 42 38 -91 68 -17 -86 32 95 45 -48 49 -1 -28 -70 59 -60 -30 67 29 -50 -87 70 -84 -55 -55 96 31 63 15 -71 52 54 -86 -45 68 -59 -48 -24 -31 -43 0 95 76 65 -87 33 -22 -77 -90 -87 2 -42 -4 39 -62 -94 46 13 -30 69 29 -97 50 -12 60 -78 80 22 -24 -25 3 51 3 6 91 -3 -26 -4 8 17 93 22 -18 -54 -61 -23 -94 17 13 46 9 -57 65 16 40 -20 98 -52 30 -74 -48 94 -71 -20 90 -82 82 -56 36 -94 -39 -21 91 -33 94 25 -46 49 -93 12 87 -39 -6 -92 -38 36 55 40 -43 -55 -65 -54 -72 -25 -13 -30 -14 2 48 9 -27 -96 25 -58 92 -51 65 46 -71 55 -48 15 71 57 -94 -78 -85 36 61 64 10 62 -87 -61 -63 68 -5 58 -67 -44 -31 -68 -48 -7 57 63 -61 -97 -98 18 -36 88 33 -1 28 -4 -89 58 -25 8 45 -94 68 -45 5 27 7 24 15 85 8 98 -44 -28 -32 -13 55 -45 42 -57 53 -15 46 -14 -19 98 43 69 -95 -8 3 41 -70 -48 99 -94 -94 -7 94 -48 77 -53 -21 77 -60 -45 83 20 36 63 -17 -10 -50 86 -57 -1 79 -59 41 -51 50 -83 -1 -52 -53 67 -65 43 49 53 69 79 6 0 -23 -79 27 -5 63 78 -97 -41 -71 54 -89 45 -37 9 -96 86 -99 -97 -43 70 48 90 -21 -93 96 -44 -32 -73 29 -11 68 68 13 30 49 5 85 -66 72 -3 73 -64 28 5 85 9 -17 -32 -18 -83 -74 2 58 -35 -48 40 -21 -3 43 58 -47 64 20 -5 -39 69 -30 26 67 -30 -50 97 -78 6 19 49 -63 -93 -87 29 76 65 -25 82 -58 15 -5 -28 -7 74 -13 59 36 -6 -76 -9 -88 59 14 34 -57 84 -92 -63 -90 58 62 -98 77 31 -16 71 -79 31 -41 7 -94 57 -30 -48 -67 -93 13 24 20 -60 93 9 -29 63 20 67 -83 55 19 -55 73 -24 22 -99 -2 50 32 50 66 -38 0 47 -61 67 -68 71 59 -61 -9 -52 55 -14 91 -13 -15 92 -65 37 11 22 -10 0 11 48 68 83 -68 -4 -8 30 -37 -88 -43 20 -89 -54 -14 26 44 -77 26 99 36 -24
50 11 -66 -20 -87 -70 -72 63 -15 45 -60 51 95 -10 72 91 -65 -29 -34 84 15 81 15 -85 25 25 27 2 -78 -9 9 -55 -53 81 -15 -2 -52 59 36 87 93 38 -52 75 91 12 1 -24 -33 -93 21 -36 -46 -83 82 -22 60 31 39 -11 83 60 32 -11 -88 43 40 73 -38 24 -64 63 -86 -4 -65 -67 -70 -72 -52 -38 -97 -13 -83 -99 26 82 43 82 67 67 94 46 -98 61 38 -32 -12 -49 20 -35 -62 93 -38 33 90 -46 83 15 -37 -11 96 16 -35 -73 -27 -53 88 67 -41 -56 80 0 56 92 23 -61 21 66 -84 60 97 72 -76 -21 -92 -61 -16 58 65 52 -58 -91 26 -27 -14 -87 20 -78 -2 -72 -55 -72 -12 88 21 -2 -34 -81 11 14 76 71 -60 -92 91 -25 33 39 7 13 84 -74 49 -45 91 29 21 32 5 70 86 92 74 89 -59 -53 -16 16 -12 80 98 -77 -38 73 39 59 62 84 -92 81 11 93 -59 -13 3 33 -7 25 90 -45 48 58 -9 43 -19 -95 -86 -79 -93 79 -10 74 96 -76 64 -22 70 83 -17 87 88 -16 9 32 -62 58 38 -12 -91 -52 -49 35 69 68 53 -84 6 98 -77 -67 -20 -47 -87 -69 -24 -26 12 60 11 -51 -60 -78 -67 -94 -47 64 -12 6 69 -19 -88 73 -16 -60 -28 -99 90 -51 8 11 -67 13 46 -65 -2 -39 -49 -29 56 -16 -72 86 42 7 -9 -89 -13 -44 9 -88 -43 -20 -83 -14 -33 -10 -18 -15 60 -81 20 4 -6 -46 -83 -80 -7 -82 79 97 -39 -51 11 74 -50 25 34 10 98 87 -61 70 -15 -11 44 -99 -49 52 -3 -16 -46 62 10 76 -61 -88 22 64 -62 -79 -55 -14 6 56 -74 -34 -38 -15 -94 18 -16 -31 -73 54 -37 81 -58 -24 50 -7 5 -56 -79 11 78 -90 -61 -78 47 -47 64 89 47 -78 85 2 -79 93 82 -79 -52 -7 15 -51 32 -37 33 -96 -57 -74 -1 -51 34 62 43 28 76 82 71 -95 22 73 63 -52 -79 -45 -62 49 13 54 -72 -62 56 9 -48 -71 50 -31 31 -44 29 11 90 -8 51 -70 -48 -22 -66 77 -88 -69 -26 39 71 -82 6 -6 68 53 28 20 -88 78 73 -36 79 -49 2 -1 51 64 72 72 -72 1 56 -89 20 26 -73 -54 -56 44 -7 23 18 76 5 -78 -36 15 13 2 -95 -38 -28 -86 71 -90 81 -22 47 14 95 32 78 -67 -76 -32
-46 37 -51 22 8 -90 44 30 58 -23 56 48 78 12 -56 -16 -11 -16 -56 -89 -78 -13 1 68 -88 -5 91 20 28 39 -6 37 -5 -26 -98 -59 23 -2 95 26 -90 -89 -45 -22 -93 68 -77 -75 -25 90 77 -70 -83 10 23 30 -15 -35 -22 5 35 -72 48 -67 -12 45 91 60 -51 95 -2 40 -29 -65 6 70 80 -82 24 38 77 17 46 -7 47 11 74 -23 91 73 -52 -59 -48 39 56 33 59 -45 93 46 97 -95 -92 -46 -70 65 66 -19 40 45 -54 -36 -3 31 -23 8 42 -34 -35 -98 73 84 -55 3 -95 88 76 -5 -10 -49 65 10 -62 79 95 -72 51 -11 18 21 46 -49 12 71 49 -70 48 -19 35 4 2 50 56 95 79 -2 20 -36 -41 -52 61 81 -97 -73 14 -62 -60 -6 -38 48 87 86 54 -65 -54 -42 6 52 -77 -61 4 89 -10 87 -66 32 17 36 -30 55 16 -2 52 2 70 8 95 -20 49 86 -74 -33 55 5 -45 69 89 -93 76 38 -32 -96 -36 93 -32 5 58 85 -88 -33 91 -93 36 -24 -47 -25 -6 -39 -33 76 90 68 77 -59 38 31 -42 16 -84 -61 -47 46 -96 98 8 -90 -43 -46 28 17 57 -64 -13 5 20 -46 -1 -70 -60 -39 -17 -86 77 -46 57 -77 71 -99 -59 -97 -80 -4 11 -14 97 -29 -63 35 -56 76 -9 18 -39 -7 42 53 95 86 -51 81 -42 28 -62 88 6 27 -83 4 26 50 -75 0 55 -4 27 -17 -88 -62 29 1 -16 61 -34 22 70 -46 9 42 78 39 -64 -37 68 -35 -29 -4 -64 -23 91 31 52 -99 -41 32 36 8 -96 35 -55 92 0 82 16 -86 -75 22 27 89 -72 -54 83 95 -13 -58 10 71 -92 -2 88 62 -80 81 -16 45 -94 -62 47 98 26 80 14 -55 -80 38 54 96 -5 58 -57 91 -37 -22 41 44 25 -97 -54 45 -5 90 -24 88 11 78 -34 62 61 53 83 28 -73 -39 -49 -12 53 90 79 6 97 13 -64 66 -28 -60 -29 -94 -8 -29 1 31 64 6 -71 -39 10 -30 56 70 -62 -15 63 5 13 -50 32 73 61 4 -16 -33 96 94 58 6 -71 -30 29 27 41 10 14 -81 95 28 94 63 65 -99 4 -10 -7 87 4 34 86 -18 70 -95 3 99 -50 -22 74 -96 24 -21 -57 91 -92 22 60 -24 96 22 81 46 71 49 -89 -45 7 94 -48 37 -16 -7 -24 80 -3 54
30 -90 -54 39 59 31 84 67 -59 -12 16 -43 -90 -66 77 98 -13 32 72 7 81 34 -23 26 -78 29 36 90 49 34 -52 -78 8 47 27 -7 74 -3 -24 12 -31 -29 63 84 81 -89 -9 -85 -37 -82 86 86 -45 3 -87 78 55 -30 -73 67 17 -20 33 35 43 17 16 -96 86 -1 -19 98 91 -54 9 -43 79 -45 11 67 -44 42 -32 -90 32 60 -94 62 52 -8 -1 16 -57 -2 -28 -24 58 -67 -13 66 66 -52 -61 -34 97 43 -88 -84 66 -18 -42 -30 27 56 -26 -95 73 25 -90 18 -90 11 -68 -65 26 -38 -75 -40 -21 -84 -15 -83 72 55 54 97 92 58 -57 76 -89 53 30 12 11 97 -70 -5 -70 86 -54 -71 51 86 -69 -46 -35 34 -91 -70 -42 -92 61 -12 87 12 -94 93 93 31 27 -50 2 -99 54 55 -79 -84 84 28 71 -26 22 97 35 10 -23 89 94 5 64 -64 -3 -37 88 45 -41 -19 -87 49 33 47 -2 -15 46 -96 88 74 -40 85 -89 98 -33 -62 -57 71 96 38 87 -16 39 92 -28 8 28 8 -1 -10 59 34 13 -80 -35 3 -80 -64 -56 56 59 50 -98 29 -24 15 43 -81 -60 1 -59 88 -47 20 81 67 -90 -29 -15 -68 31 69 -13 23 16 84 96 -71 69 -6 -80 -20 62 76 31 -88 -96 74 29 29 -84 12 27 38 -97 -63 -24 85 97 -73 53 98 51 13 27 -24 -30 -35 -10 23 -71 -96 13 -25 -42 -85 38 36 5 -18 -60 18 4 55 -15 -31 -26 77 -84 89 90 -97 -43 49 -63 94 60 -70 69 -69 69 -23 -60 -35 -64 -66 -48 -95 65 -59 58 -67 28 -11 29 -61 -18 85 -12 81 22 0 51 87 -19 25 65 55 -66 65 37 82 99 12 -2 -21 -84 6 30 -38 32 -14 51 -30 70 4 73 37 31 50 -60 -89 14 -30 -92 -15 -53 99 52 -55 -51 94 29 9 -5 -73 1 8 17 76 92 28 7 9 -72 62 -26 -94 -65 -76 48 11 -47 -77 85 11 -63 -21 59 -30 35 72 -21 87 -23 56 -82 92 56 20 -51 -29 -79 -2 -76 -43 10 -51 -67 55 36 -54 14 21 -37 85 -12 95 21 -71 73 -86 -84 47 -90 14 -30 -41 2 18 -54 99 21 -72 35 -47 -26 25 70 70 -58 88 -43 35 56 61 -76 -30 51 -56 -35 -14 -52 55 96 -28 -75 -77 -10 89 -79 -92 -49 -86 23 -42 -78 93 -49 3 16 -58
-28 -47 -99 -17 6 71 91 1 19 -99 52 0 -10 89 -37 -76 75 44 78 88 89 -1 -93 -2 -40 -67 -66 -78 -39 -27 12 -65 75 -52 60 3 63 -59 -7 -59 -80 -93 -2 -43 16 48 34 -26 -26 92 50 54 -13 90 -33 -88 -88 -97 -96 82 -83 60 -68 -8 22 12 -74 -7 2 62 79 25 -72 -9 14 -80 -19 82 -8 -68 -19 81 15 83 69 60 -31 72 -50 11 68 -83 -29 -22 6 -54 14 77 -67 28 31 98 9 -98 71 63 -16 -6 -35 74 -40 8 -92 -68 70 -4 -61 -88 92 1 -57 -77 37 51 -20 -78 94 14 96 -39 48 -33 -43 57 52 13 63 8 71 43 -28 41 77 37 51 -53 93 70 -38 54 -37 14 -95 -90 -97 24 82 67 -53 -40 11 41 -86 0 -82 75 51 74 22 -99 -70 -13 78 -15 72 27 -87 32 -25 2 -46 -37 -25 16 9 10 42 17 -85 10 53 -55 -22 -17 -73 -73 38 -40 -45 -96 -58 -77 88 -18 -69 2 32 -70 5 -86 -67 -6 35 -81 -52 -49 -7 7 30 40 -31 38 26 -37 26 97 -96 -65 30 85 -39 22 -1 -85 -31 64 71 -87 68 91 42 55 -43 15 83 49 -61 -44 -57 61 -22 -18 -65 -78 73 -73 77 32 -56 -37 -89 77 -50 -74 -4 6 -52 -27 -95 18 -59 -75 69 1 88 3 -31 46 39 76 -57 -63 -17 -70 84 16 -51 86 3 30 -63 -10 83 -29 99 97 -93 -23 77 -15 95 35 65 -75 20 -43 -55 -60 55 56 76 -10 -98 -6 -70 -83 -55 24 44 53 32 -15 -58 -3 2 78 -46 28 84 89 13 -72 39 -31 -28 -55 -25 -65 28 -55 31 4 -68 -14 -62 22 -97 33 -24 3 -56 67 12 32 41 -48 -98 77 -4 99 26 -98 -11 23 -72 21 40 20 -95 -74 15 -29 49 -40 34 -99 8 30 -61 58 -18 48 -2 72 -89 -6 -53 -47 89 91 -35 -8 30 -82 -44 10 -1 -50 24 -8 -47 -55 -69 47 58 -3 -58 42 -38 -66 -85 17 64 -24 7 -86 -93 -56 -81 22 -48 32 -26 -57 87 -90 25 -87 -64 -57 -17 -27 63 6 42 -66 -77 -36 83 82 44 -67 -53 9 4 -86 -27 -37 -23 -15 -26 75 -77 -24 -92 -86 44 -38 -21 -56 -77 -25 -89 63 -63 40 53 70 -46 -81 -58 1 15 10 3 51 -77 5 -90 34 -81 -2 31 79 13 34 37 37 -51 -81 -50 50 -38 -97 24 62 -89 73 12 -85
48 -28 -78 35 -30 -65 69 -89 29 42 -68 76 -52 -14 -20 -62 -91 11 -61 -19 -97 -37 -43 98 11 14 3 -37 89 30 -29 86 70 25 -2 18 20 -42 -1 -37 -94 92 82 -53 12 -43 -26 13 -69 -50 74 -14 21 74 -32 3 42 -96 0 -47 -76 77 -18 -69 67 19 28 -16 57 -21 47 58 87 58 16 -17 10 -93 4 77 34 68 20 -34 -96 52 -22 -74 48 -4 44 1 77 50 -10 69 -5 -68 -39 -59 -15 10 87 52 -47 10 81 -88 31 93 86 -90 93 -84 46 -91 22 61 -96 78 -65 -18 7 98 -21 90 -10 73 -51 80 26 -16 -66 41 -6 -34 -44 24 85 -71 -99 46 -95 63 -65 94 69 15 47 12 -5 24 11 27 80 -97 51 91 80 88 -21 48 8 -10 25 -28 -36 57 22 18 43 80 -43 25 43 -4 87 -58 -93 -4 57 27 -74 35 56 66 -50 -12 65 40 -65 22 -55 -94 20 44 6 -32 -25 -40 -50 52 -9 -96 -25 28 -85 -41 -7 18 -31 86 -5 63 52 48 63 41 91 -70 93 -90 -52 -36 -15 77 -81 28 2 30 -62 20 62 38 -16 -15 -90 -29 65 -86 -6 89 38 32 61 28 89 -57 50 -22 49 -44 -49 84 -69 99 -64 -93 -83 -83 -10 -75 51 29 -15 -18 -77 -67 26 -6 82 -9 -9 -4 -46 -5 94 29 61 -75 -54 -19 -40 -60 -84 -98 0 -1 -2 31 -70 29 0 -76 35 -67 -50 69 34 64 92 1 -49 63 33 15 -76 -47 86 55 -25 57 89 52 18 -75 89 -72 6 -72 57 30 68 77 -71 -76 -37 -5 -90 -39 -49 25 -85 -66 59 -82 3 -28 50 9 87 -72 -22 82 -61 -22 -85 -5 -32 -43 -40 61 -47 3 29 -94 -95 -95 90 -81 47 93 -83 -17 95 -45 37 -41 -42 36 31 -98 73 -13 -34 31 -62 88 29 -94 73 -32 96 -89 66 -21 38 88 46 49 -61 -19 -75 -3 99 6 -36 90 -88 -82 67 12 -98 -32 -2 59 52 -81 53 -4 -79 49 66 -74 -90 72 -79 -52 -56 19 13 75 43 71 72 -3 60 -5 -90 22 14 -50 -73 -45 -98 -46 -70 -38 17 -67 -8 -72 -15 -8 8 12 82 -99 79 6 23 -10 -87 -93 -14 11 -96 -30 -60 -77 -41 -19 -18 -50 34 7 67 78 87 -71 -51 -94 -90 -91 77 -34 -76 93 49 47 8 -88 24 -83 -53 65 -8 47 18 -82 -13 96 -17 -84 -80 91 50 33 82 44
66 -61 -93 82 -84 44 40 -95 -52 49 14 -55 7 -30 35 -12 26 83 -37 11 -85 57 -19 18 34 31 -51 82 39 12 51 23 95 -86 -13 -59 36 16 12 -5 -62 -93 87 11 55 9 64 -90 81 89 -18 43 -78 75 67 -71 -53 -20 41 21 -63 8 -91 -89 8 -90 79 14 12 -51 3 57 -23 95 54 -15 -3 76 -93 -5 43 -98 -90 -24 -31 -3 46 5 -56 -57 -96 -78 -38 -49 56 47 -52 10 98 -55 -5 -57 -83 -4 98 -28 -18 61 80 -13 15 -42 58 12 -81 6 -73 -19 -52 -68 -84 89 80 -10 27 75 -40 47 -54 -92 -26 56 19 -90 35 -25 87 97 -19 57 41 -70 -60 65 0 51 -54 -66 64 30 -41 -1 -12 67 99 5 -67 80 -49 58 1 39 76 69 61 -32 -14 -57 97 -12 74 -69 84 20 80 -24 2 -59 -17 -14 -37 10 -51 -66 -21 -75 -37 -98 76 -64 74 82 -18 -80 -32 -38 39 93 -38 -62 -72 89 53 -49 55 -12 -35 68 45 70 3 87 -3 60 -77 -32 75 -93 60 -37 68 -33 15 -66 -85 -41 88 -75 -18 9 -23 -78 96 -42 96 -48 78 80 23 -78 -32 -85 53 27 -60 -40 -73 58 7 98 -90 4 -77 46 38 37 -10 -78 20 73 -28 97 -57 49 -2 12 -49 60 -2 40 -18 24 -58 64 47 74 16 -52 -24 32 71 -53 -15 -92 77 -10 47 53 26 -96 23 51 -23 20 -46 83 89 69 -72 83 55 11 -64 -94 27 -65 71 63 -90 -12 -17 86 -23 69 -5 -87 98 -73 83 97 97 97 2 -34 -2 58 94 -71 32 39 95 -80 28 59 -14 0 53 35 16 -86 48 37 35 34 -57 -58 -77 49 -29 -56 -17 -76 67 54 -11 -41 42 1 2 23 16 -89 48 2 -59 -66 -63 -76 52 -34 -59 -95 69 -94 -65 -27 -87 -21 -3 -29 -60 74 98 59 58 -50 89 -82 71 -56 -29 -38 3 -9 -54 -55 -73 -58 8 -54 -74 13 -69 -67 -20 85 -94 -46 -40 -87 -68 -83 58 22 51 -21 77 -71 93 -64 6 86 -81 92 66 -20 -85 23 -50 22 75 -46 -11 -57 12 -2 44 -39 11 61 -77 49 74 -38 -92 -28 82 48 27 71 26 -25 3 32 42 -70 -32 -15 18 82 12 -73 4 -38 86 10 -56 -70 36 -62 27 7 -71 41 3 82 24 40 71 -35 -53 -87 -83 -34 80 78 -19 -33 -84 -43 49 8 44 24 25 -50 -80 -51 -54 -77
-12 -87 -42 -98 -64 0 84 -79 31 99 -28 28 51 -45 -58 75 -70 92 9 -88 -39 0 97 -61 -51 99 84 48 75 7 -58 -38 87 34 -4 13 -48 89 48 51 57 27 19 -32 -57 29 -42 -89 -32 30 44 -4 -15 -65 -64 58 98 -70 -96 2 -94 -72 90 -68 -1 97 -27 -70 74 32 -2 -61 79 45 84 -94 -9 -39 -8 54 64 -2 68 -35 -25 -2 86 61 -3 -3 -91 52 0 -71 48 -54 -71 25 39 60 -89 19 92 56 -32 -98 -65 -91 36 25 -29 20 59 73 97 -8 -28 65 -61 84 43 47 59 50 75 -79 24 7 27 -44 90 65 -57 -37 -13 -37 -2 75 68 -51 60 -25 1 12 -62 30 -49 67 4 48 39 29 -3 83 -11 -24 37 94 62 -78 -55 -31 -62 -20 0 -56 97 59 28 -76 -45 51 -78 -27 -26 -31 -93 -32 8 -8 -68 -8 -95 -54 3 65 -55 -33 -70 64 -65 49 79 -32 23 65 -59 73 -12 17 -6 -99 25 93 -49 -33 -41 34 37 42 -74 -2 -56 -38 -21 -3 -45 96 -69 -17 64 -29 4 -80 -59 -87 24 17 99 63 -60 67 0 -63 -53 -75 32 -35 98 88 90 -73 -48 -66 77 95 43 -76 -36 14 -47 -80 35 -13 -77 -70 16 7 14 51 12 -34 -16 58 -10 64 12 13 -89 -5 -45 98 55 -69 33 61 -78 27 -27 8 24 27 -55 -59 -75 66 13 14 -9 40 36 -32 -32 -97 -19 -79 -38 -63 -3 50 80 96 27 35 98 -58 -52 -97 -3 25 -22 37 -25 35 -92 -65 -53 14 75 18 13 -65 -68 79 -82 -46 -79 -42 -30 57 28 -1 -81 -82 31 -59 -48 9 75 76 32 -95 75 -66 -56 -29 53 59 -9 64 27 -68 13 64 14 82 -36 6 86 -6 -2 -22 -62 -21 -67 73 27 -65 -16 -71 -44 13 44 4 54 -47 47 31 -69 -15 38 -92 -40 -38 -46 72 35 -98 -28 -56 50 -88 67 -3 -75 -26 13 -65 43 82 -92 -38 -7 5 -19 -92 64 -36 33 59 35 -10 -54 84 -66 -41 -51 61 -63 85 83 -30 4 -34 -30 6 -61 90 -34 -6 -30 5 52 30 53 -10 -39 -76 6 -91 11 -93 -73 -59 24 -14 -97 41 -42 -83 -67 51 93 41 -51 90 -4 80 1 -5 -67 11 -73 -26 -27 68 -46 28 36 -50 90 -91 -42 -24 60 -27 -32 60 -75 44 -3 -57 82 -41 -5 61 57 -21 76 85 -61 63 -15 -53 27 -91 51 -68 98 -43
26 77 3 62 48 -52 58 -74 32 98 -8 -98 -20 -62 -93 -69 89 41 6 -17 38 98 74 -17 -28 16 -77 -60 59 4 -52 -42 -45 -88 77 72 -13 41 62 64 73 59 44 -6 -71 2 -50 -93 -41 64 -5 -14 28 -55 -68 -43 60 -17 6 40 -69 15 31 -76 47 -46 91 -7 -50 -6 92 37 -7 87 -15 85 4 -8 -71 -7 -46 -22 95 -59 5 -64 -23 61 31 -91 -7 -63 -9 18 36 -96 82 -78 2 -4 63 -95 -89 16 59 -90 66 -91 95 -21 -4 -23 -3 40 10 96 9 62 36 -70 51 -66 88 52 41 59 25 -47 -41 -18 -81 85 86 -5 -47 -10 -70 10 -75 36 29 -79 -30 -32 -93 57 -29 62 75 -92 6 -18 70 -83 2 3 32 60 -19 28 -16 31 -91 -26 -40 78 -93 -58 -47 75 -3 -75 -35 20 42 43 99 -94 -28 -22 -43 79 62 -58 -81 -75 -84 -11 27 60 -69 69 93 99 -66 92 55 27 -72 -27 -94 -95 19 -61 -63 86 -95 -79 40 -94 -25 64 -44 12 -43 24 -96 -58 -57 -11 -98 -39 -50 -30 67 -92 -25 74 -48 -78 -23 -28 99 6 39 33 31 64 33 -5 -10 14 87 25 34 45 -2 -26 -21 42 14 98 37 32 -28 82 -64 -91 -16 27 -29 90 -4 54 -64 -69 89 -22 62 7 78 -24 -56 -52 -8 82 86 -85 -38 -85 27 -67 -22 1 66 89 22 -35 -22 74 -82 -60 -62 -57 65 99 -82 52 -6 58 -10 -45 -41 -46 -85 -26 94 -85 -22 30 30 -80 38 26 -71 -52 -89 77 65 24 -42 48 65 -61 -73 -98 -89 12 74 45 -93 0 30 18 -33 -14 10 28 71 46 79 -91 -60 -65 73 -90 -72 -29 23 -77 -25 63 49 5 -67 -11 62 46 -50 -70 82 -64 -30 30 82 -98 -71 -65 60 81 39 -61 78 -50 -93 22 1 -29 -7 -39 32 61 21 -55 -37 45 -18 72 -74 49 62 -32 -87 -85 -7 -67 -57 -64 -29 -55 -58 -88 26 -82 -97 -83 -3 51 -14 76 -81 99 -11 -70 61 30 88 -57 12 52 69 85 83 91 14 -19 -13 -24 -69 -18 -17 28 -2 34 -42 44 -1 58 -60 24 52 -91 -49 -77 -64 -16 44 -73 32 -97 31 -69 29 -94 35 -22 -3 -45 60 96 -77 -85 -10 -75 79 -80 -87 -63 -79 48 -81 95 -41 -9 -12 -31 -52 28 85 -81 28 -69 46 -94 59 80 -95 -8 -14 49 37 68 -3 -14 35 -57 -97 95 6 15
-79 24 25 -76 -71 15 -94 89 83 -84 -98 89 -50 18 -27 -15 -47 -34 -99 25 -92 -11 87 -86 35 -39 -45 -62 -72 77 -27 -58 21 8 49 -70 38 -49 -63 8 37 4 -4 -37 45 73 50 95 32 -76 67 -42 67 17 -2 24 -92 -7 -67 73 -33 63 94 -96 84 -52 -88 -57 -30 28 -72 4 -60 79 76 25 -68 -39 97 56 -11 -90 -23 80 90 53 35 54 86 -45 10 -50 -74 -93 82 -86 69 10 83 -89 44 66 86 -88 8 19 80 73 -78 0 -98 -21 36 -58 48 -63 52 28 -60 2 42 33 -99 52 22 44 56 -72 61 -44 41 97 82 -89 -93 -61 60 22 -56 -9 -69 32 -66 -8 -90 36 -36 -80 -96 -24 -99 -3 75 76 -41 -77 -72 -58 -78 -72 75 35 -44 60 64 -34 41 25 28 84 -24 94 28 34 32 89 41 -30 66 92 62 9 26 36 -45 -5 -72 3 65 -76 -66 -16 31 38 -83 -74 -85 -87 51 71 -27 -71 -63 90 -28 13 -77 -43 14 -5 4 -55 36 -24 63 -18 -68 -60 -17 -89 -46 -11 -75 -50 -65 57 -78 0 -5 5 30 79 -88 94 -24 67 9 3 -64 -6 -9 -58 16 -64 -69 44 -59 -13 28 -53 -15 -19 -4 72 42 72 60 40 97 -11 -34 -98 67 64 -58 24 -79 -16 73 -8 89 -93 -34 93 71 64 76 35 -89 -31 45 90 39 -59 33 -60 75 77 -47 66 81 55 18 -27 57 99 -96 -51 17 96 25 -45 56 -20 -44 23 -53 -48 2 55 37 -18 71 -48 58 -99 -2 -65 -84 30 81 -16 -38 25 -12 34 -1 3 -81 -9 21 -61 53 70 -35 43 68 -13 8 65 -29 20 -60 44 12 -27 -21 58 -9 16 -48 10 -29 -66 18 -47 70 -94 73 -7 -9 -8 25 16 90 15 -74 97 67 -49 -46 -26 -45 -1 28 -97 -95 -85 5 0 -11 61 61 59 -73 -16 -3 63 -93 -56 35 20 82 25 21 3 -94 -9 -48 -9 55 34 -1 -1 58 83 -40 -2 82 49 96 39 44 -52 -23 -8 78 -44 -7 19 56 21 -2 8 -75 27 -92 -11 8 -32 -7 -43 -62 1 72 -19 50 -53 1 80 53 -9 -18 -96 63 80 -63 -53 -60 24 -67 -94 -79 -94 9 -70 -29 25 -82 -74 -89 -8 -45 34 38 49 -87 29 43 -44 -15 68 -52 83 -4 -2 4 -98 -43 25 -88 -76 64 8 -38 86 -22 39 76 67 47 99 -82 -58 56 -97 9 80 62 -51
60 -62 -58 78 92 -68 -28 -85 43 -3 41 6 35 -88 -46 39 61 -44 -8 -93 -57 -89 -98 94 81 -20 -70 8 8 70 -20 -4 32 -78 29 -28 60 -21 44 80 -62 94 -67 -38 -88 -86 -45 16 -48 -5 -72 -56 -78 -41 -17 61 1 72 32 68 -28 -17 -42 58 15 -37 -1 -61 7 -91 0 72 -52 -54 -40 44 -3 10 60 -14 -86 -59 -64 -92 0 -52 82 29 35 -92 -21 28 91 -70 -60 57 85 69 -21 51 35 -61 77 89 38 74 -48 32 51 -76 -25 66 -60 0 29 -7 14 -70 -68 -60 -35 57 -21 -81 -59 51 -28 -52 42 -6 -29 -81 73 -70 -67 -91 -12 -91 49 62 -94 61 87 -47 92 37 -23 52 -77 9 11 58 -40 58 -94 28 -16 -40 -82 -60 -23 -50 -24 4 24 14 -11 10 -82 69 67 84 -42 23 78 23 41 2 -45 41 -95 -72 -20 -61 -60 96 -15 42 90 95 -71 -83 30 82 85 88 81 -78 -55 42 -79 -45 50 53 53 82 33 -69 42 65 -3 31 -17 -88 -35 4 -65 99 -78 -84 65 27 -54 29 -38 -19 -24 -95 29 -77 19 75 -24 -71 41 6 48 38 33 70 74 -31 -11 -66 75 25 28 -44 39 12 -4 55 -5 -45 55 -65 -71 -86 5 -71 -87 14 29 -15 -87 -82 77 -33 -2 -36 -76 -64 -60 54 77 81 37 -15 5 63 20 -27 -61 -75 -55 -48 -66 -21 -32 43 52 -99 50 -8 63 -45 35 32 29 -7 -58 65 -15 -12 -95 -95 -5 10 -39 -32 -32 91 2 65 -80 85 -20 -24 52 -36 -25 -90 3 -7 -37 -18 21 -57 62 60 36 41 84 42 14 70 17 4 69 -41 64 93 -76 89 67 45 -27 -95 -19 89 67 -86 90 5 -24 23 -55 38 -81 15 -14 49 72 7 -95 -13 43 -47 4 52 -5 -37 -19 43 68 -28 -85 77 -6 54 56 74 -47 -72 -41 -73 -73 78 52 24 -64 81 -11 86 69 -76 -87 -89 54 -81 -99 -98 47 -54 87 -53 -72 -46 41 27 -31 53 78 -70 -38 88 80 -95 -78 53 -62 -48 -77 -4 -46 -8 -25 91 41 -1 64 18 88 10 -10 2 -92 16 62 60 29 -82 16 81 41 -74 -2 81 -34 51 -28 -50 -99 98 85 -44 53 -44 7 -54 8 -19 -92 -43 -57 -50 60 40 46 -83 -34 59 -46 28 -39 81 -72 -43 -9 57 20 59 12 10 78 -3 0 -65 94 -62 81 23 -3 -59 -46 -17 34 -83 17 41
80 -47 -33 -13 39 21 -48 48 36 3 -25 9 27 -42 -43 -7 -23 -71 43 -5 -28 95 86 -12 85 -82 24 93 -6 -37 71 38 63 -91 42 -93 -53 10 16 -71 -78 -90 42 79 14 -45 46 -24 0 72 81 -67 14 -72 62 84 27 15 -90 16 -55 72 -65 -67 -16 51 -55 36 13 -67 -95 87 -29 31 -78 -64 25 57 17 76 53 81 -8 -54 -15 -73 71 -56 5 30 -72 84 -37 69 48 -41 58 -89 37 -74 96 -65 -97 7 -48 39 -62 81 57 62 -27 -89 -35 -8 -30 -8 54 -11 -43 -57 0 78 55 -50 -84 28 53 -37 23 7 11 17 11 49 58 91 -38 -51 8 -69 14 32 53 69 -44 -85 90 4 63 53 -31 -99 92 11 30 11 37 -64 96 49 25 -41 -85 55 26 -92 64 55 66 -4 -79 14 -75 -30 -80 -16 -18 42 35 -33 -49 93 23 11 -74 73 -4 7 3 89 4 79 -11 0 59 0 -45 99 -90 -88 -56 84 48 71 29 13 26 -2 69 51 5 -91 -41 -52 22 -98 57 84 -49 -70 -7 58 95 24 30 39 12 -60 -55 -52 -87 26 -89 49 88 -2 -57 59 -12 -37 96 -94 -42 -99 -20 -33 -45 74 7 -87 13 72 -71 -98 94 53 -42 -45 -87 -22 -27 -94 -38 -26 9 32 -59 -33 21 -20 41 -55 -2 -66 -54 84 60 -72 79 65 -32 -78 1 -19 95 -55 -75 -87 -29 43 92 -32 50 52 -99 -46 69 24 -22 -2 -78 52 93 -46 -29 52 61 -34 46 83 -69 30 88 -43 97 13 -83 -59 80 51 10 89 37 -84 73 32 98 -83 80 89 10 -59 70 -36 95 66 -98 -98 -24 84 52 -93 -79 67 73 38 42 -12 59 -21 -26 61 0 -55 79 -13 6 14 58 47 47 -86 -85 83 -96 -72 44 -22 -22 40 -52 53 72 -64 72 49 -70 -53 -72 -80 0 -42 8 -67 -82 15 48 -44 43 -1 -84 -75 2 -38 98 -63 -93 82 -24 75 39 -75 -76 -64 -5 40 -32 26 -54 -18 -41 -62 -55 -36 -45 -66 43 23 15 95 -35 76 -70 -18 80 90 -84 -35 99 20 48 39 35 6 -36 -76 -2 36 -10 34 -31 -60 -72 -9 -98 95 -99 10 -74 45 2 -20 93 -27 -46 -75 1 -92 17 56 -84 28 -13 65 -50 -26 16 -66 -52 96 38 8 39 -92 -38 45 -15 41 -4 84 40 60 52 -23 94 -78 -65 -2 -64 -35 -79 45 -56 63 -71 -85 -96 -75 51 -88
-13 12 96 99 -77 -20 -31 38 45 -20 96 21 24 -32 58 4 49 -96 -82 -46 92 -51 -18 47 -69 18 -66 -29 60 21 71 4 -94 86 32 -19 -45 13 55 -2 51 72 -60 -84 -18 -4 97 4 12 36 16 -70 -38 -78 -93 -51 5 -31 -44 68 2 -42 16 -98 99 38 -19 34 97 98 35 -76 49 -31 66 -76 -67 8 -22 70 -59 -54 -73 69 36 61 -2 -9 12 70 -21 -13 29 -35 3 97 -33 47 -4 -87 -31 21 73 -44 -71 60 88 85 16 76 60 -11 -90 -5 -88 25 -36 -58 50 14 40 68 -1 -21 -84 67 -31 26 80 43 20 93 21 14 27 -33 76 -58 -65 -45 -13 66 -55 -75 31 -52 -87 -18 30 84 -59 55 23 99 -36 -19 33 -51 -41 -45 30 80 18 -26 -62 55 -47 -78 -11 33 69 90 80 -45 -35 19 -94 -79 -2 45 -36 -84 -21 22 2 -13 -26 78 -15 13 41 96 34 -67 -21 -49 93 34 2 56 -46 59 66 -75 -17 75 -2 -87 -27 83 -66 -86 -54 -18 -88 -96 54 -31 -41 -98 -14 -23 -52 -32 92 -28 3 12 -17 -86 -35 32 29 -60 31 58 -3 -34 56 55 6 26 92 -56 -46 26 -70 20 -69 -94 -61 -89 90 32 -95 -12 -83 20 74 -89 -28 -69 -89 -81 95 33 -85 66 87 57 -36 75 -87 31 -73 -32 22 -62 80 -10 -68 -30 7 -8 53 36 25 16 -99 10 -63 9 91 -66 -71 -16 -76 70 40 -18 -14 12 -56 -86 -55 73 -12 67 44 -13 94 -67 32 67 -8 -15 -78 26 51 21 94 -86 -98 -5 -39 59 15 21 65 46 11 95 57 -3 71 39 -49 -23 1 -85 10 -83 23 -45 74 -35 -77 71 -71 12 -61 78 13 -32 83 -20 5 -69 56 -24 36 -26 -22 -5 67 -82 34 -78 35 28 -32 -32 -74 39 -8 94 -93 64 25 76 77 90 -42 -40 -23 90 -79 82 40 82 -37 89 66 52 -65 69 73 -90 32 75 -31 25 -29 35 29 -16 -31 30 -10 32 80 -78 47 68 -17 -55 17 -4 47 58 -32 -94 20 95 -30 -69 -56 -55 10 -93 -37 -80 33 -69 99 -45 -87 26 72 -25 18 -77 26 35 84 -94 46 15 12 -26 -68 -97 66 -18 -81 -82 -92 96 7 57 -68 -30 -41 -30 5 -59 20 82 5 -47 -47 16 -60 80 38 15 97 -40 -74 25 -70 -13 -49 61 92 25 17 66 57 -54 -2 -6 -78 -9 8 -60 -55 74 14 -57
42 16 57 96 24 -95 43 -72 96 -93 7 77 -93 37 -32 14 -24 25 98 75 81 25 80 -22 -92 -26 21 8 4 -74 -44 99 26 31 -81 -16 -54 21 96 -70 77 78 17 83 -34 -25 -88 -50 29 -72 -86 -11 46 10 95 -16 44 4 -58 -9 98 77 70 -11 6 78 99 -41 97 -75 26 82 92 -56 87 26 -49 -32 -89 19 93 82 -97 -28 -97 58 22 -82 -27 54 94 -40 -67 -22 43 -92 -95 69 -90 -50 -41 -78 -93 99 34 -25 -78 74 -24 -8 95 4 63 6 95 23 -37 -56 39 -42 15 19 -18 -94 72 -5 79 -99 37 -23 95 -55 -83 76 5 -81 72 96 -54 1 -58 72 15 -42 -71 -75 86 -46 69 -42 -78 -62 -10 -59 98 81 44 49 -63 67 83 -19 64 -62 -94 -14 58 -44 47 -57 -61 -93 11 -51 8 -12 -68 -8 18 -49 71 -33 83 -33 -5 98 -69 94 -36 83 45 32 22 -51 -17 29 -62 -90 26 -56 20 -9 80 40 91 97 -48 -39 17 93 -16 -51 27 -99 91 24 90 85 71 82 -52 -50 -9 60 69 85 -57 -35 25 -62 5 12 -70 0 -43 -97 -77 51 29 -94 36 -99 0 93 84 -68 -56 56 30 53 -37 72 65 -56 -20 64 -41 40 17 -11 54 23 -91 69 56 -33 -84 94 65 -33 53 -12 41 61 30 22 19 -38 -83 49 -40 -95 -29 -80 77 9 85 11 -65 -21 32 36 62 22 -32 37 -13 -47 -76 -7 -7 98 -31 -61 -12 -33 -90 -11 -53 -38 57 -91 86 54 -95 -91 51 70 60 -1 -44 71 82 -76 88 98 17 -77 -14 -10 59 80 -21 5 62 13 17 23 -42 -90 -56 -75 53 90 -31 69 -61 26 -19 -19 58 26 36 57 31 34 17 86 -1 -95 -27 23 -5 -78 -53 -11 27 -86 62 40 -40 82 49 21 -32 31 91 -10 98 52 5 31 -36 -14 98 -51 -9 29 37 71 6 -64 88 -79 -1 -63 -34 -17 37 91 -55 14 -95 -36 -93 77 86 91 -6 30 -47 58 82 -28 -18 79 35 41 -11 7 69 88 -53 -56 13 -97 5 57 -50 -94 57 -47 -27 70 -22 -59 -68 -69 65 -34 32 7 8 40 -25 -32 -88 -37 -43 -15 56 -19 -68 54 -78 -57 -9 64 72 -96 -58 -86 77 -13 -63 -23 21 63 -26 -14 -1 -12 70 93 -58 -15 93 -92 -77 5 -1 51 98 -47 -39 53 60 62 -78 73 83 -12 85 -87 65 59 90 -19 -11 -82
-39 48 -7 28 -64 -56 -40 35 -5 22 36 -1 16 2 70 -31 72 55 -75 -24 83 18 -49 87 66 20 62 55 89 61 -11 57 -60 -94 68 1 69 -58 1 -70 29 47 57 -92 -97 83 -86 -29 -59 32 -86 -42 -24 -48 60 89 90 -30 -29 63 41 83 -39 49 21 -25 19 -71 99 -99 -87 64 -30 -42 -28 -65 -25 33 87 -66 19 13 -79 64 8 2 -8 -47 71 -71 37 57 65 -60 63 38 43 -12 53 33 -47 -88 -6 -98 -51 93 30 -54 28 17 -82 33 90 13 51 -35 56 -12 -20 28 -64 -8 -28 -36 -84 -11 -43 30 -88 19 -86 2 62 16 79 67 92 25 -96 -85 98 -69 27 -37 -38 -30 -99 -27 -33 -89 -43 59 50 -11 94 97 18 -44 -80 -7 -23 -84 -97 39 61 -33 41 48 -1 94 74 62 -14 26 -93 51 -53 47 -20 85 -65 10 98 48 18 34 -94 18 -65 70 -4 -21 -32 -30 14 -40 -18 36 41 89 87 -94 67 -51 -6 8 78 -19 -25 7 -44 -33 -9 5 -62 76 -29 41 -44 -17 -70 -59 40 -63 -55 75 -80 -28 67 -2 -31 -74 47 65 57 -29 90 92 -82 -74 -19 -12 -7 -88 4 7 -60 -32 47 61 93 -47 -94 -95 66 -69 24 53 32 -41 0 -23 -22 94 -15 11 -37 -50 -21 91 -76 -93 -17 -74 59 -81 54 -18 -58 3 -8 53 43 -97 -85 -84 -40 -32 88 32 -10 -3 -46 2 94 -15 86 75 64 -81 -2 -40 4 -29 92 -68 -73 -21 -39 -53 -54 2 -20 -54 -96 50 41 1 -32 96 35 60 7 13 6 -89 -50 -83 79 -19 -59 55 45 53 -49 48 60 -33 -92 56 -45 69 -76 -95 -33 27 -14 10 -18 19 -96 -13 0 43 -46 39 -40 -36 96 -75 73 -80 32 -79 -40 12 -84 -65 -80 36 -45 8 54 -3 7 51 -27 19 -66 9 -99 -61 -49 -17 -16 -19 -2 26 54 20 -20 2 77 -55 -87 -3 -91 15 17 59 -9 -82 -7 47 39 -61 45 77 -69 29 65 -48 -69 -55 -25 -33 -11 99 -85 98 -70 47 -23 55 -80 -40 90 -72 -97 33 13 -95 -7 84 77 31 -23 29 23 -45 -42 77 -20 -2 -44 -71 -93 84 62 67 45 93 -1 14 68 -18 -30 13 -40 63 -70 45 -79 53 2 -65 -3 -65 0 51 59 32 86 -66 63 76 11 57 -76 -99 77 -71 81 -37 31 -23 -30 97 52 -9 -33 -91 49 -6 8 49 -78 69 46 -96
61 41 4 97 -59 -37 -74 -18 87 82 -49 -96 -5 55 86 77 47 -44 25 -15 37 27 1 27 81 -53 34 72 -94 45 -72 -47 59 -53 50 -34 -23 66 86 87 -96 51 -57 -27 13 60 75 63 -81 31 43 75 -99 31 -52 58 -42 -52 81 61 79 -22 -43 66 -64 -18 38 -33 -16 51 -59 78 -25 -24 -64 15 -58 70 26 27 3 -58 81 40 -90 37 83 91 -32 -1 -87 -66 -64 -49 88 59 -30 -91 -57 -99 95 14 11 33 -45 -64 4 0 54 60 -91 18 56 31 -66 26 -44 47 49 -24 15 -58 -74 17 -82 47 53 -1 12 -13 -57 31 49 63 21 58 -22 23 -66 -96 24 89 12 72 -94 63 -67 43 71 -27 -17 60 -95 88 -57 -85 -56 77 70 -89 31 26 -10 94 -62 55 -30 83 71 -67 -30 -54 53 71 79 91 14 -41 11 9 -55 -36 -87 -30 78 52 -5 -7 -87 91 -44 2 58 -20 -86 21 59 21 -20 30 43 79 -34 -91 -23 64 -19 -66 -39 -78 -55 -16 -8 93 38 86 26 -25 -27 77 37 22 -50 -66 33 -41 -19 -47 26 -24 69 -72 -45 -47 76 37 73 47 -4 -21 -64 41 17 -34 91 46 -26 99 -3 -51 38 -26 -35 -5 -38 -8 6 91 -96 59 43 40 -60 -8 59 90 -38 -90 59 -10 -16 -6 8 71 -68 -85 -4 29 39 6 48 29 39 47 -83 39 81 -45 55 4 -70 82 25 -91 99 -96 -20 -29 -80 69 24 -91 47 -67 -62 -57 87 -92 86 -72 78 15 -60 52 92 22 -19 -38 8 -1 73 -27 -16 -7 -10 -25 81 -37 39 -43 44 -42 13 32 55 -83 -74 -66 97 64 13 -7 -13 56 48 49 26 64 39 -35 -90 92 -49 -6 27 82 98 -62 -33 -97 -77 43 -53 74 -1 -67 -16 -86 -99 31 11 78 18 -53 -42 60 -76 -40 67 -38 -58 20 -16 -73 -59 -16 7 56 50 39 -29 -26 46 89 -10 -67 -15 95 -66 -22 -23 -53 -36 70 49 98 49 74 64 85 -24 38 -98 54 -70 -63 -42 -46 -60 -81 -12 63 -28 -14 -19 2 91 79 0 80 -40 -25 -60 49 -5 17 -75 22 25 -24 -2 53 58 -9 27 -64 -25 5 -88 -69 -15 79 37 94 -30 72 79 -98 -58 -87 -70 -65 90 35 95 -10 -72 36 -83 -16 2 24 67 -50 43 -49 2 14 -32 -41 -39 -51 52 36 -28 -41 45 47 38 -45 -87 -52 14 -38 12 -18 -66 -78 -57 74
-18 47 69 -66 -42 52 -34 -51 92 -45 83 -27 -23 94 46 63 -65 64 -63 75 5 54 62 -35 10 -30 79 -65 -2 48 -28 -90 -85 -43 -62 73 -97 -46 79 -73 -20 40 46 -62 -3 58 -78 -91 39 -32 99 6 -93 6 -37 -13 11 10 -33 99 -79 78 82 -96 67 -82 -22 63 -57 -32 -22 -38 -66 64 72 -49 90 39 -71 -35 -68 -59 -63 7 80 -63 52 -64 79 -88 -8 -85 41 25 -33 -79 30 -63 -75 71 -55 82 4 17 -84 -80 33 -37 -89 -15 66 -35 29 -45 -75 -72 -59 -69 41 39 -67 31 22 -46 71 16 56 9 26 -93 9 -67 -25 15 -10 87 -51 -71 41 -5 -36 44 -96 -24 -41 60 98 34 92 73 -6 -5 4 23 31 92 61 69 4 -95 92 59 -68 -35 97 20 34 -63 -44 62 39 -88 -54 7 -21 14 20 38 30 94 7 -15 13 -47 -69 64 59 78 -80 -74 -4 -62 -44 59 80 -75 16 -69 98 -27 -36 -75 62 75 -75 53 -75 -99 60 76 68 -94 5 53 83 40 5 -30 84 -79 26 36 -69 33 -80 -25 50 -25 88 -13 -50 69 83 -84 -79 -76 95 -98 -53 87 -43 23 5 -28 -56 76 -7 94 29 30 57 25 13 66 -71 24 -20 15 -26 -71 21 85 -58 -47 75 -95 15 91 -5 12 42 48 -17 -99 -73 14 -94 -50 44 -94 -55 -45 10 -88 -26 24 6 -70 27 15 37 21 31 -10 11 -82 -54 -2 -35 -2 8 -79 -71 88 -69 -19 -96 -12 83 69 11 32 -54 19 59 -36 -71 -16 -43 82 22 67 -77 -21 -59 47 -37 72 57 -10 36 -70 4 22 -95 82 92 -51 -7 -20 3 -53 99 -16 -96 -66 -80 60 30 82 -9 -11 -16 50 77 -10 85 73 58 35 47 -90 71 29 73 30 49 15 51 -72 -69 19 36 34 -71 -20 32 42 68 -98 -32 52 -79 -3 30 54 -25 -38 -12 -33 -30 96 -1 69 66 60 43 -74 -37 -1 -28 69 36 -78 4 -40 22 -53 62 88 -4 44 83 -93 -45 99 -4 -73 -29 -98 78 -37 -31 -27 -95 -38 19 -54 75 7 -11 65 4 -26 -3 62 81 35 22 -42 51 -66 17 14 46 -64 41 -73 -83 18 19 20 72 97 79 -53 62 27 13 -41 27 46 15 57 39 -65 45 -91 -40 50 -52 -97 54 32 1 67 -47 2 28 5 27 0 46 41 -83 66 9 -90 -86 49 57 -73 16 33 11 68 8 38 -47 -75
76 -32 81 -68 22 42 75 38 96 -15 -18 -84 -59 34 -1 -2 46 -34 -51 -74 22 -40 -68 -78 85 44 -65 8 -95 87 -32 -62 43 96 -25 92 -91 55 36 21 -81 -28 -73 12 -20 -42 -14 65 27 -10 81 -84 -69 -80 -41 -22 75 -58 17 -86 10 -25 -63 -24 35 49 -66 3 23 9 76 -14 22 -3 -86 19 -37 -47 -88 27 3 -53 -50 66 33 -21 -95 10 57 93 -79 -46 -10 -99 -31 -58 -60 37 -98 -47 -61 82 27 30 -89 79 -9 49 -66 -19 -82 53 52 -78 49 31 39 -77 85 33 -11 57 -19 -49 -16 -4 -3 -37 -91 -87 63 34 44 -52 -95 -91 -5 69 -67 13 -22 -94 -53 -74 34 60 34 84 37 -53 -33 -83 -93 -61 -60 14 12 35 -94 -5 -45 12 -81 12 -55 -15 -49 -84 40 55 -61 -47 -13 49 -86 86 73 -27 -48 -95 -67 0 26 -52 -39 -58 -68 -78 -88 -65 -27 92 2 -86 -35 -46 98 -96 66 -64 88 93 -59 12 2 -86 98 92 -29 -70 -14 -73 -85 61 78 24 -16 -71 -89 43 -44 93 -78 64 48 -56 37 84 -63 90 -79 71 -47 -30 -67 81 57 8 -96 66 -56 -89 -98 86 91 81 -51 51 71 -90 64 60 -94 40 -61 -49 91 33 -51 18 0 -92 33 29 -11 -31 60 84 28 -24 20 -65 -91 -75 -90 -52 -27 21 69 66 -17 73 -33 -2 -40 73 17 22 88 -55 68 82 1 -85 67 -39 -5 -74 -61 32 5 -84 18 85 -55 19 24 21 23 81 -32 -75 -24 75 83 91 92 18 -9 54 76 -5 -75 13 -92 -84 -4 50 81 84 3 -99 12 -33 53 78 50 82 -11 -7 -90 7 -26 -68 -14 1 26 -76 56 31 -80 4 -73 -80 69 -81 -53 -24 -44 54 -35 -68 57 57 18 -25 -85 -36 -95 -67 62 14 -8 -66 -57 -71 -56 -7 -4 56 -30 28 -39 -16 -17 -44 90 -90 -92 63 -89 39 58 -83 -77 13 59 -57 -34 -2 -60 -75 -10 -25 -9 20 53 -59 -64 42 81 86 10 -8 25 -2 -96 28 90 61 -84 75 12 -70 -80 -84 -68 97 -41 -78 -24 82 -52 -57 52 -91 63 2 59 -54 87 56 53 -12 -7 18 -9 -40 98 -59 -78 71 -80 -99 -46 74 2 -60 -70 96 -8 -26 89 1 46 -52 33 84 11 -19 36 -27 -71 -42 -14 -89 -69 -31 -59 -62 1 7 -93 14 87 23 2 -91 -44 -59 -68 -99 -54 -60 -39 55 2 79 55 -94
-88 15 -60 -95 -15 -79 10 -41 -20 -71 -40 -93 -22 -59 -11 7 57 53 -46 -52 -74 -63 69 49 -72 80 27 -2 -27 11 -38 16 -22 -69 34 85 41 -81 2 -29 27 79 18 -49 19 11 19 -43 2 -34 -80 84 -41 4 53 97 15 17 -86 25 3 -13 84 -94 70 50 94 -53 31 -77 -99 -85 -32 19 -17 -11 54 -89 38 -95 47 60 54 -5 59 46 -58 64 -1 -74 59 -50 81 -47 -49 89 68 -18 -77 32 -78 67 -74 -32 -27 30 -93 84 -15 -48 -43 -14 -53 -24 63 91 -40 -38 49 -18 87 53 -5 96 29 92 86 7 -41 12 29 70 42 -20 27 -46 26 -52 -36 -3 -55 -46 -64 82 41 63 -78 15 -79 97 24 -23 44 -3 -67 -17 -86 -90 67 23 95 86 -36 -15 -35 7 -29 32 57 4 38 3 52 25 55 -11 -26 30 42 -82 58 -52 32 15 44 -90 -93 -9 -91 -23 28 40 -56 -23 87 58 46 -69 -80 33 63 -71 75 36 68 -35 97 -81 -66 -42 -60 40 10 -60 -43 1 -30 23 77 27 78 -40 47 14 -98 99 -27 99 56 -44 97 -20 14 14 95 -14 -9 14 -97 -8 42 13 32 10 -5 42 97 -70 22 72 27 97 -44 50 -54 -54 76 -87 -43 -60 -7 7 84 -9 1 73 70 -16 96 17 76 -76 -64 72 -44 79 -37 82 77 45 17 93 70 97 21 -37 57 -85 21 78 54 51 -83 71 90 75 -62 55 88 16 78 65 72 11 -39 -99 -23 -26 46 44 -71 -85 55 38 30 -5 -17 31 -93 80 83 81 -69 -9 -93 40 39 80 83 56 -27 59 42 65 83 53 29 -83 -62 -93 -20 85 2 83 -52 81 45 57 -27 38 -64 -25 -43 -38 -77 -32 80 36 7 11 99 -3 2 -69 -22 26 9 77 -51 99 -84 46 -22 4 43 38 -52 88 -4 55 20 34 51 47 -27 77 -59 -60 -43 -83 16 -45 15 62 -4 97 55 -37 52 -64 -43 -10 28 -3 64 48 70 69 14 -68 -77 53 -74 41 -58 70 -57 -17 8 -58 -2 -30 -87 -60 90 70 -34 14 90 -26 47 -4 -67 54 18 -56 1 7 91 -54 -42 -44 -80 -60 28 68 8 72 -63 -11 -98 -68 -41 -72 31 57 -36 -80 -28 90 58 -70 -9 -5 -1 13 -54 -24 -70 -11 39 -59 48 -43 0 5 -33 -92 91 -39 29 -2 -71 65 84 62 32 49 -66 76 48 68 56 11 -42 54 74 -53 58 -62
94 -48 29 13 -78 53 0 48 31 95 96 37 75 -69 -25 85 90 -69 -64 -6 43 -64 47 -58 -7 30 78 40 -67 -47 -81 19 -90 72 96 67 -78 47 -79 83 7 -58 21 57 60 -92 23 97 -14 -61 -90 45 -72 26 -58 -7 52 55 59 -85 -25 -44 37 51 -90 20 46 -29 64 80 -23 -54 -48 -92 -53 -25 51 -99 60 -2 -80 -1 -43 -33 -5 -68 -11 -97 -19 -45 74 -76 -7 3 -99 99 53 76 1 40 74 72 71 -81 -82 -30 14 -77 55 -86 3 26 -82 -35 -85 -3 81 -21 48 -48 99 -72 40 -96 13 -7 53 25 -55 63 19 68 -33 89 -6 49 45 6 -49 84 -15 39 -51 84 -22 -18 12 69 -73 87 -17 -56 -55 34 43 52 24 -13 -77 33 -34 -30 -40 99 16 -83 8 -62 -8 -15 -85 6 4 70 -88 82 -19 -37 85 19 63 99 -88 -26 72 -66 41 80 -81 51 37 -32 -61 18 4 74 23 -67 46 4 99 -53 96 -73 76 -8 6 90 -53 31 -96 -68 57 -60 7 -15 25 -77 97 58 -56 -33 27 96 -28 -37 -20 -79 -50 -9 17 -95 -73 -71 5 80 45 -27 42 49 -96 7 -6 -72 -66 -61 -28 -51 -46 10 -42 -8 -45 9 -63 39 82 64 -26 -31 -34 86 91 3 2 -90 -27 -79 -92 62 27 31 47 -4 19 67 70 17 84 90 -37 34 24 -94 18 -78 -40 63 21 17 -72 58 27 47 17 25 -90 -93 -33 -94 12 -84 24 -94 -51 -38 -54 -76 82 -14 -30 88 -40 2 -76 79 -51 -1 -17 76 81 -81 -7 -53 66 76 -13 -32 -77 22 94 -47 -65 -87 -18 96 -93 -32 -92 -72 36 75 -47 11 -59 52 -45 33 -47 49 72 1 -96 -70 -98 -30 -79 25 -82 -85 -64 -29 90 -30 -41 -72 25 68 -21 36 -96 38 -18 -38 -50 -67 54 -52 -44 -79 -65 -62 89 18 46 -96 60 72 -69 76 -37 84 99 29 -87 -66 -4 -16 -62 -70 86 82 -2 -33 3 -35 18 -27 24 17 -97 47 85 -18 78 -28 33 22 -19 -62 -51 -29 -81 -70 -86 69 -8 -35 -13 59 -50 -67 -90 -80 -18 75 -7 60 49 47 49 -65 -12 80 -19 -53 -21 -68 70 84 -37 89 -1 -55 -19 53 30 11 -33 -33 -14 -28 -57 58 -5 -33 13 89 1 -78 -55 16 14 -15 -43 29 80 12 52 -96 22 94 -11 75 -22 75 -20 -2 -41 70 -99 -5 9 54 23 32 7 36 55 95
62 -83 -62 -7 16 20 -60 23 5 -61 39 81 -87 82 -95 99 93 3 -31 -36 -61 -8 -5 3 -68 -93 -72 -41 -35 59 68 17 -9 7 2 38 88 26 -49 12 82 23 26 -85 60 -55 49 67 8 52 -89 62 60 -14 97 -61 -71 32 24 31 1 94 -13 -24 -81 -28 63 49 -80 98 36 5 73 -85 15 -43 90 3 -81 -44 45 -37 -82 -82 -32 14 -10 80 -15 93 97 73 -98 67 -63 -70 79 47 -15 12 -29 39 10 12 3 -66 50 -45 23 69 -23 -60 99 -98 -79 -39 60 -40 20 47 60 51 0 -95 44 82 40 -24 92 23 21 8 27 55 19 -26 77 -68 -29 -2 69 -41 -28 -46 -25 -45 -77 -31 30 84 43 98 -67 49 -92 87 -53 -80 13 -47 25 36 -2 -97 -25 -8 -7 -28 43 73 35 -22 -74 77 35 -40 -70 -77 24 -18 79 89 -21 5 -97 38 -27 82 -26 91 -86 2 60 -64 -53 39 -70 -95 -43 -47 33 21 -38 44 -28 70 81 42 -79 93 -21 -23 23 -52 -7 76 35 -21 -10 44 51 -18 -15 -88 4 -73 53 -67 66 -17 54 -36 -86 -73 34 -23 96 63 7 74 43 -6 -52 97 10 -79 -26 -7 82 72 38 42 33 36 -45 97 39 -57 54 96 55 -94 -2 -8 -41 44 11 84 73 -1 17 18 -43 -40 -51 -20 -20 -17 18 -27 -35 -72 -53 39 -55 -94 97 88 -59 -39 98 -54 -67 -52 -58 -17 16 -74 35 84 91 -28 -11 49 -80 75 -71 -40 3 30 -5 -73 -92 -59 38 -80 88 -13 88 -65 -40 -42 -26 96 97 -94 -54 -25 34 5 60 -37 99 7 71 -59 -11 75 -16 -91 -52 -97 64 67 42 9 8 -63 -29 59 -66 -45 -72 -86 -54 -68 -93 -32 45 -39 80 38 79 -45 38 -93 46 -25 -96 12 30 -47 79 -10 63 -82 33 41 1 21 -55 -36 79 52 9 82 -48 0 -28 26 -75 5 65 8 21 8 27 -82 40 60 6 -49 -18 37 82 -41 -90 -69 83 53 -9 82 31 78 -92 -77 -94 96 -63 -24 -86 73 26 40 54 62 -34 30 -91 -9 -27 93 93 -85 -32 12 15 65 68 -5 -89 70 -7 93 -44 -75 24 -90 98 -73 -39 -70 -7 -22 93 71 7 -6 -14 41 74 28 -18 -67 -16 -50 -46 -79 21 -7 92 -60 -53 -89 53 -25 74 -30 -16 -50 53 -33 -78 -78 -98 -22 15 -89 81 -36 32 -17 -60 -52 55 -57 94 -75 -27 -19
30 60 -86 18 -61 12 -37 82 0 44 49 83 0 -55 2 13 90 -42 0 -22 -10 -26 -95 -93 36 98 -87 79 -62 68 36 -94 37 22 -67 92 -31 41 -54 42 -6 -93 17 65 33 -21 -35 -88 94 -92 61 -62 -47 44 34 -64 -36 -41 -87 -80 -64 -35 -11 61 -79 -6 -19 32 21 -67 -91 -77 -96 92 29 -15 -89 -58 9 -13 85 51 -96 -3 53 78 74 -48 97 68 -3 -84 30 88 -16 31 -31 55 -43 58 -15 84 -70 -24 -6 79 -78 -73 41 -25 -40 -36 93 -24 86 42 -5 -65 -45 91 67 -48 -3 -97 33 -37 -28 -91 1 -50 -48 -92 11 9 -71 30 -62 -44 89 -71 46 52 -12 -37 76 54 1 -29 -10 -29 -3 -42 35 80 98 -11 -71 -41 23 -85 54 34 97 -66 -87 63 -68 -99 8 -53 7 4 49 54 64 72 -20 -11 -29 -57 -42 -6 95 -34 -7 0 66 -53 -30 -39 0 -17 16 -21 88 92 49 65 -66 -22 47 24 11 41 -97 -90 -28 -68 29 35 67 22 -73 86 -20 60 -79 -84 11 59 90 86 -73 64 -4 -11 7 -72 -96 -45 67 84 93 -59 -14 -22 -24 -92 66 10 -81 69 9 -24 -17 17 94 -32 -90 -47 66 -82 36 -61 53 91 -47 -73 -25 -68 -37 -7 -15 -42 46 -28 63 -62 58 -18 -31 25 -19 -19 -84 -3 -3 -51 -95 -9 -83 -78 59 62 83 68 70 -41 -59 -70 21 28 87 59 1 43 46 50 -12 -12 86 -98 35 -40 -16 51 -45 73 -13 40 9 -57 -57 -69 -74 26 97 55 37 -81 77 -71 -56 -56 66 -70 -83 -82 85 56 -44 -92 92 57 77 -66 -52 -94 36 -48 -67 5 -5 -16 7 11 -2 70 -73 -51 89 74 17 9 50 -88 -89 -12 70 -18 36 -31 -77 -23 -37 16 38 6 45 -71 8 17 52 48 80 -2 28 -77 -63 -3 -9 70 -39 -33 52 -36 92 -12 -88 -84 -74 -92 11 20 -70 31 -29 -97 -24 -8 72 -74 -64 -95 45 -27 47 -33 16 11 -81 -79 81 68 -64 31 -66 -75 -60 -99 83 35 -13 -36 -24 77 -82 -52 -26 -59 91 95 -71 -22 46 -82 -93 29 11 5 54 8 35 93 -16 83 -32 70 -89 12 -90 -11 76 -58 -41 22 37 63 18 6 62 13 25 -96 -37 -76 -68 -1 99 -46 10 55 -75 -25 91 -51 51 57 47 61 79 -44 -56 -13 88 -40 71 74 -40 6 65 -55 -57 57 -43 58 -14 -15 -11 95
26 -76 72 -16 27 -17 -22 48 95 7 -15 -3 46 -38 7 -84 83 -92 -95 38 -5 -93 -4 -21 -61 -17 85 83 97 -80 -40 92 35 -25 81 61 76 36 -4 -30 92 79 16 -76 4 37 57 -90 65 40 -29 72 31 -9 86 -52 74 -95 87 94 64 -50 -38 -80 -89 -63 -78 -2 -10 -98 58 -30 78 -54 80 33 -90 91 2 88 -38 -6 89 39 46 -11 -7 90 -18 43 91 -46 -8 6 -76 -14 15 -98 -60 -77 51 98 -96 -96 56 27 34 84 5 26 -21 -5 -25 1 80 52 -30 -18 -96 -51 -64 -59 -24 5 54 -48 -87 73 -43 -15 49 -86 12 -21 -60 -17 -99 64 -33 11 -97 1 87 -8 -77 -74 0 -79 85 85 79 -68 14 87 -3 -22 40 -18 2 51 34 17 -72 -13 94 -86 33 -81 -13 -36 -50 -5 -55 -46 -83 -11 65 85 -7 -13 74 -35 38 62 -64 -34 -95 -49 47 52 -32 -10 44 -2 57 51 36 -18 -37 10 -35 55 92 85 22 -2 -93 57 -92 29 -8 -26 -32 34 -80 -4 94 74 48 29 61 44 -44 65 83 97 -47 41 -77 98 29 -15 47 -4 6 -36 66 28 0 -66 4 -7 -59 -52 -50 72 -54 47 77 -36 -44 44 50 -7 39 17 80 39 -56 42 74 -84 -55 -17 11 53 80 -50 84 -46 50 38 75 57 -93 -41 -21 -57 8 65 1 69 -3 53 14 -52 20 -41 -60 -32 79 -83 93 -39 -67 -96 -96 60 -59 47 -75 79 -96 69 -62 -38 42 -69 -94 -87 -34 -59 25 86 91 -70 71 -12 95 -46 -81 -10 83 -88 -46 -58 -39 -62 27 12 75 -75 -31 -51 10 -7 -45 18 67 -8 91 48 18 50 99 88 -26 33 -27 -91 -8 77 65 -97 -5 -64 -18 18 73 -67 -39 -3 94 61 -68 5 24 94 -36 -28 41 -24 1 -97 55 -99 -62 48 -98 -95 -73 47 -90 71 -7 97 -3 -37 51 18 32 84 -36 -41 88 -88 -6 58 3 22 -86 87 -49 80 -31 44 42 85 76 51 -95 38 16 -83 65 15 75 -94 -44 25 71 66 43 -26 -38 -74 -13 -60 -77 -95 -71 -71 -45 -81 -71 -55 -87 -87 6 -79 -16 -6 53 -44 76 52 54 71 -10 65 9 -69 -95 -79 34 -83 -86 91 28 82 -12 10 -82 55 -6 53 92 -85 -88 52 -93 79 27 -26 -61 66 86 -44 -10 78 -58 74 77 13 69 -84 73 -52 92 -72 93 17 -60 -19 -46 44 2 61 87 -2
-61 94 -43 48 63 -45 51 -21 26 -37 -33 98 23 4 39 19 -55 97 -33 -86 -52 38 -65 -21 -46 -68 52 30 13 -12 -83 -33 -78 3 39 57 -86 33 -18 -1 -16 -11 -21 59 36 87 -71 -31 41 94 25 -56 18 0 -3 59 -86 -61 66 62 -26 82 37 -33 10 54 -65 38 60 -37 49 37 -91 65 -54 5 81 -27 88 83 19 7 0 24 -9 -99 63 62 -89 5 -80 20 83 50 -65 85 68 -82 47 -4 3 -99 -84 79 -95 -45 65 -67 -68 -74 11 -88 84 90 -85 -53 48 -19 -26 64 -35 37 -89 -43 -86 58 51 2 47 -4 2 68 -3 -59 74 -21 46 45 88 63 -94 -80 -91 -51 96 5 7 73 -95 84 77 54 16 -90 -69 7 -50 39 -88 -20 -82 -41 8 -51 -93 -14 -28 1 -52 49 -88 63 60 -67 -16 -4 -22 46 -52 -55 -79 -34 -21 -14 -46 -73 57 -55 77 -88 -57 -11 -13 -54 21 6 61 -98 42 49 66 9 -66 45 -85 55 -16 8 62 -39 51 53 25 37 97 12 -83 -45 83 -23 38 -69 -87 -40 94 40 51 -80 65 -96 66 18 -10 52 -98 45 34 -74 37 40 -98 -13 -12 65 -42 -13 -96 17 37 -5 20 68 -30 -67 -69 65 93 -3 78 85 -68 53 25 6 -29 -80 5 84 -97 -48 18 -5 43 -39 -67 50 13 -39 72 23 26 20 33 -75 98 -93 92 46 -92 -53 84 -96 27 5 6 -4 -78 -98 64 59 -77 19 -46 49 23 59 -23 62 63 7 93 67 44 -29 73 19 -30 -98 11 9 -38 -83 97 -97 17 55 -94 87 85 17 -25 82 -75 -6 40 29 -55 -43 41 -19 93 92 21 -53 17 -67 88 -38 -72 -99 5 -51 -38 -59 76 18 16 95 57 -84 80 -27 -27 -47 -85 -32 2 70 -91 39 -68 37 70 -84 54 21 -57 88 58 -8 72 -73 43 -71 -7 17 29 -41 40 -99 76 45 16 -2 9 -15 1 -50 -17 72 -81 -8 44 -80 -36 7 -31 -44 -21 -13 23 18 53 -79 -4 32 -10 -58 52 30 -30 -78 -61 -60 93 -3 -34 -76 -23 -74 -39 -1 40 -23 -91 45 -1 49 76 -44 -5 -68 6 41 -32 56 16 84 1 -7 98 88 82 -9 95 -40 87 -97 -1 69 -71 94 62 -46 -88 84 -39 -38 -48 -56 24 50 -17 93 13 28 73 39 26 -78 5 40 -3 48 58 46 -80 81 54 -5 35 -43 79 8 -38 65 -49 -99 -39 23
-56 14 -52 21 53 8 10 -6 97 -8 -1 14 -10 -55 45 -57 -6 -62 34 0 -50 -55 85 -99 32 74 -86 36 74 -73 75 48 -77 83 66 -97 -69 -83 -47 92 75 -5 -97 89 51 -13 -37 -7 42 -84 63 13 55 99 -20 94 -16 -18 30 -93 -92 32 5 83 -74 -99 86 -58 96 19 -10 28 -8 12 -83 83 -37 85 48 -95 23 -3 -60 -68 -75 81 16 19 26 -41 -67 -24 -14 96 97 45 43 73 -32 -71 -27 -13 54 29 -46 -85 29 -10 -63 -6 32 -78 8 -67 -40 -16 46 4 -93 94 -93 -10 -22 83 33 50 -32 64 21 -29 98 57 -34 21 13 -71 32 -3 87 -52 -57 -55 27 85 45 23 -76 37 63 -84 -90 21 -3 7 -44 -20 -74 -44 -99 79 -83 -64 13 5 80 -97 7 -70 -71 79 49 66 -29 34 -52 55 -53 -64 67 -78 -16 74 22 20 1 43 38 82 -11 5 -92 -57 48 76 -38 35 50 -19 45 84 92 82 -87 -7 -59 -65 69 18 90 29 65 54 92 -39 -3 68 81 -64 -98 -28 -64 30 24 89 -88 -42 67 98 3 -26 -92 -96 28 18 -77 4 -87 36 -68 50 25 -1 23 -86 -52 -24 14 37 -90 -78 93 -9 50 -83 16 47 97 -96 27 39 36 -64 -20 26 27 -96 -54 -24 31 -4 37 44 18 63 81 -51 -60 53 -89 -46 -79 -20 85 -42 76 92 -18 73 -20 -44 -71 89 -40 81 -19 -78 -23 -61 71 9 -70 -83 -25 -49 7 -81 -8 10 -39 -93 -18 -20 71 -30 36 94 95 45 -28 -34 15 80 24 -57 -26 -83 -23 1 -7 -40 -23 -79 11 39 93 97 1 -49 63 69 -77 6 59 -6 19 65 -83 -84 94 -50 86 83 -66 33 -81 -12 -63 55 -90 -42 82 -5 15 46 -88 38 15 83 -30 -40 -18 -75 -56 -86 71 39 -45 -8 90 -57 83 56 -83 -34 97 -87 -94 81 52 77 -18 -87 -97 54 23 85 -38 -29 95 50 73 -60 44 -60 -6 75 -86 -51 94 27 -2 -76 -97 79 94 79 28 10 -90 -57 85 56 -71 83 -72 90 -56 11 71 -80 -14 10 12 -68 20 69 -45 24 -63 -75 -79 -40 -71 44 59 -34 -75 79 2 77 40 35 -84 95 32 -41 -27 -32 14 68 87 -15 -8 -2 41 -50 -27 29 41 53 -3 -12 90 41 -91 -97 99 -57 47 -54 68 -5 -99 -46 -53 -52 -62 -29 -74 -33 -83 -80 -53 21 32 -85 88 61 -57 52
44 28 -88 88 14 -66 58 76 45 -61 -54 32 72 -1 92 77 -69 -74 -71 -93 -82 -73 78 -71 7 -90 -25 -13 62 -49 -40 -44 -86 -50 -52 40 -96 18 34 -27 96 -6 -73 -79 -11 32 21 -81 25 -94 25 43 54 -49 85 -26 -20 -50 -4 45 -75 -24 -88 11 91 -39 3 -29 12 -94 -24 44 -30 -3 2 40 66 66 -31 94 66 -56 -52 -95 48 -3 -97 13 19 -75 78 12 -51 73 11 81 -87 -62 71 -73 -82 81 -75 -80 -43 -41 -36 51 44 -90 -14 -6 59 5 60 27 -9 99 17 41 -31 30 34 82 92 -74 -27 73 -12 -22 -47 93 58 -23 74 -67 96 44 19 69 70 8 -75 -84 -13 -43 31 60 -45 33 11 -57 13 27 -9 66 2 50 93 -1 -86 -11 83 13 -32 -42 -5 -87 32 48 -63 48 37 -1 -48 -96 -8 -61 88 4 99 11 70 -25 12 88 -40 48 70 -95 -68 71 -56 -22 5 19 28 -57 90 -42 53 -34 30 52 -39 76 94 -47 69 87 49 -73 -46 97 -67 -78 81 -15 49 0 57 3 20 23 36 -13 -72 9 18 57 86 46 -13 21 45 -58 57 -59 -11 19 -71 30 20 42 -44 18 -87 -41 -51 28 93 -48 9 59 66 16 5 -67 -31 -65 97 -24 24 -35 -47 12 -61 -66 -67 -44 17 52 12 36 32 12 -44 -79 -11 -32 10 -38 -89 97 -74 -95 -27 19 -25 -97 -91 -14 23 39 21 33 -63 36 27 38 93 16 -40 38 -21 -26 88 60 -63 13 -2 62 -30 -49 56 76 40 16 5 -25 48 -51 45 -8 22 -91 10 35 -77 22 41 -84 -86 -83 -13 -3 48 38 -46 -52 56 72 97 98 -58 -9 -78 -76 94 -55 -15 51 66 83 55 32 -94 20 63 78 11 -97 27 -75 84 -78 -42 -16 -96 37 90 -5 -48 -71 74 -84 22 18 -52 26 26 -63 -41 39 -2 88 10 9 -93 63 -71 6 -33 45 34 90 -55 -93 87 19 -82 20 7 65 -99 -49 -23 77 88 -48 -44 -65 6 17 93 81 -92 -11 -95 -79 75 38 -92 -28 59 -86 53 91 -6 30 44 56 31 36 -27 -45 99 -45 43 90 -88 -6 2 27 -9 -19 -40 56 61 26 -64 -27 -54 -42 45 65 -81 -24 -26 -94 -70 79 -42 -75 -90 -27 -46 8 -31 38 -20 -32 -93 -11 -50 51 71 80 -75 99 78 -75 29 -86 60 75 -93 3 1 13 -98 24 -2 53 45 54 89 -81 -45 -53
-46 39 3 -83 -78 -18 -16 17 -74 -30 -35 -90 -37 -6 -10 67 -77 -24 22 71 -79 94 -76 -96 47 -37 -44 -76 -37 40 -88 8 -43 66 39 -2 -89 52 -57 -41 -97 -2 73 -51 -33 -51 -57 81 -76 55 20 19 53 2 8 20 72 -88 7 78 15 -54 49 54 56 72 56 -46 38 -86 -43 79 32 28 26 47 43 91 44 -35 80 -4 4 -11 -71 95 -36 -69 21 -8 -23 -27 51 -6 -53 85 72 -15 -61 27 -40 96 -41 -12 5 -64 8 19 41 -11 7 69 44 -48 77 -9 36 -32 98 84 25 -15 -80 -95 19 70 -4 -8 -35 -28 -70 61 -52 15 23 94 -73 -30 71 27 -49 -69 -42 -14 58 53 82 40 79 -81 -56 64 76 96 -38 38 -73 -42 -54 55 67 88 59 -39 95 -18 -91 -19 99 97 57 -78 59 -82 -79 -73 -75 -32 45 -63 -69 -23 54 92 -30 53 89 -74 -26 66 6 89 93 59 1 -68 24 94 -1 95 -9 5 -19 -37 -56 13 -34 -32 54 -74 90 32 80 -93 -32 -44 99 -99 1 80 -6 -91 68 42 73 -62 -50 31 21 13 48 81 46 -86 79 96 -21 -78 -80 74 0 70 -60 84 69 -39 -81 60 11 70 -5 33 -32 46 84 -24 10 17 32 27 44 -57 -53 -37 32 -83 -63 44 -47 69 78 45 76 -95 -25 -25 78 85 34 84 -66 -34 97 -96 -26 -72 69 -36 30 -38 -99 -57 62 -45 47 -86 -79 38 10 -83 34 -23 23 -5 69 66 -72 -91 -95 -97 -50 -83 -75 -97 66 70 -3 67 3 73 -79 60 -15 69 -64 30 5 -69 -98 57 26 50 25 66 -54 18 75 -69 45 12 -35 -24 -88 -17 92 36 58 64 -12 36 76 64 -64 27 -5 -48 -76 69 22 -48 21 -72 -84 -84 23 -92 99 -88 96 96 -2 63 -10 -19 -96 -40 86 67 -13 39 -21 -77 -70 -63 -20 7 -30 -88 -87 46 -32 -25 99 86 6 72 -79 23 -42 20 91 7 45 43 -68 93 8 -23 -88 -74 -99 -4 -37 -71 -4 79 -28 -55 9 46 38 97 -33 -49 -46 48 -94 49 -23 15 -97 -69 -39 97 28 68 48 94 97 75 -51 -72 -68 -54 -67 -69 52 36 9 42 42 -93 -31 21 82 -40 -35 31 -81 28 -86 -63 -77 95 71 -24 37 -54 75 -73 92 -34 -12 -58 -11 -91 1 62 50 67 1 -58 48 -79 -5 60 35 -19 -70 88 -9 -69 39 -95 -48 57 -60 69 -80 18
55 -96 -92 71 -7 51 23 81 -85 -72 64 60 8 -89 78 71 -66 -62 -77 8 26 -27 40 92 -22 59 -89 67 -51 31 -43 -54 -38 -32 26 60 -95 60 32 -53 -62 3 -85 -64 90 -76 74 77 8 -43 71 -12 3 98 43 -75 67 47 -15 2 -13 -49 67 -55 -82 -64 20 5 -45 -50 99 -78 -2 -16 -23 60 -53 -66 -70 62 97 98 63 59 -56 -18 -94 -14 27 49 56 -80 -95 92 71 39 46 -10 89 18 55 48 -98 -15 50 82 8 -31 -56 98 -86 -75 -76 -92 -91 -25 78 -27 -1 -70 49 90 39 -34 39 16 99 55 -81 32 22 -65 -51 49 -15 48 -31 -63 -24 9 3 -20 -5 20 -79 38 -53 25 -96 70 91 -82 14 -73 -57 -64 -44 -67 18 56 -54 66 9 -39 -1 41 -90 75 -5 -40 73 88 -19 44 61 44 -18 45 -96 -50 63 -61 -76 -89 -24 -59 -23 52 79 10 53 2 74 8 87 68 20 19 -57 -60 68 29 18 41 -1 11 22 29 -48 38 -6 21 38 58 -34 98 -49 -96 28 91 -10 61 92 -75 -79 12 60 45 -99 -38 44 89 49 -9 0 -37 74 95 -92 -13 12 -1 -4 4 54 -70 -48 -82 8 56 -80 -80 61 26 -75 -89 -32 81 65 -26 38 37 -96 22 -10 5 -13 44 -91 60 71 19 -83 -38 17 -64 86 -67 -3 -70 -97 -44 -1 -79 79 -76 92 39 43 86 76 65 -27 31 94 -51 39 -30 -61 31 21 66 51 8 21 -98 -99 -75 -6 71 69 47 39 -75 -64 -85 -39 99 -60 1 -51 -41 12 -75 -71 -42 4 34 57 66 33 -44 96 97 -38 -2 -51 41 -64 -66 -46 52 23 -43 -85 9 -40 54 51 -94 66 -2 -46 70 68 -95 20 47 -5 56 84 -61 -76 -69 -38 54 36 -56 25 -46 89 70 -84 -36 -29 43 -63 -27 -24 30 -92 -80 98 25 -30 14 47 -94 67 27 54 63 79 25 23 -19 24 -57 82 -15 -58 -41 15 -64 32 26 -38 -52 48 31 -42 -64 9 66 34 -83 -37 -75 42 86 -38 92 -46 2 -63 -29 -51 -29 -66 -27 82 -88 -30 28 -71 -42 20 -68 81 2 54 -56 5 67 12 3 -65 -85 -76 13 -48 3 10 -23 -87 86 -24 20 12 18 60 -29 -75 42 -25 -46 -24 27 -33 -47 -41 -57 -51 -84 -52 93 -65 0 18 92 19 -41 72 -22 -7 47 -86 25 -92 78 -94 22 -62 54 81 31 -97 30 44 59
-46 62 20 25 -25 93 8 -92 53 -66 55 67 -13 -87 -95 -30 -40 -7 -20 24 -50 58 -45 56 56 -65 54 3 -24 -54 -62 88 93 -15 -26 -89 -15 36 -77 -75 44 -78 -15 39 -6 48 3 -89 -49 -93 4 40 -81 84 78 19 -35 56 -66 24 -8 -38 69 -74 97 37 22 -75 -94 71 72 -92 -84 -44 -19 -33 -56 3 -52 34 37 50 -68 11 61 -18 -74 41 -81 66 -13 79 46 69 -49 67 -67 7 -16 37 37 53 -75 3 78 86 93 20 -68 -33 86 -65 -8 -71 -56 -9 77 45 -2 -3 16 20 90 38 -7 38 26 97 -2 -91 97 -42 52 -39 -63 50 2 -99 -99 -59 -10 19 20 4 64 -29 64 63 73 39 -56 -50 -98 -13 63 71 25 -13 -25 -16 87 -56 -61 -19 31 -34 88 79 -10 -15 -61 -38 60 -84 -79 -93 46 70 77 96 47 47 13 -12 -59 43 -93 89 65 -9 4 29 -17 71 -26 41 15 97 35 -31 -8 -21 -20 -17 51 -3 -92 64 57 49 -82 9 38 62 99 -75 -40 66 -46 22 -28 7 -37 -94 90 72 -18 54 89 -50 14 -30 58 39 75 -46 -18 72 -93 -78 -5 8 -16 -9 -22 16 -79 82 -33 -17 81 -59 93 93 -26 87 61 30 21 3 34 -77 -57 -56 93 -75 91 48 46 73 12 4 61 -30 -61 -13 1 11 -54 82 -70 -10 -86 -39 77 63 86 -39 21 15 9 63 -87 28 0 -58 -3 94 -22 -42 -30 13 -83 -19 68 -98 -49 26 -78 72 -86 50 -57 87 91 17 -80 22 19 -35 8 -29 90 -69 -78 21 -83 -52 -32 82 49 96 20 -76 -1 -47 -84 -64 -14 -54 20 89 12 35 -2 83 -14 59 26 50 91 85 -10 57 99 95 77 0 67 -22 19 -35 -36 53 81 47 36 -58 76 18 -90 0 68 -38 -59 -15 -15 63 -73 -81 87 -92 86 -29 18 -84 -50 -10 -73 -99 91 97 74 38 -61 -59 -80 -2 -10 -82 72 53 3 26 -71 -91 -37 -47 -76 65 91 -55 -43 -57 43 1 40 61 -79 -66 63 -82 -20 -98 -68 -94 -77 47 20 15 63 4 -41 -81 76 16 41 -97 -75 10 -87 -86 27 -88 38 -95 85 17 -43 88 -21 89 93 38 4 37 -34 46 95 74 -76 65 44 -22 -63 -47 16 42 -96 99 -94 -71 65 -89 -62 65 -93 -54 2 16 -44 -15 65 -44 3 23 59 56 76 -73 -36 -19 -91 -13 40 -14 61 64 7 11
46 -23 28 13 82 -8 -41 -7 33 79 -68 31 19 54 -74 -95 20 -46 -52 -26 -42 56 15 22 -13 -9 76 79 -93 24 46 -37 94 -26 -84 0 17 40 -78 78 -44 -33 -21 81 -12 -73 10 0 96 34 -92 16 -56 65 -9 32 -44 -29 -35 -18 57 -8 -43 26 -31 98 -84 34 2 -39 -70 39 -73 53 -85 -61 73 56 -97 -36 86 -78 -85 54 -48 -15 -98 -61 -93 -66 -33 46 -13 51 0 98 82 -22 -23 -18 97 -49 -84 -12 -18 -31 97 -98 92 -47 9 -32 17 -5 -40 57 -16 -94 86 53 -43 -77 92 93 95 -10 49 -48 -62 -93 -18 64 -42 -32 -84 89 61 39 -2 -2 98 -8 -5 90 40 -60 -84 27 58 -73 -64 -86 34 -53 -75 -87 -52 19 -92 89 -59 28 -26 -18 -84 -17 -30 46 -70 96 43 30 19 57 29 71 -37 61 81 -37 -51 36 43 79 47 74 -36 0 25 40 -18 70 -99 8 97 -24 15 22 -73 -42 -58 94 82 -10 -59 94 7 18 27 -48 -45 -26 -10 38 -41 31 -46 -85 65 17 -94 74 42 62 44 91 48 3 -16 -28 49 -88 -69 31 -47 -98 -17 65 4 -21 -35 -60 30 30 -86 82 -27 18 72 -16 -55 -97 -1 -90 -56 -69 -28 87 -82 26 59 46 81 -6 49 -47 87 -65 -22 -27 76 -97 98 -52 12 35 49 17 -49 62 67 67 -42 -80 -98 52 -73 -49 -43 81 -69 49 9 -3 34 68 -78 74 99 62 21 6 -94 -32 20 -3 78 -4 93 -90 62 -96 -60 79 95 -65 89 95 90 -93 -86 -63 -42 21 70 -27 -14 65 -39 -55 70 63 -22 -37 -61 -12 -87 95 -56 91 53 -15 22 33 -8 11 -17 86 73 36 -55 3 86 89 78 -50 8 79 60 -14 -6 54 -62 -62 50 60 55 -42 41 -80 -70 -28 69 8 -12 -5 -89 -13 -10 53 32 -44 -88 10 5 72 -82 -2 -28 -52 -85 1 16 84 -62 -23 78 -78 -70 -3 -10 -22 57 -99 -89 -8 -79 35 -4 87 -98 15 -37 -65 35 -40 82 -40 81 88 -60 -1 76 -21 -89 -13 -24 58 15 -49 40 84 -81 -73 51 63 4 -79 -69 84 29 63 43 -20 -95 1 96 82 -46 96 58 -88 -52 17 -65 -22 72 71 -2 -82 57 44 4 87 -36 -95 96 4 -26 -50 12 -26 39 -72 84 -27 74 48 -12 -81 -4 44 95 -33 19 -89 43 -97 38 -67 -83 29 82 38 47 -83 60 92 20 -44
-37 -69 75 -28 79 76 82 -36 54 -63 98 -84 -13 59 -65 38 -55 39 76 2 -49 10 8 67 30 10 -6 15 83 93 28 21 14 -69 -82 16 -67 -94 -55 -82 62 26 18 -13 3 -82 8 62 -57 -44 5 55 -16 16 52 -49 -34 -49 -71 -46 12 -75 -84 -10 87 77 -61 -68 -86 5 -66 64 94 -32 -35 15 -67 -51 71 -33 -75 28 -92 50 15 -48 -23 60 -35 28 95 -9 98 -57 -79 59 41 90 98 -97 -49 47 -39 -80 -75 -39 77 90 11 -60 44 28 87 -46 -78 -98 55 60 15 97 -19 -20 -68 34 96 -84 99 -25 -26 -59 86 -75 -94 39 -93 -36 -64 38 0 69 -5 -63 61 -53 -97 94 -58 -72 -85 1 89 -58 -77 -52 -88 -12 -99 70 59 98 -41 -55 60 -47 -73 8 -76 92 2 -78 46 70 75 -88 23 42 0 79 38 38 59 -74 29 49 42 -44 79 74 75 21 39 36 81 -96 -6 0 51 13 42 -10 44 -98 -53 42 67 74 -41 97 -38 -63 -15 -2 -50 -92 -10 -24 24 53 -55 -30 66 -11 54 -15 -69 64 4 -45 -67 -16 -98 -14 -17 65 71 17 -28 53 68 -75 71 43 -62 98 -65 -97 1 -92 -87 55 -64 66 63 93 -51 -8 -20 -54 60 59 6 82 77 74 -93 -64 -91 -57 -33 -57 -45 32 31 91 4 93 21 50 31 82 40 -65 56 -65 -65 89 61 -35 34 10 43 52 2 -73 39 44 -89 36 -91 52 32 84 33 75 67 75 -82 -85 -43 14 18 -50 39 -43 -41 53 69 -10 61 -4 71 -39 80 -61 -65 93 -48 82 -48 -46 -83 64 -63 37 8 19 -9 -52 19 12 -44 -8 -31 83 -73 -52 51 -46 94 56 -26 57 7 87 5 22 29 -44 62 80 -8 17 48 -72 16 -45 -89 93 83 -91 -67 -11 3 -7 -39 -37 95 -59 28 61 71 -69 -30 -69 -51 -69 -74 92 -78 -14 -8 13 -45 -64 -25 -86 34 -96 50 -57 -43 -26 27 95 -69 38 64 42 -87 38 -18 36 68 23 -13 -30 68 20 72 34 -13 87 -67 43 58 98 -71 -65 79 81 -44 93 -70 63 41 -91 62 -15 -2 -70 37 -27 62 -70 -91 -77 10 52 -87 41 41 58 -28 45 -86 82 7 1 63 86 72 -22 8 90 97 30 26 64 -75 64 -6 92 -33 49 16 66 18 -35 -19 -87 -26 95 -77 -47 -42 -59 37 53 -29 11 -83 -24 -19 -19 44 -66 55 80 -39 -79
45 93 -13 85 -53 77 -61 86 38 -22 -43 3 -58 33 -74 37 -50 -6 19 34 95 -32 12 42 -87 -85 -80 85 29 50 23 58 58 83 45 74 83 85 -58 -72 -84 4 0 -70 7 0 -40 67 -50 9 -90 -13 12 -88 72 13 -20 -16 -35 -10 34 63 -12 49 -34 -53 -98 -69 34 99 -66 -6 36 86 -61 -74 38 43 13 14 -39 -61 72 67 7 -95 80 78 -89 -94 -29 40 -12 -93 -47 32 -55 15 50 -92 -41 -86 -16 -81 96 70 16 -56 27 -73 -98 63 -13 20 -41 22 -87 38 -55 55 -12 -78 -86 50 -3 22 -45 94 6 50 -73 -55 -79 -65 -61 -16 31 -51 16 -29 -82 -18 73 -84 62 -66 -47 54 72 27 -23 67 1 85 -57 60 66 -32 -94 51 -10 62 -25 18 -33 69 45 -47 26 82 -80 -24 -95 -13 17 -39 65 -46 36 10 83 -1 -40 90 22 -91 79 61 45 -29 -49 93 -39 85 -3 -2 -97 39 25 -26 -23 83 63 -25 -98 10 -97 -81 0 -60 -58 2 52 -76 -64 77 29 -18 19 -34 -71 61 -43 -66 3 69 -2 50 50 -43 48 22 -86 -46 3 -36 22 -83 -64 -3 -18 91 72 14 97 41 -83 98 -2 -25 -18 89 97 29 24 5 -25 -31 -51 -35 50 70 -90 -10 -18 -29 -45 -79 61 -35 69 -20 34 -12 -55 -91 -6 33 76 75 -54 -78 5 49 -15 61 23 -94 34 -48 -8 13 -56 -72 -53 38 7 -77 -33 -22 -12 -89 78 -11 20 -82 64 39 69 73 -57 -39 -40 12 20 -65 -32 -38 -95 65 -52 83 79 43 45 -76 22 -26 -88 -89 82 -96 57 -50 11 -30 93 56 -95 44 6 69 55 -70 -88 89 93 18 21 70 98 -1 -44 61 3 -82 36 -19 -36 33 14 78 -15 -17 93 -62 64 -17 74 54 -34 50 -31 31 -51 -96 -62 68 50 -28 55 -39 -49 83 -14 -52 47 8 81 29 -85 78 -58 -57 -31 -91 8 73 31 -7 -65 -27 -70 -17 57 65 56 77 60 87 32 -11 39 4 -86 1 -24 -92 -98 -89 76 93 -98 -69 71 82 -86 0 29 90 -91 93 89 35 -52 10 16 6 30 12 16 32 41 5 -3 -12 -91 16 80 -95 50 59 22 90 44 -47 -96 -99 39 -38 -18 7 -81 68 65 32 -10 62 -10 -38 -73 70 32 -12 82 -89 37 -71 -45 0 56 25 -36 -69 -68 -5 -23 -99 79 91 -69 21 -48 -66 -44 -18 -61 -50 -26 73
49 -27 0 63 -99 68 12 31 80 -49 6 84 89 33 54 -96 5 -39 -75 -15 -77 41 0 -20 -9 -27 -46 71 -14 31 88 19 66 79 -91 -54 83 48 70 73 -23 -37 84 17 -22 61 33 -79 87 32 43 -65 45 1 -61 80 -16 79 -74 31 -10 -17 42 7 47 11 81 86 -18 -42 41 -56 -42 10 29 92 -50 -84 80 -76 95 -52 53 -51 -48 16 49 -84 3 -20 -18 56 -42 49 35 2 -99 87 23 -43 -77 6 15 -16 25 -9 -31 -81 -43 48 -59 -67 -19 -85 -99 65 30 -85 -56 -97 -90 17 -8 -48 70 -70 -59 41 53 -1 31 -33 -92 -16 34 97 -94 85 44 93 42 62 86 0 -77 -70 0 -56 76 -75 -44 60 -90 8 2 46 -22 -15 -63 -59 28 69 -47 -59 35 3 97 12 63 -63 -8 85 33 19 -8 -2 6 -44 -49 90 -27 68 -53 68 -71 -7 -49 -45 -73 -94 -34 -53 36 38 56 -73 32 90 -32 10 90 7 -68 -68 -61 9 -7 40 50 72 -92 8 -92 -72 -47 -73 -60 21 -21 90 87 -97 36 60 -39 9 17 -83 -82 -76 18 -64 -67 -21 -5 -11 -43 -50 -79 42 97 93 8 23 -79 66 8 63 -72 37 36 6 -42 33 85 5 -57 9 -53 -15 29 53 29 10 0 -97 63 -16 -6 -27 -38 75 -4 -65 -72 66 -84 11 -77 -64 -59 86 33 -57 74 22 -7 -21 -78 23 -5 -71 30 1 88 83 18 17 2 96 -22 73 -60 70 -88 50 -72 65 47 27 3 8 58 54 -46 -7 7 26 -39 -53 -1 -13 -20 -43 50 33 41 -69 63 -53 -78 -57 -52 -35 4 34 -7 -29 88 -82 67 86 67 8 77 1 -91 28 -64 -80 20 -3 28 79 -50 9 4 -25 -34 -44 -56 74 -33 -99 -23 -7 88 -8 13 -9 49 -10 -46 -66 -73 -42 -31 28 -39 87 24 -27 -9 9 26 17 -64 45 -32 -51 97 22 -8 44 7 81 -73 -25 -70 64 -89 -67 27 -96 80 -84 8 8 48 31 -81 27 24 -67 17 -47 70 -2 62 85 -73 71 36 -8 -26 34 -23 59 80 -71 -94 87 -86 -59 -63 -82 -60 -46 52 -45 -22 7 61 -24 -3 22 -61 35 96 -78 25 -63 -4 70 92 87 39 -2 -99 -7 -36 67 19 -65 -82 76 82 30 41 9 -3 98 -36 -62 16 -75 -12 -9 9 -47 89 27 -27 63 79 -2 -99 -27 -77 -15 57 61 -56 85 95 5 7 -40 -36 76
50 79 -39 -13 -77 68 22 59 63 17 -20 -31 78 -89 30 56 -89 -82 10 94 40 65 76 -61 -73 24 -40 -97 32 -48 58 99 74 31 -28 96 -55 -66 2 84 -13 95 -14 31 85 -7 34 11 -21 -56 -92 -48 15 -94 25 99 -10 -38 -22 -2 50 -58 -6 9 16 -81 -19 43 -66 87 13 94 -13 97 58 87 91 -99 -43 -11 -19 -38 -25 -58 -58 -11 -44 -5 -75 -90 84 -62 14 -7 96 -95 44 82 66 -27 67 95 -78 -30 -90 62 -49 -9 -50 79 -31 3 -3 47 -66 17 22 -77 84 -39 -1 -22 66 67 -41 -82 -62 -96 -59 -5 -58 60 -32 -62 83 -67 26 30 -69 -43 -27 52 59 31 12 -84 86 83 -10 -28 -15 -9 91 -86 26 73 56 79 34 34 20 -76 -62 80 -54 -35 -22 -87 -12 -4 -5 64 84 -9 37 -83 27 -11 72 -23 93 13 -70 58 -33 26 82 55 34 96 -92 67 -7 -24 10 96 -49 -28 68 5 -16 46 5 24 -44 -39 42 -53 81 -66 66 -31 -42 93 -35 93 -58 60 -73 55 -38 17 18 -56 11 94 86 -73 -77 85 -52 99 -6 -66 40 -93 -13 -79 24 -53 -66 -31 90 26 -42 -26 16 1 39 -71 -31 -75 -33 14 -10 79 -45 -5 7 -64 -4 82 -94 55 -53 -61 58 94 72 -40 -74 -13 -22 4 3 43 -54 -64 25 -52 81 -33 -95 72 -85 76 -62 -93 -85 17 84 -89 40 6 78 34 49 -13 -10 73 28 -20 76 -19 -34 88 61 -84 -27 -15 -56 -58 17 20 98 -13 -97 97 44 -39 9 -57 60 30 55 87 -88 -88 -46 82 58 -63 13 -98 -91 63 33 22 27 96 61 12 27 30 10 -5 -85 1 39 -37 -99 55 -66 83 -45 -1 -62 -76 67 5 -44 72 73 -99 -39 81 -38 -67 73 -70 -58 -64 66 39 17 -1 6 50 -45 55 34 58 -50 45 20 -47 -59 52 -89 69 49 -3 12 94 -14 11 -23 50 18 74 -21 62 -21 10 18 -9 0 21 16 -22 18 40 52 28 73 63 4 -30 -20 8 -43 -13 60 54 -98 59 -82 -30 30 -73 93 -95 9 -4 74 -58 -70 57 -39 54 71 33 69 83 60 -69 17 83 -93 62 -48 -92 -71 94 95 48 78 26 66 50 77 -39 -48 -15 -93 13 -19 -57 99 -42 -44 -1 18 -68 -42 -98 37 61 -22 -60 64 13 86 24 63 0 42 -64 -86 -39 -55 -10 -4 28 38 -31 -64 9 -90 56
59 -25 97 40 28 -7 15 -48 15 -47 -55 18 45 90 44 94 -55 -16 59 95 -35 -61 -25 63 75 -42 90 7 25 13 -55 31 -30 -31 34 38 -79 -82 -67 69 -74 27 -96 89 -2 59 -63 51 -79 -39 84 -56 26 -78 -91 84 56 -69 51 -22 -26 0 -11 70 3 -12 -19 30 -48 10 -78 -83 92 -84 32 -95 50 41 71 91 -66 47 -30 -74 -94 72 -13 78 -98 -44 -52 -10 -73 -76 -59 40 89 -5 70 15 77 14 -29 0 80 62 -20 -13 -33 -90 -6 55 -3 24 77 19 -52 0 -57 -5 10 -76 -95 19 22 -42 89 1 31 -82 -85 27 18 23 -1 -40 43 -47 85 76 -97 -12 -60 -83 -76 -58 -51 -92 84 -51 2 45 -99 4 66 -71 -25 -14 -73 -70 71 -86 71 -42 23 68 -3 -87 -19 -75 51 38 65 63 20 55 87 -84 86 38 81 81 52 -41 -66 -18 -97 -91 -68 0 -43 -75 -70 91 71 -22 -84 68 -88 -15 -19 24 55 30 -57 5 5 21 -56 75 81 -3 -89 68 39 -8 95 -5 95 -15 33 -24 56 -81 77 92 65 -50 -76 84 -11 88 88 -95 81 47 -52 -61 62 92 -10 62 9 -46 59 -96 -94 -22 -85 -97 49 84 34 65 65 31 -65 -68 -65 -85 -33 8 24 -96 77 -2 -52 93 -4 -55 -47 59 -28 63 -39 -60 74 -25 -71 -35 47 90 87 92 -41 29 -41 -33 44 -40 99 -62 -35 -92 58 -72 0 70 -24 -32 -34 7 91 45 -8 -95 27 69 -89 -26 -8 46 25 -68 99 98 -2 -73 -86 46 -10 -12 -85 -12 7 5 -21 31 64 -22 68 16 -66 20 73 -91 89 59 47 57 93 36 -45 -11 -53 9 79 87 8 43 19 -64 -96 -30 42 -66 89 96 -97 66 90 -13 57 72 44 18 -20 94 36 45 1 -44 83 29 52 -10 81 -23 43 -62 -68 1 66 -12 -90 -24 14 -19 -63 -28 -81 14 -22 -28 -7 81 46 -87 50 31 17 65 13 -98 29 46 -15 83 18 -98 -91 39 61 23 76 -12 -17 37 -87 27 -47 -11 11 84 -68 -16 -50 -68 65 -94 84 70 17 -35 32 -26 32 27 -1 -32 -99 5 63 -85 -3 88 59 -95 -35 33 -96 -77 -48 -79 -95 -25 -72 4 -30 95 4 -38 87 -5 42 85 0 -41 52 10 -1 -29 -59 -87 31 -90 -67 35 12 59 46 -80 48 -3 -67 26 -54 87 77 -1 14 -54 -85 -48 -71 -36 94 -79 38 99
-37 -58 -90 -17 -36 -31 -85 58 -48 -96 -95 -68 18 -92 37 -78 -11 67 93 93 7 -67 -89 -42 79 -42 52 -53 47 -67 98 -22 21 28 -6 24 -38 -62 -78 36 -15 -38 -43 -86 -78 41 15 -3 61 26 15 78 73 -18 -41 31 74 12 -38 53 -97 -66 12 25 14 61 51 78 -84 -59 41 -56 15 13 -16 76 42 -12 65 -90 32 13 -90 -84 36 17 41 2 -78 80 71 97 -33 9 79 -62 -38 64 -3 -21 21 -37 96 15 -63 -70 -95 5 53 -56 -84 77 -42 -30 -18 -88 83 51 -69 20 72 -5 -21 -45 -27 43 -13 93 -31 -46 91 48 -96 91 -56 -36 10 -31 -6 -7 20 -53 -64 21 -14 -8 8 -84 -68 -89 69 -31 -82 -61 -12 -14 -45 22 95 -8 62 0 -96 -70 -90 38 52 -53 98 -75 -2 76 -22 26 63 -45 98 13 62 43 53 -91 -84 -87 13 71 -86 -60 -61 57 -89 -72 -12 -10 -45 84 9 -40 -79 -51 4 60 -43 40 -59 -83 -10 93 0 -26 -46 31 -17 6 57 72 -99 71 87 26 -92 26 89 65 -65 82 7 3 -96 81 34 63 -62 6 -20 -69 52 49 -92 -87 -41 -28 85 57 -83 -73 52 70 -63 -85 38 54 -56 -91 -14 33 -59 -43 -97 11 95 2 -69 39 27 21 94 -83 -6 -60 -60 -78 -45 -88 91 47 -32 -25 -63 -76 18 -40 59 37 -63 3 76 -39 51 96 -37 35 62 -16 94 16 -43 6 -77 -5 62 33 -70 -46 -64 -43 -6 80 32 -23 73 84 -25 -5 -57 14 75 -9 -46 -40 -42 -40 61 -59 96 -15 -97 -15 -2 3 -94 -64 79 5 -67 31 79 -79 71 -47 44 26 -21 -95 -29 49 -72 -13 60 56 27 93 -20 31 -11 -72 16 82 2 -19 -11 40 -56 -76 -27 -37 -20 -88 10 -16 53 -2 60 37 39 -53 64 -31 -80 48 64 43 65 -3 -25 11 -85 39 -26 51 -67 64 75 -95 -89 20 -94 -52 -6 94 22 -41 96 -55 84 93 11 -39 -76 19 -29 3 -64 -93 32 39 -58 -76 34 -74 29 -77 -73 -94 -96 -45 -94 89 -75 49 -72 -98 98 30 14 -13 -6 -46 -54 64 -33 10 83 -87 -42 91 70 -76 49 59 -53 47 -54 81 -59 12 64 -19 -72 83 97 -25 -3 91 70 -86 -94 16 16 -79 49 8 -47 73 -23 4 40 84 69 -45 41 -79 -65 10 20 -13 -86 -50 -61 29 62 97 89 -89 23 -53 -80 -21 -26 36
26 -93 -99 52 -63 -20 -86 -95 6 34 -16 -99 17 70 -90 -88 95 54 41 -40 -86 -87 2 35 -41 -85 53 48 -7 62 12 92 -74 -43 11 -87 -61 -74 -27 6 -71 28 -98 2 60 94 32 39 62 -12 -85 82 14 35 -14 99 -29 -63 33 -96 -7 -77 -1 96 51 -2 42 -68 -24 -57 11 -86 62 -88 -14 -44 -84 44 9 79 -27 25 -98 -4 -42 -42 -31 -12 -76 -57 29 65 76 -33 77 -52 -6 63 -68 51 -6 60 28 -93 21 -45 30 -90 -44 -25 6 86 -10 -94 42 41 58 4 -47 86 -54 12 18 8 -52 94 37 -86 -32 44 62 92 64 41 96 61 8 -21 86 26 -98 -17 56 93 70 27 -90 78 -64 51 -50 92 62 33 -24 61 -30 -50 -30 -50 -58 -97 60 -29 64 -81 15 -64 -98 94 -94 89 18 -39 -36 54 -40 -14 -52 -41 2 53 -28 -70 8 -84 22 -97 77 -71 77 14 -26 -21 30 17 24 -99 78 58 -83 88 60 -77 10 85 67 25 71 55 61 17 -52 -74 -63 5 -74 98 -66 80 -74 42 -79 5 -2 -98 -92 -80 -29 87 34 -84 73 -62 83 58 56 -24 48 47 46 -10 79 -39 -74 -59 -90 27 -25 1 77 87 11 55 -35 -69 -53 -64 -79 59 30 56 14 -23 54 20 72 56 65 95 -42 33 -59 89 -6 1 -45 -40 -13 -42 99 3 37 -84 -93 -20 -53 22 33 -56 -7 24 78 39 -50 -40 44 20 -73 -96 -37 68 -28 25 -47 31 76 70 16 -79 -38 67 -23 2 36 87 -95 66 -84 -6 -97 91 -35 -80 -75 99 80 29 -27 15 19 -77 11 -96 -74 -61 -29 19 -2 -27 -61 -93 -67 9 -22 -81 80 0 67 90 56 32 19 66 -86 82 -77 -26 -9 90 -22 -89 63 64 65 -79 62 77 75 47 -6 97 2 -79 -56 -43 19 91 74 -32 62 40 -91 90 81 -73 1 -5 5 -63 -7 26 80 27 36 96 72 72 -96 -33 67 -28 -40 -39 -4 3 -12 -17 -32 56 -1 -5 73 66 -27 -93 -47 -20 24 34 38 81 -88 -47 60 9 13 15 -96 -64 -19 -37 -30 -79 33 -31 -52 -64 35 -32 -57 92 42 -85 29 93 -40 88 -64 -58 -3 -7 23 4 -21 -32 51 -51 58 74 -84 -67 29 34 -21 91 43 -53 -58 29 -33 -85 -96 17 15 -31 -80 -69 34 37 -71 85 -51 93 -39 -36 -82 86 -56 -71 78 31 49 -29 -80 94 38 83 58 41
96 77 -67 41 -4 70 22 -34 -50 47 79 16 12 -50 -14 72 8 -44 -1 78 -12 66 76 37 -89 -29 -19 67 37 68 55 -11 -2 -52 23 -43 92 45 30 76 79 81 -13 -40 15 36 48 -51 22 23 -43 80 -56 -56 -74 -18 -65 86 -82 -29 52 98 51 36 -34 93 -77 -24 96 40 73 -5 -18 46 36 94 -63 -82 42 -97 45 21 44 28 -52 -16 -59 -95 -21 35 72 -55 54 47 -36 30 -99 19 -94 -79 71 86 99 93 -34 -10 -75 23 -3 -74 83 47 -91 82 88 97 32 87 26 -82 -87 99 -83 -67 44 24 -69 -86 -74 39 -9 -72 -71 -62 -42 40 6 13 13 45 -95 -99 -1 -3 13 -50 41 74 -74 -50 -6 -99 63 -54 -25 46 -7 51 -83 -71 -40 44 -34 -93 35 -73 25 -9 -87 -29 10 73 -27 -37 0 -53 -60 27 -72 -5 19 19 -2 85 -83 61 37 -66 50 56 97 -50 -30 10 -30 57 -75 16 -46 80 61 1 -42 -69 -18 71 -60 -84 21 -7 -2 -97 -71 -81 -85 39 -35 -94 10 17 -73 -90 -81 33 -79 -41 22 6 5 -91 96 -1 79 -68 83 2 -33 -80 30 32 25 -72 -68 -35 -92 -19 81 67 -42 -23 35 -61 -61 92 -59 -25 84 -27 -62 49 67 2 -65 10 73 -4 45 -24 -82 74 -26 34 80 18 -58 -39 -42 -48 5 16 -61 22 -73 49 76 42 -44 -13 -24 -91 -51 42 -41 55 -25 43 68 27 30 8 -54 -94 -21 24 -80 -10 -32 47 99 57 80 -11 -11 -99 33 -20 -13 -19 -80 45 1 98 -91 35 -82 80 57 58 -99 44 -21 73 -84 32 -8 -19 -7 74 -40 -34 -37 -43 0 41 -31 -69 58 -4 20 17 -92 -25 32 -57 97 81 -7 21 -2 69 1 -12 98 32 -37 -28 73 39 84 48 -97 86 -76 6 -91 46 88 -58 -53 -55 -1 -57 -16 -86 -63 88 -61 92 47 37 1 57 -84 -19 46 -67 -69 -22 -36 -11 95 -40 58 -50 -33 -18 -78 41 72 93 -31 82 67 60 84 -48 35 11 -39 24 -27 -85 56 40 -26 -67 84 -2 -90 88 -25 -17 -96 -71 18 57 -24 -18 -34 -68 -27 -85 -9 77 -16 -11 -61 90 98 8 17 96 3 40 -16 81 67 -12 -11 -95 -84 58 -10 -57 -46 -83 25 -9 47 -68 65 7 -14 -98 2 40 30 78 77 55 21 -8 -79 88 -91 -24 67 42 25 79 -85 98 2 -50 -54 7 -67 -21 62 -79
68 -29 -97 81 71 -20 -96 -44 6 30 71 34 -1 47 -24 69 82 64 91 21 -33 -11 -93 -30 -94 -10 10 -52 -83 -85 -26 31 -61 -60 -61 44 96 75 -14 -36 -20 46 -9 -86 -3 -60 25 -84 11 79 -35 -20 94 -30 99 -75 28 -84 -87 38 -11 31 46 32 -33 53 29 91 1 13 62 -26 -80 -11 18 -46 -55 40 -15 -48 67 -41 -93 80 95 -43 -92 -83 82 65 45 -1 86 53 -78 -47 63 8 -20 -82 92 66 60 -25 40 81 59 40 -33 13 80 12 76 -82 -97 -89 19 -97 -34 64 19 71 -79 66 -15 -85 78 37 -90 86 -13 -26 -37 82 0 -4 21 -49 -54 84 -45 -51 -81 -99 -38 -25 40 -87 -69 -7 -85 -49 3 35 41 -28 -38 35 36 -46 32 65 -96 -74 -84 -40 -16 82 43 6 18 15 -27 50 -8 22 -55 46 -15 29 41 -14 41 63 -41 50 -44 47 -97 -32 -24 -70 -48 29 48 -97 57 -78 -97 -85 43 79 83 63 -77 17 76 -64 -20 98 12 86 73 0 -23 -90 26 -98 7 0 31 -63 -52 -92 31 -64 3 57 41 58 -47 -77 76 0 15 -4 78 -90 58 -2 79 98 35 -3 6 -74 -21 -34 74 24 -99 24 -91 -68 -55 -92 -19 -64 -17 -34 46 38 53 -35 -5 52 73 64 -64 24 15 20 18 7 -16 -65 38 68 15 69 9 36 98 60 -98 86 -46 88 88 66 72 -68 -68 -87 25 62 11 63 -86 35 -66 -18 51 28 67 40 62 58 77 -83 -47 -64 -44 76 -72 -53 -56 -5 96 -56 -41 -32 -2 -5 36 -67 64 -9 -55 52 -24 -23 4 -32 -91 22 7 -38 53 -80 37 74 -74 62 72 45 47 82 -35 -53 -65 -69 -66 -87 59 -70 -41 -53 84 5 68 96 -7 73 68 10 -5 47 -84 35 29 -96 -40 26 11 -28 -87 59 -47 15 44 -92 -29 23 -55 29 -74 13 -28 -80 -26 73 -44 34 89 28 16 78 69 -75 -60 3 -81 -50 -39 1 81 84 65 -27 1 48 -67 54 -60 -56 -89 -57 24 -38 -21 62 -84 1 78 48 -50 -8 8 27 -3 43 94 -17 85 -14 49 27 -89 -84 60 54 37 -86 81 1 0 81 -41 -76 28 -26 66 -52 23 -66 94 -6 52 38 -59 -63 -87 88 68 -1 82 -39 -14 72 56 -7 -31 95 33 -15 68 9 -8 3 -79 10 64 42 28 44 47 90 -90 -97 -29 97 94 -60 63 13 -50 -46 -39 85
-99 55 67 -14 -53 -36 -32 -18 7 -54 89 77 60 -52 -53 77 94 88 -18 -80 -81 5 -77 41 -87 -58 -24 -4 -40 -38 45 -1 -47 -97 -95 59 30 -44 -75 73 -6 23 2 -10 -81 2 -96 -95 1 -80 10 -43 -13 -76 -80 80 -43 -88 -6 -3 62 41 39 64 -48 -77 81 -78 64 78 64 76 96 68 -35 -80 -11 -84 46 3 52 14 83 -79 99 -48 -40 42 -81 3 54 10 -12 -58 -34 -73 37 84 -55 61 -15 73 -57 -9 -87 1 48 -56 -65 18 27 65 -45 -1 -72 -45 -44 87 27 19 -68 -7 -77 4 -6 -20 -35 -36 -83 -68 -34 50 -54 -78 -3 59 86 32 69 -35 49 -34 53 4 10 93 -57 -9 8 93 -72 -64 25 -4 -12 -65 43 80 75 -60 -21 62 -27 -4 -45 66 -6 -92 -45 -53 -4 -10 -44 -26 -41 54 -89 67 84 14 -84 -12 -86 11 63 -26 44 -11 1 97 -31 50 63 45 98 63 2 15 -46 62 4 -88 -71 -94 -39 34 -8 76 6 13 -21 -23 20 28 -31 56 -56 27 -8 -96 -96 -81 -23 20 24 24 12 14 68 63 -9 -12 23 39 -88 65 69 -7 95 31 -71 30 55 -48 -97 83 -95 94 63 43 -60 -47 23 -93 74 -99 63 46 71 -4 14 -42 -83 -97 40 77 12 11 -4 -22 -83 30 -69 -82 29 -9 -53 -79 -72 -15 93 75 4 1 -6 85 -22 86 99 -58 -80 -99 -65 -69 39 75 8 -84 -80 4 -51 -50 -15 -96 -16 -88 -25 43 10 62 53 10 64 -39 76 54 -87 -91 30 -95 30 -99 64 -91 -86 7 -19 -91 -91 -3 50 -38 -73 -47 -38 -93 -67 -89 49 -2 -3 -76 67 84 -73 -35 -10 0 21 -9 -11 -16 54 -37 91 72 45 -48 3 54 -11 57 -34 10 27 -39 -16 -39 95 -12 -40 25 -11 21 -90 86 53 60 -89 8 -88 -31 -63 -86 93 -57 17 37 36 -10 59 15 5 -26 -23 -25 -19 27 -13 19 -67 -22 18 -48 -29 -61 33 21 7 14 -46 -23 56 49 -85 54 30 47 15 -93 13 16 -49 -89 50 18 82 -34 -70 -11 -95 17 0 -37 -33 -43 64 29 16 -7 91 -79 5 -19 73 38 -66 -31 -69 -75 63 -43 85 47 57 -46 98 -40 15 -38 -18 -37 -98 34 99 17 20 7 -37 -70 -98 -11 37 -12 -20 -51 79 -42 -24 47 32 80 -3 50 -84 79 24 -76 0 99 -15 -14 47 -69 -32 69 -58 -2 8 31
17 -50 -61 -39 -56 11 -68 6 57 -46 -28 -12 87 -60 67 86 44 -53 -74 -45 -93 89 60 -35 59 4 -59 -15 88 -72 27 33 -79 -76 43 76 -52 28 -55 -19 21 13 -1 2 -12 30 30 -74 -40 10 16 19 -76 -98 47 -88 -95 -93 -14 69 98 -81 -69 35 83 -67 -44 99 57 81 45 -48 -16 89 -91 75 90 -77 -37 -99 80 -95 38 -80 -97 18 -79 14 -68 67 95 -40 87 -24 -51 -49 -10 58 -58 -16 -74 -5 -2 -96 98 72 -55 36 -69 -55 -6 -94 12 -71 44 22 -28 -74 93 65 96 -14 -22 -64 -57 -87 -4 9 76 89 -49 -56 13 -91 77 16 -34 -54 -92 -70 96 -73 8 -63 -85 22 -51 -38 -63 -45 97 37 36 -95 89 -95 -89 27 89 13 94 -58 -36 -8 81 -84 12 18 63 85 -80 56 -30 69 66 13 -3 88 90 -56 95 38 77 -56 31 0 -66 -26 -71 80 92 50 -30 -91 59 43 -8 36 -75 -10 77 -35 12 -32 -89 11 -40 73 47 -84 -53 20 -83 40 14 -35 -20 31 -22 86 -64 1 45 -56 32 84 -91 -73 -78 23 -9 -50 55 38 -30 47 -97 97 -33 -29 -92 -57 -52 -68 92 -32 55 76 -40 33 -71 41 77 5 44 71 -51 -30 -85 -21 49 3 92 -15 97 -79 -79 -23 8 33 -87 -20 -89 -3 -15 -36 80 99 80 -94 64 -37 92 20 -68 -91 85 -83 -40 36 -88 -88 -55 10 42 48 44 93 39 -48 -81 -15 -46 10 -83 39 -94 -37 62 80 49 -9 -83 23 -3 23 -49 93 -33 97 -65 80 -79 -86 -69 -41 76 -60 -46 -55 -37 43 -39 40 -75 80 -6 -8 4 11 -89 16 72 34 -32 98 52 -24 -41 2 5 4 33 61 46 47 39 96 2 53 -38 90 -82 -30 5 -62 57 -82 61 76 46 -40 82 -15 10 -97 60 -69 -40 32 -67 -15 -41 3 17 36 -23 59 -6 64 82 -7 52 45 22 96 -12 -91 -8 -40 5 69 -24 -23 -58 -38 -58 -55 -76 73 -19 70 79 27 74 -5 5 -61 79 -70 25 -54 -28 -17 67 70 32 15 68 -81 -18 62 12 22 13 40 89 -3 -17 65 -75 -30 -8 -79 43 82 -40 -34 0 -50 -13 -19 62 -4 -30 -55 43 41 -97 12 79 14 -18 -89 -77 99 19 86 33 64 86 12 69 7 37 82 -15 22 -25 66 97 57 -95 -5 76 -41 -19 93 -25 -60 88 -64 18 11 9 69 45 43 64 92
68 35 -55 18 22 -54 -17 24 56 22 16 2 94 0 -95 50 -57 91 8 22 -18 44 -8 98 47 63 -3 -46 -19 17 87 -50 -38 72 72 -18 -85 -18 77 7 -80 -88 82 23 96 -59 61 20 95 8 87 -28 25 -82 48 -28 47 35 -52 -78 -95 -84 -67 34 -87 -16 23 84 65 22 11 44 -75 -22 46 -60 -50 -84 -94 64 41 39 3 -77 -75 0 -53 33 -41 24 -75 3 28 -96 40 75 -48 -23 -30 -25 13 61 -10 -82 68 59 70 -11 33 -33 25 -29 -31 -60 -8 60 60 -75 -12 -3 50 -43 92 51 -36 32 -79 85 45 4 -33 78 -76 75 -92 93 22 -54 85 38 6 70 67 -80 -8 -75 16 43 -81 15 -59 -25 82 -36 -21 -76 66 -61 40 11 -6 -23 24 -93 -27 8 -83 31 62 72 39 -73 -6 34 61 85 26 -72 25 92 -10 -63 -1 22 -26 65 50 51 -57 -92 -19 -96 43 -29 -18 50 3 -19 92 -50 -64 7 10 24 69 60 -59 -44 51 37 0 27 42 -32 47 -94 50 35 -51 49 -41 36 1 -18 68 9 67 -29 -11 -1 16 93 -94 96 -49 -22 1 -88 97 -43 82 92 -2 -4 5 16 95 -76 69 24 37 -76 -93 -55 -86 -26 54 -89 -70 -27 3 27 43 -66 5 -71 -35 56 3 47 -77 -99 43 -14 -52 45 -69 -27 18 -10 -81 48 88 20 -22 83 81 77 81 -18 63 31 -61 36 -20 70 59 -45 -13 -46 95 -96 -70 33 -43 29 83 -12 -84 -9 -37 -70 45 -88 -54 39 -3 -23 11 -98 -6 96 93 30 29 57 -3 63 -27 -20 -63 89 99 55 -35 45 -57 -10 -25 -74 21 83 -1 -5 -97 52 66 -86 -34 -46 -69 96 99 -20 -63 -25 -19 26 21 71 -97 -93 26 -96 -54 -14 -61 -66 13 -10 20 -94 74 32 -70 -7 -10 99 -73 10 -45 14 -95 -95 -90 63 27 -99 95 -58 -67 -35 -36 45 -89 -5 -12 -89 42 28 -44 96 49 -83 71 -39 78 -52 -13 91 -92 -97 -5 -52 7 -41 91 59 -66 -61 -60 71 24 43 93 35 50 -1 -65 45 2 70 65 -88 61 -30 42 -67 -84 -66 -5 95 -58 37 12 -15 -18 -88 -69 -57 -53 -44 -69 78 -38 37 -70 -84 40 -95 -24 -98 81 1 64 -89 -47 19 89 -84 79 24 99 -39 72 -26 39 -52 67 -35 -72 77 -39 -82 26 86 46 28 -4 30 87 59 12 14 88 54 71 -13 10 63
46 -93 48 -29 -73 69 54 49 -49 -14 30 -12 -19 34 -51 -98 -44 56 -23 91 -57 -66 -79 29 92 16 -19 78 -73 -5 71 39 -6 -82 66 39 -1 25 -4 -64 71 61 1 -83 3 76 62 -29 75 5 95 2 45 -57 -56 -60 80 -97 89 -21 -41 31 34 94 13 -74 -57 65 37 38 -56 -79 72 -74 -86 81 1 95 88 81 -97 -87 -71 63 27 -49 75 -22 -4 -24 24 91 -47 89 75 -34 -84 -95 -8 -17 -5 -33 -36 83 25 52 -83 63 -29 -31 -21 36 42 -58 89 -81 57 11 -3 48 11 -29 50 22 -79 17 78 -51 -86 -70 -61 14 -12 28 -13 66 76 -9 44 -95 53 40 4 42 49 26 39 38 -19 -72 83 59 -70 74 22 49 8 -67 -74 -47 -81 -92 86 74 -62 -56 -26 67 73 -58 -10 38 16 23 -11 5 -89 -92 -13 26 -69 -4 -8 37 -94 16 62 74 11 96 -62 -59 -38 68 -48 72 53 57 -22 -15 8 55 73 39 -63 -13 91 -32 55 67 38 -47 57 -7 15 -8 -29 -58 5 80 14 93 48 82 21 26 7 -49 89 78 51 49 -5 56 39 -74 -17 42 78 -97 -12 -98 -77 -79 1 -97 -78 -79 -20 8 39 52 -51 31 -48 -12 44 30 77 75 -9 91 -5 -45 43 -8 57 -28 54 65 53 6 -10 32 -11 -87 -69 -51 77 -71 86 51 70 50 -85 95 16 41 43 -68 9 99 67 18 93 -96 -10 -76 -41 -47 -86 63 -93 58 94 75 -14 93 39 26 -68 67 53 -7 40 93 -20 44 97 46 -91 57 -76 48 -89 19 44 -6 65 17 -84 75 -75 13 40 -98 -9 84 -62 -97 -81 42 64 -79 74 -65 69 9 -33 1 -30 16 -86 -1 -42 -5 -82 -34 96 97 -81 -98 -97 57 -2 -9 -62 10 -59 -74 9 30 -16 74 29 55 16 -76 21 24 50 98 66 -33 -60 -12 -69 49 -15 59 -45 12 -21 66 78 66 69 -81 69 66 -52 51 72 -14 33 -81 30 98 -80 44 -63 34 10 -50 -84 -3 34 4 -7 -18 -32 12 -37 -23 53 -39 -96 -78 -84 97 96 -74 10 -25 80 0 96 -60 80 -97 -4 -94 1 -23 32 7 95 70 58 59 51 7 -61 86 91 -96 -20 56 94 -14 -54 -43 71 89 -20 -92 80 17 -9 -20 -55 14 -87 -26 -23 -17 -11 86 42 -2 61 63 -44 -81 59 57 30 -71 -13 -79 -66 -76 58 98 94 -27 82 -21 29 -45
-80 -51 75 -57 68 25 23 43 -86 -61 66 -98 -30 -21 22 -78 72 -29 48 -83 77 -42 78 -94 -70 -99 87 25 85 -58 -14 -11 89 -59 72 -86 90 -65 31 22 -47 77 -39 95 15 -12 96 82 -62 -68 22 29 -29 54 51 91 -85 61 15 -56 -35 -82 12 -66 83 14 73 -82 57 -62 -19 7 -67 -37 -25 47 52 57 -79 63 74 -67 -47 38 -1 69 89 54 -34 74 42 -53 0 90 -1 85 13 -36 -99 96 97 -51 -97 -77 7 -45 45 51 33 20 -86 64 94 -81 77 -60 40 94 11 85 0 94 -41 -48 -85 80 -28 35 -40 59 28 76 -28 -49 20 -28 36 26 -9 42 54 71 -58 0 -87 -64 82 -53 81 -74 -33 73 95 -3 -80 61 70 90 -92 25 79 -68 -68 -10 -38 56 -88 -81 -85 -12 -36 -32 -10 2 9 54 -88 70 -71 -59 70 -36 -5 -87 -63 -36 -33 -33 -11 -98 59 55 -14 97 -73 -77 20 -27 -62 -15 -50 37 36 -63 -23 -27 -64 -45 13 12 -17 -82 -48 -12 -82 -34 -55 9 55 -40 -65 61 36 -87 -20 -8 -78 -65 18 -23 -63 -90 -98 59 -81 51 -32 81 -90 -88 13 28 -74 16 -32 15 -20 -68 66 7 -43 -35 69 -74 -12 93 37 -36 74 95 89 -61 -72 69 -86 83 -78 6 -37 -56 -84 -33 -99 -95 92 -49 67 98 -45 97 -52 89 2 -34 53 0 39 41 -66 -41 81 80 -68 42 69 41 44 38 -41 49 -54 93 98 -14 74 -7 30 -9 2 -14 82 -60 11 61 -51 -55 -72 49 -81 61 -1 -69 0 89 -54 43 -54 49 94 58 22 -63 77 68 -16 -15 -16 -47 25 -57 -4 -14 -76 -4 -76 -77 52 13 45 6 -75 77 -64 13 -49 -84 -71 13 -47 32 97 26 -12 -46 75 58 23 11 -38 -12 -72 14 -32 96 -86 68 -79 74 52 51 -56 -80 -97 99 -25 88 -40 72 60 31 20 -39 9 7 16 -98 -4 66 -74 -38 67 36 -65 -12 26 -8 25 -49 -66 25 -12 8 63 -19 -38 94 -8 -98 -95 68 -49 70 -2 12 47 89 -31 95 -93 -42 56 -67 -42 -38 25 -1 79 -78 -18 93 -55 1 -87 -71 -52 17 -76 60 -58 -13 -26 -73 99 -90 -7 22 33 -56 -48 96 -6 -48 -21 -28 -70 -49 96 90 34 -42 -42 -71 -36 -88 86 79 -80 63 -34 -73 62 69 75 83 5 50 -21 47 85 21 75 8 -58 -62 -31 15 -95 36 55 -49
91 -26 81 10 13 72 67 -15 -37 94 -32 -9 -84 83 -81 86 16 -30 95 58 73 -3 -16 88 -2 -30 -74 -97 37 -26 16 79 -27 16 -9 5 -14 64 -75 81 -26 91 -61 95 63 -21 38 14 -97 77 87 -8 81 6 -84 -57 -21 12 60 31 32 -32 -89 67 -37 -68 18 58 -89 94 23 14 -80 8 4 -92 26 94 67 -28 -39 -45 -55 -88 41 -73 -65 -35 49 17 -72 61 -21 -55 64 4 54 44 63 49 -48 -37 73 11 85 30 88 14 48 -16 -68 -15 -13 69 -43 94 99 30 -47 -78 -97 -3 -60 -58 69 90 18 -14 -3 -33 -48 -20 -94 58 -88 -25 68 -53 -28 3 -98 -16 -95 14 -15 42 84 -47 -82 63 -16 -46 84 8 -31 -98 -85 6 -57 69 -98 55 10 88 -2 21 40 20 19 -81 59 77 -89 -69 -55 -40 40 -75 73 -47 -53 -66 -39 -78 51 -81 -62 -32 78 -84 34 -89 51 -21 -90 79 -85 61 -48 48 96 69 64 -84 93 -43 -72 9 -41 96 12 -76 6 2 -16 -11 75 27 -48 19 -53 78 56 -25 1 -61 -78 -36 55 -36 9 53 -66 64 59 41 -26 -28 70 -60 13 47 47 49 92 -97 -55 -32 -77 25 -79 -54 22 22 -31 -38 51 76 27 83 62 85 -38 56 14 -43 44 -11 81 26 10 11 89 56 56 -52 -77 16 -80 -41 47 29 42 -10 -4 -31 92 79 -97 -9 40 81 14 51 42 77 -67 29 87 80 7 14 25 -57 15 -48 -14 -76 -86 22 -94 -40 77 38 -3 -74 48 -38 47 -77 51 -34 -14 -61 36 -26 4 50 29 -35 -33 -50 -64 25 8 -45 -95 51 -65 91 21 -93 90 -90 21 28 -89 97 -30 -14 77 -23 -2 12 93 -8 48 64 -77 37 94 45 75 89 -93 -26 -14 15 -42 98 0 -97 69 75 97 -29 -21 -54 56 93 39 73 -46 47 -3 -83 -75 -18 91 -52 32 98 -80 -13 -93 46 54 51 57 43 -94 -85 -22 -25 -36 -23 -25 -76 -24 -17 -67 -27 56 -21 -12 -88 -14 -1 -84 24 -91 18 -90 -39 -28 46 12 91 -60 -98 -31 -42 -42 92 85 -27 61 -14 -10 -37 46 -26 -50 -78 37 83 -33 93 -58 -80 -59 93 75 88 -25 52 60 33 -90 46 51 5 7 -57 69 -72 3 -10 -47 -6 92 10 77 -66 -97 -1 83 -63 54 75 -40 5 -26 22 65 -51 85 -57 -7 43 87 43 -62 56 -33 -67 25 83 73 64
23 -84 -63 10 81 -68 -57 14 35 78 -90 86 74 34 -80 46 -52 72 58 -13 -39 -60 -24 -41 -86 -75 -73 -17 18 92 34 -84 40 -25 -16 -97 0 7 88 -61 73 74 -81 22 73 -96 67 18 -68 -89 77 83 -25 13 -44 -21 -48 74 -83 12 -91 -52 85 19 43 -22 9 33 -64 4 -25 55 71 -9 -47 -91 2 53 -98 82 1 -99 -1 71 -14 -1 -26 -58 -34 84 77 96 42 75 23 -44 -74 25 -76 -74 28 -74 -23 44 -84 -83 -96 -42 51 -97 31 -45 -77 -39 -92 30 30 -73 -79 41 -4 13 25 52 96 -18 97 15 61 4 69 72 -66 -6 7 82 -21 60 -68 95 77 -75 54 65 -62 72 -49 -87 -67 -31 -76 -67 -29 -65 18 -85 82 -22 15 -33 -18 3 48 -84 -97 52 -88 11 56 75 -81 -27 -35 64 12 27 -36 1 -8 50 -97 53 -29 97 -57 69 60 37 14 -31 26 28 -19 -8 -86 72 89 -28 78 93 9 -13 -35 18 73 -41 18 48 -99 -94 -69 -66 10 55 -7 -52 -38 96 -73 50 16 -87 38 -6 56 44 -14 -77 -70 -87 -88 -49 -23 8 -78 31 -37 -47 -8 43 12 56 28 12 -21 50 12 70 -36 36 72 28 0 -25 12 74 -72 90 -38 -24 -69 20 -2 -36 -84 85 42 15 90 -46 -35 87 6 78 94 60 -18 21 -84 -20 -43 -57 21 33 16 -17 -8 -43 57 63 -41 -77 -18 -29 -51 -10 5 -13 11 79 93 43 81 47 -1 34 47 71 93 18 -93 -54 -31 76 92 97 -8 82 13 -37 13 -47 22 -26 -39 -85 52 -47 62 82 76 59 -72 27 -57 27 15 -63 36 92 -1 -55 86 -29 -81 -45 -40 -4 -50 -94 1 -82 44 -60 45 -66 68 -23 -86 49 98 -98 74 98 28 -70 45 6 16 -74 -47 87 -13 99 -35 -37 -20 -89 -12 80 36 -10 -57 -40 -99 -87 -67 -13 64 -44 73 -39 -23 62 78 65 90 70 76 65 70 -53 60 91 19 13 11 -36 -76 89 -1 79 -85 7 -20 -53 58 -47 -67 -19 -93 -13 -97 -66 93 7 1 47 -55 34 23 10 69 6 89 -50 59 -65 -3 -37 -36 -72 41 -59 -56 98 -28 63 67 85 -57 -17 -39 45 -13 75 -24 -9 -52 -40 -29 92 60 -25 44 41 86 -94 -60 -57 -97 -98 1 -43 -92 -76 -91 46 83 -84 18 -22 -71 84 48 16 91 -44 -41 98 92 85 4 72 21 84 29 -83 -6 -24
91 -93 47 65 -46 32 -46 2 -94 27 -19 -10 -31 69 17 96 69 -32 64 10 -57 21 49 -82 -97 59 16 -70 -13 61 38 -15 -33 -83 -65 1 -52 -64 -2 93 -60 93 84 31 -72 35 5 6 62 52 -99 -12 86 -2 80 24 62 81 89 97 -83 36 69 -44 97 -64 -19 -57 -21 -84 -84 51 -28 -40 51 -80 87 -84 -65 22 -12 26 72 44 -88 52 -89 -47 46 -55 -22 70 57 -49 -22 31 -25 10 -35 -58 -20 -93 -55 -89 69 -33 52 -62 -89 -53 -33 87 42 -54 -13 -85 -57 21 65 -78 -87 -94 80 -70 17 85 56 97 74 36 55 -94 -20 -54 -58 -66 -57 -74 -9 -79 -94 -50 -91 93 -45 -43 64 -18 66 64 -85 -5 31 58 -2 73 39 32 94 -73 17 -35 -7 12 -91 -88 -59 -49 -41 48 90 -29 -58 -99 -82 35 -74 10 -98 -36 -30 -33 54 23 -80 50 9 -81 69 -60 53 -59 54 9 -54 60 80 0 56 -42 74 -49 -43 -21 -92 19 -36 -24 -31 68 41 -11 -17 -91 84 6 84 21 -61 -63 -80 -44 -70 70 23 32 82 -68 10 -75 38 84 96 -30 17 49 -86 -56 -65 5 19 81 64 -53 -99 49 70 -20 39 -67 -77 -73 64 -34 -17 3 -52 -69 -25 -76 90 -18 91 87 -17 50 66 24 -39 63 -59 -36 -69 -73 -40 -75 19 -63 16 30 -81 0 -36 16 8 74 19 -21 -34 97 -54 -56 94 60 -97 -13 21 -27 58 16 -32 -30 56 79 87 -47 -98 6 -48 7 17 -35 68 -40 -77 24 -17 27 96 47 99 32 24 -98 -7 49 -83 -14 63 49 65 -4 42 -72 80 69 -70 26 17 -16 -11 -40 -79 -16 -94 -77 -80 -30 43 -27 22 48 -66 -18 -40 72 46 -69 68 -3 50 -33 -16 -10 7 36 -68 65 72 34 8 29 59 75 5 -32 -37 -64 -75 22 93 -47 71 -18 -74 33 55 -20 72 49 31 -21 66 -98 66 8 74 -69 84 15 12 79 89 -40 94 -85 90 -11 -87 93 -41 67 15 21 -67 40 15 97 -98 -23 -55 -91 -28 -44 59 -56 -43 -43 -83 -97 -49 76 29 36 -48 -69 96 -9 30 -91 -4 57 -84 -78 -22 -54 -21 94 44 -79 94 -22 -59 -81 46 -55 -59 -16 42 -19 13 26 44 23 -69 82 45 78 -33 -98 61 -65 -8 2 -55 -26 -13 -55 14 -50 -31 -48 -46 42 -56 -64 36 9 38 98 -48 21 -88 13 66 65 -70 -72 -2 -5
64 45 65 80 -65 30 88 -40 -50 -21 -60 79 31 94 10 81 -54 71 -3 24 47 98 68 51 -76 -25 22 30 -34 -1 54 -96 -80 68 -6 -70 -29 -87 69 -86 -65 81 60 22 -48 62 -30 17 -53 -86 -38 78 -43 -21 92 -81 -8 9 -64 84 -5 58 -3 14 -76 25 87 -99 74 -37 -32 -72 -15 -74 -5 -74 -62 57 3 84 65 29 90 -40 -40 48 36 72 11 -66 -58 81 -28 36 -39 35 -66 -80 39 -36 -88 26 -65 -19 -13 -84 72 -87 43 14 70 -8 72 -91 86 26 44 82 9 -8 10 -52 -12 63 -78 -53 61 -25 21 -50 72 -42 96 -48 16 9 48 -15 96 37 51 89 37 16 17 -89 -14 -55 50 -54 -54 78 65 48 -62 86 -37 27 -77 38 38 -20 -8 51 47 -56 66 22 -34 -87 -9 -54 -10 -29 68 -50 -73 -76 -57 -23 -14 -59 57 64 42 48 30 83 69 -38 -64 3 -64 -93 -68 29 -8 30 -71 57 -17 -71 -66 72 -64 46 25 -38 18 -88 -83 -59 29 -93 29 19 34 -89 -96 28 15 -35 -21 37 -9 86 -94 10 -81 -10 36 6 -95 -8 -41 -48 15 76 -16 47 31 2 6 -86 91 22 83 -35 11 36 -81 4 -77 44 -11 21 59 -26 83 -70 31 -49 96 -92 -45 36 -45 17 49 84 75 26 -74 46 -72 81 -45 -54 34 2 95 -33 -20 -65 -78 -15 -76 22 -16 32 19 73 -87 -23 61 15 71 6 47 -87 -85 -79 83 -71 65 95 46 90 15 18 95 -20 -3 -85 8 81 12 34 -6 -62 -95 63 -97 56 23 82 -10 -64 96 -42 -61 -33 -48 -60 -71 -97 66 96 84 -8 54 -55 90 -39 21 -33 -92 -53 68 90 52 97 55 64 37 -56 0 38 -13 -7 13 -40 -54 32 68 -48 -53 74 -56 -52 18 10 10 71 68 76 18 -46 55 14 -54 -65 -62 79 9 -6 94 14 -80 23 64 -17 -36 85 -97 48 27 3 -33 15 -85 -30 74 -97 26 -91 99 -77 -12 38 12 -58 -81 82 87 -52 -19 -46 -46 -35 29 -59 97 -47 -98 63 -11 -1 -14 68 53 86 91 77 24 60 39 28 -91 -23 -26 -1 -57 76 -72 79 49 -14 42 -96 25 45 -67 10 20 -51 70 -15 -75 -89 -53 49 90 -93 25 -42 -25 46 83 60 40 -37 34 62 -20 -75 23 90 34 7 87 56 68 -14 98 95 19 5 89 67 55 47 -45 97 73 -94 57 -49 -98 -85
15 -61 17 -22 81 27 -48 -60 1 -28 -96 -23 -20 91 50 79 63 -68 -15 20 17 -75 -47 50 59 -56 85 -35 49 -44 -70 38 -81 36 83 38 93 45 21 -73 2 -96 -5 -17 49 41 10 -52 83 -23 -42 -59 27 75 88 -47 -27 23 64 -97 -81 -42 -22 -63 -86 9 6 -9 72 -40 -91 -94 9 -91 25 -36 94 -86 88 1 87 9 -75 68 -64 -51 -67 78 -71 73 -65 6 6 -49 37 58 -99 -16 -15 -26 -78 -66 -92 91 -19 -79 -12 -15 -99 69 -33 -50 45 49 7 -67 60 -23 -70 14 78 93 -94 33 12 -31 -59 -63 10 -19 61 -55 -38 -92 64 27 35 -59 -63 71 -62 -48 49 -65 -21 91 -94 -14 -37 -53 -77 -95 -96 -43 -32 39 -84 36 50 26 24 72 -47 39 74 -21 -22 -21 14 44 -59 83 19 -48 -8 67 68 -35 71 -59 -80 51 -76 88 -56 98 28 -89 33 27 45 72 -2 -14 91 -7 38 34 11 0 -94 71 -10 -15 -62 -72 -42 68 86 81 40 -17 20 75 83 -15 42 -92 21 -33 -40 59 -42 -52 71 13 -7 -80 33 -79 -40 -93 -6 -11 -54 41 83 3 -15 51 -18 -54 -32 -56 22 79 32 11 -63 55 -44 -33 -18 62 88 -42 82 56 -55 -55 73 84 -30 -81 19 14 3 76 14 -37 -89 -10 -91 -26 96 -15 21 -46 90 9 -84 -14 48 -78 36 11 -19 52 -39 52 0 -21 26 -16 -6 77 -94 6 -46 33 93 33 -87 -92 -87 56 -38 13 -60 70 1 0 -35 -24 -14 -49 -71 -16 46 -45 75 -35 -63 21 -93 -37 30 -97 21 73 0 42 14 -97 99 -70 -50 -23 -85 -85 48 -35 5 18 85 98 -96 -34 78 -84 16 -83 -5 -49 30 -3 50 -48 -79 66 -16 -51 -72 -36 -69 -50 15 82 29 -78 -57 -42 -2 -39 -73 50 51 18 34 -73 -99 -64 -94 -46 -29 -35 -39 -74 -60 -17 -26 56 14 -43 -99 -10 66 -96 -97 -80 61 -38 38 -51 59 -27 82 65 53 -74 22 -23 -44 -63 97 -94 32 -14 -72 -96 -4 23 2 -10 -36 9 80 80 -74 -29 -19 -12 -72 75 33 -79 50 -74 15 30 -72 -47 36 68 -26 -41 43 49 -93 -22 -73 33 10 64 22 -42 -66 92 -3 98 65 -32 2 -68 -52 -40 31 -13 29 -42 -82 -42 50 93 71 89 57 -37 -5 21 -46 -67 -15 54 -19 98 -13 8 -47 20 -29 -7 -63 -81 -66 11 -57 -14 -28 15
57 -52 30 33 -64 34 0 54 -26 62 -78 -40 -65 29 -82 -29 23 14 25 33 82 -28 22 -10 93 -34 -29 -42 -31 71 -79 29 -76 -17 64 -15 -69 -62 -19 -7 40 -43 4 36 28 85 33 2 -65 18 -25 -80 -47 -65 -37 -29 -17 -54 -92 -72 -10 94 43 -31 15 -53 -40 29 -48 62 -80 23 -53 -72 12 33 -72 39 62 11 2 -92 38 -96 -36 66 -33 -97 -6 -40 72 -29 26 51 -94 -79 72 -92 57 -6 34 -50 74 -66 -52 13 37 68 87 63 -43 -12 39 -2 62 78 -3 -33 -42 90 -27 23 -46 16 98 12 -88 58 -97 45 -84 -2 -73 -74 88 14 -41 17 -35 -15 -43 26 -54 79 73 -30 43 63 -98 53 57 99 51 -82 -86 -55 -27 -93 -56 70 98 42 95 95 73 -70 -12 -54 -94 97 -64 21 42 86 64 -88 -54 -82 -93 2 -17 -13 99 56 -31 34 -26 -82 58 13 36 -97 45 50 -73 2 -52 93 -6 87 -8 -18 -30 -68 -5 -99 -85 -68 54 45 67 30 -8 -25 60 -35 1 -26 -8 0 -23 43 -63 -20 62 6 -4 49 55 80 83 42 -96 -39 -38 93 57 67 -3 29 57 -18 42 63 -48 -20 27 87 -41 -3 75 87 -29 61 38 -17 -92 74 53 -24 -19 -78 17 63 -7 43 -52 63 -36 -46 76 6 -26 -55 15 -97 15 -94 6 -44 -42 88 77 -52 81 -1 -74 -94 -24 -21 -53 -25 42 -88 -42 23 -29 -21 4 -6 -69 -54 31 -94 92 67 -44 21 53 -93 60 -81 -36 48 68 -99 -47 3 -6 29 99 -23 92 -25 -59 -17 73 -80 -72 3 56 44 -8 77 -13 -87 -40 84 90 -54 -66 22 55 31 89 -86 16 20 94 -85 -92 -20 -89 -6 -22 -78 16 -64 54 -10 -30 49 65 31 -41 9 9 -6 -79 34 -68 -59 -85 44 29 56 31 31 32 -96 -53 18 -15 83 72 -3 32 -68 -37 98 -99 69 58 62 47 -15 -33 -6 -4 68 -95 12 88 79 -13 -90 64 36 -22 -28 -64 7 20 89 -84 7 48 14 -53 -93 -19 88 -70 41 -45 68 -95 90 -32 -90 -54 -87 0 52 -65 -48 83 25 -45 17 -93 -5 -48 -20 73 -37 25 94 48 -97 -33 56 0 7 -58 -74 38 -55 -19 21 -5 80 46 41 -34 -94 -40 97 13 24 55 -92 -77 7 83 95 -24 -54 90 -3 -51 75 -23 -79 -29 14 -6 -71 -44 55 -52 -39 72 40 61 -37 0 -76 15 -17
58 -63 -77 21 13 78 72 53 -55 -41 -87 14 73 49 -70 -12 3 81 -69 50 -13 44 -15 30 81 -4 47 -60 80 -6 -41 10 -6 44 -68 39 -58 44 -77 64 -66 98 -92 -6 75 15 50 -1 -1 -35 25 -6 -71 1 26 47 69 -29 -91 -63 95 78 86 27 -1 81 -40 -22 -87 6 50 45 -76 -2 83 24 81 -64 7 -4 -67 -12 -32 -97 29 -23 -76 47 3 28 14 71 4 -55 -3 23 -85 3 -65 -75 21 -66 -56 -28 -11 98 60 58 -35 -84 -2 49 8 94 -37 -8 -85 0 -39 10 -47 -11 16 30 41 -28 48 -7 -30 -33 -20 34 22 42 -97 52 -19 -93 6 -13 -63 -54 -87 -15 -32 -87 82 18 -31 -80 18 -73 72 -56 -64 92 -3 9 -24 6 5 85 74 -67 -18 17 -67 -32 90 -47 -56 -70 -56 66 7 82 15 -45 -87 -73 -90 76 -41 -3 22 -55 -34 12 62 1 -3 -64 -45 34 17 -80 -71 77 75 -89 89 -55 -9 82 -16 -43 67 98 67 78 -20 22 28 24 31 71 -83 -41 43 20 -17 -80 30 50 25 20 -98 -14 51 -49 9 -99 -57 -57 -40 -15 -28 -30 92 -53 -88 -90 67 31 50 -74 -11 -39 -96 -60 -58 96 -31 79 -88 -30 59 83 -93 -92 88 -41 96 17 25 69 -30 53 53 83 33 -46 -36 -6 -30 -80 -35 87 -91 -39 -3 91 -56 36 97 -14 12 -97 4 95 58 -88 33 -89 57 20 25 61 20 -17 50 -66 19 88 -34 -97 50 48 -30 96 -32 73 -71 18 18 15 37 76 97 -63 66 -30 -57 88 -17 16 28 31 77 98 61 64 40 -8 -97 -56 -6 -68 7 -47 11 -25 -70 -98 50 90 -22 79 22 31 -31 70 -66 -12 11 67 98 -5 47 77 -69 -49 -79 -88 51 2 -13 -60 97 5 5 -79 -93 92 94 60 -83 17 -66 2 -89 76 8 -1 5 -67 47 94 -37 37 -85 -11 -31 -61 -25 9 -61 56 4 -41 -62 32 -99 4 45 -56 11 72 -91 -33 -12 86 83 -93 -72 -69 53 -8 55 -44 58 -8 91 -52 1 95 91 -52 -20 -26 20 -83 10 -20 96 26 -25 9 81 73 96 -6 36 -62 34 63 -33 -22 88 43 85 12 72 -22 11 -92 46 -92 24 -18 13 -23 -77 93 -15 90 72 51 27 10 3 47 -30 62 -92 72 -89 37 -2 22 47 94 -7 -78 93 12 21 81 72 84 17 -30 60 9 -47 75 -39 -43 77 16
97 -84 -95 74 87 66 23 61 65 -74 74 63 -77 51 -41 61 25 -42 -91 -61 6 -4 3 -85 76 62 -69 6 74 64 -62 -4 34 -60 2 -17 77 25 -43 -16 -52 -45 50 -24 64 -14 -47 12 -47 -93 76 -37 82 66 61 23 91 15 -91 -84 43 -8 -33 -90 -49 -7 -81 39 69 10 40 87 -10 -6 34 -13 55 49 -52 79 91 97 60 -61 83 -81 51 74 61 78 2 58 -37 -6 14 -39 73 52 49 50 11 0 -45 66 -67 61 0 3 51 30 35 28 -46 25 -37 -4 -64 76 -22 -80 57 48 -25 -50 79 32 91 -3 97 68 65 34 29 57 -27 -79 34 -64 -75 -16 -69 29 -16 19 19 71 17 -69 83 -2 -43 -65 -54 -86 39 -34 55 62 -82 80 43 -11 74 -24 46 75 18 -77 -4 -8 -62 64 22 -67 71 17 -12 -79 -56 12 -68 64 -88 -55 64 -95 1 -39 78 -78 36 31 45 97 26 -90 -91 20 32 17 -20 -62 26 -91 38 41 -47 51 19 91 -4 -6 14 48 -45 47 77 50 -22 10 66 39 -22 -12 31 -60 -18 65 54 -77 -61 -31 -65 -91 -22 95 1 -54 82 24 -66 1 -66 99 83 15 79 48 73 -41 38 -20 33 1 -11 -4 -42 -81 -85 8 -51 -51 -71 -36 -61 -49 -72 5 -25 -94 -9 20 -14 6 38 94 -93 61 45 79 -77 93 23 -73 27 49 -84 -91 37 48 68 19 69 -11 -4 -7 27 -94 -14 -85 -97 -41 17 -91 22 33 67 -62 -56 59 -13 -6 -76 83 70 -68 -25 -83 68 6 -18 -62 75 -67 40 -39 -40 -32 -41 29 99 -96 -6 -64 -64 -95 10 -24 39 -71 35 67 -2 -57 40 -42 39 -8 58 75 -78 0 52 99 12 79 -79 -27 3 77 -46 57 38 -29 2 -67 -64 63 65 55 15 -30 92 -60 21 22 -74 -59 -63 -70 60 85 -66 -34 82 62 95 -28 86 97 -44 -7 -81 18 -67 91 -67 -77 -43 71 59 -40 -44 96 7 46 -98 -48 -1 -84 -94 34 -31 -43 -8 26 -76 38 -78 -31 26 19 -39 -42 66 50 -97 -89 88 -54 63 -68 -64 85 7 -75 -62 -62 71 95 26 45 -28 56 89 14 34 -83 1 -78 -62 32 74 20 -12 91 -22 -50 14 -31 90 -93 -73 2 57 60 18 12 -48 -73 -6 63 29 33 9 86 7 63 87 -89 -41 -64 22 -38 35 -33 68 -30 -62 27 -16 -40 53 17 -35 -41 -87 -90 71 18
49 -91 69 83 64 0 49 3 81 10 -39 -85 21 -36 99 -51 -28 -90 -37 63 30 -72 -81 -24 1 89 4 -18 73 -53 23 -88 -29 74 -90 -82 17 -79 -8 59 28 -91 63 -3 46 35 -62 -91 84 -3 77 -59 -91 -6 -60 17 -42 -70 -67 62 70 5 86 50 76 -25 18 2 -76 98 24 -48 17 -10 -14 -63 -66 9 -69 80 10 31 -4 -96 37 -6 47 -46 59 6 13 88 -8 85 -98 10 68 -45 -51 -42 25 -67 84 -9 6 -46 -1 35 90 -61 -83 76 -24 -83 80 -60 -65 -55 -68 26 43 -9 -26 -53 12 14 46 -13 96 67 -42 -86 94 45 46 23 -22 10 -36 -74 86 89 -38 -25 9 -16 -35 -21 49 -16 -53 61 -60 50 -91 -48 -56 87 -52 -90 -97 96 -52 12 52 -46 70 -8 -32 40 -2 62 -38 24 87 73 -65 -7 40 -56 -64 70 -19 87 -89 -45 -9 -53 -55 -32 -51 98 6 19 76 23 51 37 -86 -1 74 21 22 -84 -69 26 79 55 40 -30 91 41 47 70 -26 -57 -51 1 90 4 22 76 45 -78 -47 -38 92 49 89 -14 32 -8 40 65 -43 88 21 -36 56 68 77 22 31 -98 10 13 -16 -25 -34 -93 -11 97 -69 74 -33 22 -26 -40 -73 -25 -9 -98 66 66 -55 79 -51 -10 -77 77 -84 -15 85 24 46 -6 47 40 45 -75 -24 69 -45 -43 -4 -78 -81 43 -39 -65 18 -16 68 -84 -95 28 -34 -38 -21 -39 -47 -62 55 -25 -43 -19 -25 -58 15 27 -94 -94 -72 85 -40 -90 4 54 18 95 -66 82 10 -38 -21 60 35 18 -68 51 69 -45 4 5 67 -99 -21 -44 26 -45 71 39 32 -28 58 -50 42 2 -37 -15 -79 -53 -79 -31 14 -16 -18 92 70 -94 -58 -42 -53 68 93 -87 -59 16 -35 -27 -19 36 30 -75 -25 57 25 -88 -42 18 19 77 20 3 -21 79 -16 -16 66 14 -78 74 43 0 -46 56 56 -90 62 -25 -86 0 -48 84 -13 -62 -46 -96 -94 -79 40 -29 81 4 23 27 23 7 -49 56 6 -18 94 -34 -44 31 -43 -30 -86 -31 -10 20 22 -12 -37 -72 88 12 -3 14 74 -41 -92 53 13 -65 -8 -15 55 49 -69 33 -59 -14 60 75 55 96 -68 83 67 -91 -57 58 40 -11 -19 27 -48 57 -86 70 80 79 -71 80 65 -85 -32 82 -79 75 -39 -71 -49 -64 98 37 -45 -54 -10 -68 98 6 -72 18 -66 48 -83 -28
-34 -47 -25 -78 38 65 -45 81 20 -94 -33 -24 -21 -62 -58 70 76 35 -56 56 18 -30 14 -14 79 -84 52 -41 -57 17 71 -11 80 49 -68 -45 62 40 41 -10 -47 53 -97 69 -37 -34 93 53 65 62 23 -39 59 17 -65 -56 -38 -91 44 41 46 70 26 -32 19 -16 52 -87 64 88 -41 94 -61 -23 -79 53 37 83 88 31 -69 49 79 5 26 62 65 -96 3 -2 -73 63 -73 -66 49 -89 43 -63 -8 87 53 -47 47 79 72 32 34 90 -80 -40 -69 -86 -19 12 -37 75 -73 -90 20 -42 -78 38 29 -52 99 -40 -95 -28 18 72 -25 -39 26 58 -70 5 88 55 56 54 -12 68 48 -65 17 3 52 12 -44 -22 -52 51 58 -11 40 38 35 96 20 61 -83 -4 -88 -91 62 -51 65 24 -23 -13 -3 51 86 95 58 31 -21 31 51 -93 -35 -47 72 -9 -64 3 -90 -24 84 75 78 -65 0 -91 -98 57 66 9 97 28 91 70 -35 14 -81 91 -77 15 -60 -45 2 -93 -60 -96 42 72 -87 -42 6 6 83 80 45 -21 68 -71 2 -7 -75 -44 92 -6 4 -69 4 51 -37 53 82 -19 28 -34 -17 88 13 17 75 -24 46 -61 -51 -39 91 87 -93 -15 61 -50 -60 -20 12 88 50 -25 -45 7 -31 -5 34 66 30 -12 10 -59 -28 -24 1 19 69 -13 62 93 27 66 -58 -91 -75 -24 66 -32 46 71 69 93 -30 39 -25 36 59 62 -5 -73 -30 25 10 13 -39 -37 35 29 -61 58 65 -71 -76 -73 -87 -23 -83 10 -5 -36 96 53 -44 23 -22 -82 -17 87 -81 77 -94 98 37 57 -91 6 -76 20 69 71 -73 -68 19 63 -61 -38 5 98 13 21 43 94 -40 -38 -52 -4 90 45 -64 -87 -63 -97 20 59 92 -59 7 -60 -11 -77 21 99 85 40 -71 35 98 19 -13 -77 74 35 -95 -68 21 -53 -20 79 -6 32 -54 31 -45 90 32 -9 -73 -18 25 26 -71 -16 74 -68 -49 -93 51 73 40 99 4 65 68 -10 27 32 96 -46 -64 -58 20 60 -1 36 -56 -90 -94 -93 7 -35 81 -11 9 -51 -37 88 -83 57 -75 -85 -6 -68 -1 -50 -94 30 -81 -55 -25 -24 -44 -27 49 -60 24 -91 -77 55 -2 -46 -53 -93 -13 36 73 39 22 56 -42 -52 -90 61 -37 79 -51 75 -28 66 -16 -71 93 73 1 -84 8 99 30 -15 -99 75 -84 11 86 31 71 -19 70 68
77 -48 -9 -72 64 21 -16 22 64 -71 91 68 -94 84 -54 47 32 -63 68 71 -57 88 -96 87 80 -42 0 23 47 15 -42 43 -97 -59 -85 57 -88 46 56 37 47 -9 -96 -61 -82 69 4 38 92 34 -72 -51 73 52 -38 55 -38 24 -87 -53 87 -34 59 15 -88 -65 -86 -74 -92 12 -58 -14 73 -25 80 -16 3 -40 21 96 67 -79 -26 -69 -64 87 63 60 85 98 33 -28 -55 13 47 66 -97 53 20 -37 -31 -69 -87 27 15 -11 -54 -18 30 76 18 -78 34 -37 -73 35 -24 97 4 -47 90 -71 -24 -47 -79 58 58 -25 62 81 -69 3 63 28 -42 2 -36 -90 50 -9 -12 -84 45 -11 10 94 31 -56 82 -50 -73 -85 -67 80 -80 -4 -39 14 8 48 26 -67 -44 18 18 75 35 12 76 -44 9 44 -91 -50 -97 20 98 -5 11 -89 -34 -84 -24 -43 32 -88 -9 73 -10 -60 -46 -46 -29 -21 10 33 -95 -2 5 25 -49 -5 -72 -34 -74 -37 87 19 57 -45 -48 82 43 14 -26 57 -66 61 -72 80 -8 -86 -79 -79 -94 38 27 39 -53 -50 -29 65 -19 83 -30 -20 -21 89 -8 68 -12 50 -94 -41 90 17 -23 41 67 18 66 -56 21 -46 -40 -6 -82 -60 91 -57 -23 -32 1 94 37 16 4 85 30 57 -5 8 47 -30 66 -21 -6 -16 75 31 3 -28 66 -75 -25 49 -92 -4 47 29 44 90 76 -77 82 23 -98 95 61 -3 28 95 -61 0 27 73 76 47 68 -58 -84 -32 -67 -13 73 29 -37 3 72 69 -17 54 -22 -73 74 -57 92 30 -30 55 44 12 28 74 -67 -93 -94 -62 30 -88 -74 -92 25 -48 31 -43 -83 4 56 12 10 -36 -87 68 -42 86 -52 -14 -16 -32 -77 54 -78 -77 76 -53 10 53 74 91 14 -93 -78 97 -39 -49 -79 -36 -4 48 -60 -21 -70 48 -63 99 58 -60 -30 -34 46 -91 -54 89 -59 -46 88 46 64 -72 95 -52 -97 30 -3 79 -49 31 -55 46 -30 -62 -91 64 -99 -27 81 71 67 79 -42 -69 -97 -20 83 -80 -28 -46 43 -77 17 30 99 36 -65 14 83 -85 -14 -49 78 71 -94 -53 4 34 -6 -36 15 40 52 -69 -46 -61 32 88 37 90 -88 -77 13 7 -37 -83 68 -87 70 17 -12 -58 37 -62 9 78 -62 -99 99 43 33 -15 -64 33 21 -1 -39 77 -58 97 69 41 -69 -69 2 74 -64 -12 -11 80 -81 80
-57 -44 3 22 75 -11 24 14 76 -31 -72 -11 -39 -19 86 -20 -4 -44 97 90 -49 -23 -89 86 -73 2 27 -58 59 -77 -13 -96 76 1 -98 -76 49 -76 57 -53 66 -72 87 -41 55 -63 67 -5 -24 75 78 -82 -47 -76 -97 9 -33 97 80 -35 -77 22 -60 20 -2 39 -16 70 -98 61 -96 51 -65 57 -55 83 53 59 -49 -86 8 -63 18 97 -29 85 -99 -98 61 71 -34 20 75 25 3 48 -4 47 -56 68 -37 -73 1 -57 -9 -70 -9 -69 -75 -39 -95 81 2 -97 86 54 64 29 -6 47 25 72 -37 37 65 -82 78 -62 78 65 51 -23 56 89 -72 46 -35 1 47 82 -99 -75 -36 8 -18 -8 -64 -78 -1 -34 -87 -31 -87 -56 60 -14 71 -55 -14 -4 -33 46 -99 -56 -97 -43 -33 -81 -51 21 74 87 49 -4 88 -65 -85 23 79 -63 55 -10 -93 -18 54 -11 -59 -46 98 -27 -93 35 7 21 88 -20 14 -84 -30 -73 -34 4 17 -98 -26 17 -80 -22 -47 -78 38 60 5 92 -81 98 14 45 49 15 -94 70 59 -74 13 -6 92 -90 -2 -81 69 -37 -80 -97 98 -43 -82 44 93 -20 -51 80 96 97 -12 -40 13 -98 -87 -30 -43 -25 55 -13 -45 88 -49 60 12 77 -29 99 43 -67 80 65 54 -34 83 -35 18 59 17 97 -49 30 -37 -26 -65 -50 44 94 -80 -60 98 -55 0 9 -3 -51 92 -39 20 -89 -55 -39 53 -94 25 10 -76 67 71 94 37 12 53 -23 4 -63 20 -85 64 80 -1 -51 -4 39 -6 -92 53 -99 15 27 -11 89 66 44 84 -93 65 22 -69 -21 -24 -79 40 32 87 47 80 77 -17 -74 12 -61 76 88 -85 98 -77 -28 92 -27 6 14 -91 80 69 75 -38 89 31 -77 45 76 -26 46 -59 -98 -16 72 -57 -42 -87 -1 -91 25 31 1 33 59 5 43 24 29 -48 94 13 48 -57 -60 1 80 -81 -5 88 -66 -45 23 37 -9 -12 -46 -25 86 94 58 37 64 -86 -86 26 -83 7 35 11 -80 8 18 -92 9 82 85 94 36 10 64 -68 52 -77 -15 -8 -47 -28 1 86 -82 -45 22 -21 -65 -82 -73 -30 59 72 -63 -96 46 -1 -1 86 -50 74 -31 57 75 -39 -91 92 88 60 98 44 -56 -53 -67 -73 -23 33 0 60 -62 54 -98 36 87 -93 -41 -22 62 59 46 -32 -21 -96 24 21 -78 -27 -35 -55 -4 -98 -59 -79 7 -61 -26
-76 15 47 61 10 73 -13 -66 36 29 62 14 -82 58 42 87 -50 43 67 95 42 92 -79 91 -66 48 -14 -11 -16 -59 27 -72 96 70 68 79 -80 37 -48 96 -92 96 85 53 1 -28 74 -26 -39 37 -23 -63 73 -42 -23 -61 44 -70 71 -11 -62 36 81 -99 19 20 24 -34 25 98 65 -85 -97 93 -66 -73 -49 -98 -21 -45 -10 -13 -77 -55 77 -56 41 44 -66 94 8 -1 -53 31 -76 2 32 -47 -86 75 -5 67 -1 83 20 44 -61 90 97 86 -80 -2 45 -76 86 -31 -28 42 78 6 71 89 -18 -4 11 -52 -24 -39 49 -94 -28 -51 -29 -76 -7 -50 -10 -96 53 14 88 22 19 -17 -26 93 21 -32 -82 -35 19 -70 10 85 4 -93 -22 -73 -20 -85 -84 -83 -12 17 -91 -76 -14 -9 94 -64 40 -28 -71 -88 -91 5 -54 -83 45 99 -81 37 -49 -68 13 4 28 -92 -23 33 -71 98 75 -79 34 56 40 -35 -17 57 -18 -52 72 -63 -89 -38 -74 48 -14 39 -69 -35 47 22 71 -11 77 43 15 -42 -58 33 23 -17 -44 80 84 -40 -65 46 -90 60 61 -41 -9 -43 -20 51 -3 47 46 -87 40 -39 52 49 -50 98 61 6 -98 27 -25 64 -40 -11 88 13 -27 4 -44 -59 -67 -94 -25 47 43 30 40 -53 -93 -98 -44 -92 -38 -37 41 -55 -26 26 -64 -27 -30 -76 -19 -35 -40 -81 55 5 75 81 7 -1 -67 -30 18 -37 -98 41 82 -17 -29 -94 57 78 -20 -70 -59 86 -45 -80 -66 24 -34 96 7 -83 -17 63 85 77 -66 5 63 81 83 -67 -58 -20 38 -66 32 -36 30 -74 49 -68 79 72 55 -12 -91 -97 1 -69 20 98 64 -24 -35 -44 -21 -6 -71 -7 -46 -36 55 82 49 -86 85 77 40 -91 -80 -49 -27 -78 10 -49 79 57 -41 -14 -16 19 32 -6 44 -28 1 6 -65 7 -46 -32 -88 -22 -39 -79 6 33 -11 -26 55 -91 -90 65 22 3 68 -39 41 36 99 22 -69 -23 74 -11 -68 -72 -24 31 -79 64 56 -43 34 17 -28 -4 78 -59 -45 -22 -44 66 -76 -25 -49 73 59 -34 60 -33 -69 48 -78 -10 16 -4 -43 -92 -29 40 -64 2 72 -33 -7 -78 -30 86 -40 70 15 -31 19 -87 -3 38 -49 45 -13 -5 -87 -46 88 84 -30 26 -32 60 -55 -78 10 -27 -77 -7 -72 76 -39 94 -82 -30 48 -81 94 -84 65 -38 -99 79 -57 62 73 26
12 -2 -35 -24 -51 -25 60 65 5 47 34 70 -48 -15 -52 98 61 22 86 -87 -66 66 93 -33 81 -1 -98 29 61 -98 -70 -12 90 -70 -78 -21 -31 -69 -52 -18 32 85 43 0 -97 -83 -80 -3 -16 -15 52 79 -22 10 -68 -52 -80 35 -71 -55 13 -75 -16 -6 93 56 -1 3 83 -69 94 -86 89 -16 -7 62 51 8 -52 -1 65 -48 -42 72 -70 21 -1 -89 -29 10 40 -81 8 50 73 -39 -35 -37 -17 5 54 -16 93 18 -38 -15 -8 5 18 89 -86 82 71 -34 -51 -2 75 -78 0 -77 2 88 -59 8 -92 53 -72 -24 -92 15 -52 9 42 -55 -30 55 8 -59 71 64 52 -60 8 46 81 -49 -70 -99 80 66 22 -66 12 56 -36 -68 -73 -82 11 -84 97 7 74 89 -15 28 81 23 63 -74 75 -91 -25 38 14 50 -59 9 84 38 -36 -68 -27 34 77 -43 16 -21 -18 -98 -52 41 -39 41 99 18 -20 49 -64 19 -64 56 52 15 -32 -9 7 69 64 -49 -77 77 82 50 -71 -16 -41 -3 64 -25 -93 12 9 -29 -63 -47 -88 53 90 -15 89 -5 65 -33 -7 49 -4 45 3 -38 20 -22 54 8 92 7 55 -41 -50 -21 -82 15 -82 -3 -32 -43 13 -58 -31 -52 40 92 35 67 31 6 40 60 -8 75 -73 72 -88 -13 65 -83 52 60 66 -61 -64 24 43 -98 -63 -90 -17 -67 -67 0 -44 72 51 -21 29 -33 -48 17 41 30 -86 -92 27 -11 45 -28 -98 52 -43 49 -87 -77 89 82 -83 -30 66 -65 65 -84 -47 28 -40 -58 -37 -78 -56 59 72 -51 67 -2 62 12 62 -96 28 -39 24 -49 -70 2 66 -19 -64 -40 -18 -48 52 -56 54 10 -4 -46 -46 41 -61 -44 42 39 6 0 -30 -91 82 73 -44 42 -99 -97 9 71 99 72 -93 -31 14 -31 -16 59 -15 -8 -14 75 -56 9 62 -57 65 44 -46 -51 20 -72 30 5 -35 93 -9 -29 -23 -33 -60 7 -42 20 0 68 -94 -35 -76 95 -16 84 31 94 46 -54 -24 39 -17 27 -91 -16 -75 54 57 -74 27 33 -79 -48 54 -82 -39 -51 31 21 80 -90 70 22 -62 79 -88 27 38 76 -34 22 -35 -70 66 -50 -87 9 71 41 -16 76 76 -60 2 4 9 -84 -36 24 -91 10 91 -89 -86 -46 83 11 64 -47 -75 -86 81 -3 77 -34 95 -83 -34 2 -3 -77 49 56 0 51 7 58 -5 35 -26 74
-19 -81 0 89 -57 81 -10 -69 -58 -11 -88 12 20 -97 20 -68 87 23 -25 96 -60 -77 66 -36 85 69 -10 -81 21 88 -66 10 -57 -1 16 74 77 -87 -5 -12 8 6 -73 56 90 -42 17 -59 15 -27 36 -37 49 -25 -57 29 -27 45 61 77 -49 -53 11 96 -78 -42 81 61 -34 -38 95 -67 76 -29 66 14 15 35 67 85 37 36 37 -12 -38 -42 15 30 -30 -82 -29 32 69 -46 55 27 -24 68 8 -4 -53 -51 -72 -30 47 10 -32 -39 -20 -81 -85 -20 52 -19 68 62 -62 87 36 -39 -1 -37 9 8 -75 73 52 5 -68 -69 -29 -63 51 -89 11 62 -3 18 -64 94 -29 -54 56 52 23 60 43 -15 -56 94 33 -24 -56 -15 47 -51 -41 -12 89 -80 86 -92 90 -13 -25 -63 84 -44 21 68 2 79 -65 49 -38 -58 -60 -10 4 -50 50 53 -20 -93 -44 -96 10 20 10 45 -54 37 -93 28 -88 74 -23 32 17 -91 -60 37 11 66 51 18 12 61 -63 22 -34 -54 75 -48 -84 5 0 -70 87 -50 8 80 98 -72 54 -43 -49 74 -59 17 21 17 26 -47 1 52 82 -22 61 6 -36 -28 -83 -92 -40 -40 28 49 52 -39 -14 10 -41 -86 -17 -73 74 -32 -66 -93 87 -52 -99 94 50 -25 64 -25 -85 93 -44 -38 -54 -75 68 -2 30 20 -89 87 -83 -8 -29 84 49 81 97 11 -44 -44 94 85 -20 -11 -53 75 50 -66 86 26 83 -22 99 -84 52 -11 -42 -91 -78 -9 -58 7 -6 11 -22 -18 1 -1 94 74 67 -13 -85 -32 -12 -75 -68 -32 22 26 -70 49 55 -70 35 -88 8 51 38 97 -76 -28 9 65 -51 34 76 11 74 -39 52 -52 44 -87 86 -47 -28 83 96 40 -50 86 48 96 68 55 0 38 -25 -50 -56 -82 22 -75 -69 -46 41 -36 57 90 -75 -28 56 -45 -38 -35 -44 -6 -94 -87 89 -5 -98 -35 -6 -76 -34 74 -1 -28 97 -45 -58 -31 84 -32 85 -3 73 51 -13 -32 -88 75 16 22 23 18 -76 5 -76 -1 3 79 57 -32 -76 -63 -86 95 7 -21 60 94 -4 -79 -59 -87 -36 17 -37 68 21 -93 95 65 -10 -17 -78 48 66 -57 28 37 -59 95 -85 8 82 -53 22 -35 33 45 70 58 -5 98 -45 -69 -59 -25 59 -80 59 -46 41 14 98 -59 -79 -19 46 -41 -30 74 -50 -30 -79 22 -98 -8 -19 57 -57 48 -85 66 -97 -8
-96 72 -46 74 -17 88 96 -99 21 -1 18 48 11 62 -71 88 69 -41 -95 -54 -92 92 54 -19 -1 -59 77 38 -37 32 77 -75 77 -75 -48 -3 -10 -67 1 -47 -27 28 -39 48 -20 37 56 -10 -92 -48 60 -72 -21 17 -25 33 -51 -22 -5 8 -94 -61 69 -20 89 58 21 91 21 -52 -18 85 36 87 36 73 81 18 -70 -19 -27 -76 65 7 71 21 -38 90 -70 -52 96 -23 85 98 -70 62 29 -54 5 16 3 -94 -52 -94 22 98 73 -42 35 -44 -4 62 97 13 -95 51 -69 -1 -70 -75 -14 -79 -16 -35 55 93 -15 -75 3 60 26 -1 76 -92 46 8 27 60 -21 -79 -51 -52 -85 -53 -80 -34 -59 -30 69 4 8 -1 92 -83 37 85 50 38 58 26 28 -18 -59 -69 -46 -88 36 38 53 -30 88 34 79 56 -87 55 -49 26 77 -8 -82 -8 48 -95 48 38 -46 -96 -40 33 -21 1 56 -4 -29 -67 95 56 23 4 -52 34 13 36 0 -68 -14 -81 -9 -73 53 31 59 48 19 87 -77 27 -56 78 19 63 20 -4 -67 57 63 67 -56 74 -78 -9 -90 17 -48 -85 34 -98 73 -61 32 12 -99 34 93 -97 -79 83 45 0 -52 -26 -23 -64 -40 37 -80 -53 -44 -44 6 36 -60 -96 -76 -54 24 -95 20 97 -93 -27 -33 5 -53 -15 32 90 -58 -28 62 -18 -6 -15 -57 -96 73 -93 -60 66 -12 11 -18 37 48 62 64 -34 34 15 -85 -39 -15 88 10 83 47 -91 62 47 -73 -67 -57 -94 -59 -26 82 -80 -32 -97 78 -76 73 -8 93 -81 24 13 -57 -85 -63 -23 42 57 90 -39 -59 -62 -73 -97 67 91 48 19 35 -68 -24 -29 79 52 -36 -86 38 53 -42 19 -36 -78 78 46 2 19 85 -28 -96 -73 86 60 56 68 -28 -40 -89 32 17 18 -90 88 -23 -13 -71 42 -67 -3 -81 52 -35 44 -59 15 75 27 -26 -26 -67 86 -10 -30 -52 -49 -19 -88 -69 13 -36 -28 7 34 -51 42 -3 92 -82 -22 -57 40 77 -18 -19 -35 52 -45 3 -36 -65 -9 74 -91 28 -84 -2 -60 81 -32 6 -10 -96 65 4 -53 -50 -70 -43 -24 64 68 48 -38 1 81 -43 -32 -61 -83 -25 5 18 -36 -32 88 61 37 -99 18 -70 -19 56 -66 -84 73 27 38 76 -34 -37 -13 -55 27 -95 -41 -37 55 81 -26 53 -29 -47 0 71 8 -88 -73 -99 -27 39 -89 57 55 -75 73
27 40 28 63 99 -44 -44 -44 -22 79 -78 -82 16 29 28 -22 10 29 -39 -15 -43 -62 6 9 52 62 -95 -83 98 94 -58 59 33 97 -62 -17 -86 -77 -21 -68 -73 51 -3 -7 9 48 -10 -94 23 -54 -86 -76 -49 -58 -47 -17 -11 51 75 92 -45 -18 37 -70 -5 4 -41 62 20 -53 67 78 -27 -96 -65 34 40 9 -78 54 0 53 81 -58 -48 -9 -8 95 -6 -49 -48 41 51 75 -15 61 -85 72 -86 -9 20 -20 48 84 -38 53 21 -15 13 -62 -57 52 -82 79 32 -87 -52 -82 99 -48 -62 72 97 37 4 77 -16 6 -54 43 62 10 76 -63 58 65 20 -50 -31 80 46 29 9 -75 91 -40 -14 64 37 34 -94 65 56 -6 50 -9 -12 86 4 80 -23 89 -18 90 -51 -32 -91 95 -97 36 -25 -9 -91 13 5 99 42 74 -43 -72 98 4 16 -1 -98 6 -91 97 3 -93 -98 66 -46 1 -5 -14 -82 -27 24 39 84 36 -81 -78 79 -84 -73 89 28 19 -60 8 68 -96 -93 -42 -46 83 -78 5 86 21 73 -41 -5 41 51 79 -5 98 38 13 69 26 -51 -86 64 85 -63 43 49 37 -29 -46 -81 -91 -76 -87 64 8 1 -71 40 -15 -39 -50 -17 1 -91 -99 66 -45 -56 -99 -71 70 -4 -9 -28 76 40 -69 -19 -6 -48 -52 25 94 66 -92 93 78 -95 -23 57 -15 51 11 -9 23 -15 -8 59 73 58 79 -40 54 29 -50 -46 -12 96 -75 -48 -89 53 -14 -24 -47 30 -73 -55 -49 53 -55 26 94 -37 -62 -1 -33 -58 40 -3 9 80 17 -35 31 19 99 -52 -20 -77 1 -21 -57 -88 16 86 -54 60 46 28 72 24 -15 -48 46 94 -94 20 76 -21 52 9 -73 51 -57 -59 55 -40 -11 76 10 60 -70 76 -3 20 -81 -89 -80 19 17 -68 32 17 31 69 71 -12 81 -36 49 84 79 -20 -42 -88 -31 62 45 64 -22 8 -87 96 8 63 -1 -57 37 82 -85 62 64 -23 78 -92 -80 -20 32 -30 -47 -98 23 16 -17 -81 70 -55 32 44 96 49 70 -26 72 77 -83 -80 -15 -24 -9 -32 84 -13 26 -38 -43 50 47 55 -93 -42 15 43 96 91 49 -51 58 -52 94 81 -25 79 15 5 48 37 -46 -81 24 49 98 29 47 71 -47 70 33 -42 51 18 64 57 31 -94 -29 -67 60 -75 -68 -74 -37 21 31 -90 26 -76 26 -8 57 98 26 67 -72
59 6 -54 73 39 -88 -57 74 62 8 -92 -85 42 75 71 -49 34 -75 76 -25 66 -73 -4 -77 93 30 5 20 -22 34 -53 62 -96 90 44 -56 -48 -90 -41 4 -42 -29 -58 84 -39 -79 37 97 -69 10 -40 -57 -82 7 -68 -51 75 39 -20 33 -5 -90 -41 18 15 -73 -21 57 12 43 38 68 -69 20 6 -97 77 34 86 37 -97 68 -62 28 18 46 29 72 53 -25 72 -45 0 95 66 -35 -59 -84 -43 -10 16 -66 63 -86 49 -49 76 -29 55 5 24 67 -38 31 88 60 -84 47 66 -58 -51 14 60 30 -37 41 75 84 39 63 37 -2 97 84 -19 99 -65 -85 -92 -6 25 -14 -87 60 74 -99 26 -42 -14 33 -4 -52 46 -60 -43 24 -94 88 33 -61 -85 -30 -74 -30 11 6 -53 49 4 -22 -91 10 -89 96 80 -31 -66 99 72 -37 -89 -1 -23 93 -22 -58 -64 3 -19 -65 -61 -97 54 -4 -9 -61 31 -30 19 -12 -78 -93 58 -11 90 -98 -38 11 76 -46 70 2 -39 18 10 62 25 83 11 -45 36 99 -15 63 96 5 43 75 93 70 -2 31 30 61 9 -27 -22 -17 -69 32 -85 -71 -62 -84 66 18 -20 -19 74 -47 -8 94 9 64 -20 37 64 -74 59 -45 21 5 49 -33 64 3 -94 32 59 15 11 -63 19 -48 72 14 67 28 26 -25 -27 68 -72 48 -23 85 11 -47 40 66 -77 44 24 19 -31 -25 -57 8 -52 29 -59 -31 35 -87 -17 -65 34 92 22 52 -68 -71 -66 -22 -44 -62 -33 -94 -56 41 -78 77 66 -72 1 -29 -21 -48 25 38 22 -79 68 -6 -3 83 11 -93 -9 38 -11 -9 63 7 25 70 73 -83 -36 -62 -52 -46 -64 -33 10 -27 -17 80 -2 -66 74 12 -48 -18 60 12 -50 -72 28 2 -44 92 59 69 71 -60 -54 -17 -48 -83 63 -98 65 40 32 57 61 81 39 -68 -49 98 45 75 -73 38 21 73 -75 -89 -1 20 -11 -26 49 -85 -86 -47 -79 -61 51 39 -62 64 -27 -77 79 46 72 46 -18 67 58 -78 -34 98 24 9 -59 54 -75 -15 -87 37 0 28 52 -21 39 -25 -14 10 -75 72 2 -13 -90 42 38 -75 54 -60 41 -5 -94 64 2 44 -80 71 -96 9 66 -48 -99 -34 95 61 45 53 -39 40 27 36 -35 -80 21 5 22 63 72 -22 -35 75 -66 -33 -71 -32 88 -68 -3 -30 32 80 34 75 62 32 37 -69
-83 -24 35 97 -66 -15 -75 96 96 12 30 -2 -94 -93 30 5 28 -10 -33 -62 27 72 10 -2 1 -96 12 57 -43 -71 -31 -11 -42 -32 17 83 5 20 -46 -67 47 90 -16 42 8 33 84 -7 51 17 -6 72 89 90 47 39 -77 -44 -36 94 53 71 -18 12 -24 -19 17 52 -16 -19 -40 42 94 80 84 67 -87 85 87 -78 -83 -94 75 -22 80 42 16 -8 51 -15 43 -16 16 99 52 91 -65 7 -75 -74 20 56 57 57 1 -82 -13 43 -58 -17 75 -73 37 -51 76 -63 -50 -68 -64 -50 61 -82 -95 -40 -60 -37 -84 -55 44 -82 45 65 25 15 80 21 -47 -72 -90 36 39 60 -28 -47 -34 67 -88 -30 54 74 85 -9 -24 3 71 54 9 27 74 -1 -75 42 82 28 -60 -96 -99 30 38 39 -67 -46 77 -4 -15 -80 6 3 74 36 -14 -52 -14 34 91 -33 -87 -76 99 79 -27 -26 -98 -76 33 -25 38 -10 -29 81 55 -2 -65 -43 -52 1 -48 76 -45 -60 -15 21 68 -62 -96 -61 -61 -4 55 40 68 82 -88 74 16 27 28 -15 -95 2 7 -81 -60 7 47 -77 -67 -64 99 -96 -23 -48 16 29 35 47 -25 92 11 -75 -83 2 40 -63 6 -70 27 8 89 -7 -61 -20 -81 8 81 45 58 -79 -11 57 -35 47 8 4 -36 -1 83 -42 3 36 6 0 -95 -82 -43 93 95 29 73 94 95 -1 20 -70 -74 87 59 -44 85 -86 -12 71 -67 53 1 0 14 55 51 -78 -64 41 -69 -19 -9 23 -74 -27 -65 94 -14 1 -82 73 81 70 -59 93 80 -1 91 -14 -9 -38 37 56 75 78 -46 1 21 -66 31 74 64 9 -62 71 -25 87 -62 -79 -60 80 -58 -58 -88 8 -78 -92 11 11 50 36 41 -69 25 -44 31 -81 -15 -23 -68 70 -60 -98 -95 62 16 -8 -44 -36 80 93 24 -46 94 -70 97 12 -79 8 -73 49 -82 -49 45 31 -60 -60 88 51 -3 44 -62 14 -41 64 4 2 -22 -88 -53 19 85 3 -96 -47 8 -47 67 57 -73 -4 73 -32 54 -45 10 9 1 -32 92 67 -34 -4 -45 38 31 95 -48 11 34 94 6 45 -65 -10 78 -72 93 73 -44 17 -28 7 -8 62 10 -94 55 -21 -18 57 10 -1 -24 14 -74 98 43 39 -70 43 50 -21 -47 -14 67 6 -37 -68 -78 -6 9 98 93 -1 66 32 -82 63 -57 33 3 -84 7 63 47 -27
76 -39 -5 19 -22 -16 -16 5 21 -8 -72 55 -40 16 -29 55 13 -19 -14 28 -86 -41 -34 58 -38 71 50 55 95 47 99 8 93 79 26 43 -60 57 97 66 -37 -24 -85 -2 -87 89 81 -33 4 -72 -40 36 30 -88 74 52 -33 6 -75 -71 -13 28 -96 30 14 -80 -36 -86 -5 43 -52 55 -12 -56 -69 24 -49 55 -28 43 -38 44 51 39 -47 -49 75 -98 22 97 46 -28 90 8 -86 -3 92 39 -41 -57 -44 82 -98 -13 -9 44 -18 -14 92 -65 -2 67 -75 -5 -24 6 -2 33 -94 23 -82 22 68 -78 82 80 -65 -94 58 -1 75 77 54 -26 -52 -87 85 -43 0 99 96 -1 -49 93 -53 -53 -39 35 -36 94 -88 87 -54 -26 67 25 -29 59 9 -86 7 -62 64 -22 79 94 37 -88 -98 36 -23 -84 36 43 16 -26 97 -10 -2 29 13 5 88 -76 19 -41 -47 -78 -2 -88 -96 93 81 -66 99 12 -4 7 83 90 73 77 -52 -36 -3 -9 -45 41 22 73 89 -43 99 -21 -95 -45 -76 46 -56 -20 -44 -1 -41 47 44 51 40 7 49 60 -3 -71 -9 1 93 49 -32 -57 -75 -85 -74 63 -96 76 -4 5 21 -71 -83 13 85 -79 -29 -91 -53 54 -70 -30 38 -85 79 -67 -16 -43 61 -78 10 30 76 -35 98 -40 56 -61 38 44 -95 41 -56 47 32 -81 13 10 45 -45 -2 -67 -72 18 6 -33 84 -81 -37 -4 -87 35 56 19 -97 -12 71 1 42 79 -24 -87 -14 -70 -80 44 2 -76 -99 -97 56 55 13 4 73 52 -36 61 16 -89 -17 -49 12 38 78 76 79 -56 -79 20 79 -83 -99 -95 -44 89 26 65 81 -45 73 58 50 53 89 25 -88 -37 31 76 14 64 99 -39 -21 -3 22 89 -37 -5 78 12 -14 43 73 -96 50 19 -86 -81 -87 -27 10 64 -67 -37 65 17 -91 -28 3 21 -26 -59 -8 93 -65 64 -68 -83 4 -75 54 47 81 13 83 68 78 -91 34 13 -49 -32 56 -28 -94 -49 -73 -85 -33 -23 71 -35 82 15 19 55 24 -10 -17 46 -44 15 0 79 69 48 -25 -22 -85 99 -47 23 -35 23 87 1 39 -44 47 25 -99 -19 19 75 43 -49 -71 1 -38 -11 -83 -31 46 47 86 59 -57 -46 -63 82 61 -8 41 30 35 71 7 54 -27 -2 55 88 -37 61 1 -26 49 -54 -16 -90 31 93 -81 -8 -45 -77 -68 53 99 33 65 57
-91 95 -25 -41 -51 22 -96 -18 -99 12 31 42 -56 18 -33 -45 74 73 -1 -93 -73 45 -82 -44 9 -49 57 -47 -38 -82 -97 -55 67 -42 27 -89 -82 -17 -83 -76 90 -68 -30 24 -95 -96 -32 93 62 -8 32 -42 40 36 -64 24 28 77 -65 -12 -38 -74 35 18 -24 88 29 60 -84 1 -3 58 24 -77 -88 84 -74 1 15 -95 -15 -42 30 -70 -86 -9 18 95 3 -98 25 -62 33 37 34 98 -63 26 -69 67 18 -92 12 15 59 97 -19 -26 58 -56 12 -62 -42 -18 77 34 -29 -61 76 -8 -8 -56 59 14 3 79 95 -33 16 -61 -11 75 14 -7 -88 0 60 -68 -98 -15 -95 -65 -63 11 -1 -28 -64 44 44 93 34 30 -71 93 -48 -53 98 99 -57 -16 -29 7 61 73 73 33 21 -54 -67 6 64 -36 88 -82 0 48 3 -60 3 89 94 80 -83 -7 5 79 -49 -30 -69 -7 74 -47 -65 -7 -5 -62 63 55 -31 -95 31 89 83 37 87 36 -61 55 88 20 50 -56 81 -34 53 -99 -62 -87 -85 32 -55 -70 82 -78 80 77 -37 -25 0 49 65 23 -25 69 -37 -50 76 83 -84 -71 32 0 33 36 -21 -84 58 74 -1 -13 -63 -78 -36 34 2 -96 94 35 45 86 -35 -51 9 -89 -77 81 -57 97 20 0 73 56 -20 36 89 6 -92 99 78 8 -24 -80 -99 87 37 -11 33 -90 4 58 -15 66 66 -10 -60 16 31 22 -66 32 78 85 53 11 -52 -70 64 -71 82 -88 -87 -35 -85 16 -31 92 -22 56 92 -17 -99 -25 37 -67 -55 -42 -39 -85 -76 -6 -42 -11 16 8 25 76 -75 -73 59 -30 -23 -18 25 50 12 -20 -65 54 -15 -76 34 -2 81 53 -99 25 -2 5 98 -44 -18 71 86 -92 7 55 -50 40 -96 -78 78 -94 -5 73 66 -4 52 -78 67 35 -35 -19 -51 -20 40 -58 97 -18 -40 96 35 43 9 35 -45 49 -18 28 95 93 1 28 4 -98 -87 -22 -46 87 -89 -56 25 -52 -40 60 46 -98 -97 -61 -14 -91 22 16 -59 0 -7 -27 51 86 -21 46 93 -66 -1 -77 70 6 -77 -33 -70 86 -98 14 12 -57 -54 -47 -34 -72 76 -23 -42 -24 3 58 33 -99 18 -11 -56 55 -93 -33 61 -23 -30 -26 -33 -9 68 -13 -16 -74 -19 32 0 14 86 -74 65 -24 -44 -30 87 90 43 -49 58 -53 -50 54 62 64 36 -22 78 -16 94 -65 -60 12
61 5 55 21 29 36 -23 20 52 4 20 31 -67 32 -24 -21 41 11 23 49 54 -15 -82 -56 33 55 61 98 89 4 73 -66 19 -64 99 -31 38 62 -85 -47 -67 7 60 -92 52 -82 61 51 -24 -48 -91 -9 84 91 -72 15 -91 -45 -61 41 46 -22 46 22 -4 -60 98 62 70 -72 2 -33 -2 -79 -70 96 89 49 -74 -1 93 -89 -83 -1 -20 -65 89 -24 32 99 35 -50 57 75 -5 79 26 35 28 75 -4 -29 76 18 54 70 -73 98 92 -46 -85 79 -7 91 77 15 -60 43 31 89 -37 -61 -1 -24 -99 8 -78 51 84 69 77 8 23 -73 32 79 -90 92 11 -61 -87 -61 15 21 -13 66 -19 90 49 86 -61 84 -4 -46 -19 -27 -14 71 16 -89 5 76 -4 68 -10 80 6 4 -76 79 72 38 -94 10 88 -86 -88 -49 -30 63 -59 -64 -13 73 -14 22 25 25 -85 -24 88 -31 -89 57 -82 -14 3 -21 -40 -9 -59 18 63 14 94 24 4 37 -81 -65 13 -45 16 65 88 -61 -77 90 95 -83 -77 92 73 15 36 14 -33 18 12 25 -10 -24 -23 -82 91 -8 -25 86 15 -40 -91 94 50 -70 -69 -39 -17 26 63 57 -2 59 -26 -17 -92 -85 -12 -74 -79 -81 2 30 -92 2 17 98 -6 -14 -44 76 -54 -1 30 -15 -11 -91 46 -38 -60 27 -44 88 66 -31 -39 33 -9 53 73 -50 -80 70 -74 9 -65 61 -78 13 -32 52 17 58 -30 34 -60 -90 63 -24 46 50 72 79 53 -37 -53 -92 4 30 -47 -55 81 15 -80 -96 -55 69 -94 -1 -83 -72 84 61 -82 96 -52 10 -1 -21 -56 -49 -77 59 -25 -94 -42 82 -44 85 -7 99 -28 -6 75 52 -2 -40 38 -14 -43 -39 -35 28 -58 -45 55 50 -83 -5 4 -65 44 28 73 -64 -68 24 93 -79 -71 12 -69 -90 90 -79 -75 -76 61 -6 2 -86 48 -80 62 51 89 17 -61 18 4 -47 -11 90 83 -86 1 -74 -8 28 94 80 40 -90 -61 84 -98 -29 49 80 96 -39 93 79 13 18 -80 -49 72 11 48 -2 -45 -81 -79 -69 5 6 6 -3 -37 -36 51 6 -11 -45 36 -49 -13 -90 54 28 14 -2 68 -51 91 -2 -96 13 3 -90 46 35 -78 34 82 26 75 11 -86 52 -48 -11 -72 98 -17 69 -31 -89 -91 69 81 83 -63 -7 38 -25 56 71 -3 -58 63 60 51 -20 -55 93 89 -69 -62 11
-24 33 -70 5 73 -53 8 -14 75 -82 -22 1 -28 44 51 -60 -26 -84 65 -61 65 -12 87 -63 2 -43 -7 53 44 -83 21 18 36 -64 35 23 -67 -57 43 -20 -4 -79 -75 -36 -28 55 -50 76 29 8 -91 -19 -46 -48 -42 53 29 -64 -28 88 -23 1 71 8 51 64 -12 62 80 26 -47 80 74 -45 -91 -27 -81 -12 0 97 -8 -43 90 -81 -34 -86 -22 49 -85 15 36 -31 51 -89 74 22 -49 75 80 -9 -37 -96 17 42 98 -56 -30 28 -67 51 50 -1 -7 13 51 -91 65 -4 54 44 -12 -99 7 -5 -82 -88 76 -15 67 81 -94 91 -36 -41 19 -82 80 -43 0 -56 -76 2 51 -99 74 -60 56 80 90 84 -19 -50 -32 18 2 -54 -39 63 -2 45 77 60 -85 -80 43 -72 87 92 6 74 -61 -41 -12 78 67 91 -56 -46 97 -55 49 12 13 -51 35 4 -36 69 -33 -88 -55 -79 72 -86 -42 85 40 7 74 -85 -84 49 -20 76 -69 -98 89 -91 -97 82 40 11 -51 -15 56 19 46 -22 47 59 -27 77 -42 83 5 23 -88 -93 72 71 70 -8 10 -31 40 -76 -62 -39 80 55 86 60 95 88 -12 -30 85 -51 11 -8 -54 -74 -28 -39 85 63 -98 25 -37 39 -39 -10 -39 -65 68 -44 87 51 -10 -29 31 -22 3 3 79 77 66 -17 72 -42 -63 -11 -68 98 92 -14 60 -1 -24 -29 -59 -50 -69 14 -92 -59 -95 -93 -8 -2 0 -74 -77 1 -48 37 -21 47 69 54 -10 60 -87 70 -18 -83 -87 -58 65 77 -97 -95 61 -65 26 23 -76 -34 -8 -26 -88 62 51 -7 84 34 -44 41 -76 -69 -88 -83 -67 20 66 -53 98 -39 69 21 59 -28 29 49 34 -17 12 28 97 -43 11 -16 65 5 -96 62 54 -35 -55 48 -18 86 20 85 11 -92 14 -54 35 -51 70 46 -51 13 -41 45 -25 -26 30 24 18 -84 -43 58 32 24 72 -59 -4 76 54 3 -78 39 -38 -55 91 19 69 81 -73 -59 -74 -32 19 -64 53 -80 -3 -91 -8 -35 26 8 15 58 27 -33 74 96 -23 58 -52 96 71 -72 39 69 -35 -15 68 -17 -86 18 -3 52 65 96 21 -73 -88 48 -43 -91 -37 48 46 -30 -73 -19 -95 -9 -84 5 -54 -58 -71 -41 61 -71 -48 80 52 51 67 78 -91 16 -68 -53 -79 79 -92 -70 39 -49 96 50 66 -40 -11 20 -83 -13 -45 -25 -47 -57 -1 44
-6 -29 33 66 15 52 -61 -16 -62 -96 -75 40 40 -87 2 -83 -84 -83 12 -87 -7 -63 21 -21 11 -51 -19 68 1 -86 -33 -62 -91 25 -77 16 -48 -18 95 12 55 86 12 25 -24 -32 -97 -2 29 54 62 -20 -2 -50 -84 -88 -28 3 -10 37 78 80 -27 -23 76 -83 64 -14 25 9 31 12 91 -51 83 -7 -85 98 -43 45 -93 -91 -23 55 -3 28 36 43 55 45 42 4 86 -93 -71 -41 93 5 40 90 74 75 -23 -34 -6 59 1 -70 -19 -30 10 67 -72 -32 -53 -18 -52 92 74 6 -35 0 -90 -76 90 -68 52 -4 -98 -71 63 -15 -35 92 35 73 -5 -40 -11 -98 -21 36 -49 -49 28 59 0 -30 -46 15 -28 26 75 93 51 9 -62 -6 -97 -7 52 79 1 -5 57 -44 -42 -94 -48 -30 -5 -11 44 -59 -10 62 -28 56 -96 -72 -23 -52 40 28 -71 -32 -86 67 -8 80 -25 -34 97 4 -26 62 -94 51 37 70 -94 -20 93 85 -64 -77 41 79 -52 17 57 -74 39 -23 -78 -26 92 47 87 58 -89 45 -45 16 66 22 -81 6 -18 43 90 61 90 57 54 8 -90 -85 -4 -84 84 50 -17 39 -55 -65 -24 -45 -59 35 -43 -11 74 -4 -51 -67 -3 41 -84 28 -76 53 10 -3 51 -74 95 -65 34 -62 44 -8 91 -4 28 -73 -69 6 -34 17 -23 -5 97 25 90 -83 66 -88 41 60 -50 -11 -16 18 67 99 -75 -42 53 -38 -97 -87 64 20 -8 -9 -71 23 74 49 -9 -88 -58 10 -55 21 -98 51 23 33 -40 75 88 -50 79 -74 -76 -38 21 77 62 71 44 44 67 -34 4 97 -88 -32 91 2 49 -61 82 -24 91 30 9 1 -54 -72 -24 97 -58 95 95 -1 77 -50 -57 -70 67 -57 24 24 7 -4 82 -40 68 72 -7 -28 -16 -75 96 -99 65 18 6 -43 -22 79 52 52 0 45 -98 -77 20 61 -50 90 -63 -2 83 -86 39 87 5 26 72 -81 -34 37 -34 -79 -58 -66 -97 -1 7 5 62 -38 -59 -26 -43 -17 86 -60 -16 -70 91 2 66 -52 84 -30 -26 -3 -72 -22 -17 -62 -18 -7 -9 -55 -22 -61 90 66 -40 -10 96 39 3 -8 -68 34 -60 -40 -80 3 -26 6 38 -99 -19 -73 -45 54 87 80 15 -90 19 -90 88 -68 67 48 9 -43 -26 92 -88 17 -33 40 -63 -80 36 92 -51 -3 -13 58 73 -11 86 13 -48 -58 -36 -21 -93 -40
70 6 69 79 85 -51 23 -88 43 -42 77 91 -29 5 26 93 3 68 3 -1 -89 -1 89 97 -19 56 34 -17 -27 -4 -22 -60 -10 66 -67 -10 33 19 -26 -79 94 90 -75 78 -38 13 14 -98 81 84 58 22 -44 -32 -60 -31 -89 -16 -63 26 69 90 -5 53 -50 -89 18 -19 -75 -21 -18 -48 77 90 -49 96 10 -80 -68 61 -66 0 77 -84 -48 57 96 95 88 99 15 88 10 -33 15 -15 -52 5 -33 -47 -40 49 -77 11 28 -85 19 91 96 91 -51 66 43 43 -24 -68 -46 -34 -23 71 78 -91 2 85 35 8 53 69 29 -9 6 94 32 -8 -2 -67 73 -99 65 -67 -70 -13 -17 57 95 -74 28 30 47 -27 -71 -83 -79 17 43 76 -50 -61 -1 -80 6 63 -27 36 6 -60 79 93 -79 -65 -25 34 50 15 -2 6 90 98 23 -12 27 80 89 14 83 24 16 -71 30 25 -75 86 -20 89 99 -98 17 -66 38 -51 87 48 -49 -67 81 40 93 41 -44 34 -24 92 24 -71 58 -36 63 37 -98 81 98 -1 -27 -47 -27 15 -21 -21 -69 12 -4 -28 74 -36 99 30 -50 -58 91 39 88 -15 89 -58 -15 30 -5 -10 -8 -19 -96 7 69 -92 95 -3 -32 21 47 -58 -56 -35 31 22 4 -26 -27 16 93 96 -55 93 -25 -40 -75 19 96 -72 -10 -42 0 -35 -61 88 -94 76 40 -54 1 94 86 13 33 -24 86 -45 -73 -63 -95 90 45 -1 -24 28 -9 -4 83 -58 -82 1 -76 0 -79 18 27 31 91 90 77 -73 -44 91 92 20 35 -27 -53 -4 -48 94 31 -78 -17 -22 -37 -34 -32 71 -73 -21 43 -78 -69 -40 31 -93 -15 99 -49 -15 84 -87 34 -54 7 40 70 0 76 -19 60 -36 34 -64 48 65 -79 13 92 -23 24 -97 6 83 -62 -13 0 3 6 74 -95 -55 85 -5 -87 55 -78 -16 -83 -59 -29 80 18 21 -86 -38 -49 47 -66 -54 67 16 87 -1 6 32 -52 -48 -9 66 11 -30 15 72 -66 -16 -67 -21 43 71 21 -90 17 52 77 -19 -65 -29 46 -50 -73 -13 -35 -13 -85 99 -19 86 52 71 -18 99 -62 -52 96 83 -47 -67 94 -21 65 75 -19 -51 -60 5 58 -26 42 -47 99 -54 53 75 74 66 -16 -19 72 -75 -35 -19 -62 -13 -27 16 41 -75 -9 64 21 -56 8 -63 75 34 -30 -23 47 -66 -56 82 45 15 9 -71 94 80 82 -64
-55 91 18 61 -68 30 66 -75 97 53 -87 -86 -4 7 12 -16 -55 -44 -87 -60 -70 92 -83 49 -90 11 85 33 52 2 -39 -44 3 -66 2 5 50 8 7 -71 19 26 -56 -8 36 58 31 21 46 -24 -66 21 17 -9 -6 68 0 38 56 50 63 -7 99 -87 99 1 -78 -54 69 17 73 -99 48 31 32 -61 97 49 92 20 10 17 -5 -26 -5 -31 9 -48 -78 -35 -4 89 93 -60 -66 -75 -46 55 -58 -71 40 93 -22 79 65 21 -17 35 -63 -43 -40 -57 80 -49 -83 29 38 42 -63 -93 -90 -64 -8 -98 66 -66 -85 58 -92 -4 96 -79 76 25 -46 -81 -88 5 -80 -79 -89 -50 6 -3 30 2 9 69 -15 -17 -41 60 97 -35 47 42 40 50 47 -40 30 -20 -47 -63 -99 -74 52 -67 -12 75 42 14 23 -45 96 76 57 85 81 26 19 -96 -94 15 6 -1 51 38 -52 -20 -54 -60 27 -45 -27 90 -73 29 82 67 -85 31 43 6 -11 -97 -71 1 97 48 52 47 -28 86 -30 48 29 -32 3 39 -16 -27 -57 63 -62 72 15 -80 -65 83 -33 -8 -90 49 -27 68 -78 53 -89 -23 43 -47 -64 5 16 32 -22 85 -39 3 9 28 0 -4 -88 -88 25 9 61 -26 84 -64 -98 -98 -24 90 -49 -20 -32 -93 35 99 -99 24 90 53 -14 0 -18 -31 42 99 81 68 80 90 19 22 96 81 -64 61 -1 -74 -9 91 -77 4 -24 -19 -97 -48 90 98 -14 -20 3 52 45 -38 -26 -59 30 31 -47 -85 77 78 -34 -27 83 -52 31 -62 -25 -49 70 42 -86 23 -82 -20 -87 98 53 -63 38 9 40 -82 23 -75 9 69 5 43 -60 -82 18 -38 -8 -36 -64 -3 -48 55 69 -38 -22 82 14 7 -56 58 -62 -7 -96 -62 -72 5 81 45 -25 31 -24 -18 -4 10 65 7 -65 -43 78 -81 28 42 -13 56 49 -85 -22 -10 24 -41 70 43 -20 12 32 -1 -11 94 -14 -68 -92 -21 -15 -96 -21 -94 54 93 -9 -39 -7 -17 29 2 0 -83 -43 76 -62 62 -53 25 2 51 -88 60 -61 -7 -7 -1 -10 59 94 48 52 34 40 48 57 90 -58 57 47 -4 -77 -42 29 -16 -70 1 -93 41 -83 -29 6 99 71 44 -98 -93 38 -65 -70 -6 30 89 15 16 -24 56 -68 -27 47 99 -50 -47 -71 23 85 95 -20 55 18 -84 -23 -87 36 57 36 36 78 -45 74 -68 11 -83
-41 -14 41 -15 94 -98 42 -40 -16 77 65 56 86 6 74 78 -63 30 84 -2 -62 71 4 -13 94 5 54 -21 -34 6 47 42 35 -40 46 37 86 -96 -90 71 62 92 6 -17 -33 82 -63 2 -79 -46 -22 -61 11 92 -36 73 16 40 11 91 -89 -12 37 3 72 -13 -44 -2 0 -69 32 -77 -86 91 -5 -70 -17 -47 62 54 -67 33 45 39 98 -60 8 39 57 -98 -71 28 71 -1 -35 92 45 5 94 77 -84 6 -78 4 -51 25 -74 -3 83 23 73 -50 32 -34 16 13 -56 94 17 -45 41 93 68 90 -45 -21 0 17 49 -21 45 -50 5 -76 -15 -35 17 99 53 -57 38 62 -23 -28 77 74 -36 42 27 3 -91 -14 98 -86 11 -47 -77 -47 59 -68 74 73 5 -39 16 28 -88 -15 37 1 72 -49 -33 -73 -98 50 72 66 -35 -60 -40 -97 32 -30 -26 35 7 8 -37 19 58 -64 -49 24 -4 -30 -70 -60 -92 -60 -11 -98 48 -96 60 -18 71 -7 85 47 -37 70 -41 57 2 -91 -18 10 27 -54 -89 95 -17 92 -78 -20 -14 -10 -44 17 68 -25 -16 18 55 31 10 9 26 -84 -75 -15 -32 74 70 63 24 63 -55 -54 91 -49 35 40 -30 -78 15 -57 -69 -70 61 -95 -83 -27 86 80 60 25 42 -66 51 82 -43 -10 -38 -90 43 -35 50 -65 20 44 -57 46 -65 -92 52 32 -20 41 71 22 5 95 76 -95 -33 -5 -17 -52 -22 -67 -13 -93 7 -37 -59 -29 92 -91 -28 37 -12 78 39 99 -62 88 5 -24 -61 -85 -16 35 -31 -69 -46 -56 3 -82 -1 79 -78 -67 -36 99 2 -86 -94 -44 -77 -13 67 96 95 -92 56 -30 90 63 -69 60 13 -11 -52 -60 -3 -44 46 -60 -57 -42 -87 -2 57 -51 85 49 71 -11 -67 -90 -3 -12 73 38 -96 -37 75 75 26 67 23 -63 19 99 -41 -88 -1 98 -7 -65 -5 42 68 41 55 72 25 78 -1 -95 -39 -22 -83 97 -51 -67 -4 40 -20 38 -40 13 88 81 -5 27 49 45 -71 71 19 85 43 75 39 -76 -71 -82 -62 -48 -5 65 69 72 -33 -47 -11 11 89 57 9 24 88 68 76 28 31 51 76 -78 64 48 11 -84 -42 20 -70 -67 -37 -35 -37 97 39 52 -60 -46 -93 -38 25 -14 47 54 -92 -8 17 31 -79 3 -91 63 48 64 8 -82 -85 -7 -32 56 -60 -21 -78 24 78 -38 7 -9 -57 -75
58 90 -26 66 5 -26 -81 -33 56 49 88 -95 36 99 -43 -11 37 -69 -13 23 65 1 89 47 -67 89 -72 -36 89 21 -14 66 29 27 -34 -62 56 4 -81 -58 -10 -68 82 -53 -28 -49 -42 -13 -16 -52 -70 92 -45 28 -51 23 59 -45 12 -79 -4 81 87 73 -28 -11 92 99 -77 6 30 -65 39 94 -21 12 41 38 -57 96 -7 36 78 -54 -6 43 -88 94 -94 -10 -98 -40 -95 85 16 1 -1 90 -23 68 12 -48 58 -58 -15 4 -43 -68 35 52 -76 99 34 -40 -8 -44 19 82 -79 -11 7 -10 -21 -5 -27 88 -33 -10 48 55 23 60 6 -56 -18 23 -49 -35 -23 70 -4 -78 86 -26 -93 -42 -78 -18 60 -64 17 21 39 -7 9 32 62 -51 12 -77 94 -77 60 -93 98 -77 -21 56 8 86 -58 -42 21 37 60 -45 -44 -91 93 42 -22 -9 -28 36 66 16 60 22 -99 -33 92 25 -29 37 -42 5 83 -58 88 -41 -75 -67 -31 34 88 63 19 0 57 91 25 92 93 79 -34 64 3 -48 89 -51 94 46 -95 -78 53 91 -20 -76 -22 26 90 39 83 3 69 -31 -38 -49 -43 43 48 -1 -37 -20 -79 65 -33 50 38 85 37 -92 11 32 61 -44 -51 -77 -30 83 -41 -93 -50 91 -63 -53 -61 35 65 -39 21 -21 0 -86 49 -59 42 -18 96 -75 19 -13 36 46 -69 41 80 -60 -72 52 61 24 -69 48 31 -26 -50 55 80 97 -49 -61 -66 28 -95 -64 -53 20 93 -78 -1 22 -77 -7 88 -60 96 3 20 -86 67 -6 -38 -10 68 -67 23 67 82 -15 -41 53 57 -71 15 47 -76 -50 27 -55 -54 67 -73 -23 -40 94 51 20 79 4 -58 57 35 -71 -33 -55 41 -72 9 81 -6 -73 45 -30 -64 62 -34 56 64 -16 85 34 -44 21 -77 -32 -90 1 -56 46 27 66 -36 -83 -53 -21 -21 97 -12 -62 1 96 -4 53 1 -81 10 6 7 -55 -53 -13 -1 39 58 -36 47 76 48 -81 -3 -26 79 -20 -62 -71 86 54 -39 -59 -63 34 -74 -22 51 -20 -54 -59 -96 -50 -68 52 28 21 52 17 -56 -29 8 -23 54 -25 -86 -45 -80 -81 -17 -52 -89 -49 23 15 -89 20 -35 -65 80 -28 84 -63 57 -72 23 73 89 -68 -30 -80 47 -72 -94 -21 -33 58 40 9 23 -80 -14 -96 26 -24 76 45 -45 -19 69 -84 80 53 44 -71 35 -49 -34 -80 -31 82 -82 -67
-35 52 37 24 54 87 10 -60 -77 -31 23 34 16 -70 -51 -30 14 -70 -75 -61 -82 57 -97 5 -75 62 -48 53 63 -22 29 20 53 33 75 -76 -73 8 -54 -98 -93 74 -63 13 -12 60 -57 49 0 -17 31 -11 89 47 -20 -73 -71 -66 -32 77 -71 -2 59 22 -49 -60 -42 86 81 -10 -9 -52 40 -97 -11 -13 15 39 64 -77 -69 -10 -37 -56 14 28 -30 89 65 -41 44 73 55 -61 -14 80 25 -8 8 78 -75 77 81 -14 3 -37 7 28 10 -27 -10 31 -6 -56 -26 -34 70 94 -92 -34 -91 35 58 -88 -79 44 27 6 -3 0 41 51 -32 93 -21 -28 -33 -15 38 -72 71 -96 -85 -46 -66 40 -87 4 40 -79 24 -50 -15 -44 46 -54 65 -56 81 30 2 58 -4 69 34 -91 11 26 -77 58 67 58 39 11 94 21 -43 64 25 -80 -31 -47 89 16 27 49 50 36 37 -38 87 80 -20 95 58 -26 90 29 0 66 -42 -59 -97 3 45 35 12 44 -19 76 -47 -71 27 61 -60 42 37 -9 -29 35 -61 16 9 41 -6 81 -73 22 47 -8 -96 -84 96 41 -35 32 50 -42 59 81 29 82 -62 -6 34 -15 99 73 -95 -44 -46 31 -98 -2 93 80 86 -4 61 19 -29 73 6 93 40 -88 -95 -68 69 -61 -22 13 -18 -69 93 59 16 14 81 -26 -22 -48 58 -94 22 72 -5 -26 73 -35 -92 13 83 -5 42 75 10 19 -87 75 38 -70 65 15 36 76 67 62 64 -83 -59 6 -60 77 47 -34 6 -86 19 34 84 77 -55 38 -32 -3 -29 -33 87 -22 -31 96 -98 48 -79 -82 3 -64 -71 67 42 23 -86 89 -86 8 -38 -39 -73 2 -56 -32 -38 -22 -19 -87 -34 -54 -6 50 93 -20 -56 -76 72 -8 -7 46 95 -21 9 -83 31 -21 57 -93 -78 -99 -57 -81 53 -71 82 -25 26 -59 -47 -72 -89 -49 -37 -20 -78 23 22 4 65 -22 -26 -95 41 -17 67 -84 21 -48 75 13 -75 -66 29 -98 -13 15 16 4 30 -84 -8 24 -45 57 29 -34 71 -30 52 49 -52 44 -89 -58 6 48 47 -34 4 19 -26 -47 0 66 -52 27 -71 45 -72 -89 85 -12 -59 -23 82 7 29 59 -4 24 -5 -31 39 -89 -47 -58 -97 -78 48 11 16 -42 84 -45 -98 33 73 -74 -94 80 -34 -18 -99 -62 86 12 60 -2 -1 20 -43 -72 -13 28 -86 75 -22 96 -5 -51 -73 -53
34 24 8 -43 80 -12 97 -14 -72 42 71 43 34 35 7 -68 -35 -94 -73 -9 -9 -98 41 7 31 -18 -82 -20 -89 -94 -42 -41 -69 94 -71 6 23 -18 -98 -76 14 -73 62 79 93 43 72 -31 -6 -2 94 -4 14 -35 -24 99 -71 35 23 45 33 8 -34 89 97 -92 -90 -17 -15 -27 -68 -66 14 58 58 78 -35 3 -49 94 62 -8 55 15 71 94 98 -47 46 -22 65 -85 -36 53 -49 94 -82 5 -24 61 82 -90 30 -69 99 60 -96 -22 29 -60 -14 -35 54 21 -65 18 -63 -51 -98 -38 94 -14 66 -25 -43 83 -91 -86 54 24 3 68 -12 91 -1 -26 59 -99 25 48 -56 -11 -3 65 63 -60 -60 19 50 -86 62 14 9 -8 -93 -40 -66 82 -49 -86 -6 -99 28 40 -65 -85 56 32 -76 69 -67 94 -8 45 -98 -63 -2 26 -13 -96 -82 98 28 68 -13 1 -39 32 -11 97 -64 -85 9 68 76 74 35 83 58 -43 0 -32 12 -8 -50 80 50 -15 38 -59 17 25 -2 -46 -38 74 -76 -67 20 3 -29 91 57 83 -33 85 -87 -77 -78 -64 -6 78 38 74 -55 -96 0 88 56 -31 -97 -63 -49 -47 -2 -45 -86 33 -35 96 -68 86 61 16 -97 99 -1 -76 -93 -43 97 -13 30 -2 -7 41 59 63 -92 59 60 -85 62 76 -68 -92 -90 99 -89 94 43 94 -38 71 -85 -47 90 -99 -25 72 -22 -79 97 94 -44 -50 37 -84 -60 -72 68 -84 31 97 57 93 10 -85 -39 50 40 -73 15 93 -46 -27 78 68 17 -20 69 -84 -53 56 -43 -16 -59 67 90 41 65 7 43 73 -29 -94 42 -4 -80 -92 -42 88 12 -41 19 69 -11 -31 42 71 -12 21 -74 -95 78 -36 -23 96 67 32 -14 34 -1 33 87 87 16 -81 19 33 57 62 -64 -43 27 -84 -74 99 12 -54 36 -74 -96 -4 41 -58 -21 39 79 -36 -95 -14 -16 21 -96 88 -52 -25 45 43 -76 -64 90 58 -85 8 22 -67 96 -72 -5 34 4 23 27 75 -40 -6 -4 52 -72 -66 26 -48 71 -87 73 14 66 75 94 -12 0 4 -33 -41 -46 36 6 9 54 -7 -4 -86 66 -5 -94 67 19 1 82 73 91 -80 66 -15 21 -78 -5 -96 56 -49 -55 91 -49 14 65 -58 83 -3 30 -52 56 43 18 9 97 -18 -71 45 88 -52 12 -21 -93 44 38 68 -93 93 -47 -4 53 -47 36 60 82 -62 12 49
-37 96 -85 -41 -59 1 37 -93 77 63 56 -53 -68 -58 83 24 54 31 -69 11 -67 -67 -92 -46 15 73 -12 51 27 -30 37 81 82 -54 24 -19 38 -65 31 66 64 -3 -59 -53 -95 -3 7 92 68 16 -20 -55 -82 89 54 -93 -23 19 0 31 -90 -50 11 43 -1 4 44 78 66 89 -65 25 -77 1 -63 -75 7 96 -44 20 11 73 9 87 38 -83 54 -59 -45 56 84 78 81 94 70 25 -59 51 -2 -87 76 35 -24 -76 20 45 22 -43 -24 -80 -68 -70 -52 92 -60 81 -53 80 6 85 -50 -52 9 41 83 22 12 63 76 -62 -53 -37 -29 -87 -42 -84 58 -54 16 73 -7 93 68 77 -29 -41 19 -98 39 -30 78 20 27 -35 91 64 93 2 99 -83 3 -50 -3 17 -78 -51 51 -86 -93 84 -78 5 -91 -11 -79 -26 77 -47 -79 0 90 48 76 81 -66 -65 -63 -25 -38 82 -25 84 38 -5 92 58 -2 -40 -13 -40 -26 64 -77 62 11 -54 -19 -23 44 -21 25 -65 86 49 53 -44 -28 81 -30 -80 89 80 -84 54 6 66 -38 41 -94 40 -88 28 26 55 35 -33 -10 -87 -24 70 40 -67 -23 -87 -9 41 -54 -95 -47 -40 70 48 -69 -98 66 -70 -44 51 -65 -8 -89 75 -46 -25 7 33 96 -63 -82 -25 32 -2 -44 -57 52 -26 2 67 78 -85 -82 74 59 -35 -72 -17 74 -92 -72 -66 -2 -8 -67 -66 77 96 83 63 -46 88 -67 -56 45 23 84 -23 37 -80 66 56 -75 -83 -89 -75 84 -7 7 -72 84 -72 76 13 99 23 -98 -93 45 32 -87 -11 28 94 -29 14 98 76 -21 67 71 -26 51 87 -77 -63 -60 16 -53 70 -77 -73 6 29 68 81 -91 53 46 -56 50 -56 83 35 -54 31 24 99 -99 88 7 85 -4 80 -52 -95 -62 -8 22 95 -50 -51 -38 50 55 -69 86 -5 90 -78 -91 66 -44 70 75 -32 -86 2 51 -65 89 -1 -83 -62 13 -91 45 71 85 -2 -25 -60 -5 -85 59 22 -74 46 -57 50 76 33 -40 -90 74 -10 -66 -56 -21 32 -16 -44 97 67 -3 -32 -45 49 39 46 93 53 -79 6 25 -84 -4 33 -37 -95 -78 0 -72 53 80 7 -12 13 -75 -83 -18 93 -68 34 -24 -85 80 97 -83 -55 97 -44 -58 -33 36 13 -33 -12 79 92 -93 -90 -38 26 91 27 -57 -58 39 -60 15 73 67 -25 64 -80 15 -11 2 6 -2 -22
-44 -75 52 29 56 -39 -77 -90 13 41 7 -44 70 10 77 -98 -2 -89 46 -36 19 -89 21 77 0 80 -14 13 -12 -39 59 39 -17 -93 -87 83 53 6 25 49 2 -96 14 0 92 -55 35 -48 -89 59 89 -67 -47 23 -52 85 -89 -6 -65 -26 -58 52 32 -26 -33 -81 -90 88 -93 -52 -1 3 -23 78 -94 -10 57 12 -59 13 20 77 34 61 -50 28 93 -63 -1 -2 -23 -64 -23 39 45 -62 -44 63 -19 98 -85 80 -97 -20 84 73 91 -3 53 67 84 44 -4 68 30 29 -89 85 8 -19 -81 -49 13 43 88 86 37 46 31 47 -18 53 -24 -38 -89 -85 -75 -89 70 -28 -6 49 31 53 97 -76 63 -68 71 -34 -76 -14 72 -6 62 -65 -46 48 -40 -23 -49 33 -93 -81 -75 41 -29 -64 15 -25 93 -26 55 -64 -88 -19 95 64 19 60 -34 11 -84 52 37 51 0 63 19 85 -75 81 -44 43 -84 -24 -51 82 -41 -13 26 -5 -91 15 -56 -76 6 -19 57 -97 62 69 -65 -45 58 10 9 61 -3 -53 -65 4 95 -78 -82 29 21 39 2 0 -95 86 -13 1 -16 -72 -16 82 41 54 90 -65 57 5 11 -90 -63 25 -66 17 75 -85 62 -33 24 -96 32 -99 -33 97 48 44 52 -53 -91 -53 78 89 -72 -41 -84 -78 46 29 -15 78 15 -42 -51 -44 -35 -7 87 -24 -39 -7 21 70 -68 32 -21 -43 57 -13 -10 -15 73 -77 -88 88 -81 -5 70 -24 33 -66 -31 56 -16 85 24 23 95 98 -78 -86 -3 57 -57 15 64 72 -57 -20 -31 -33 5 81 98 11 -42 62 97 -4 -94 85 -95 -63 -1 89 -6 47 -51 54 -26 -77 -79 -35 -15 25 15 0 18 -57 -88 -76 90 -58 42 -37 62 -80 17 53 -39 96 43 98 -80 -68 31 -98 -17 -99 60 25 -50 -95 88 7 10 49 10 -13 -88 90 19 53 10 -40 -44 24 20 49 91 -1 -99 -37 71 -80 19 74 20 42 35 -74 -26 98 -10 72 54 -75 -30 -47 -2 -85 2 -37 2 17 61 -9 71 -71 20 -43 -9 58 40 17 -24 -84 -5 92 -76 80 -13 -86 27 56 17 -13 93 48 -93 -60 30 38 81 58 -7 -92 58 -85 24 17 83 -42 -73 -31 -5 -85 -22 48 -91 -8 -12 15 74 -66 -64 84 22 73 -9 39 29 -32 85 -43 -72 68 32 -96 23 -35 41 84 -56 53 -72 -39 73 84 70 29 57 -87 1 16
45 0 -61 -70 -48 -54 68 86 -72 74 62 -39 -98 1 2 48 -66 32 51 -33 -82 83 26 -97 -20 -73 -71 44 85 32 23 36 76 22 65 -87 -29 -39 -57 39 -17 -6 -95 -79 86 2 42 49 -37 64 92 22 64 94 76 -83 97 -83 72 7 27 -80 21 90 28 -56 63 -98 -97 -22 30 97 -36 -4 10 -60 93 -24 -80 74 68 -42 -89 57 73 -60 72 59 93 86 47 8 -95 44 16 -20 82 -70 43 12 0 77 -2 67 -92 -40 -60 67 -34 10 -87 -77 16 -31 10 64 24 27 14 -58 49 85 81 -21 88 -74 64 -21 96 -7 -49 -22 12 18 74 -18 -23 -75 -3 -47 -58 16 5 -61 75 97 -39 47 85 81 -83 -3 52 40 19 45 -83 50 22 -50 55 -84 69 25 61 -48 -48 94 -49 -32 -19 -65 23 -41 -72 -45 -12 50 45 -69 94 36 -76 -8 -90 -66 46 -50 -95 61 37 -31 -14 63 1 -72 -96 5 -74 -52 19 5 -31 80 65 72 -29 12 28 -92 -63 -41 -44 -38 -38 -73 -42 -10 75 20 -1 25 94 76 22 -31 -17 -60 41 36 -85 -72 23 74 -2 -7 -66 -93 -91 92 -60 34 -12 -70 -78 86 79 45 -9 22 31 -42 -78 -92 -51 -26 -10 59 11 20 71 32 86 58 57 -39 -4 -72 63 17 -32 44 -6 75 -43 14 -90 16 43 55 77 -9 -26 -39 -8 41 47 -31 -11 79 1 62 -35 -5 -8 34 75 84 -80 -82 -68 -11 -4 37 -87 77 -69 28 79 -45 -34 -9 -49 -35 -75 -34 14 -64 57 93 -24 4 96 98 73 75 24 -88 64 84 -21 -47 -3 57 42 76 -54 -38 -12 97 27 -37 -78 -93 41 85 98 21 26 6 50 62 -23 -61 -88 -74 89 15 -60 -4 53 -35 75 96 -17 86 -63 9 -48 -33 -70 92 86 62 -31 -22 -67 -65 20 67 42 -76 1 75 80 68 -16 85 -8 23 -61 52 93 84 83 49 73 -5 -97 1 58 -59 29 54 79 59 26 -78 73 -69 -19 68 -91 88 8 10 -73 2 35 51 16 -92 -29 -39 -80 19 -3 -87 -97 8 -32 78 93 72 -61 52 17 -57 -7 -71 17 -4 -26 80 -76 -64 71 -4 87 -14 -21 -6 67 80 -46 4 -39 -33 12 54 -17 80 25 60 -84 -21 -16 -42 -39 90 76 58 70 98 98 30 59 -72 22 9 36 -46 -17 3 -59 -9 -36 72 75 -99 -31 -67 -99 82 -38 38 33 -32 21 -37
11 42 -20 41 95 -27 -85 79 -30 -73 1 18 28 -98 25 -96 -58 -28 89 -16 15 49 -96 97 19 -53 97 -67 -64 75 -60 81 -83 -30 34 -44 -54 60 54 89 62 76 -34 22 41 36 49 -90 -39 -84 3 9 69 35 -70 74 -62 -93 24 60 67 -1 -32 80 -17 -7 18 72 -22 -12 -36 -20 14 51 -94 7 10 92 65 7 -87 50 55 64 13 44 -28 -27 23 -2 -38 -52 -23 -49 -32 76 -60 2 26 30 -64 -82 -9 -82 28 20 -59 -36 4 -70 73 23 52 -77 49 -4 -35 35 -70 -93 -15 56 62 20 58 -11 8 60 65 79 42 -59 -59 62 -76 -45 91 -41 -78 -88 42 87 -60 6 -68 -61 -93 -2 83 -10 -70 -65 49 -70 -59 -55 73 -96 59 94 23 -78 93 41 -9 33 78 92 -8 -40 89 98 70 54 42 -79 53 39 66 -97 63 -31 88 -27 -43 -33 -45 41 19 -78 -38 62 45 59 -28 65 78 67 -33 94 -58 50 56 -60 -65 -40 72 -48 -52 -16 83 -72 -43 95 -31 25 83 88 -67 -43 -86 -76 -98 -59 -33 11 37 63 49 -51 74 94 -37 63 86 91 61 -38 97 -4 11 -82 -44 -73 97 58 -70 -95 -17 27 -16 -37 -37 -93 88 41 30 -58 1 -69 48 -42 -89 26 -52 59 26 85 -87 55 -36 12 27 -48 53 99 67 -84 51 -40 26 -59 -64 2 34 6 50 -55 40 73 49 -52 -5 59 70 49 -75 73 -65 23 -63 -46 -19 -77 -57 -70 47 -21 8 86 -14 -81 -60 95 2 67 -58 49 -80 -52 28 -81 3 47 -93 49 -62 19 -75 44 -68 86 57 -9 34 99 49 51 98 -30 12 -92 12 -24 28 -67 63 82 32 -54 24 88 25 71 51 1 71 -60 -82 -54 9 68 -63 31 22 74 67 -38 52 29 6 -91 0 -75 99 -51 -84 50 -39 35 97 52 53 -57 -49 -89 3 6 66 -40 -51 5 -52 44 -53 -23 -63 51 6 87 73 -21 -40 -4 -98 38 96 -75 13 -39 56 -95 -58 27 -19 -48 -59 -67 -97 5 -6 2 79 -32 90 11 -29 -96 33 -80 -65 -32 -42 9 20 -42 -42 98 -59 -78 85 -61 -33 -40 -23 -68 11 -71 -84 88 49 -50 84 80 93 54 56 58 -8 -25 38 -46 87 -98 96 72 -15 12 18 90 -77 -82 78 86 -63 -82 -29 -58 -39 55 -65 -70 -30 -60 -47 -72 24 -35 39 -93 -7 93 -15 -63 23 -71 99 78 33 -7
-75 -75 -39 88 62 47 -47 -76 -30 -81 16 50 55 3 -66 48 47 3 2 -36 41 -21 -24 42 78 3 -77 -41 -89 -53 44 77 -81 39 -18 4 -4 0 90 -88 -8 -38 18 68 62 -33 13 8 50 -89 74 -53 -74 -64 6 97 53 -63 -68 84 -50 13 -42 -8 -71 51 87 65 29 97 -74 -81 98 20 43 91 -10 -49 -38 -14 81 60 84 -38 24 19 38 57 -27 -24 -70 -81 10 10 -25 62 -22 75 -10 79 -67 95 -85 61 -47 -31 -65 -24 29 95 96 -18 -43 46 -56 -2 35 71 -45 -35 9 53 19 46 -37 -71 79 80 -76 -27 -81 59 46 -14 -2 71 -30 29 75 -1 12 23 -84 84 -15 11 10 -41 -12 -27 28 77 36 -5 -59 23 -25 74 -39 -50 63 4 -2 63 87 -34 -44 -12 -55 -78 -91 82 -56 -87 -27 -58 -49 71 -98 -34 -95 1 85 34 46 22 29 30 6 -75 -68 49 -93 51 95 -29 -19 0 78 44 67 86 -8 15 58 20 78 42 51 74 31 -14 -67 -6 94 -89 97 -77 -77 41 65 96 1 49 97 -80 35 14 49 -7 61 77 57 42 -14 -73 15 43 50 97 43 23 49 33 6 -9 -94 -93 -69 -56 54 69 -95 -32 -16 -25 39 -8 -29 56 -52 11 -68 30 67 -63 -93 -99 -47 4 -17 12 -90 -80 50 -12 -56 39 -63 -86 -4 79 53 -23 -34 -54 -67 55 -63 -74 -24 99 14 3 88 -89 -95 30 -80 -62 -4 -58 48 0 -5 -15 83 96 41 48 7 -15 44 27 11 -64 61 -17 63 4 -40 9 -92 -32 6 -72 -6 -32 12 -27 -60 -63 -96 -25 29 -3 -33 90 -28 -52 -30 73 -41 -43 72 -68 -82 8 -66 57 -79 -60 24 77 -32 3 -89 -42 4 -9 -95 -78 -12 -5 -72 -65 30 -50 -28 14 -82 -29 -75 68 79 -6 -44 99 80 -79 -1 -61 41 49 -22 -65 -65 -60 9 61 94 53 -88 -34 -86 -38 4 -13 25 -7 -15 -82 89 -17 10 17 48 86 -67 89 70 -55 30 63 20 42 -48 -93 14 40 94 36 -60 -24 40 -57 39 32 -34 -98 79 -93 10 71 -68 91 89 91 54 -90 19 65 -45 89 -92 2 -99 77 2 82 43 98 -30 41 -67 30 -75 15 40 21 -64 70 92 -34 -95 3 29 -70 -38 -83 0 -48 7 46 71 -96 -64 3 59 21 75 -38 -42 -65 -27 93 95 -53 -21 86 95 76 -26 -59 -49 42 8 74 25 37
-63 -1 -35 -4 55 -68 -11 -23 80 43 16 -83 45 23 -78 87 0 7 36 13 -98 73 64 76 -85 -15 39 52 -43 28 98 -97 -70 92 -54 -95 -68 57 51 -4 -81 39 84 3 31 13 -33 -25 19 52 35 48 -89 44 -3 -39 61 -50 78 39 59 -66 3 43 -91 80 30 75 46 -14 86 40 -3 99 -65 -20 74 -73 -48 -4 -91 -5 -34 40 32 40 37 -73 94 -6 49 -38 97 -65 -17 62 24 -6 22 68 -50 -4 -3 6 -67 -75 60 -97 -21 11 71 -75 -26 -8 -74 60 55 -22 35 -73 -7 -4 83 98 5 17 6 92 -56 -35 74 87 -62 82 -64 -23 64 50 -63 -1 -16 6 -17 17 29 71 1 -60 -56 86 18 40 53 40 -84 -90 42 97 71 10 71 1 43 -26 -3 15 -19 -94 -36 65 15 31 -39 -54 -25 83 97 47 72 51 -93 75 91 2 60 15 -98 -30 -31 -59 32 -85 20 -61 86 99 37 98 -84 -60 -21 56 -25 -63 -42 -82 -62 94 18 64 -9 -30 51 -34 21 96 -71 61 57 -96 -87 -61 67 24 -3 -93 -23 79 -84 42 98 84 -64 82 -55 97 -1 82 -2 44 -21 87 -92 44 65 -87 -13 65 47 -1 -81 -77 89 89 -15 -37 -68 0 79 -6 -28 76 -28 69 -40 70 42 -57 56 -69 60 63 47 -44 -72 6 82 -10 -78 79 -96 -24 84 -2 62 62 -37 48 -73 -72 -10 -6 82 18 68 43 -19 86 31 -47 -70 -16 3 22 46 16 -33 25 -78 95 61 -77 -59 23 -70 43 74 49 -73 7 0 70 -89 86 -58 -56 -10 4 -69 -29 88 -63 -38 -66 -57 -36 -83 -20 -91 -47 -27 6 37 87 -10 -50 93 75 -29 -78 98 83 75 99 11 -78 -57 -20 -33 -27 -48 79 6 -75 82 -68 40 40 -97 -57 32 -1 87 -88 98 9 -10 12 -53 51 -84 -79 28 69 35 15 -29 -11 0 74 29 9 -39 1 52 28 -99 -18 -92 -38 24 84 -28 91 67 -86 -29 -81 60 30 7 44 -19 -85 -5 -39 -66 75 -31 -50 93 67 -61 61 72 -87 93 19 26 -77 -5 40 92 86 -36 -74 57 -67 -23 -9 40 78 -5 83 31 58 -22 -65 -55 45 -89 -68 -16 4 49 45 7 -28 -43 10 -25 -34 -67 -26 81 76 -33 -31 10 -11 -28 87 -19 -31 88 -72 -16 -37 -22 -36 90 -62 -41 60 -49 53 -69 67 12 -88 45 -81 -75 5 -29 -61 -24 -79 -59 -2
-83 11 -12 75 63 13 -35 14 -99 -91 -95 -81 5 45 3 80 81 80 94 -97 63 -78 5 -52 60 -44 55 -94 -7 -83 -72 96 -76 -20 -86 26 -14 71 -11 81 -79 4 -84 71 45 -18 46 -40 76 23 88 -19 -28 34 23 -86 -84 -64 98 93 -61 -13 -97 82 -95 -22 -32 80 10 -78 31 23 4 -39 -79 27 -10 -59 -14 43 -19 14 -61 -89 -85 -34 38 -23 97 -93 78 -37 -76 49 42 41 78 -31 -90 -43 -61 -59 59 98 -30 -55 27 68 80 28 -64 -62 -69 -85 77 -72 -36 -71 -17 -43 -50 -82 71 -84 30 -88 -55 38 -35 9 50 -34 65 44 98 14 71 -30 66 50 90 -53 -8 -10 56 -42 -9 -78 86 50 53 -86 39 -86 -41 -35 -33 42 -50 22 4 -57 10 74 20 -18 96 86 47 15 55 -73 -18 92 -96 66 -86 82 -17 -7 95 -18 17 -72 48 -54 -51 70 69 -54 58 -40 -31 -70 24 -3 72 86 -52 59 53 6 -19 9 -30 59 44 -77 -48 81 71 -95 -72 -18 91 16 -84 35 -52 75 94 -18 -99 1 -15 2 -11 20 -69 80 -17 79 -96 69 -22 13 74 -87 -18 -28 -31 -27 49 -15 86 88 0 -35 21 36 57 22 -44 -51 52 -96 80 -1 -96 -98 13 97 53 -66 95 -57 -32 -18 6 -52 14 -64 13 -95 97 -41 38 -74 87 -43 -5 67 -14 88 49 91 -81 4 65 96 -3 -44 -52 64 15 93 83 -53 27 60 38 -89 -14 66 71 -91 -18 94 -91 -20 -22 99 -15 74 -13 -38 -7 8 -93 -1 -91 86 -34 -57 52 53 -77 44 -92 -57 -1 40 -69 -13 6 -22 -22 61 -21 35 -43 -70 32 34 4 72 25 -1 -30 -91 -45 -75 -10 16 -87 13 52 52 -58 13 -71 -36 97 -97 -87 69 78 -93 68 -71 25 -99 -36 85 5 47 48 88 -93 -13 15 36 14 -50 43 99 55 -4 69 -64 2 -1 -88 -97 -88 4 9 7 43 -98 89 -58 7 -86 -68 -81 -89 -3 40 19 29 41 -8 -37 -60 -48 -4 -35 -92 87 -69 39 63 63 95 94 -5 -1 -65 -6 21 67 -91 67 -15 56 -20 -72 -56 -83 20 -99 80 -10 28 -90 -16 -22 74 -39 -82 -77 66 88 39 -99 44 -51 86 -7 -82 50 12 84 -76 -20 89 -86 30 -72 -32 54 -68 -23 -83 -9 41 32 -21 4 -64 60 -42 -36 -45 -1 63 97 95 27 71 -34 -27 -22 -58 -90 91 -37 83 94
-40 -26 26 40 74 -73 78 -99 46 13 -6 -39 30 42 -18 10 -2 92 17 5 -54 -87 -9 -12 -20 -51 11 73 -84 -37 -18 91 -24 17 -32 9 2 22 63 -79 70 9 -40 75 -67 -14 80 -29 3 13 -80 13 -4 -93 72 -86 -72 68 -40 -90 -44 -93 -55 79 59 35 -46 27 17 7 71 11 -32 -44 -98 -81 89 -39 26 91 -35 -91 -95 -74 72 83 -88 -8 -36 21 -18 77 -20 32 -64 23 35 -75 -38 24 62 12 32 51 -99 5 5 -45 9 71 94 62 -69 16 -30 -98 49 65 76 84 63 -31 -81 -71 -30 72 31 72 -24 -23 -11 -84 -44 38 -65 67 -33 -28 -41 -45 45 36 83 31 -17 -46 71 29 21 -76 -8 -26 37 76 -24 -95 41 -11 -35 -16 -31 -80 -61 -28 51 80 12 -73 -38 48 79 -92 68 39 -43 -32 -43 15 -13 81 -97 35 72 33 -16 -86 -42 35 56 81 -7 -49 -82 50 16 13 -30 -81 12 -75 69 15 11 -38 82 -44 70 -95 59 -62 -4 45 -33 -52 55 35 -66 27 -41 62 -66 -20 69 -92 -5 -42 -93 41 -24 61 34 -35 38 -3 -40 -62 -58 37 -47 -52 -25 87 -62 9 49 -95 0 58 -62 77 62 53 18 6 -21 -18 78 9 -28 -8 -39 -22 37 -13 5 16 -93 94 -77 -4 -27 14 -60 -53 -67 59 -39 42 49 6 -51 18 -33 -1 36 -17 -59 -46 -57 -88 -78 -15 -41 12 -74 -58 -43 -10 47 61 -38 87 72 86 -50 0 -19 58 44 -64 55 -4 97 -40 72 76 2 -1 -97 -37 50 71 32 9 17 -34 -90 -62 55 -37 -21 69 -56 99 41 44 -50 58 -99 49 44 -5 -66 -59 58 23 14 74 10 -92 -47 -38 -55 56 1 1 0 51 17 54 14 -68 59 -11 -15 -27 -82 -58 73 -69 18 5 52 27 -20 -35 29 -61 -85 -33 16 21 -12 -34 -68 47 78 3 -39 89 76 -87 39 53 36 82 35 -8 36 -94 -63 67 86 18 93 38 -39 -45 76 60 37 36 39 20 -25 -28 -69 46 66 42 41 -18 73 59 -87 -93 -45 72 88 81 -25 -9 -74 -84 73 34 89 47 -26 -12 16 74 -46 12 22 47 49 52 33 5 75 24 -58 -45 -75 -24 99 19 91 83 90 38 16 -37 -85 58 -39 84 -12 56 23 -3 20 -34 -2 99 -76 -66 13 -33 -95 -41 -85 40 5 28 -9 10 12 -29 -54 -61 3 28 59 -89 57 69 -6 -15
58 20 -28 -4 50 -92 -74 87 -2 -62 29 -89 -50 54 99 17 41 51 -25 77 -90 25 -22 -12 38 -21 50 91 -50 -94 -3 -22 51 -22 -63 -99 -92 57 53 16 80 15 39 30 50 45 86 -16 -83 -91 20 -87 21 -77 74 38 76 24 92 19 67 -74 16 -63 69 59 50 -25 46 28 24 4 28 -85 66 -16 -1 78 8 31 -88 74 -78 85 93 -37 24 -22 -1 84 49 -63 -94 -78 65 67 -47 -60 35 13 -98 53 -97 40 12 9 -22 -54 -82 3 61 -4 -82 -3 74 45 -82 82 17 -66 -17 45 49 -76 99 29 -45 85 96 -96 -85 -39 -4 16 87 -19 45 77 -73 13 13 94 -49 -23 47 41 -28 42 47 23 84 98 -94 34 -98 -72 23 -90 75 -78 -38 45 37 21 76 17 26 -66 -75 -41 -19 -35 71 39 76 86 -90 26 10 40 89 62 22 71 75 49 37 26 -18 -86 64 56 -34 83 22 26 41 8 26 53 62 32 38 23 89 -91 52 93 7 -9 -49 58 10 -62 -60 26 42 -31 40 53 -36 79 -23 -1 -66 19 13 -86 -26 53 -55 44 69 18 -99 -72 -82 31 -32 -73 -3 -21 87 -21 6 96 81 -36 3 -69 44 92 -95 81 47 78 -29 82 86 84 -5 -41 -80 -72 -44 81 38 97 91 -90 -74 10 -71 -12 62 -65 49 35 73 -79 -71 87 96 -61 -43 59 18 -91 68 89 -58 94 -83 -52 -23 -32 66 26 62 98 55 -76 -72 -79 -42 -17 95 -3 83 52 -44 -41 52 99 -45 5 -41 46 24 -8 -98 -77 -99 57 69 -56 -24 -23 -8 -33 -61 -22 -88 -1 -57 -52 27 -80 -18 -85 -4 -42 96 38 -51 -83 40 -9 -42 63 -83 36 58 -38 76 -37 -12 -88 -58 55 -13 -23 -77 -71 99 69 62 -74 22 -41 5 -3 76 -11 82 63 27 29 -21 -83 -24 81 76 53 -97 -1 11 -31 3 -21 52 45 -96 77 95 82 -38 -28 32 -24 -44 48 -73 97 -48 -93 50 54 17 -88 91 -72 34 54 75 78 -88 -87 34 -7 6 -88 -63 -37 -9 7 -40 30 59 86 -44 58 49 20 88 6 31 -17 -27 -53 55 93 57 -46 -39 13 -98 75 7 -19 72 7 -51 59 24 83 90 -32 32 79 -47 -83 50 -53 44 1 -81 -60 50 75 -64 -8 -65 49 72 -19 -80 95 -13 47 88 -93 75 -65 -53 -85 1 7 79 80 99 99 -49 55 70 70 59 -36 97 -20
-40 18 -29 25 13 -32 70 38 -18 -88 -54 26 -63 -22 14 -16 -74 -51 35 91 9 -34 -49 69 73 64 43 62 91 -12 27 -15 25 -12 32 58 -12 48 -65 -65 86 -53 -40 99 -50 3 92 -50 55 -91 -44 -8 88 -64 -19 -23 -36 49 94 -23 34 -71 43 -55 45 85 -50 84 -57 -59 -66 46 87 -89 -72 95 -74 -7 -73 -19 -43 45 -2 16 99 97 -24 61 3 -88 90 37 2 49 -53 87 -72 24 18 71 22 70 81 -88 -86 47 27 -87 -60 37 -44 -42 79 88 -91 65 -4 18 -36 -31 89 -60 78 -35 -86 -10 72 -91 -32 -69 52 48 -21 -50 -43 -76 -28 -91 -21 -46 -9 38 -44 -23 -63 -29 -90 -64 78 24 -78 -26 -17 81 -96 7 37 46 58 72 -84 84 39 11 64 55 -2 -29 41 17 -66 -39 -99 66 7 30 36 16 -24 45 -81 -25 -29 71 -47 41 -13 -62 40 74 53 13 -71 -28 35 -3 -16 -15 -94 94 33 79 -6 4 66 -40 -25 5 -96 82 -55 46 97 67 74 43 -82 -97 31 -72 36 53 -76 58 86 -17 94 -50 96 56 59 -95 15 -86 58 -68 -58 24 64 39 84 -81 67 96 -40 84 -76 49 -36 21 99 55 -20 -94 -61 -81 -75 -94 26 -75 14 50 -32 16 -66 30 78 -98 -55 77 34 -25 9 61 91 28 90 -17 -26 17 -29 69 -56 -75 3 -6 -65 82 18 96 60 94 13 19 -42 63 49 33 -77 94 -56 95 26 -75 49 -89 34 -47 15 -10 -14 15 -63 15 58 -40 -49 -77 91 87 98 34 76 -62 -22 -62 -47 66 -44 30 -65 97 -64 96 -55 21 64 61 -15 69 73 31 5 -96 -33 57 65 -91 85 -25 -78 -22 -33 71 71 -47 67 14 -62 -17 -24 14 -83 -93 -79 25 32 -59 91 23 43 -80 18 -77 -49 26 4 33 26 38 -61 -85 23 -61 -8 -99 -55 58 11 81 -5 53 93 -25 -28 -82 -2 15 12 -37 46 -86 -69 -23 85 -29 -52 48 -99 3 -73 -8 31 -99 71 28 -44 -34 -58 -79 17 54 54 30 16 -3 47 -13 -58 -45 48 61 19 -71 -84 55 -42 0 33 22 -96 -11 -63 -78 44 -23 -3 23 -8 16 38 -52 -60 -27 15 40 68 7 8 19 -11 -7 -45 -51 -32 92 58 70 30 -91 -9 47 -49 -5 91 -90 8 -81 -44 50 76 0 -51 -90 4 -57 23 11 4 -14 3 -6 12 67 -23 46 81 -31 27 -75
-9 -41 95 -20 67 55 25 -88 -88 72 -88 -62 -1 56 47 -94 95 -54 62 -26 90 83 -63 -72 9 -83 41 -81 45 49 91 -84 36 -95 -27 -17 -15 -58 52 54 9 24 -79 -20 30 65 -18 -80 31 29 90 82 71 -1 58 -9 -21 -8 13 -36 -66 50 76 -3 61 -97 -36 -54 5 31 96 -53 -42 -82 47 -92 67 20 34 -25 95 -15 62 40 27 12 -35 48 -95 -34 -57 -40 48 91 -10 -80 9 22 -88 -52 79 17 17 -2 29 72 57 75 86 27 -56 28 16 -70 -11 -51 97 -67 29 -95 -60 -37 99 -86 -97 17 0 96 -45 -21 -47 21 14 41 49 -78 23 -47 -35 -36 60 -14 55 43 -90 75 -66 45 37 -17 34 -63 86 30 89 48 -59 49 9 -52 -74 76 -62 69 42 -5 -99 -90 -75 49 28 15 74 96 64 -34 -10 28 -18 43 12 88 98 -1 83 91 -23 22 58 4 90 -36 -93 91 40 -38 3 34 -38 78 -96 -19 24 -18 99 61 -6 -98 -90 70 -44 -99 -53 -95 -49 -6 -38 83 94 -39 59 27 -20 -26 -47 97 -79 67 -10 -32 -54 47 67 -59 43 17 73 -66 67 -10 -48 87 84 -58 62 -75 5 -59 46 -84 91 12 -79 -90 -2 76 56 -67 -49 -84 10 52 -51 62 86 96 82 50 65 -88 -4 -75 -94 22 -88 81 -27 97 75 33 -40 42 11 73 -31 33 -39 13 10 -82 92 -48 -35 -65 -43 1 -71 13 78 -48 73 4 54 -30 75 89 -96 45 56 59 -12 99 95 -31 61 -79 52 7 -91 -59 74 -57 14 79 94 -81 -81 22 -93 -31 81 18 -39 -57 -98 88 51 -38 43 56 55 -74 -65 17 52 -96 15 -71 -23 -98 -11 99 0 -68 87 13 -16 90 71 3 -98 70 -88 73 -20 50 -22 89 -48 -46 65 80 -65 90 39 -68 3 44 62 95 -79 77 -64 -45 -11 -97 2 62 26 -63 2 -54 -84 -66 34 -76 -44 36 -79 60 39 96 -50 7 66 -91 99 -35 54 -94 6 52 76 -29 38 22 -44 -3 -24 44 17 -71 -13 44 75 3 5 -43 29 -51 26 69 -69 -12 -60 26 -55 -51 40 -30 45 -24 -88 75 27 90 -80 50 -9 38 2 -50 58 -61 56 66 51 -2 13 -81 27 38 -94 -22 80 -95 41 48 75 38 -47 50 37 -41 -49 59 -54 2 -61 12 40 -97 -28 -7 96 92 68 -83 25 -38 -6 17 -79 24 65 -45 48 25 16 64
8 -52 52 73 -45 20 11 3 -96 44 97 64 -72 66 -68 -12 10 -38 -12 83 -60 53 40 54 -51 -9 -69 0 -21 -76 97 -7 50 3 74 -78 79 -78 17 23 -52 20 -5 89 82 34 -71 -16 47 -44 -49 -33 -70 47 -19 20 18 -7 38 -75 -39 -86 -26 -4 75 19 85 88 -41 35 -15 92 2 -1 -72 -82 29 27 -79 47 75 -15 -66 81 -27 52 19 -83 -77 17 44 -68 -67 -35 -76 35 95 65 21 -9 93 75 -60 -22 12 -75 64 -42 -93 -47 82 -67 -11 -67 15 -41 -69 -77 -19 -18 8 34 -65 13 -30 63 -77 -65 -68 -40 34 -33 10 67 -86 82 -99 43 -92 20 47 -22 -78 89 93 52 -94 31 75 -61 -54 -54 70 -66 -73 65 16 -99 28 39 2 -54 -99 77 93 76 22 44 46 -51 53 -38 -9 95 59 23 67 -23 99 -26 84 29 -7 36 -4 17 1 46 -97 -34 -3 47 -49 9 -39 92 -63 -31 60 33 -72 -54 40 60 -91 -16 11 91 -57 -91 -20 98 58 6 -44 -62 77 -45 42 -45 78 75 63 -38 68 57 -20 -89 40 -29 -27 90 34 81 77 -46 74 59 91 -54 -57 26 4 -12 -21 -7 -65 69 7 20 54 10 20 -5 -20 19 -55 49 23 -17 -45 -38 -19 90 -86 67 66 39 -75 -6 7 81 -95 97 -25 -47 -47 33 26 47 -65 -44 24 16 72 -47 83 -97 60 76 -45 -3 74 -76 48 60 -57 47 28 17 -96 -65 -8 -58 -6 14 10 -6 57 42 -91 90 77 58 47 67 -4 41 -47 8 -29 50 76 -40 -77 37 -92 -27 -66 -43 -33 24 -5 73 -61 37 86 20 90 -39 -60 -27 51 22 -14 22 -85 -73 61 -55 -70 -51 -74 -4 94 11 34 57 -78 -54 24 -76 -92 -98 -12 94 34 -60 -95 -22 -71 23 -77 60 59 -6 83 -82 -26 -40 81 33 60 -17 99 95 -71 -7 -83 -52 34 47 38 54 24 -51 47 -91 -91 -22 -56 -41 45 18 94 37 -91 0 -79 -1 73 -52 4 87 -53 68 68 65 75 1 24 7 75 -44 -67 31 -79 -27 -7 75 15 -78 -50 -19 -78 -50 93 61 -47 -52 -98 35 -54 -47 65 -53 10 90 -64 89 48 -85 -83 61 -19 -30 73 66 -7 -62 -9 42 -28 12 9 -4 13 96 -72 -11 -80 -59 12 96 50 -94 22 -25 -28 -74 -10 -89 65 60 -59 80 -87 -22 33 18 -35 -76 6 -5 97 -72 85 -25 73 -95
-76 72 -71 64 -37 -19 -98 -90 34 -38 -24 87 -29 -75 -64 86 -98 94 -92 -48 21 26 89 -19 -41 -64 22 47 85 95 0 -28 -48 -10 -82 16 17 -14 -34 64 -26 77 -62 77 94 25 -87 27 67 36 41 -27 23 67 33 -58 -51 67 40 5 88 91 36 44 -28 23 1 -78 -23 69 -31 -66 -57 84 -97 85 -6 -57 34 -26 -14 61 40 -85 17 -7 86 -48 -99 52 96 -79 4 73 4 53 -62 -73 11 37 14 6 -91 97 -60 -8 -86 50 -47 63 67 16 -80 11 -91 -58 64 28 22 90 8 -59 53 -48 -51 -55 -8 -29 -2 61 12 56 82 82 -76 70 -85 -84 90 95 61 36 12 10 -63 -95 -65 -16 71 87 72 26 16 44 -52 -31 8 -61 -67 -21 -34 81 -40 -92 78 -95 81 25 -96 73 86 -46 -7 11 -42 83 -33 -60 80 -48 -71 34 72 6 -59 -76 24 27 -78 -27 84 1 20 -4 -21 55 71 7 89 95 9 -21 -17 35 37 7 46 -41 -10 -89 -76 67 29 -4 90 68 91 -19 35 86 -47 45 15 14 -30 38 -91 -92 -17 -91 -32 45 -17 -45 49 19 -48 -74 -53 -62 -69 -9 -62 -95 94 61 59 -4 -76 55 34 63 22 -61 -95 -75 98 -11 12 -17 -27 42 -54 -51 54 -1 44 -18 21 -3 19 -5 -49 -84 14 2 -84 13 -76 36 -19 55 43 -97 -96 39 82 -89 84 -86 -60 -70 -34 -15 -75 30 65 -37 55 -30 5 -78 27 91 -71 86 99 38 24 83 -60 23 -68 83 -69 49 -8 1 44 15 -57 84 -90 -80 -22 -23 -82 44 -4 71 -24 11 -51 30 -2 -45 -68 -36 64 -37 -28 43 31 -66 58 -40 -75 48 78 95 71 70 89 53 -85 -90 -64 -20 56 -24 5 -61 54 76 -22 74 66 30 70 -6 5 86 23 -35 -95 37 -35 -38 36 10 26 -30 -91 44 46 -3 41 17 96 97 10 -19 73 49 -57 -93 -34 -90 37 -31 57 -45 55 25 -59 -93 -95 -57 -4 38 78 -9 33 -16 -62 -36 -44 -67 30 73 -11 -17 -54 -31 67 -11 -88 60 29 4 -86 59 14 18 -81 -61 74 -58 40 -6 -70 7 -29 67 -81 24 -63 -22 -16 32 48 -60 -71 16 -41 -12 61 -39 -72 84 -2 85 94 64 -84 -84 35 -51 -57 -91 -81 -44 -76 -66 32 50 98 90 -66 -37 91 33 -29 -54 -81 71 83 -30 74 11 15 85 -57 -96 -92 -57 -71 -16 -99 -92
-24 6 82 -16 -1 59 27 -13 -77 12 -46 3 -84 -75 -83 -63 88 -47 87 14 0 11 18 94 27 -21 92 -38 12 80 -79 54 95 98 -19 50 -90 -84 -14 -68 23 98 -77 31 -10 -2 -17 -63 -25 59 9 89 77 10 -8 18 -88 -66 69 -97 -80 -93 82 63 82 -24 57 -33 25 -69 9 -72 -5 -1 -16 -36 -61 65 51 -32 -42 -53 36 -39 54 12 68 -98 46 49 -37 -7 -4 12 91 -17 19 14 -95 -73 27 79 18 12 71 -48 65 -88 45 58 -9 72 -63 41 -42 73 -30 -21 96 -68 -6 -62 68 -59 -80 -39 3 96 -58 97 -79 -39 81 71 94 -92 79 -32 62 8 83 67 71 -27 -28 91 95 85 71 63 46 -55 -82 -95 -68 12 1 -70 83 -5 59 -5 -59 65 -1 39 31 45 51 21 -78 -63 99 -52 -98 -52 -91 -71 -65 -92 48 4 -17 -35 34 67 -43 -9 59 -26 24 16 48 55 -20 77 27 36 7 81 -91 -10 -70 -29 -1 -44 82 -68 -62 -27 -62 23 -7 -95 -58 60 -98 -72 -27 -74 -29 61 73 -51 90 95 32 16 -99 -74 50 -6 -94 -30 -56 -70 -84 -41 -3 31 -31 -47 81 57 -49 -6 37 4 24 70 24 85 86 -2 56 83 70 43 55 -14 76 -5 -92 -36 -20 -99 -13 18 55 -63 71 -4 53 75 -40 81 -11 -30 -98 -29 -72 28 8 93 -65 87 -26 38 -28 57 30 90 95 31 -93 99 4 39 56 -53 10 -80 -84 50 38 -19 28 -86 -91 -37 -75 -79 -31 -90 -16 49 9 23 37 31 40 -39 22 40 92 -56 -68 31 -47 -58 -93 77 -49 -44 -20 5 52 -12 4 13 67 -14 10 12 -7 -52 -78 -17 33 45 -7 14 -74 -50 6 73 -61 -78 -59 -85 -61 2 23 -85 1 8 -97 25 -69 -34 32 -49 74 -45 -52 -5 -40 15 -70 -66 -54 -21 -54 41 -52 98 -53 40 -26 49 -37 35 -30 -34 -33 -60 -68 14 -62 4 -19 72 79 -52 -38 -28 10 68 21 -8 31 -86 -38 -69 -2 82 56 56 -74 -80 -83 93 -42 11 -43 -90 -94 -23 98 78 34 -7 -99 38 3 -73 -93 -77 70 66 -84 -6 -30 -34 -22 67 9 65 -61 -20 -32 -44 40 80 66 14 -84 86 60 78 30 -8 34 43 67 -92 -95 -8 16 7 -71 -1 92 -81 -90 12 -51 -93 -89 12 82 -38 47 57 68 -25 -31 -22 -99 68 -14 -22 -26 -57 54 73 -40 -28 86 68
-64 96 -80 -32 -32 52 21 38 -63 20 -33 -38 68 7 -65 27 71 -95 -43 46 50 81 -65 51 92 -48 -84 76 79 -33 -38 -90 -84 -89 22 18 33 -61 46 19 95 -56 -13 60 -69 97 -94 -65 -8 22 97 51 -37 -80 -67 -98 -32 -78 -77 61 -18 -24 -14 36 -8 86 -31 84 50 -5 -38 95 81 -43 67 -35 -83 -33 -5 34 -92 15 -99 -96 13 91 -44 -4 -87 13 -13 -57 57 -4 56 -39 40 -25 65 -98 71 -53 -30 -44 7 67 -37 58 -28 95 -15 46 -70 58 77 -24 75 -93 14 60 -40 -85 73 5 -38 18 -31 -83 -20 43 37 76 -22 48 -78 10 20 -22 -27 29 56 -73 93 50 42 67 36 -83 -88 -91 44 -42 -6 13 21 34 -3 -23 51 -72 -82 26 -41 13 -35 -44 -99 -97 -43 83 15 77 83 -66 -13 -48 9 92 84 47 -44 -23 28 92 86 6 -89 -72 63 -38 -86 53 -41 16 -30 -28 -62 28 36 18 -31 -29 -55 -96 68 -20 74 8 -20 -4 53 -35 44 92 32 11 72 60 31 -56 56 46 -36 -44 21 -20 58 14 98 -33 98 -78 28 -15 83 2 15 30 -75 -51 70 -45 98 81 79 57 54 14 -85 93 66 -89 -96 63 86 -13 47 -13 44 62 -39 -7 78 -17 -36 6 -9 -54 85 -12 -76 0 -14 -52 -41 -38 4 -30 87 -98 11 -14 -68 11 -31 63 -60 -36 56 96 20 -50 -94 -58 -49 -82 35 -36 -19 5 71 -4 -50 76 17 -58 -21 44 70 -46 -18 -58 8 48 -84 4 58 -37 36 26 31 -2 -57 -21 39 97 45 47 -96 20 7 17 37 -91 -85 -12 88 80 94 32 -19 39 -97 -21 39 93 -24 -61 66 55 93 4 1 -9 -51 18 -83 24 -11 52 83 -68 91 -14 38 -69 -54 60 -97 71 47 -77 23 -7 -70 -64 -19 -25 -67 55 -96 85 -4 87 79 44 77 88 -25 -9 71 -81 45 -77 -44 94 15 -57 8 -36 -61 88 -33 -3 23 -69 95 25 -74 16 -16 -92 -38 -41 -70 -30 4 5 -16 3 -77 -57 -74 -32 46 41 -40 -61 -8 14 90 20 84 3 -57 71 4 6 -64 -16 81 -54 60 -63 29 -11 42 -99 2 -86 21 8 -37 -16 48 -29 19 -76 47 76 94 83 61 -53 -37 -13 10 -50 -28 77 96 22 59 76 -89 -16 -15 -23 72 71 -54 13 79 58 -52 26 22 18 -73 34 89 -9 48 -73 47 -52 -65 -18 91 -38
-20 -88 43 -9 56 81 57 -52 -12 68 67 -73 -15 19 98 99 -34 -43 79 23 -95 77 -87 6 -20 -6 50 43 -42 78 53 89 -44 27 -67 -77 73 -75 -45 -76 -91 66 -10 50 -42 77 -91 -28 16 17 -2 56 50 -26 76 -4 -93 -34 -54 -85 68 28 57 46 62 38 -45 -68 38 -76 -83 -18 -3 96 -7 6 5 -28 52 17 -97 60 -97 67 -40 10 82 -70 4 10 -94 40 -23 79 35 7 -39 74 21 -23 -38 -33 93 97 -9 -35 46 -10 15 24 -3 7 71 -21 32 74 -41 42 24 -48 -71 -52 7 -51 -19 16 41 46 -36 6 -9 66 32 94 93 21 51 74 24 -20 -70 -8 5 -58 -90 73 -25 69 20 -14 14 -34 72 94 31 -76 10 -36 -97 -85 -45 -51 -15 -57 -5 -24 30 89 23 84 66 -97 28 49 66 5 -39 -26 25 -82 -46 -2 -21 -70 27 30 -73 36 11 -89 -40 -49 69 79 88 65 54 46 -52 10 -59 77 58 9 -83 25 -45 -94 -71 -90 -30 27 -73 -52 82 -28 91 5 -73 -53 50 -96 -93 -86 81 85 -4 39 78 26 3 -62 -71 82 -46 -70 -59 20 0 58 -33 -49 24 25 89 -19 -51 -52 -48 40 78 -24 2 80 82 -97 -89 -35 -12 58 41 89 -66 0 -18 91 33 -52 78 -9 -29 89 95 52 -11 35 29 -65 -78 5 11 57 4 -69 9 -49 -27 50 -71 -11 70 -75 -31 -72 -18 94 -49 -30 44 -52 30 48 57 -65 -27 -39 -63 61 20 -71 47 38 58 13 -30 -60 -45 56 26 47 92 79 -3 35 22 -85 47 -45 66 99 -55 92 -34 0 30 71 -54 43 1 16 -41 16 -8 68 -63 -77 -96 -82 -67 -51 9 19 -90 -84 63 62 18 -3 -69 -24 -35 -87 -21 -81 -70 42 72 -76 91 -73 -62 26 82 -14 86 28 -42 8 97 91 68 -42 64 11 85 46 -93 -64 37 -34 -49 16 3 32 77 -1 44 6 52 56 -72 -56 -57 50 10 58 99 40 65 -90 -64 -58 -50 -41 -51 60 -59 -56 -8 -6 18 19 -5 -49 -79 -53 5 32 -88 -69 87 81 -10 -31 -90 10 45 -48 92 -39 63 -34 66 65 6 49 -70 -3 -1 59 49 23 -41 -19 97 66 -47 72 -23 -77 -14 -40 -84 79 82 -2 46 -11 -58 8 -70 -51 -53 -18 -43 84 -81 -80 -43 -4 9 16 -20 -52 71 97 -49 19 -35 -41 -33 86 92 67 -54 29 -60 -50 -81 44
-90 -74 -10 62 -78 21 -11 31 -30 -1 52 21 50 -88 -51 12 17 42 -8 -30 6 -47 93 95 41 10 -95 -56 -27 88 96 -62 24 -8 67 55 -46 -29 15 5 26 23 3 71 -98 43 -63 -15 -87 -43 -54 -38 -69 -29 53 -74 -58 54 29 -94 73 -86 -82 -12 81 -53 -29 84 12 89 -29 67 65 48 -10 -65 76 89 43 -63 77 -42 13 72 -57 33 -30 62 -81 75 -89 13 -99 -9 -95 -5 37 -82 -75 48 97 65 -20 81 -1 15 48 13 -44 -16 70 -92 -93 -83 -78 28 -25 94 -79 21 28 0 45 -13 91 43 -77 -36 -11 46 35 -7 -95 -61 7 -44 -75 -66 -79 75 53 -53 82 -66 -66 20 -22 -50 45 80 36 -34 -79 -81 70 95 93 89 -27 -18 -82 -73 -6 -58 36 24 10 29 9 53 46 -17 91 -85 -8 -67 -6 -97 -83 49 -57 20 -63 20 -70 -53 -28 -76 -72 78 99 48 -86 -69 -54 61 54 87 10 -21 64 -70 25 4 -32 -80 -4 -55 17 -26 -11 18 -57 -82 -76 43 -64 32 35 95 -81 -80 -37 -67 -91 61 2 96 5 -61 54 22 -20 -60 -72 -84 95 -77 -63 20 39 56 -4 36 -80 4 75 -19 -54 35 98 53 -24 12 16 -99 -93 -70 -60 -18 -7 -10 -36 49 63 0 -22 -83 -18 77 30 37 40 -54 59 -1 -20 -55 50 -61 -29 87 -38 6 45 41 57 47 63 -38 3 43 55 81 -70 -9 31 -53 -25 -3 27 52 59 92 -26 55 10 19 21 71 -91 96 -98 81 74 -31 65 -49 -56 -16 -85 57 -11 76 -86 33 -4 -30 71 26 -68 85 -98 11 -98 -54 99 -10 55 4 74 99 68 -77 -91 55 -3 66 -46 32 61 -21 6 -63 -79 -33 -88 -16 57 1 54 99 73 40 -49 44 80 -95 -4 -59 91 81 96 -60 -80 -93 55 -52 -16 15 25 -18 -16 -27 80 54 -84 12 -5 86 55 55 57 -29 41 -94 81 64 84 93 59 -97 26 12 18 -66 44 48 -29 -66 -3 -55 57 13 60 -55 -10 -59 57 52 -83 -85 -70 -63 3 -8 20 -87 42 50 -20 -49 -22 13 -8 -93 1 27 -39 70 -90 -74 -13 -49 -24 28 -27 -95 -94 65 -77 28 62 8 -96 -67 -68 -53 -86 86 13 -1 -84 74 -86 70 -10 -67 -52 0 -7 81 -76 62 19 -31 26 23 55 -5 71 96 -70 48 -95 43 37 -76 82 79 24 87 13 -85 -86 6 56 37 -22 -20
45 -14 -78 -86 16 19 -14 8 71 -63 39 51 -23 41 -71 73 29 76 -46 90 -38 -51 -16 60 24 6 44 45 43 19 48 70 -28 -18 -9 -48 7 61 25 27 -80 -55 -19 -7 -81 -86 86 -28 18 -65 -88 80 2 38 34 95 -32 -40 73 -66 27 7 39 44 12 -47 -32 14 31 2 -75 40 -6 39 84 -53 -43 -34 14 -34 37 54 80 -69 -85 -69 88 9 -86 59 -22 -55 -7 -46 -17 -56 85 67 95 -19 -44 35 -18 79 65 -94 55 -4 29 87 -66 -51 19 10 -28 75 19 40 51 -17 23 71 94 -67 59 -1 -56 -80 -10 18 31 -74 -66 82 -3 -2 -15 -1 -54 -36 -98 -80 -3 -89 -58 75 39 66 34 78 -5 -99 63 -46 87 73 -86 86 21 -30 -98 -56 -9 26 87 -26 -8 -46 -34 -23 79 22 -59 -6 64 80 -22 98 -52 -75 -88 -51 -77 -18 -16 78 -20 27 -21 55 -99 -23 8 -33 -65 -38 21 -1 57 20 90 -70 71 -43 1 27 -59 -30 -86 -79 87 -14 -54 58 -43 -25 -57 20 -78 -7 30 97 -38 21 -12 -66 41 -75 86 17 -99 93 8 -96 -95 -22 30 41 41 65 -48 10 16 -52 -5 40 -25 90 -30 73 98 -98 -86 66 -40 -76 -98 -78 -36 77 76 -24 -88 68 -92 74 -48 -30 57 -85 35 47 -63 -87 16 59 99 95 -68 -86 19 57 79 -55 -63 47 -18 46 -75 -2 -21 9 -5 -47 -19 -76 26 0 -46 -30 -29 29 71 47 81 83 -96 -51 0 64 -17 -64 67 69 -67 -79 -49 63 31 93 -12 6 72 87 70 7 -77 20 5 49 -25 4 53 -16 70 -55 -80 -18 97 -45 96 71 -47 -39 31 26 -73 -42 43 45 -44 -77 -40 31 -66 -85 -74 40 -30 -92 -27 -37 27 68 53 -50 -65 69 81 -17 -32 -52 -83 -34 6 57 -53 -23 70 97 82 95 -77 -65 -52 -54 -73 -5 97 55 87 -7 18 -88 0 -35 -93 -26 -81 56 -28 -4 -40 3 96 -18 -76 5 -13 36 -3 34 88 1 -28 -73 92 -89 65 -29 -10 -96 29 -68 72 77 30 10 -8 35 -86 57 91 -17 -96 45 -1 18 0 7 6 -46 40 -12 24 54 -21 54 -29 -50 -74 85 -21 86 -43 74 -96 -21 49 -29 41 19 -98 -2 90 99 82 -42 50 -13 -27 -92 67 69 -9 55 18 -64 -77 -2 -26 5 -58 -91 91 42 -93 -1 13 21 -3 52 -55 18 -19 39 17 46 27 -12
65 -69 8 -39 -10 20 67 -13 75 -17 -93 33 98 26 34 70 -55 -63 -48 60 39 -29 -58 44 -98 -23 -52 -80 -46 -17 -55 -17 88 15 36 -2 66 15 72 -62 64 18 23 25 -34 -25 -79 80 -77 44 7 -75 76 -6 -59 -33 13 -49 9 -73 -63 -95 -90 71 -88 94 72 -76 -59 -88 10 67 2 3 -83 -32 11 -56 -68 46 -51 7 -60 23 -71 -99 2 -30 31 74 6 -48 -36 78 -68 22 -61 -34 16 -33 -14 -81 -83 28 -28 21 -26 -95 -60 -65 -53 10 30 -11 -72 -42 97 -54 -13 -95 -56 -88 -98 1 9 49 53 74 -38 18 46 -68 -59 -68 -26 3 -34 -48 85 39 65 -83 98 90 -91 33 51 25 66 65 -19 6 54 -65 51 6 -84 -54 -34 28 30 67 95 -27 31 98 25 85 9 -91 10 -18 38 73 -64 89 23 -30 29 -47 29 -82 63 73 -99 38 -83 93 22 -99 -34 71 -96 9 77 -22 11 -11 18 -53 52 -97 -44 52 -92 -60 -78 -77 -37 4 -45 -74 63 -84 28 -60 -82 58 -21 -47 95 -23 99 -57 -28 3 47 7 36 55 17 53 86 -55 66 -55 42 82 30 32 60 27 -18 -28 -40 98 53 87 -29 62 53 30 34 35 -83 75 -4 63 -54 97 -94 -96 -72 28 -25 -15 79 50 17 53 58 -98 59 -11 3 15 33 -2 -42 -38 84 -2 28 38 97 42 70 4 -26 51 99 99 3 -74 98 -69 99 -73 -95 -73 58 62 -42 -89 -29 19 25 -77 33 46 3 -90 70 -20 72 68 92 -25 -79 -41 26 -61 -37 35 1 0 -87 -66 -49 -74 -51 9 -18 -70 8 83 -36 37 -15 85 40 -25 44 62 -98 46 -12 24 19 -30 24 98 -52 -27 -84 94 3 -70 -30 88 -33 -37 -14 -41 -24 11 -47 -79 -21 -40 22 13 -8 13 -14 -3 59 -71 -86 72 25 -94 -42 15 26 52 -77 -36 26 77 -98 15 -73 69 19 -9 -43 -32 -33 6 48 -78 99 -21 28 49 -66 -54 -88 1 -56 27 65 9 -93 -14 66 0 29 -35 -65 -89 47 26 -11 56 -52 -39 -21 18 -67 24 73 -81 -48 -14 -8 -95 -95 2 19 -66 -50 -9 98 -9 77 35 -11 43 78 -41 -29 -57 17 -8 81 -70 93 72 -98 -50 -51 63 -47 -7 3 8 -29 -80 16 -98 -66 87 37 12 -57 -6 74 26 -41 -42 -27 -48 11 27 6 72 24 10 72 -38 -12 87 -33 56 25 38 84 -69
73 -99 91 -84 -77 -8 63 50 48 51 -62 -66 51 72 -68 83 -26 -15 30 -81 -80 -38 -40 55 66 -60 -81 -52 -14 -43 73 -91 19 -52 20 30 59 15 -34 -68 76 70 -42 -15 36 15 -22 67 25 -17 69 -2 81 28 -73 73 -41 -17 -85 -31 44 28 20 31 -19 -29 -2 -34 54 32 2 -66 -41 -70 -39 30 62 13 69 7 11 22 51 55 -77 -23 68 -3 -23 55 -13 38 -20 -34 45 93 -64 46 15 -84 57 27 39 73 -53 4 -49 90 -36 68 13 -38 -54 -2 -63 38 13 -98 -67 83 30 -49 -19 22 -72 -99 0 -63 -61 -23 48 66 98 -72 81 -63 27 21 -72 40 14 15 69 18 -34 -46 41 -59 -23 -36 47 91 61 6 -26 98 -72 -87 86 41 86 -49 -30 -93 26 16 54 -11 2 -5 -35 -3 -77 -85 -67 31 -65 -96 31 -5 -69 -5 -7 -79 -15 -35 -55 92 -18 -45 5 65 -88 56 -35 -77 58 80 98 -50 -47 41 29 -82 -9 5 -77 58 2 -25 -54 -71 10 -68 -30 -1 90 57 -36 49 -36 87 1 -5 14 -53 80 -28 -94 77 68 98 -84 -39 -90 -91 -17 19 -32 75 -21 96 94 1 18 35 -61 -3 -76 17 -85 -27 -34 -47 77 87 41 10 79 -38 96 -81 86 25 66 -56 29 83 -60 94 43 11 24 -37 54 -8 87 98 86 98 -18 41 -85 -74 -39 65 -50 -10 73 -65 2 -37 -50 61 -86 99 4 -31 64 70 -41 98 -98 71 -85 21 70 -92 -62 -6 41 61 84 -99 -51 -35 96 13 76 66 -52 73 -20 -4 -80 46 -90 56 22 -87 -24 15 95 39 50 -65 39 -45 -14 -67 -21 -43 71 65 -29 86 5 65 -96 59 90 -21 28 14 9 -30 -16 0 62 28 70 24 61 91 89 46 -30 -39 -95 29 -83 42 59 35 -16 80 97 55 48 -7 12 49 90 -20 -48 -7 76 -56 43 -77 9 97 33 -61 -82 -77 57 -60 -13 -27 -39 93 82 11 55 33 -75 -46 -40 -68 -5 -86 26 -68 -10 54 45 58 30 29 -51 63 -75 -28 66 89 37 -21 -24 -96 87 -83 -79 25 -53 62 -72 20 -52 4 -6 -51 66 -37 24 -48 68 7 -79 63 -34 -2 73 -49 -7 27 57 -74 -13 -9 21 -49 49 -23 -61 -18 -77 10 50 -2 45 -5 -86 19 -54 60 -36 -86 42 -21 -90 22 -49 -57 -35 29 12 79 26 22 -1 30 -41 -4 5 69 62 -69 -54 54
-83 32 66 53 54 41 9 -38 -32 -25 71 -72 99 -82 -9 -57 -57 71 -43 59 71 -60 -31 53 91 16 -1 -18 -63 -51 50 -27 -13 37 71 -78 44 -13 -55 -15 -24 -89 -69 91 79 81 92 -93 -92 7 59 92 86 95 43 21 -1 3 47 -50 -27 99 6 -65 45 -89 -1 53 35 -54 -17 95 23 -83 -5 -86 -2 -8 -15 -19 64 -61 -33 98 1 40 -52 -56 -43 48 -86 -56 15 -52 -86 -86 45 49 -17 -3 87 44 43 70 93 10 54 -55 -86 -20 -27 -55 -40 -2 -7 9 -2 -63 23 -82 47 -21 37 54 44 -2 -22 -79 -53 -26 44 -27 -14 -65 -43 -37 23 -47 28 95 94 -92 -31 76 8 56 -5 -98 70 -34 88 -20 71 29 -47 -46 60 47 16 -49 -72 -19 81 -62 -87 67 -81 -62 -28 -23 96 -55 32 74 50 44 -3 -77 -66 14 -72 -76 -78 78 -93 -78 48 17 -21 99 -97 -99 38 63 -4 18 -40 -84 -56 -57 24 -65 -45 -39 33 64 70 7 -31 -52 92 15 -55 -71 70 82 -25 53 41 -21 6 -78 34 -90 -79 67 49 42 -16 93 -61 -95 -60 79 -91 -9 9 -98 -46 -59 -39 -76 88 -67 -64 27 93 -52 -22 37 48 31 34 -5 46 40 -12 -80 54 91 1 23 -46 45 -57 -25 -36 88 25 -35 32 51 89 -16 -5 54 -36 -46 19 -6 96 -51 75 -61 -26 -72 -72 56 -2 13 30 80 59 81 -30 -49 -73 83 -2 -63 77 -68 47 -52 -71 26 89 -49 20 51 56 -96 16 44 32 -95 19 -62 -78 -62 11 -59 -91 0 8 -9 -66 74 -46 73 91 69 33 94 92 61 -93 27 -7 -55 -3 -60 -71 86 -2 44 94 -47 93 8 -40 85 -2 -20 67 -40 -78 -40 -56 -89 30 39 -59 59 -6 48 -1 58 -31 -18 80 97 39 -23 -4 -79 -12 15 56 25 -78 94 55 -39 27 -71 -24 3 35 30 40 -54 -63 30 -96 95 24 9 -45 74 90 -83 80 69 -99 -72 -42 1 9 38 88 32 22 -75 -74 47 -48 -43 -64 58 -77 -12 97 -34 1 -72 64 33 -26 -20 -54 -54 8 92 -48 37 40 67 -47 -41 62 -83 41 -17 -20 -22 -38 -61 30 -22 56 34 -50 -96 95 10 -68 -73 -68 26 18 -41 -32 -71 -20 94 -7 -25 -20 24 73 98 80 -24 -10 29 43 -21 30 68 54 -56 -29 3 -6 56 45 -27 -30 -58 -2 -48 -63 -17 -34 55 62 -27 51 14
86 -6 -89 72 63 -94 -28 90 60 90 -62 -78 28 5 22 37 -19 48 88 -32 -96 71 82 58 -64 -27 -66 54 76 31 35 10 23 0 -5 69 -19 -52 -38 41 37 2 -27 -5 60 -76 -11 -29 98 70 -85 22 17 94 28 -50 16 -62 46 41 11 -27 -12 92 -79 -24 92 82 66 -86 4 -57 23 -12 -82 5 93 -4 52 18 89 -82 76 -50 19 -95 -1 35 98 -81 -48 52 -74 35 -53 69 71 8 77 -49 -69 31 -28 -32 -26 -35 36 -66 -67 69 -90 -30 -22 -6 36 -34 70 77 -48 58 75 28 -71 91 -55 -81 55 -77 -17 -21 -60 -34 -11 -61 -72 -12 89 29 -23 -94 -82 94 63 -59 -92 57 42 2 -34 -19 -74 13 14 0 71 87 -52 -57 28 92 20 -48 95 -75 78 39 33 -35 -80 53 -55 -2 15 25 83 55 8 -13 -29 -68 -50 0 -20 -9 27 -82 41 93 -71 50 -16 63 -38 -47 35 88 -89 30 -90 97 -72 -79 63 -9 -70 -7 65 16 -24 97 -7 -33 29 -65 28 41 22 -11 3 -55 -34 75 -30 35 44 94 36 38 -71 -78 12 -53 26 82 23 -19 -66 22 57 -61 -46 -63 -47 38 24 20 91 -78 46 90 -54 9 -9 0 10 -27 40 -58 -22 -83 53 -85 34 52 29 -69 85 -56 58 34 98 -79 78 14 -73 10 -1 -79 -14 -91 -61 -13 -12 15 -80 92 -4 79 -13 -18 -44 -49 85 -14 75 -41 -76 -49 -79 0 7 -73 -82 -50 -33 -87 50 87 -73 27 79 -87 58 75 -15 96 -35 92 17 -3 -12 -26 -26 66 86 44 -3 39 72 -10 41 -29 -43 21 11 -64 72 95 -27 71 22 -46 -6 87 -32 -23 19 -98 -17 50 9 -62 7 33 -36 32 -60 -9 -39 -68 46 28 21 -53 -16 -77 -94 -29 -55 47 -28 -1 9 -92 87 79 -29 -52 -20 50 -23 52 34 -74 44 -58 -15 97 31 74 -24 -11 48 13 -20 -54 0 65 59 88 -97 93 -32 -46 -76 64 72 -16 -27 41 93 -26 29 82 86 -16 86 -12 -76 -63 65 -34 44 -50 42 47 30 -95 -7 -85 3 86 47 -14 90 65 -99 64 67 63 57 -65 68 1 97 -64 -11 -67 93 72 76 -9 -90 90 87 -35 68 50 23 -13 -43 -18 -69 -84 51 -61 83 -33 -84 -70 -62 -62 13 43 -67 37 35 13 -78 -38 44 19 -6 94 -61 -37 57 -2 -37 32 26 26 33 38 58 -35 99 -80 -27 -88
36 60 76 -93 33 0 -41 -25 32 48 -38 69 -6 17 89 -25 20 -42 37 3 69 88 74 -35 43 85 -25 91 -40 88 91 -97 -76 -82 14 -51 86 51 -79 -29 -17 -66 -48 -47 -46 -21 -97 -33 -41 -59 -91 48 -91 4 34 66 -64 99 47 2 25 -75 87 -20 -82 -39 -62 -77 -7 -59 -6 4 87 -58 -33 55 5 -91 94 -68 80 -68 -27 -67 -42 78 99 89 1 -81 -94 11 54 51 73 -78 46 88 -90 84 -14 -63 23 -84 60 -54 25 64 -98 90 -76 -43 80 40 96 56 81 97 -25 -1 -38 -62 -98 -99 34 -8 48 -93 -21 -88 -43 -4 10 -72 -62 61 39 10 -16 -20 22 -55 -82 1 62 -95 -85 30 82 -34 -85 -63 -39 54 78 -62 -15 6 -60 -1 -56 81 -82 -92 17 -94 51 -42 43 -78 -10 -45 -88 -73 66 -55 -96 78 49 -20 35 -96 -6 15 -76 26 -42 -8 -24 38 -89 94 47 -11 15 53 64 -67 -97 -65 -23 -66 74 34 -88 68 92 76 51 94 27 15 85 45 57 4 27 13 70 22 -24 11 -31 11 35 -11 62 -37 -65 52 93 54 -18 -28 33 81 -15 90 82 -43 -77 -47 4 25 -78 -21 63 -53 0 -51 -2 75 -30 -8 -23 -79 63 98 -91 -91 -12 -52 98 15 -13 88 -16 -24 40 91 -92 25 82 68 31 -71 30 87 32 1 -64 21 -34 21 65 -15 95 -45 29 71 -46 28 -25 -9 92 -27 50 -92 12 -15 50 71 -56 11 91 -66 52 27 -40 64 -98 97 -74 -25 -61 59 -56 -12 3 75 69 -53 73 6 -68 85 18 -90 28 43 -84 -78 -86 85 43 46 -33 38 -13 -43 -52 88 38 -21 2 25 -33 4 28 54 -5 14 -71 -20 -29 -18 9 50 37 -21 -98 39 72 30 -66 -27 -29 9 -82 75 -41 -14 -42 -99 88 -96 -28 -69 57 15 -49 -20 -5 -13 -79 -69 16 53 -63 -72 -82 -55 -18 29 87 -83 -74 49 41 35 26 -93 -37 78 3 -46 90 93 -1 -1 -5 81 -54 -27 91 86 -51 99 -60 78 -51 -5 76 -52 7 -17 -43 29 31 52 16 45 -18 -65 24 76 64 12 -96 97 -79 -94 36 -40 9 -51 43 -27 25 -1 -53 33 -4 88 -35 -12 95 -33 43 -37 6 -31 48 54 17 -40 -68 -8 64 19 -52 35 -78 52 2 -54 37 -88 -20 97 91 16 15 36 7 -39 53 69 -21 -88 -16 -90 -51 7 -88 85 23 0 -76 -29
33 33 23 -40 -51 -70 5 -70 2 -57 -9 -45 -92 -66 3 17 -81 0 -49 -14 35 -35 81 36 -15 -49 77 14 41 -95 -68 -6 -11 4 21 -25 -89 90 28 -94 21 -88 53 -92 -12 0 21 -2 14 -22 79 -12 -8 -48 98 -48 57 96 23 -3 -16 27 9 -40 -89 21 -14 78 12 -23 35 27 -81 55 -62 65 1 -62 72 60 -93 -41 -10 -98 74 -61 -57 -49 86 -49 88 89 40 74 -71 12 -83 -63 -10 40 -86 -73 -85 -97 73 87 15 -64 40 12 96 -88 -51 71 -86 92 28 97 94 23 35 6 -79 14 9 -31 81 3 0 -75 69 -32 14 26 -48 51 97 3 42 -53 -37 -58 -77 45 -82 -43 -75 20 -95 36 88 -17 95 58 89 -26 3 29 -88 -15 -26 39 -61 -60 -54 -1 32 68 63 -24 1 -5 -7 -36 65 92 -72 -13 89 -71 -1 -13 -93 77 -11 -13 72 -13 31 -85 -45 -17 27 -7 30 69 74 50 50 9 -35 -35 -81 -42 2 39 -4 -43 69 -82 -77 84 -22 35 -7 -80 -26 -83 78 -10 -50 -82 2 -67 -53 21 63 -70 79 -6 68 -74 -41 -77 96 -33 85 -11 -96 1 -38 30 -52 40 -26 -87 58 -18 56 82 -4 51 98 31 91 -69 -9 -82 -72 -25 55 -24 -77 51 -96 -3 9 -4 64 40 -47 68 -16 -86 -51 88 58 69 -51 13 -29 20 43 -32 31 63 77 -56 24 -20 -8 -83 28 53 -40 -14 42 -65 24 10 59 -25 33 63 95 -24 36 21 -12 98 -98 -64 -65 69 -3 -95 23 -79 -21 -31 -79 30 -31 -92 57 94 55 -96 -65 -47 68 60 -4 59 -57 11 -5 -73 98 69 -74 13 -79 78 -23 -25 32 46 -65 80 -32 51 97 -74 23 45 -26 82 -35 -53 21 49 25 -99 -24 53 -74 29 -90 35 -13 16 63 -71 -19 9 -65 21 -51 86 55 69 21 -4 -87 -39 50 -69 -74 -93 40 66 -91 80 -8 -57 2 -24 2 1 67 -87 41 -10 -66 94 -79 -16 24 -22 8 73 -55 -69 29 53 -91 9 -70 -50 15 -21 -68 35 -57 48 -80 -48 -46 -28 93 73 47 -81 40 -75 -37 32 -76 69 59 -63 18 36 57 -97 55 78 44 -45 27 83 -40 22 86 38 -21 -37 8 93 -26 -96 -71 21 -77 -7 8 -47 73 5 -21 -45 -82 98 44 -60 60 -72 57 -18 -65 -14 -8 -61 95 44 -49 93 13 -45 11 51 -71 37 -64 39 77 -44 94 74
-93 13 69 51 71 -77 20 53 58 -45 -58 -86 -30 -6 12 -23 23 -98 13 40 -97 -89 28 -24 -72 -50 -22 47 -85 -46 -40 -84 83 75 -23 52 -53 -65 -36 -42 -78 68 1 26 -84 -47 -11 -48 8 -10 57 -47 53 67 -37 -92 -46 -20 95 -86 -21 -92 60 8 -10 -12 -27 92 -21 -78 -24 -65 97 94 -70 33 67 -33 -94 -74 79 -24 47 9 61 -33 -94 91 21 -42 -92 52 85 42 -5 58 96 6 32 73 2 -3 -39 61 -70 -67 -17 -94 55 68 63 -19 -37 93 49 48 -72 20 36 36 -22 98 -58 53 -69 58 -16 -27 56 97 35 37 51 -76 -96 -54 45 14 58 18 83 14 31 66 -64 93 -53 17 -12 50 -17 7 -66 68 -49 -42 84 -73 -22 48 -84 62 73 21 -67 -56 76 -94 -42 -66 62 -1 -96 -6 -88 -74 51 35 81 -69 -83 36 -9 8 -92 -29 54 80 -45 -59 69 -98 -59 -77 -63 37 34 -62 32 94 61 -59 85 56 25 -19 66 57 -4 -26 -92 94 -26 -59 -79 53 -46 64 -55 -88 -36 17 -71 59 -72 -84 41 66 -59 87 -65 34 73 -37 82 42 -77 -9 -61 99 -11 26 -89 -92 -39 96 15 30 -26 50 -10 -62 -81 48 19 -68 42 -33 19 -70 93 77 27 56 -15 55 15 -89 98 -99 -58 4 -63 23 14 -56 -44 -58 99 -33 97 -97 -97 -51 93 11 -63 -92 44 -43 -89 -14 32 -38 -66 17 38 -74 -96 -6 69 -24 21 90 -44 69 1 33 92 -98 54 -66 -32 -93 -71 -56 26 52 86 92 68 42 97 7 40 -20 -93 -25 24 56 -59 97 -84 73 -87 -8 9 92 44 44 21 -53 98 -4 92 78 -90 -74 62 20 -66 36 65 41 -65 -34 92 32 8 23 18 23 -73 7 74 -19 73 80 64 -43 14 -16 -69 96 29 72 7 46 -65 -46 67 10 67 42 91 -7 86 -58 -86 -82 90 -26 -36 -92 -88 33 -64 -4 -83 66 58 73 -72 42 -39 -5 -86 10 43 -86 -69 31 -75 54 64 -30 -31 64 90 73 -64 6 -8 -78 -58 -43 -61 60 82 -81 -7 -77 9 -63 15 -82 38 19 66 -41 -85 -96 96 25 36 36 -75 73 -85 -54 -67 -8 63 -94 -76 -96 -84 30 -82 -51 -6 -38 33 97 -12 -86 31 -41 -68 12 -42 88 -30 12 2 -97 85 95 -8 -91 -18 -33 81 2 18 -14 47 -61 81 -29 -56 53 -60 -48 3 -11 -5 -93 -49 -27
-66 -15 0 13 20 -1 81 0 50 -79 50 96 78 99 68 -36 -66 53 -65 -87 -72 -86 92 -71 -4 60 -83 -22 -34 49 60 -80 -28 77 62 11 45 16 1 -4 -34 68 -86 19 -74 82 -79 -64 71 -79 95 -6 29 36 -42 -75 24 -70 -48 24 -86 -49 82 -30 -10 42 65 -76 46 97 17 -90 5 60 69 11 -58 20 -90 10 88 -60 66 52 -8 57 -50 -72 -85 -72 32 39 -47 79 -30 -95 -2 -33 63 33 -8 -50 -79 -97 -8 -82 -71 -68 -58 20 -40 -37 -53 -45 87 33 -46 75 39 99 -7 78 -30 -37 -85 78 67 6 1 78 -46 40 25 -87 59 -94 -37 8 81 27 6 -8 -54 66 -89 -21 -80 -20 79 -99 -56 31 3 -74 36 87 -70 -27 -43 71 -56 -74 -70 14 26 -43 -67 59 67 5 -27 6 -73 59 89 -49 -18 39 93 69 -4 -33 27 -95 -68 12 4 -96 -54 -73 0 94 39 54 94 -31 84 -38 -94 4 9 8 -5 -68 5 5 -37 40 -8 -17 -25 76 -65 35 -50 -52 11 -77 -59 -52 50 -82 -85 -38 -44 45 77 6 -55 91 39 78 -97 23 -18 -29 2 54 -9 -64 -23 8 -87 -84 12 86 79 -66 -14 -13 10 59 19 64 -61 10 -22 -70 49 -39 81 76 46 3 6 -10 30 -34 96 -79 91 36 80 -75 47 91 31 -35 -53 -7 64 45 2 40 27 96 90 60 -73 -63 -37 -94 71 -38 -38 42 34 -28 98 -88 32 -21 4 -59 96 69 -90 -67 -36 -99 87 -35 -2 43 77 19 18 -24 46 -84 42 82 -80 81 -72 -10 -33 -42 -73 47 87 -16 43 -43 -39 -32 -45 -48 66 -38 -99 64 -20 -63 48 -33 51 -32 -98 -58 -48 9 -82 -29 96 -41 -36 -13 -24 3 -95 78 90 -26 48 99 -6 -88 -33 21 -82 -14 39 -3 37 -65 94 -20 -85 80 13 95 -14 96 -3 9 -89 -18 -7 89 59 5 -91 31 50 68 -1 -8 -16 59 -15 -21 70 -38 89 -64 -59 60 -48 44 -49 -72 52 -29 27 77 25 0 -79 -94 92 -8 -46 59 76 -51 -87 -27 -35 10 -47 -33 91 35 45 -84 -56 15 -28 24 18 -15 0 28 14 -19 -46 -38 7 -42 91 -32 -49 -24 -49 -89 -43 85 -18 -11 23 21 -30 36 -16 43 -22 -41 -75 23 5 -25 -54 -20 -19 27 -26 -70 -59 -40 48 -81 -95 63 45 -34 -66 34 -41 -88 63 59 67 79 63 -77 99 -49 -29 -15
-22 35 -84 -99 77 85 -42 -43 43 -51 54 6 -91 -21 -95 -78 -35 99 65 -27 68 98 60 38 -19 10 76 -84 22 58 -44 73 99 -97 -48 36 66 99 -7 52 10 -66 71 32 -10 -95 36 -77 7 -63 71 -89 9 -58 -28 -75 -29 50 50 84 29 -29 72 1 -93 -28 30 -54 66 52 -91 -15 72 -84 -85 39 -65 -61 -43 85 -78 -3 -88 13 40 70 60 19 95 -39 -65 -92 -67 7 16 -53 -34 -87 -40 87 -53 -93 -75 32 33 70 -9 -88 -36 77 85 -10 -78 43 -20 88 -97 66 -45 -20 -23 55 -4 47 -53 -1 71 -87 -13 51 25 -73 76 18 -96 -82 62 -11 44 -99 63 -43 -13 -14 -55 -95 -12 -52 -16 36 -57 -32 -3 -15 35 96 82 18 -69 96 50 -85 94 31 -71 -44 73 22 94 -27 30 -75 -44 3 77 -83 43 -14 -37 -29 -90 88 55 -47 16 -72 -3 99 -46 69 -8 96 -72 95 15 -33 61 31 -65 -51 86 43 40 -60 -64 -22 -21 7 38 -1 -19 65 67 -94 -93 -87 -77 95 -92 -6 -27 90 64 16 -5 43 -45 39 -88 -32 -18 -20 60 -89 41 -6 -52 58 -56 55 -32 22 11 70 19 -70 -77 -93 -98 -3 -32 29 88 -95 76 -70 -40 -25 -76 82 44 72 -59 -98 16 98 46 12 -87 -12 16 -50 -78 80 -93 -70 65 -86 52 54 -93 -99 80 71 -46 -1 -74 -14 -87 -63 42 -31 -7 -27 -68 -50 18 -78 -32 3 83 -26 95 24 5 -16 -38 -83 -74 -61 56 -19 -87 -1 -67 -61 24 -82 25 71 -62 -38 -76 8 -68 15 63 -30 63 -69 -43 58 12 -79 96 -13 -68 31 -8 6 74 -79 96 -42 63 -59 -73 -78 91 -6 53 54 -69 92 -35 42 89 -73 -89 -72 59 70 56 -69 -21 -75 28 -1 10 17 19 68 73 96 72 -54 73 28 -34 -69 78 -58 -25 -59 -80 11 62 54 -88 -74 86 -30 63 92 94 92 19 17 -80 31 -48 20 46 24 21 -41 80 45 -47 -98 -7 -56 -80 -4 -29 -13 -44 -33 86 -55 -70 77 -5 82 11 11 23 -29 57 -71 -94 -41 -54 -51 -73 72 -82 -31 -86 -97 -6 -20 8 -92 50 15 -35 1 -14 65 48 32 -49 -41 29 41 17 -60 18 92 -52 96 -58 23 1 -63 45 -29 -27 -97 60 -88 -37 24 34 -1 -55 87 -92 -59 43 0 40 -65 -49 39 -94 -57 -86 9 58 63 -5 45 -72 97 -46 45 81 18
3 -68 91 32 -21 -44 74 51 -60 30 -61 94 -17 -95 71 52 -80 -88 -55 30 -51 -21 4 -18 10 34 -83 -67 -77 -55 -48 63 37 83 99 50 -77 -3 -8 -50 -4 56 98 45 58 80 83 46 -49 50 52 6 -80 -32 33 -52 -82 -49 -28 50 26 -80 -84 -85 -5 83 -63 15 10 63 57 75 59 6 -28 -21 72 84 0 56 25 -21 -96 -39 56 -56 66 -62 77 -53 -97 -59 -26 -96 -4 94 43 -97 66 23 22 -41 -89 53 -94 45 -33 55 57 -92 -64 48 -76 34 -51 97 -40 18 -16 94 46 -51 8 -66 -39 -96 50 54 -33 73 72 87 -27 -37 38 -87 11 3 51 -97 -87 -67 76 -35 -36 -98 -18 45 78 21 -77 -40 -55 15 -72 48 75 -16 52 74 51 -91 53 -7 -75 -7 -28 -21 -35 -29 87 -81 -57 47 63 -55 9 -42 -10 68 91 -19 -41 -62 -21 -85 -55 9 50 -39 11 7 -86 -84 1 -40 88 -94 -61 6 -46 18 -99 -50 81 -91 -73 -29 60 -14 -80 -42 -48 -59 -46 24 -39 32 20 31 57 59 -70 39 94 50 -42 -9 -59 -22 -26 1 89 -59 83 99 -69 -75 -23 -12 -79 -33 9 91 -89 13 11 40 29 24 92 31 51 43 -8 37 -64 -3 -92 -1 3 -26 -59 -64 23 70 28 -35 -97 16 45 40 -24 -3 21 76 40 13 -60 8 24 -68 10 50 -65 -18 -43 15 21 -42 12 46 -5 -96 -48 10 38 -14 -6 -83 44 -57 -92 85 25 14 -60 73 -91 -64 37 -38 39 -37 62 3 -35 77 71 62 28 94 -36 -22 -76 -41 -35 9 95 5 -36 0 -3 -76 -1 -77 -37 3 12 45 58 -75 9 15 -73 -79 46 -93 -51 -43 -40 73 93 -71 -78 -43 23 -26 78 10 -63 -23 16 -27 -38 37 91 -71 -23 -73 36 77 -5 -18 -24 -6 -64 -70 -69 -16 -23 -41 11 30 -81 -21 49 71 -81 -77 26 -5 -64 -39 88 49 3 -45 -38 5 32 -77 71 0 75 -87 -27 9 -17 -90 45 -17 90 -2 73 -17 -45 -95 67 21 43 88 -95 -13 53 87 -61 -4 71 62 -58 -80 -73 47 53 -21 77 -52 6 -29 -20 -12 -83 -69 73 35 -61 77 94 -9 -75 6 -13 -97 -9 72 -18 -78 52 -25 -70 -1 62 62 -30 23 76 -75 -20 -3 -2 20 -65 -37 -63 55 59 60 12 10 88 75 -77 -65 29 9 -66 96 34 -47 36 16 63 -58 -54 -85 -63 36 -68 -80
63 -73 -98 44 74 64 24 8 75 -91 -86 -67 -65 44 26 59 13 8 99 67 -25 33 80 -36 -1 30 -52 99 -16 56 -34 -79 -64 2 12 10 -78 -44 -27 48 -90 35 -20 78 -20 -44 -87 55 47 -52 12 49 -16 42 -16 -49 0 62 -66 -85 -18 -60 -11 -77 -72 62 -58 -2 34 21 30 20 14 87 -78 -37 -80 69 49 7 -73 -92 20 -64 -59 -61 24 -93 2 18 -57 61 5 -62 -20 45 -18 -81 4 97 34 68 43 62 79 81 1 -97 3 -67 -3 -2 -57 45 -91 -77 -50 -80 75 51 97 14 38 29 -26 35 28 89 -79 -31 -84 -19 -39 -79 64 86 -8 35 -49 -50 -25 99 -58 -11 19 42 12 47 53 -23 -14 -18 6 67 -58 -88 -41 -82 2 47 -88 -46 -14 31 -36 20 -31 -37 -36 -82 -71 81 14 -24 0 34 71 47 15 -93 50 -22 15 -42 -43 10 -50 -77 -61 -92 36 -23 61 -75 32 77 58 -55 -72 81 18 -22 -74 28 -92 -99 -27 39 26 52 -75 36 51 -40 -1 78 27 80 46 8 -18 37 84 -32 -6 -50 58 -13 -69 -67 -82 -19 -61 96 45 -37 -54 78 -21 15 48 -57 -81 50 65 0 36 58 26 18 -66 -9 47 -30 70 51 -1 41 47 -98 -94 20 -40 22 -60 35 -24 81 16 -5 -2 -47 25 -8 4 -48 75 29 -8 4 0 -42 80 -37 28 65 -69 75 49 -25 -53 54 25 -21 -72 16 67 -71 20 15 -9 -28 93 -88 -76 6 52 -90 -74 26 -51 76 47 -97 -60 17 -39 26 -6 34 36 -66 -56 57 -74 21 2 -14 -14 -38 73 -35 6 -71 -18 -95 99 73 42 -29 -81 -50 95 -99 -82 -4 -80 8 77 25 78 -11 24 58 65 -71 87 79 95 5 12 19 46 -1 48 -57 -28 -11 -41 24 -47 -56 91 15 80 -38 -4 46 -31 39 41 88 -39 56 7 0 20 51 -95 75 -68 79 31 44 34 -21 -7 31 -25 2 -99 76 -33 82 -40 87 -83 10 27 32 51 -67 39 87 -55 28 -27 16 -86 -89 54 -1 41 -65 -93 -51 -39 65 -26 13 -70 -40 35 -37 -83 91 -25 -9 -49 -24 59 31 45 78 8 -65 22 -77 -99 -77 74 -57 56 41 -87 -74 28 -91 -76 19 84 54 1 -79 79 52 84 59 76 29 29 -43 49 24 -13 -50 47 54 -80 51 71 -52 11 37 -83 35 19 78 -9 -68 -7 -82 -52 2 -34 5 99 -96 38 -26
69 85 -17 -11 0 75 94 -3 31 -90 73 -84 -18 75 93 63 85 60 75 87 -32 71 -64 88 36 40 14 -1 -18 -85 -94 -51 9 18 -76 61 -82 35 87 5 89 -52 10 -45 8 95 19 -29 99 48 55 78 77 59 94 -58 29 44 49 62 51 12 29 -90 -39 -58 -18 -78 60 77 76 -67 67 45 -74 -33 -21 39 -64 12 97 62 71 -38 26 -57 -25 81 -84 89 69 -96 65 34 14 -58 -77 64 53 53 4 6 -94 -20 47 55 -50 -97 -86 12 4 70 24 -88 -49 52 -82 -6 -17 16 22 74 98 12 -30 -34 43 21 -82 -80 -19 -13 2 -98 -53 -96 88 99 53 3 2 56 60 90 -71 21 -98 96 -23 69 -72 55 -86 50 64 -97 21 80 55 39 50 -46 10 71 -78 70 -97 9 15 48 86 -91 25 24 5 2 42 39 -63 63 -98 63 -66 3 -4 -80 69 12 -29 -47 -73 11 -32 73 66 30 -25 92 -31 -99 -76 -40 -3 -8 58 -10 15 -98 61 87 -78 75 65 -15 86 -9 -47 -72 -28 30 -40 -97 -80 -68 8 -14 -23 1 10 68 -97 71 73 -24 -95 -99 53 -96 34 -37 -47 84 -6 44 69 -7 -13 -25 -47 -47 -39 19 92 57 -62 53 69 -27 -15 4 43 41 -61 -2 -18 -29 47 -63 -8 -31 -20 -74 55 78 -81 24 -15 -14 -44 87 70 0 -40 -14 -27 76 -18 -85 83 63 28 88 -47 -62 -78 -20 44 -97 93 55 -7 -16 3 -76 97 90 94 38 -65 31 22 -31 92 45 60 86 81 -37 -64 54 23 23 -55 42 27 -86 81 -66 -3 71 -5 -10 -81 66 -81 -62 60 68 -73 18 0 75 -42 96 44 -72 -36 25 -80 -42 -39 -6 -13 60 85 -67 -37 -7 31 46 -74 64 -33 -79 -16 -52 -29 97 64 5 74 -61 33 36 91 -97 -47 36 52 85 96 39 -15 -51 25 -46 -30 48 -68 20 -67 83 -81 64 -21 34 -11 27 78 34 -2 -63 -1 17 30 4 94 -15 -22 -1 15 -95 36 -40 47 -78 -21 83 -16 44 5 -19 -24 -22 49 77 47 11 -33 -61 -19 -83 71 66 -60 -7 31 29 87 57 -84 -26 -59 -26 17 -64 94 55 -22 -67 3 52 -91 96 -52 46 15 52 -47 5 -96 -85 74 40 -85 -88 87 -91 -51 -80 -8 0 -54 -96 11 -26 -10 39 -85 5 -51 34 -31 7 -24 -82 91 83 -95 88 82 -31 -86 -56 -51 46 -1 -30 69 85
-80 97 82 74 36 -30 23 -45 48 -87 1 -77 -3 80 -28 -3 84 -35 -65 -65 90 -37 41 -81 9 52 -88 -64 67 4 -36 -74 31 77 96 47 69 -75 90 -62 -72 99 -40 35 64 22 -28 40 -64 15 -51 -90 32 -96 83 94 11 -90 99 84 -80 -40 -23 -92 54 52 -45 24 -5 -94 -8 21 27 57 61 29 -47 11 41 36 2 33 -63 94 29 44 28 -59 -1 -32 99 36 -63 -39 27 74 -95 24 7 91 -74 -80 23 54 -27 -19 20 -71 33 85 30 -69 -54 52 62 51 -51 -77 47 86 50 -30 57 4 -41 -19 -51 52 -47 51 12 52 -11 20 -19 0 75 96 -90 -68 65 -51 92 2 -4 39 8 -18 -8 37 -2 -91 -34 -57 5 81 93 -38 -38 -94 -37 43 66 4 69 -60 -62 92 -7 -93 -88 56 -86 72 -40 -66 46 -94 -74 -30 4 49 52 -28 -21 64 -52 -46 31 -90 -42 -95 59 -56 30 -10 -13 66 -35 -83 69 -44 5 19 1 -10 74 -2 -58 -36 31 -87 -73 -66 -49 -50 -90 36 -60 -41 -9 -98 39 -61 -52 0 -54 -57 77 -80 -83 -21 -75 -62 44 -69 2 53 99 -88 -20 36 -82 -61 -80 27 69 -54 44 -26 -39 36 -78 -26 -14 -57 5 -90 -17 18 45 97 -90 59 -74 -60 -75 61 66 -16 -2 20 -65 -92 90 -93 -63 -52 -68 77 70 -47 51 -72 -1 0 69 70 0 -37 -38 94 75 97 78 9 63 24 10 9 21 72 -4 -64 -91 67 -98 -24 -71 76 -30 98 68 2 30 -63 91 -87 -26 -58 -45 -23 -11 77 53 -52 82 -67 81 0 19 47 15 35 -89 56 20 86 25 7 42 -94 55 -86 -67 -13 -4 76 -58 -70 36 9 -72 74 16 66 -58 67 69 72 -9 -63 -5 -4 41 -18 -42 31 26 -92 80 85 38 18 59 -21 86 15 0 -72 99 -17 -26 85 -77 30 6 43 -76 39 -40 -62 76 33 -62 23 -89 -69 53 42 71 81 69 -80 -99 13 50 -30 -51 42 -21 -3 -68 -95 -77 -16 36 -49 93 2 -68 -77 -92 -1 -57 -38 31 71 28 80 -5 -25 -86 -76 -94 -12 -25 68 -3 30 -74 -16 86 55 -77 75 -75 -90 -29 -9 59 -65 -49 24 -34 -4 32 -24 -78 16 87 -59 -11 -32 86 91 69 52 -25 -21 74 84 -33 37 -87 74 2 50 -32 28 -86 -29 -27 -30 -89 -56 81 -27 95 81 71 53 -48 7 47 74 55 -39 10 25
42 -21 -95 70 93 -64 -60 48 50 -85 10 -39 16 -86 -26 22 65 -55 -78 70 93 64 64 -75 71 98 -43 -35 -96 -4 -47 61 -4 49 42 -1 -19 -48 -95 93 1 71 54 35 -28 -48 -59 -12 60 -35 51 -72 74 -95 37 3 -22 -66 -46 16 44 13 -97 17 37 -79 7 96 52 31 -82 65 92 12 48 -20 89 22 52 -48 -53 75 -74 36 -15 -31 85 2 -81 -15 -23 -16 23 -4 -52 62 -10 -96 -39 -12 -51 70 23 -20 55 -92 -94 90 33 -49 -67 -12 -40 42 -54 -47 79 -30 51 -25 44 0 30 -99 -1 87 -98 54 -78 49 74 -22 -45 72 -53 75 -68 -56 58 30 71 -80 -8 64 32 -47 -89 87 -40 96 28 -77 41 28 -49 22 81 75 58 -20 -58 -78 -3 53 -65 -72 82 21 80 -50 -38 29 -88 56 32 30 -1 64 -82 -34 -73 -39 17 -37 -56 72 -20 -72 44 -40 -5 -7 36 -97 17 66 7 -50 68 54 -35 34 -17 5 82 48 9 -57 63 -63 91 -8 21 -56 30 4 -7 -84 65 -55 -37 65 -91 -14 21 6 46 8 -2 -8 17 75 -81 33 10 34 77 92 89 80 -45 -23 54 38 35 -71 -82 13 38 -18 81 -13 -45 19 49 21 67 -24 70 79 90 -42 58 -35 -68 59 -66 -94 -32 -54 -89 -86 -27 -44 -40 90 2 42 71 -8 98 -92 -70 -51 96 71 -50 95 -61 63 -28 -15 53 75 41 -12 -73 -92 -5 39 -23 49 -88 56 -80 29 2 42 35 75 71 40 28 -99 86 -71 21 49 39 62 2 38 89 -47 -4 94 57 -90 95 66 -36 -74 -54 -62 -53 -63 -97 15 59 -8 -44 -79 -53 52 -93 22 78 -75 -85 44 -2 41 9 4 -79 -15 -9 -55 83 -74 -59 -47 0 62 21 22 -47 -34 -88 70 7 -84 -39 -33 84 42 -38 15 -76 -38 -72 18 29 -39 30 5 76 29 63 -43 14 -6 20 82 77 17 -68 -58 -39 20 61 88 39 -61 -76 54 -29 -26 40 -54 32 -71 14 46 -4 0 -95 31 5 -13 99 -75 48 -2 98 81 -87 -75 -70 -52 -50 -38 41 97 78 20 -2 31 49 1 2 -92 -7 19 53 -70 -63 22 -25 -35 -77 -17 96 42 -50 -75 7 62 -89 -75 34 78 74 3 -15 -23 59 -64 34 11 17 64 52 1 -97 23 -42 6 -69 67 -79 8 73 62 -42 58 81 47 -54 35 -47 -2 -85 -28 14 -23 -83 -3 -64 -41
-36 -59 -98 10 71 98 -97 61 -23 -17 71 -23 98 40 9 78 49 -23 12 85 -25 96 -48 26 -15 -47 44 25 -80 -66 65 -71 -58 -21 -73 -15 58 37 13 -35 -1 -56 88 99 -87 -24 -32 4 -26 -12 -56 15 83 -73 83 -70 -11 -93 8 49 16 3 54 39 -45 -50 -31 68 -61 -98 7 -97 81 42 -20 -35 1 61 58 30 -55 20 -12 5 -74 79 -39 86 -67 38 -96 24 7 90 -53 53 -16 65 15 89 -6 25 -50 97 -48 99 36 79 -54 -9 10 59 -19 34 -79 67 -66 70 74 -44 -37 -15 80 33 77 -83 -36 93 44 2 0 -61 54 -53 36 60 -98 66 -98 -97 -94 -58 79 5 -7 -97 47 40 -48 22 -51 62 -23 -3 -40 -85 52 6 -99 90 38 -3 89 -50 -65 -50 -23 -18 37 -85 93 62 -80 -78 30 30 -91 -6 6 77 -99 -48 -3 -60 31 -95 -47 39 -76 30 66 -85 42 -68 -20 -28 -80 16 -71 89 60 -38 17 -61 59 45 66 -57 -54 16 -27 -3 26 47 -67 -52 -25 10 18 -12 -52 85 28 46 46 70 -16 76 -43 23 88 58 -25 -26 57 33 84 -29 79 -78 16 -38 38 7 16 97 -5 9 83 38 49 -14 -42 -67 18 -29 65 26 11 -56 36 87 -48 -94 -79 -80 16 -30 72 -56 -6 88 -22 99 60 -29 -13 70 36 -36 3 -88 -19 -36 -5 -83 -53 -60 -45 44 -40 34 -24 -64 -48 16 -83 -51 81 12 83 -82 -78 -98 -78 -89 -4 -60 -63 6 42 -43 -95 93 -10 -72 53 2 -49 47 -72 -70 -9 -49 6 79 -66 -21 -28 48 75 -51 -74 -38 -58 5 -58 -19 23 -6 -4 -88 -28 29 -72 21 44 92 26 -52 48 52 -12 44 -83 90 0 62 -24 -53 23 -94 -33 92 -28 99 79 -6 -36 -99 72 -81 -78 54 91 95 43 -2 88 49 -49 -77 -55 80 29 38 20 60 24 -33 -54 -91 -48 83 56 -64 23 67 -95 -18 91 40 -60 60 -97 96 54 -65 -72 -97 -37 -52 -85 -98 -27 -82 -43 -10 50 13 48 -75 -27 50 -1 95 -65 -84 -42 -97 95 78 73 36 24 77 -24 -34 34 63 30 -87 -42 68 29 -13 19 56 0 -14 27 -81 74 57 24 71 38 -41 -71 -66 62 48 -5 -78 85 -78 -44 -46 88 -57 46 54 -42 -28 -2 -45 76 35 -8 81 86 70 13 -57 -29 45 -79 -32 9 10 -37 -52 0 60 66 -54 -77 86 33 53
-85 18 -41 -26 -48 13 59 73 20 -16 31 -18 65 -90 91 65 6 62 25 -19 30 -19 20 17 81 0 -30 -67 -56 -23 -47 -76 -39 -40 -81 -3 27 -9 -42 64 -10 93 35 -92 92 -34 65 -11 -40 -41 -18 -41 56 -93 44 69 20 29 38 94 94 0 -76 -77 49 -89 98 -5 -95 -78 -11 -58 -5 -12 87 44 84 34 -48 84 8 -86 28 -77 -64 93 -68 -80 66 18 -32 -95 -36 -33 31 18 27 -8 -59 -88 42 54 86 -3 -78 4 -4 83 -7 96 39 53 -64 82 -11 -68 4 83 71 -90 -63 54 -69 -60 38 92 75 78 -21 5 -88 78 -96 -40 82 -99 -65 -57 41 -27 28 95 27 1 91 63 12 -87 -35 58 -5 -61 -95 -45 84 -99 17 13 81 -45 -51 -80 -62 -58 34 -69 84 24 85 39 -81 -28 62 47 -87 44 90 -3 36 -76 10 -35 -63 -46 -69 78 2 69 -22 -10 6 14 -50 57 -64 88 45 4 7 -85 -68 27 -98 26 -84 -21 -51 19 40 -95 -83 -67 56 82 -10 -53 69 73 7 87 -83 31 -59 -20 95 98 -33 -47 94 -92 -32 31 23 82 -39 -54 39 49 -61 -58 51 38 -63 45 25 -4 84 -45 -90 37 -46 89 -6 -75 6 47 87 52 -83 -98 -83 68 97 18 -43 0 10 -2 -94 -47 -31 98 44 -55 -69 66 17 35 -62 35 66 -78 72 -67 9 -82 36 42 -89 2 61 68 -88 2 -33 -37 8 42 -31 -85 -58 40 61 -74 -33 -53 64 -65 34 89 88 -79 65 7 85 78 -5 -57 -80 4 62 -63 -54 -92 76 -14 -96 -67 -79 0 -71 15 -97 56 67 -85 -74 83 -83 50 97 99 12 -55 -40 82 -75 75 -52 71 -27 -19 40 72 -76 72 -62 61 61 -89 56 41 -75 -71 9 72 43 -85 -32 87 87 14 56 -91 50 39 -6 -19 -25 -18 -46 36 -33 -38 -74 78 -44 -85 -92 -97 -67 -17 -96 96 35 -62 38 99 -81 -24 71 -53 1 -69 -81 54 -58 25 -4 94 -15 -13 71 29 -66 -10 49 12 82 -18 24 -56 -7 0 99 -16 -81 -54 -38 -36 82 -85 84 51 -90 -14 -7 -89 -97 31 -28 -28 -51 71 -15 -89 -74 -33 -39 29 -34 -79 -83 59 78 32 -1 -94 27 -71 44 3 67 -47 -34 -10 88 88 74 34 73 -59 -92 -82 15 -25 -17 -20 -3 -54 29 80 -2 12 73 57 -37 -53 18 31 -85 -37 -32 23 -66 33 -76 -35 77 60
19 70 80 33 83 -25 5 23 -12 99 71 53 78 -56 67 7 70 -25 -12 48 47 1 -14 7 0 -80 -13 -28 -63 -15 26 -64 -19 -5 -76 58 22 58 -73 -41 92 -13 41 98 -96 80 -28 -60 3 -19 -1 -99 -18 57 -89 38 -2 78 22 10 -23 28 38 -18 -60 96 -97 -77 -24 -90 27 -89 69 -48 70 2 22 18 79 -14 99 91 -74 53 89 13 48 79 -17 76 -99 46 -74 78 -7 -82 4 79 -81 -67 -54 96 -64 -32 -24 -73 -48 60 -19 10 -21 -56 -16 77 51 -53 10 78 78 -77 -24 -15 50 -14 -9 -44 37 20 84 67 -81 96 -9 98 -86 75 71 74 18 -3 -12 -97 70 -84 -19 -59 7 -28 78 -42 55 13 68 -63 -89 7 58 -99 -13 -17 98 99 -62 -31 -92 74 12 -72 -74 -31 -99 -88 -27 -67 26 -90 -24 -61 21 83 -37 -41 -89 36 99 8 58 -1 -41 85 26 74 39 -82 -41 -56 -54 -56 -3 -81 -73 -11 1 -69 -66 94 3 90 36 -7 -18 66 -82 5 59 -13 -11 47 -55 -99 -89 -58 -68 -39 24 -49 38 21 -73 -66 -54 0 89 91 11 -9 61 -47 61 15 7 1 -19 1 -4 -42 43 32 -4 44 -73 -52 -23 -17 -48 -84 2 56 31 -7 40 56 -44 -12 -69 89 74 -87 27 51 -87 -18 88 -17 14 -93 13 -52 35 21 42 -24 -84 26 -72 -49 -65 64 -14 94 -76 -25 -31 73 -78 -89 -39 -46 6 -85 32 44 -81 -97 14 -99 -6 78 46 93 -31 -34 6 15 -48 -92 -93 -1 -9 -31 82 4 73 20 34 -7 11 90 81 -21 -26 -18 13 -60 54 50 55 32 -41 70 -1 14 -4 92 -60 -4 -44 -5 -1 21 51 21 -44 -77 68 52 -95 59 -32 75 52 -74 -30 -19 -67 -54 -27 -87 14 23 -12 92 -67 -5 55 79 22 -89 91 49 -76 -94 -94 49 -45 79 -73 64 -57 9 -13 52 -2 -2 -71 -19 11 -7 20 -23 32 17 16 95 65 0 36 -75 33 1 -36 -95 26 -99 -26 48 50 -16 -79 -60 -1 11 -18 90 -36 -83 -27 -2 39 99 -30 31 24 97 41 -94 -94 98 -97 -72 -32 30 -80 -56 44 -83 81 -12 96 62 -82 -34 -75 72 32 71 15 1 -52 38 35 -30 49 -35 95 -81 97 -82 64 -25 36 -25 12 53 -47 33 -73 79 -99 -20 -45 0 -17 -33 -90 -99 33 -34 -46 84 20 -54 -46 52 -76 -8 59 82 34 -40
-93 -64 -53 52 -19 82 -84 62 55 -77 -90 -54 -10 -54 -24 47 -59 -67 90 -85 78 -93 -35 45 -90 57 -33 -67 83 90 -29 42 69 -44 -39 6 22 -15 59 50 -82 28 -81 -38 -46 -92 14 -30 -95 61 58 93 -6 -75 -88 2 30 -87 25 -61 49 -71 -42 50 9 9 70 -31 37 83 -39 -84 31 55 -12 18 68 -33 16 87 72 -35 9 4 -49 10 -38 -75 -36 -18 24 -73 -90 -40 -42 -9 69 -97 53 -13 60 15 49 22 -49 -64 65 -15 -71 67 51 82 -94 23 59 -28 73 -74 -65 39 37 14 -77 79 35 -47 89 33 -30 -28 -71 -80 82 26 97 19 32 26 -53 17 -33 99 27 -81 58 82 26 49 -64 57 46 -27 -61 36 6 45 -91 -97 74 17 50 84 -56 46 14 50 -3 -74 -4 32 82 46 -75 9 -39 78 6 15 98 -77 69 31 48 76 47 -87 -20 -82 -95 -73 67 -27 27 97 -63 -24 71 93 35 -10 -82 99 -28 85 27 -9 81 33 27 -26 19 33 -12 -81 74 -40 7 22 57 24 16 36 19 14 -76 -41 -1 -18 -49 74 81 -65 47 -76 -41 -40 -49 52 14 -54 18 -48 59 -26 14 -55 11 -19 -31 -65 41 1 -96 23 7 49 89 -90 32 -19 76 -59 -54 -71 -30 88 87 -75 -84 -20 -34 98 58 98 -91 97 3 4 -92 99 -30 -82 68 22 58 24 -64 -89 -69 95 34 87 15 -16 -46 58 -87 -85 28 -10 -76 86 13 97 57 -23 62 32 51 62 42 -54 83 -53 -34 79 31 61 -39 -43 47 68 46 98 33 -41 -48 -43 -38 0 -19 30 73 35 -28 8 -9 -60 -89 -72 -38 24 -88 -6 27 -2 57 -91 -75 89 -16 78 -41 90 31 -65 24 -98 -47 -40 -36 -83 26 -98 24 -2 94 71 36 89 -89 10 -60 -3 -99 -36 -85 -4 13 -96 -5 -9 -98 -48 6 54 -47 93 -16 43 20 5 54 -68 -81 -52 42 60 82 -8 -41 92 23 -9 -51 -92 77 -30 -21 34 -92 -85 41 18 13 96 87 -20 88 -95 -72 79 5 17 32 30 26 -51 27 -49 16 4 95 -36 -17 -30 23 -38 -35 -4 -45 62 7 5 0 11 20 25 92 -94 -31 -98 -36 -7 19 39 -5 82 60 -48 21 21 -19 96 84 -56 -99 -3 -19 -30 -92 66 74 -64 25 67 22 70 14 -13 83 -36 -50 70 1 40 71 -16 -12 -33 62 -28 32 68 -83 -86 -54 -28 -50 -25
84 26 29 -77 6 -95 -39 -56 62 -94 -57 51 -98 69 35 87 -8 -7 -27 -16 69 -63 96 -35 -76 -11 -28 -12 -35 -14 -37 -62 -65 85 -13 60 77 2 34 94 65 56 -67 67 9 -79 79 44 -27 -11 -73 99 -10 37 1 -89 88 76 -67 31 -49 81 -97 -59 -82 -15 36 -31 81 -32 23 27 65 39 36 62 90 18 20 72 6 41 37 -91 32 10 51 -92 55 3 -76 -1 -83 94 -45 21 55 -32 -81 -77 -9 -89 -61 -9 -39 -2 -29 23 27 32 36 -8 -1 45 -14 10 -41 51 -57 -28 -98 3 -75 12 -36 10 -18 -86 -74 74 43 71 -47 -8 -59 -38 19 92 -65 38 -92 -47 -14 -4 98 -42 75 81 76 -63 -16 -76 -37 -52 -88 -95 90 -68 -83 66 -26 26 -5 79 86 -91 8 11 -90 62 -75 48 -78 -68 -4 33 -36 -73 -65 71 -60 -96 -36 -66 89 74 24 -22 -52 -76 60 87 99 -47 73 76 8 97 79 50 93 -97 -23 -64 24 -89 24 -79 38 55 49 -76 -18 64 87 -18 0 -61 19 3 -80 51 9 86 77 -4 53 32 -93 -89 -23 -97 -26 -25 -27 13 75 -68 85 56 95 -69 -24 -53 70 -82 -57 8 -82 -96 -58 58 -35 -55 -30 -88 -18 33 -60 -36 43 67 58 -52 -17 -59 -82 18 -5 70 -22 6 9 0 35 -62 72 -89 34 -13 49 1 62 99 3 63 -59 42 -65 -54 3 -67 -66 72 -61 -95 87 72 20 11 -73 24 65 64 -87 83 86 45 -70 62 25 84 46 41 -55 -51 -40 -75 28 21 12 -11 -88 22 93 -77 -73 -46 53 41 16 -33 -21 -15 20 42 24 0 48 -62 61 4 -32 82 -33 64 32 -41 30 -51 -70 89 -54 -86 37 22 40 45 -21 -46 69 98 -7 74 3 41 -27 -15 83 65 95 65 57 84 66 86 -14 52 -13 97 -56 -65 -43 -75 59 31 -19 6 -20 66 0 -43 64 -30 86 -60 86 -51 0 78 -91 54 80 -22 -1 -46 -8 1 -7 28 37 -53 29 -96 -58 -77 -18 92 70 -3 0 45 30 42 -63 22 -78 53 59 -36 60 55 -25 -40 33 -6 64 -25 -28 -64 12 55 -33 -20 44 -87 38 -18 80 25 5 47 -39 -95 47 51 53 -42 -94 77 -21 76 32 -92 2 86 18 -84 -75 -48 69 -29 34 22 71 -96 -44 50 -29 16 -8 24 38 26 84 -59 -72 -71 -67 14 61 -73 33 -65 -92 41 -35 21 -89 93
2 27 76 12 -55 -71 39 -10 17 -32 -56 64 -25 -81 -75 -48 -5 9 -56 -31 3 12 -17 -43 -83 38 26 -61 -64 -82 -39 -93 15 54 -37 34 -36 -7 5 -24 74 -30 -99 66 5 -67 30 -95 78 87 19 -14 29 13 25 24 -37 -6 -50 -64 -54 -85 69 -47 -18 78 -17 -6 -17 49 77 9 -30 17 -96 77 -61 85 32 37 22 -79 -53 64 32 96 97 -56 87 98 17 55 -43 -79 -74 93 26 9 85 94 75 5 -29 28 44 60 22 40 -59 94 -56 69 -44 56 40 31 -84 -50 -57 27 17 -93 -7 -54 -90 -12 -33 -85 87 51 -39 -9 -27 78 -67 38 24 74 21 30 10 13 57 12 -85 90 34 -16 -48 63 -39 77 -30 -29 -52 -39 -84 63 59 43 71 3 59 41 61 66 97 -16 74 19 40 68 39 46 27 -82 -40 -32 -93 12 -73 28 86 -18 -85 -3 -73 19 -45 48 82 4 74 -9 -80 64 18 -84 -63 -19 98 86 59 20 -77 57 54 -26 -63 1 -53 31 22 79 -55 2 97 -56 -44 -31 -51 18 -4 -10 39 -46 91 36 -24 21 -3 53 -25 6 36 -55 42 -47 41 -32 82 10 3 -33 -48 66 -87 -1 -6 -4 -14 90 10 70 2 -41 -22 -91 31 -96 -49 9 13 -94 -75 85 31 -36 -63 -17 -11 61 16 -4 38 76 -61 61 -48 -65 -60 -15 -79 22 -76 9 -45 -32 13 57 99 -44 -38 67 86 15 -90 -35 -23 -71 99 16 -97 22 -5 52 94 49 -84 -68 -76 8 -3 83 -47 -80 95 -95 -72 66 -68 -34 -7 -2 34 39 85 82 -72 28 -57 49 35 -51 -13 73 95 72 -60 8 49 -83 -7 -18 58 -81 95 -92 35 87 76 -20 -52 42 -98 5 -15 61 -14 33 67 -2 -8 -22 35 62 26 -55 -8 89 -25 -48 -91 35 -24 -14 27 37 77 -69 -7 -20 47 -72 -54 -81 -77 -41 74 17 32 76 -73 50 15 67 95 -47 81 70 12 32 18 42 -20 -33 90 -59 -32 72 -2 53 31 41 -37 83 -44 -37 -62 -30 43 9 27 -82 51 -78 50 -87 -23 -15 32 -66 -71 77 -23 -55 -55 33 -92 64 30 -89 95 -86 -2 -32 97 82 85 5 -63 19 71 -5 -24 -27 -5 -66 69 -11 -12 18 -84 -12 -30 -30 -36 -45 -16 94 -56 34 96 -82 81 64 28 -95 -55 30 -95 -56 -63 25 72 -10 -55 25 -5 3 -53 90 84 -95 49 -42 76 65 -11 59
7 34 38 39 -80 5 -25 73 -76 -87 -47 30 34 -6 -91 -3 -29 72 77 13 19 28 42 -85 -76 0 1 93 -11 26 44 0 74 -29 31 30 -14 31 31 87 -45 -78 24 -42 -33 61 59 -32 -73 -32 76 -73 35 0 -61 44 -26 -80 -20 -46 40 -89 91 -65 4 29 -84 -95 44 76 48 80 58 -82 18 50 -68 -59 74 -60 35 -43 61 83 -19 51 18 -9 99 -98 44 90 10 29 -7 -98 -82 70 -50 -88 -86 94 -67 73 -54 97 -29 -90 22 -77 -26 92 -20 -46 88 98 -80 93 -5 6 -6 -52 -20 73 -50 74 71 -43 88 -89 59 -93 -23 -79 -19 -48 91 83 -2 20 -66 58 96 99 7 -98 80 -55 -93 40 54 -40 22 -30 22 -94 0 -74 38 1 -70 -12 4 -90 -44 -49 6 79 70 9 -98 66 60 -85 4 2 -57 96 -86 88 -50 12 -37 -73 -36 22 -74 -81 64 62 -7 50 27 -35 33 89 -26 78 -54 32 12 76 -57 85 -85 -91 -47 -95 -65 -4 47 74 68 70 3 -87 -97 -81 91 -91 5 -74 -78 96 80 -2 -76 77 22 -9 -1 63 30 -30 -9 -32 18 71 -28 -76 -41 19 -54 8 40 11 -36 43 -79 52 -77 32 -7 -29 14 -64 -89 -13 45 25 -96 53 -51 -36 -76 -47 -72 -62 -63 74 -65 -16 12 14 26 -16 7 -78 -64 -81 -70 -78 36 -97 97 65 -47 19 -36 -4 22 32 91 13 -55 -20 86 95 -96 -50 -87 28 23 -41 -60 61 3 -85 91 47 62 -51 -72 88 -54 6 -49 -49 -95 57 -56 9 27 80 -69 -43 -30 -42 -46 -34 66 -64 -10 54 1 47 55 -28 48 49 57 -42 -68 -13 54 58 -87 74 85 63 22 41 -24 -11 4 18 -34 -49 33 14 28 74 -65 46 58 88 -88 -23 -90 30 89 56 -28 42 38 -11 -74 42 24 20 32 -25 2 -10 24 -95 -8 -52 -23 3 -20 -12 -24 -33 -4 26 47 50 26 19 55 -7 -61 -3 76 59 -58 -22 -82 58 55 82 -62 8 -83 86 22 -23 21 -60 83 -93 -28 70 -54 14 -38 -57 23 84 -77 -77 49 -3 18 -86 -52 97 -16 10 -9 -5 -64 42 -6 -21 79 -79 44 -26 17 85 -72 -7 33 -30 84 -94 72 36 97 -70 -65 28 -8 35 -51 35 62 -16 45 -18 9 74 74 27 48 48 -93 44 58 -27 -90 79 -43 65 -61 12 46 -98 81 -53 0 -96 -58 21 -62 -56 50 25
-62 -76 7 -43 -8 -36 74 -27 -76 -5 -32 -94 32 16 -84 76 58 -38 43 -44 -24 -99 58 65 84 -17 57 -80 8 -81 -30 58 -40 -66 -49 74 -4 42 -10 98 26 35 65 -61 7 -2 -42 14 6 51 19 47 0 87 77 -88 -18 9 -72 -98 29 -48 10 -96 80 88 60 5 50 66 -59 -74 95 -98 87 -6 95 34 -58 -21 15 20 -80 -11 -63 -19 43 93 -36 -76 -43 -50 -88 63 -24 -54 54 -87 92 -4 -1 -15 -49 -10 92 -68 -22 38 24 6 -51 93 80 -66 -44 91 -36 -95 -44 -18 -32 64 -11 -31 22 84 3 -67 -13 9 66 40 -56 -88 -95 42 -54 -83 23 2 22 68 9 -91 58 83 -15 15 -30 -96 -68 -84 -68 -8 95 46 -66 -33 -56 94 -57 99 41 3 -15 54 88 -77 6 -10 -15 -47 -26 -86 85 89 -4 -71 11 -66 13 -60 -86 -58 62 -52 -60 -43 -83 51 -42 -23 18 -75 -74 5 -96 94 50 -78 -91 7 -89 -78 -9 -82 7 31 98 15 92 -60 75 92 34 31 56 5 23 67 -11 2 27 -84 98 52 61 13 62 61 77 76 29 55 0 -47 54 37 -24 -20 21 75 -15 72 -83 78 -44 9 19 -30 84 45 79 -54 50 97 0 74 21 99 -47 -4 78 70 34 -76 -30 -46 26 -35 -21 -35 -92 59 31 -45 -29 -57 -88 -35 48 76 -72 -25 48 -80 -77 20 6 45 77 -43 27 9 57 70 -49 52 93 84 -92 -31 -41 -17 12 31 33 -80 -59 -74 -81 77 -71 -37 39 93 -77 31 94 53 -52 -80 84 48 -31 -99 -90 -24 47 48 23 -6 73 68 2 -37 56 76 -18 -93 73 -82 17 45 9 75 70 39 -50 85 84 76 24 16 -24 49 -31 -66 -49 10 61 -31 -21 45 -9 -57 18 63 55 88 14 -16 22 76 1 4 5 -28 35 88 47 -25 4 35 29 -31 85 45 97 -59 -44 38 -30 -78 -28 -15 -28 -73 92 24 86 31 -40 42 15 -16 46 30 -33 -7 -75 -90 -67 71 -86 37 -89 70 68 -67 -92 -54 20 84 30 15 36 -53 -36 76 19 47 2 -67 58 -22 34 -70 -99 33 -91 15 96 98 4 69 75 75 1 66 61 37 -15 -49 66 96 38 36 93 56 -48 -30 26 77 -32 42 85 -65 -89 -59 78 60 81 -92 10 -66 64 -1 -49 74 -61 5 59 54 -19 -39 -15 49 74 63 74 -2 -47 -10 63 -20 -6 -58 -71 99
-5 75 -36 97 -81 -78 -49 -78 41 76 54 -77 96 -30 -51 -77 -36 -71 -88 69 66 -69 14 -9 70 76 -51 -10 -40 -35 -47 93 -79 -39 -5 -86 79 -97 -61 -35 90 -79 -18 -32 -3 -95 24 -93 -92 -57 79 3 -39 -1 -54 93 4 -62 42 91 12 54 65 -93 20 -9 98 -84 86 -70 -10 35 -11 0 21 81 89 -36 -59 54 71 34 -44 -48 61 74 -55 -74 -62 -86 2 -92 -93 -68 -53 76 -52 17 -21 51 -64 -62 -95 -70 -81 -12 18 -34 37 -78 72 68 -16 -22 58 -22 -29 -43 32 -91 -57 97 -69 -61 81 -50 -91 -58 -99 19 51 19 48 59 -90 -72 65 3 82 29 -18 -28 -61 40 -44 9 -51 59 72 -95 66 56 8 76 -21 11 90 -91 -3 91 -72 -70 -52 -51 -39 92 -88 -87 -80 -56 73 90 -43 -52 -98 97 75 64 -68 -43 -65 -19 15 -3 -13 -39 74 53 -40 -35 -99 -40 -45 -6 -99 -81 -90 8 89 79 -79 17 34 33 -67 1 -36 42 -19 40 -52 20 -69 -4 -90 16 -51 3 -23 -14 35 -15 -8 -22 -61 25 20 86 37 78 36 -74 46 -62 97 -21 6 -92 -97 -69 -19 -96 34 10 -1 98 -45 79 36 -23 -45 -22 41 66 -11 38 13 -57 29 -79 55 18 7 -42 62 -1 -51 24 -32 -40 83 48 18 11 58 13 61 56 -24 -47 2 99 -48 -68 80 44 -62 22 16 -28 77 57 -85 1 -30 -27 25 67 -22 -68 34 -23 37 -42 -97 -74 60 -6 -1 36 84 -1 44 -87 -26 -74 -20 -90 61 79 -9 -95 71 22 19 -11 -77 1 45 41 -92 58 -86 57 99 85 66 -30 -30 8 82 -24 -3 1 90 58 -20 77 43 16 54 54 93 -48 63 78 -76 -64 13 -93 21 91 -35 62 24 7 -67 73 98 -91 -65 34 44 -81 -96 11 19 -15 13 3 -88 96 -82 -86 -15 76 21 -82 91 75 -85 -64 -85 88 27 -81 18 76 -83 73 97 40 35 60 -95 57 31 45 58 -35 -26 -10 -48 62 74 -69 2 -59 -90 -58 -25 11 89 -11 -77 -32 -15 -69 54 19 78 -41 21 -25 -47 -55 71 -34 -96 -52 -87 -86 67 -59 -13 -12 -52 79 12 11 -54 50 -59 -35 -20 30 -50 47 -62 86 36 0 32 -99 -79 19 22 -32 54 5 -3 23 -92 70 6 -57 -20 -99 -9 8 -42 8 55 71 -78 -66 -70 65 5 13 84 -11 9 41 52 41 85 24 8 -59
-54 -74 77 96 -38 -99 -34 -18 0 61 -44 -80 76 21 92 40 28 -65 31 -31 21 -20 -95 38 15 -54 -75 -40 -58 64 67 -50 -81 48 41 49 -29 -84 -24 2 22 80 -34 24 -85 69 -48 74 -93 -24 65 -48 53 -83 -73 -19 -32 -59 -48 -9 -35 -74 -26 -99 86 93 -61 37 69 32 14 1 94 57 81 20 -2 82 -43 7 -35 29 79 -13 -20 97 -59 -19 41 -41 -38 -74 -68 -51 -32 -83 1 91 80 90 -37 -95 44 -1 -76 76 22 -86 -98 -47 34 85 -28 27 50 -61 -73 -33 89 -7 -67 18 62 -51 -14 22 -4 -6 50 -70 63 73 43 84 58 28 91 -14 -30 -86 44 59 55 -2 55 58 -92 5 46 40 74 78 -5 39 95 58 80 65 99 -71 -54 35 -5 -50 -98 -46 57 -66 17 36 3 -57 48 64 65 -65 51 6 -5 -6 28 69 -41 61 -70 67 -32 6 46 -13 45 47 66 36 5 93 -91 -43 -51 -17 -2 -77 64 -15 -23 -37 42 27 42 91 -31 56 92 74 -66 -91 -2 9 91 -99 21 -71 -33 10 92 -46 -14 95 60 98 -68 45 -42 81 77 -20 -81 -53 -55 -2 27 -93 13 68 -62 84 -57 17 -49 90 -30 91 16 31 -22 -7 59 89 5 24 67 88 -91 83 -46 -36 42 -18 60 -84 -20 51 34 48 55 -91 68 -96 -76 85 -56 82 99 67 5 39 73 72 -6 7 -15 30 38 -48 -2 42 55 -26 -99 69 32 -67 52 -52 -71 -9 -93 -34 99 -56 -37 77 -32 86 90 -4 -85 -64 -5 63 65 -22 -90 -20 87 56 -71 41 34 -83 -23 -40 86 90 60 -40 42 -49 45 57 17 73 -51 54 -7 -23 -14 -55 13 -29 50 15 22 -10 -48 95 -44 -50 -97 -13 8 -86 82 -69 -98 -27 26 -91 56 -63 86 29 47 -52 -39 -97 -57 -54 -44 43 47 50 -3 -78 85 44 15 -14 75 63 -63 -75 -82 77 32 39 -32 -16 20 -15 81 -6 -96 -24 -27 -53 0 -37 -15 16 -75 -41 8 -97 41 63 -5 71 2 -4 -50 -2 27 3 13 53 89 -82 76 37 -64 -60 13 -44 -83 15 -48 -21 36 36 -91 -53 72 57 -38 48 -12 -41 -24 83 68 -81 10 61 24 -15 48 21 55 -9 -79 -78 -62 98 -40 68 27 -68 -65 77 87 55 -93 78 -1 57 -23 -16 31 -82 40 96 79 81 87 1 23 75 -69 -91 -11 42 77 -5 16 -53 -63 -56 -66 77
83 89 63 -99 8 -68 66 -6 -64 18 59 59 94 -63 99 -92 -57 73 -39 94 95 -2 6 -48 28 35 -33 7 -3 82 78 -72 -69 32 -36 36 49 9 -17 6 -5 7 35 -36 26 33 -86 69 31 -2 -94 90 -32 -48 -9 -88 14 55 51 -99 -6 62 -73 13 -12 -86 99 69 -37 33 14 33 -78 23 46 -79 -32 4 45 -62 -59 67 -47 52 67 97 66 60 -51 64 -65 -34 20 89 20 -59 -69 -14 60 -5 38 -74 41 8 -68 -77 -70 -94 -58 97 47 -1 82 80 -92 19 48 -69 72 -17 -44 -3 75 -99 74 86 -57 -47 -26 50 14 -52 14 -36 -53 -57 57 -2 33 6 94 54 65 -50 47 -62 32 -39 -92 -69 -47 69 -26 -33 -79 -3 30 -81 89 -58 49 42 -83 20 28 -24 97 -58 51 60 -31 -62 67 -19 -72 -91 -44 -73 84 53 98 -30 76 25 69 20 -42 -29 17 -75 60 -72 1 96 68 -80 99 -27 -56 94 -44 5 24 59 -64 78 -1 63 -94 -96 -97 15 2 41 21 72 -3 -63 -90 -68 -42 -20 -89 -53 -6 21 -56 -18 -91 9 96 -81 56 -49 -5 9 -64 29 -93 -75 36 -84 11 68 3 -91 -72 37 8 -10 -85 78 40 28 75 -46 36 -94 42 82 -49 87 76 72 80 -64 -61 -5 -39 -44 21 -25 -59 -25 45 74 -57 -96 64 17 47 57 -30 91 -97 37 -47 -1 43 -46 19 -54 -77 55 -61 -5 39 -25 28 44 -15 79 -50 7 -38 26 47 -97 29 37 -43 80 53 11 97 98 12 -59 -75 -33 -78 -19 -4 -41 -83 -81 -31 24 -39 -40 -21 -53 -43 -31 -68 -57 -88 -45 72 63 -42 94 62 -67 -94 97 -1 36 22 66 52 -33 -6 20 87 47 95 -16 -38 76 -99 39 -19 33 -66 -27 -82 -15 20 -61 -29 6 15 -42 14 -73 -23 -65 0 48 60 -62 97 87 10 85 -52 -50 -40 42 94 -97 -64 -84 34 39 39 45 86 85 -72 64 -31 -49 83 64 15 35 85 33 69 -90 -48 -82 -15 -64 -16 -97 39 -38 -43 -18 -12 15 -6 -54 -58 50 82 57 -29 -66 -85 -69 -2 76 93 96 -90 -79 26 -14 22 -99 18 64 46 -47 -90 65 -35 -77 -2 -57 -50 -75 -28 68 -15 40 34 48 -29 -97 -36 -10 -31 -64 -59 -3 -48 93 -66 -84 -69 -90 9 3 43 60 -49 -28 18 55 -24 -25 -13 42 77 -61 40 86 -16 33 -84 -84 -62 85 24 -16
-72 80 -36 -45 -93 49 41 4 -29 -63 5 -39 -7 -54 -40 27 19 6 29 -9 -33 12 12 -65 63 8 77 -93 50 59 -67 -95 -10 -2 -21 -25 -65 -60 -69 -39 82 -42 -94 54 21 -10 -94 -46 69 -88 -15 -74 56 86 80 -22 -55 -37 -56 -3 16 95 -28 -26 51 61 52 38 -67 98 -39 -41 37 -64 -54 7 -36 -77 -80 -10 -3 -37 -28 -87 14 -15 -97 82 37 -41 31 87 65 88 95 80 2 12 48 -47 95 81 -87 7 43 -38 84 73 -75 -16 -70 95 11 24 84 61 31 96 -16 -84 -98 67 -89 66 55 -48 -46 -1 -33 53 88 -42 -17 -99 46 -5 82 -65 -88 -35 -96 -98 -24 80 -83 -18 -64 51 -49 67 -39 21 -67 -26 96 47 -86 80 52 -75 -19 44 14 90 -3 -20 92 62 -48 -86 47 44 -72 55 -74 -92 -10 -11 17 -69 -17 86 -56 -98 -44 -99 -63 -53 -96 -46 -61 7 65 -76 85 2 5 -23 -37 83 12 -6 37 -26 78 8 -75 18 86 16 28 -77 27 -99 -69 27 68 -53 53 68 76 91 -9 11 -55 27 34 -42 91 86 54 -94 -93 72 -54 -44 19 -75 32 -54 37 -55 76 21 -17 38 -68 73 79 -76 17 -85 -80 -56 -59 -28 -44 37 66 42 95 -68 -28 -4 70 99 -43 -56 -86 -61 -78 63 96 84 -45 18 99 -56 -77 -87 -26 11 -32 26 -43 38 -42 1 -36 -30 87 -10 -17 18 37 8 -36 -26 -61 -61 1 -60 -38 90 -14 -86 -23 -19 -92 7 32 -88 -66 51 75 -58 4 15 -31 -99 59 -48 38 63 59 -60 16 -64 23 33 -51 -22 -1 9 80 86 28 -46 -41 -99 -95 -7 -88 55 -1 81 86 -39 -24 -14 -61 94 -25 -31 14 -36 75 47 57 4 38 -80 -93 -27 35 -26 44 68 9 -56 -70 83 74 29 54 -25 -13 -27 27 -21 94 -3 -42 13 -69 10 1 88 -19 48 -11 -40 42 46 -37 -93 -6 -52 -70 -33 -24 40 45 -66 -8 38 70 -57 46 67 0 69 67 -18 66 79 -86 47 -58 0 4 65 -97 -74 -89 35 11 91 -88 57 37 -33 20 55 -63 76 -2 -3 -64 40 -56 13 -72 -85 63 95 62 32 -27 70 -26 56 43 86 -8 -2 52 -74 -78 -37 -26 -23 -57 -80 36 44 -66 -90 -66 -3 -13 90 23 -92 61 -31 12 26 46 -52 25 -35 80 -87 -48 47 -31 9 -44 -63 87 38 26 99 95 92 60 -52 22 -63
0 -50 -91 85 26 -13 35 -49 -26 -5 -82 7 -70 89 35 -20 -85 -3 -6 36 -16 58 -73 -5 22 66 -61 -36 -97 -98 -39 -69 -95 75 72 -31 44 -22 39 -66 -69 -72 20 28 -82 -70 69 11 0 -70 -64 76 -15 -26 23 70 -13 95 34 37 -82 35 -12 30 21 93 -40 -82 -77 -42 95 -8 -37 50 -93 -43 13 -46 -78 -97 -43 -99 -19 5 32 94 29 -91 -87 6 -48 -19 8 -94 -26 46 -71 -68 18 9 93 70 -31 -49 -78 11 68 -78 -37 -27 -75 93 -9 63 25 -99 0 -72 -28 -33 -57 93 -58 -57 -18 -45 -86 -84 88 4 -95 -40 -24 49 71 -43 -2 -49 76 84 96 26 -3 -26 -94 68 -58 22 -9 34 -92 8 36 47 -24 58 -8 -32 -95 20 58 99 36 -36 39 15 -65 -89 24 53 -79 -16 14 56 -47 70 -83 -46 -6 -82 86 -2 44 58 88 21 10 -19 -64 32 62 -80 35 43 -82 -73 -66 79 46 1 67 63 -42 -51 45 -87 -74 73 -9 83 81 -90 -28 -38 -79 50 40 -29 24 -37 1 -86 -67 43 3 95 69 -84 53 84 -31 -38 66 1 90 -76 31 -54 35 39 -28 -74 -23 -26 -60 30 33 -44 -86 -80 33 -10 34 87 94 59 -60 54 -25 93 74 47 73 23 49 15 -4 -25 -59 30 54 8 -65 92 60 22 23 -5 41 0 96 -35 -11 92 63 16 82 24 81 24 45 -5 92 12 9 17 -46 -98 28 -47 -89 -66 -37 -70 -68 -46 -87 -87 -60 -85 -32 -51 -71 -12 40 86 12 -25 -59 79 60 -51 -86 -47 -22 -95 64 -36 47 47 0 -15 69 -84 -15 77 -26 67 57 -99 -20 40 48 -91 -25 -5 35 19 -64 14 50 -47 -52 97 28 -83 27 29 -14 6 -95 31 43 -80 33 -87 -77 47 -55 -60 -42 -89 36 45 51 42 -37 -66 57 -27 4 -74 -61 -26 -11 -19 -89 41 76 2 -37 -32 -11 61 -60 -62 89 34 28 -78 85 91 -65 -7 46 -34 61 40 56 -79 -30 -66 53 -97 -70 -70 -23 -50 -63 -84 64 -55 -39 -12 -90 -31 -23 -31 -93 17 99 65 83 62 -97 -56 6 12 8 14 89 -79 -34 65 80 -14 29 -29 -9 0 29 -97 65 93 -67 -95 88 67 91 18 -63 6 -78 -93 -36 -89 2 -73 -47 -1 76 52 84 -31 -59 -50 75 -91 16 -77 39 27 60 -26 38 -81 76 6 30 -49 -64 -63 -84 87 61 -50 -94 -78 27 38
17 99 7 -3 46 5 29 99 50 25 10 87 -53 -31 -72 -4 -83 -5 5 54 39 -91 64 -88 46 -9 65 -5 -98 -63 -91 -38 -72 34 84 -40 -23 73 -45 -27 36 -68 -90 92 29 -80 84 69 -24 19 -45 38 -14 76 38 -37 -76 -72 34 -89 20 73 37 -74 -59 -97 84 71 52 58 -14 97 -54 -35 89 67 20 -12 15 -92 -57 41 13 -54 80 -27 98 72 -57 -57 -11 2 -54 68 91 -65 9 77 99 35 1 -74 71 -59 -47 -98 82 -89 15 -15 -45 -95 59 -61 78 -30 -57 0 -33 -10 -87 78 93 -6 -4 -85 -32 -63 -20 70 2 23 76 49 54 -20 69 -77 72 -96 -3 42 24 -66 -1 90 58 -74 -8 37 -44 -24 -90 -70 44 -13 5 -15 13 -91 -28 47 -71 -70 31 -8 -4 88 -9 -79 13 60 31 11 -54 -87 -23 -64 -54 43 72 -7 91 85 -73 -56 -16 -25 18 0 -46 -50 -93 81 3 -24 -92 64 60 -21 23 15 49 -64 -53 73 50 -4 -35 -9 -63 18 -37 -23 -85 28 47 -13 -39 -13 -12 74 -3 -1 10 5 -86 -44 -79 -26 82 -84 -20 83 -91 -15 -96 -92 -48 61 21 54 -18 42 46 -92 -8 77 60 62 -35 -32 36 3 20 43 -9 88 36 -25 -84 -75 -91 -28 34 20 85 57 55 -86 -59 -68 63 20 -58 -35 73 -97 -58 -98 -59 87 -19 -57 50 21 -32 -89 -70 -6 40 32 74 33 33 22 -63 17 -21 19 -72 91 -77 61 1 1 26 -85 86 -94 -30 -25 -89 38 49 55 16 -95 -35 -27 24 35 75 13 26 48 87 8 80 -22 30 -90 43 -18 22 77 44 -47 79 -63 -63 72 -45 6 -48 19 -62 -6 -78 3 -98 -94 -60 -28 -83 75 -99 26 11 -9 71 39 -33 18 -53 62 79 -41 76 19 -92 -69 37 -15 84 56 42 -15 67 14 1 -87 46 6 64 16 -53 -98 -18 25 94 71 32 -26 99 -88 8 -63 -78 29 18 -20 69 -77 -10 80 -76 -2 0 61 92 47 -85 43 -21 -83 -4 78 -50 73 -18 -26 62 7 5 68 49 85 -8 53 60 -53 -31 -22 36 4 -95 -40 6 60 52 15 -31 -89 -29 -49 37 -8 -95 98 -20 -78 97 16 46 -95 -76 -60 80 -85 -48 25 96 53 72 -91 -73 65 80 9 70 0 89 30 -4 -28 -11 -69 30 95 14 79 84 40 -30 -67 -26 -72 99 51 -22 6 33 -32 60 90 -99 -88 81 -98
-98 -18 69 -4 -99 -22 -67 45 62 70 56 -51 83 -96 -98 24 -78 -5 -68 -64 -11 12 -37 43 -11 -89 -22 -5 -77 -71 -20 2 -59 -66 22 82 -36 84 70 -84 44 85 -40 -35 -45 13 28 -62 -33 -21 70 67 -77 -72 8 -37 50 -52 40 -45 89 -14 -95 -2 20 38 -21 -87 -73 -93 69 -68 -76 93 37 -48 28 93 40 -43 -48 60 -25 6 -74 66 73 -18 -25 79 89 -84 -70 -95 -63 -43 -64 46 -12 48 43 85 8 61 70 90 -52 8 -5 -41 -1 -42 9 15 -78 68 55 -79 76 14 -12 -60 -25 99 -32 -64 -38 50 -30 -60 -16 -88 41 -2 -21 31 -58 61 33 98 -99 19 -91 -77 21 39 21 -73 34 -93 74 81 66 15 33 -96 -21 -67 -42 54 19 80 88 82 31 2 75 -17 -51 68 69 92 70 -6 69 85 82 87 53 -47 -34 64 -28 -41 87 -52 4 -62 19 -97 -74 -28 23 3 12 -81 27 -19 -30 -76 80 91 68 -48 -67 -46 62 -46 -46 43 1 -19 75 13 -4 -75 78 78 -1 74 54 -94 -97 83 -66 5 -77 22 -33 75 64 -2 -12 10 -42 67 -46 -6 -74 -54 94 10 -57 70 -2 18 42 -87 -71 -93 -18 -19 84 29 -18 -68 -50 22 38 40 -57 -4 -78 -22 -23 -34 -15 28 -13 77 33 34 -11 41 49 56 67 -1 9 -1 25 49 58 58 22 -22 89 -21 99 -12 53 79 94 -81 36 -72 -12 -97 -96 -70 70 -56 99 93 -41 -85 -16 -58 -50 32 -96 50 -85 -13 87 -61 -44 -91 -84 11 -91 82 46 -46 -62 95 -38 65 -16 -37 -77 -37 29 41 -18 -89 83 7 -11 -66 65 43 -42 85 -36 39 85 -94 -22 23 -76 7 -78 -69 59 25 -30 -85 -28 74 -7 -50 -80 4 3 -95 67 80 -56 75 62 78 0 21 10 14 63 12 63 67 -8 19 -85 19 -7 -58 2 16 69 -93 1 -80 98 -86 -29 55 68 0 58 -62 -96 -41 -63 25 -47 25 -49 -17 78 -11 7 -92 20 43 -23 52 -51 -89 -5 -41 71 -18 -24 -42 48 -97 -25 82 24 -59 75 15 69 70 98 -30 -67 83 24 27 63 20 40 -17 -30 -55 -79 32 -50 -60 45 90 77 54 -60 15 -48 -89 15 -19 -34 18 53 23 87 21 -23 64 42 88 35 -53 14 81 46 -36 -97 78 -70 -67 90 70 -54 -1 -99 20 89 -30 95 96 65 86 -88 86 3 21 -89 -73 -42 58
46 -11 6 66 94 -10 33 29 95 -67 -38 -85 95 60 23 40 -73 13 2 -33 30 -17 94 89 -55 -38 -64 -56 70 98 -73 57 8 59 99 44 -38 30 90 6 -95 48 -20 1 26 6 -99 -13 -2 30 89 -25 6 96 66 -95 70 -64 62 49 86 27 12 56 77 51 84 -32 -56 60 -77 3 9 0 -71 35 18 99 24 0 -48 -59 -98 42 -18 19 45 54 84 -93 38 -53 -84 53 33 -67 -32 68 6 -25 66 -43 29 29 29 21 23 -28 -86 36 -23 81 -15 60 2 96 50 58 -76 -63 7 50 50 18 18 -56 15 97 47 -3 -36 0 -20 11 -29 71 79 -75 -52 -38 -80 -35 38 92 -47 41 40 -36 88 48 -26 49 3 47 -75 48 -38 32 -35 -4 58 -81 2 -50 -3 -60 -75 29 -98 4 28 -19 92 -34 -21 7 -69 -77 79 -4 60 -26 79 -99 63 85 71 -35 -85 91 42 -7 -21 -47 9 -42 -39 -37 -93 -52 -14 14 24 20 19 -77 -5 -18 -53 2 23 -2 36 34 -51 -57 -37 85 -41 32 11 86 53 76 -6 -45 42 89 -11 35 78 61 90 22 -10 97 -53 -84 1 2 -27 54 81 52 8 -14 26 -91 36 83 95 23 -34 6 -46 -49 18 64 59 -93 21 -72 23 41 -3 -10 95 31 87 23 -34 -23 82 -5 38 93 82 37 -67 -58 92 -7 -93 -24 67 -1 -77 61 62 48 -87 -59 5 91 -21 -77 41 -10 -11 -83 -36 -6 68 -71 -12 8 62 70 -19 -44 -62 70 41 -41 -20 63 84 -53 91 -44 -63 67 55 61 -47 60 8 -97 25 -17 -40 -75 -35 -2 -66 89 -44 67 -77 48 99 -80 2 12 57 65 17 -94 46 43 -29 -94 -54 86 -47 29 -32 -45 80 -97 61 -66 9 0 -67 16 -54 23 -64 61 5 -24 -89 84 -57 -24 93 44 81 51 30 9 79 51 -97 -42 -69 -21 -62 20 -81 10 -13 2 -7 -74 98 -16 28 -46 59 -49 -16 -78 51 -46 84 9 29 -3 -95 19 77 -54 31 -48 12 -36 97 55 24 -29 89 -57 -46 83 -50 -84 -8 -83 -38 46 87 38 74 -15 -96 10 33 -15 71 -17 29 12 -84 -67 96 53 11 82 76 65 -58 -78 -66 8 -72 98 -15 83 78 55 -89 -91 1 -12 30 -95 -41 2 40 63 -91 35 23 69 -37 -95 -46 -69 -38 -30 -76 55 22 11 75 98 76 33 97 -8 62 -63 58 2 42 -37 94 -81
-32 -57 63 -32 -50 -23 -21 -54 -19 -99 -10 -68 33 86 -59 58 -82 93 26 -49 -9 20 -41 -62 64 20 17 -68 75 39 -71 -37 -89 -56 84 60 -74 -77 -80 2 96 21 92 77 -14 85 47 32 72 -76 -4 84 23 -44 -61 -82 38 3 78 69 10 40 55 37 -44 63 46 59 -89 40 59 -45 48 -2 30 23 -94 -71 98 38 86 -91 60 48 -95 68 -51 92 -48 26 39 -92 16 56 25 37 -80 -51 -88 14 83 39 -91 63 -74 73 -6 -98 -50 13 -69 57 -92 64 74 -31 48 90 3 -48 -39 -48 -39 -17 56 -58 -84 82 -30 72 -42 -73 -57 11 -64 -66 -47 43 -61 43 0 35 -12 -5 35 -85 -88 -42 39 20 88 85 82 -11 46 93 20 58 -72 44 -14 95 -94 0 54 47 -24 64 -71 -37 -62 -95 33 -65 45 87 -17 13 -65 5 67 -85 -80 77 25 -52 39 -33 78 -93 -35 -56 20 76 37 -19 97 78 32 -22 -49 -23 -75 -4 19 15 -47 -7 -31 91 -75 81 35 85 68 10 -39 52 -58 30 -79 11 45 55 53 -71 -98 -47 -32 -85 -74 20 86 -1 -83 60 22 62 14 73 44 4 -59 29 -24 -64 -47 76 -95 -29 13 91 76 -76 -2 67 -55 97 -7 66 6 -21 -39 99 -78 -12 -24 -56 -2 -78 -71 36 52 -50 64 36 -2 11 95 23 -2 85 -78 -36 -93 -10 43 -8 70 17 -49 45 -54 -66 -24 37 -42 75 -38 88 90 22 53 -79 -16 15 50 70 -36 12 38 -8 5 11 62 2 11 -7 4 67 17 -47 -47 5 47 -64 73 13 25 82 -16 -7 93 -50 48 -95 68 54 51 -38 -27 -36 84 -46 -89 89 44 66 78 -67 -75 -19 52 -88 -88 48 4 -3 -6 75 58 -15 -52 91 35 60 78 -16 -63 -46 -63 -97 -7 55 -42 -75 96 -58 -11 51 77 20 -89 5 -34 -58 10 47 -24 15 10 75 57 -42 77 51 38 -63 -98 -53 -44 14 -99 17 40 42 -67 91 7 -97 59 47 57 31 -54 96 -62 66 21 -47 -47 19 -53 94 -25 -62 89 69 -33 -21 -82 92 -94 -35 -76 -42 -62 -99 9 -70 46 -44 10 73 -84 28 -59 -22 87 -97 -19 -47 -23 3 -89 77 -78 -96 68 -69 77 7 7 4 -73 63 -20 55 -58 -38 -53 -5 -62 14 35 -81 -55 -1 12 64 -68 48 34 59 16 56 90 61 12 -22 -7 -48 74 18 37 -83 -88 -45 -42 76
92 95 -46 41 -24 -86 56 0 77 -62 -16 67 84 13 14 -37 -14 73 -66 -54 46 32 -7 8 74 35 81 46 67 91 -10 73 76 1 55 -39 96 -31 -94 91 38 88 35 62 35 -71 -71 -67 -7 19 -69 4 -60 -52 31 57 -13 -46 75 31 47 -73 -61 11 53 18 43 65 28 -68 -91 -66 -72 27 35 -37 -94 -54 -37 95 36 80 -96 -9 86 45 96 -54 -14 -19 -10 30 -32 47 -20 68 14 -51 31 61 -18 -62 -4 22 76 17 9 92 -66 -36 75 2 39 -34 -55 57 14 -36 -44 54 32 -59 64 -47 66 32 18 -69 -97 -6 -54 19 -75 68 19 66 23 -83 80 80 -82 -26 -7 -28 94 49 2 -8 25 -50 11 29 -96 0 -4 -8 -57 -39 6 10 -90 -32 -1 38 0 -83 60 -74 12 -13 -79 62 68 85 12 19 -7 97 -38 -34 79 62 -31 -64 50 -59 84 -66 84 52 -28 -90 2 86 9 77 42 -90 -26 -79 10 28 -26 -4 -35 7 16 32 -81 -18 60 89 7 2 -96 -89 -95 22 77 -94 90 -32 -11 98 -97 83 -33 -44 -83 -69 59 98 -1 -4 -10 -52 39 -29 19 37 -59 95 95 -19 -18 89 -93 -82 -92 31 -30 23 -35 -51 42 -25 -88 44 -22 -67 -63 -97 -21 2 91 -47 51 -26 -28 90 -62 56 92 3 -86 80 90 78 -56 -30 61 33 55 -89 -82 -79 -95 -91 -9 -45 81 39 17 44 87 38 50 0 71 -4 8 -32 70 89 -57 75 60 -37 58 54 -77 15 -22 23 55 -67 81 -76 -11 88 -50 -47 -39 10 -54 -59 52 52 64 39 -31 -76 -70 0 39 17 76 52 -96 24 -59 7 -61 64 -12 83 74 -37 30 -44 -55 38 -87 -80 -73 -95 55 -32 -59 -59 96 67 23 -46 -74 51 -11 63 59 61 -89 -86 -17 -59 35 -87 50 -87 -55 24 -26 -87 48 91 -79 6 -51 56 67 -22 93 -2 -72 -85 52 85 -97 83 51 62 -81 -23 -65 75 -73 -24 91 -98 -41 43 30 -86 -12 28 -49 71 86 51 -61 -20 -11 89 21 69 -38 17 -4 -56 -46 41 73 -67 15 32 70 1 -92 13 54 59 15 46 -13 16 -97 -26 81 -73 24 -81 32 14 -65 -80 -9 26 88 -95 -17 -58 -59 -76 -97 74 55 -77 14 -87 -3 -86 45 -80 19 -95 -80 -22 -13 -67 77 -99 42 62 19 -58 -41 -29 16 -72 30 -43 -34 86 -65 39 -10 61 39 41 77 -10
91 6 7 90 79 -5 -9 43 -6 63 -98 50 -95 54 32 51 98 13 -72 -43 18 32 -15 96 -74 88 76 0 -12 -43 -62 61 66 29 88 -86 26 95 56 -64 -77 74 -41 19 57 -22 91 -77 61 -54 -68 -90 90 38 -79 -1 99 -19 22 -33 43 56 0 -45 50 33 -65 -65 -5 -78 -14 63 -10 42 -7 -84 61 57 27 -77 57 -56 72 85 83 66 51 -90 50 80 -18 -49 98 51 -65 -11 -72 76 67 -1 -71 -32 -9 -69 46 -6 -27 55 -44 -60 -88 -4 85 48 29 -98 -16 7 39 -41 -98 78 -36 2 -4 -58 -50 -23 74 40 -79 -61 -3 3 -30 -10 8 -14 -89 -37 -94 37 -71 12 84 -3 9 -26 65 -57 6 -8 19 -87 -47 16 -22 -74 0 -69 37 -61 87 40 90 -27 -82 36 -31 -86 16 31 3 -11 26 14 92 -43 28 62 90 -71 73 88 27 40 23 -34 55 87 5 76 7 -17 -71 -58 20 -69 80 64 73 -27 -94 -76 -4 -13 -74 -19 5 51 -7 -14 -21 -68 -30 -80 -26 41 53 77 -81 47 -80 -26 -62 9 46 -16 88 -32 20 -34 -93 22 -33 -85 44 75 68 18 6 66 -38 58 -39 -56 96 -31 51 -60 40 -61 62 54 30 -61 -63 72 -30 9 43 -35 32 -84 -7 -94 -79 64 16 -20 53 22 14 -54 -81 71 48 -46 -35 -18 90 -74 -70 -14 83 -40 -96 -30 47 -66 90 1 53 25 -55 -58 -12 -52 -77 68 58 -55 -34 83 71 29 -24 58 44 7 46 99 69 91 -52 -88 14 -57 -6 -25 -87 23 3 -92 14 -90 92 27 -45 -24 -34 -35 -58 65 -80 -5 0 27 -56 26 89 -25 96 -14 -60 43 74 -96 26 -57 50 -2 -67 88 -29 33 57 78 -68 40 27 -17 -18 -17 -82 77 16 -9 27 84 -46 -84 -86 98 72 35 -58 97 -58 53 -4 -34 -79 -72 -80 57 21 -10 51 -56 9 -38 35 6 15 28 83 72 -62 -65 -66 99 -30 58 -2 11 -66 37 -27 97 6 4 -92 -66 -26 -14 -75 -12 41 59 39 -60 29 62 -5 -74 87 77 -52 86 80 22 30 16 62 -2 67 -91 50 -94 7 -25 -79 -37 89 22 90 -11 6 -64 80 -46 22 61 -78 37 93 5 -13 6 -91 -48 -33 8 -8 -98 37 18 28 -76 25 6 43 29 -99 -74 -72 70 62 80 -97 31 -86 87 -37 -66 53 -1 79 -48 64 -25 -4 72 -3 92 81 81 -83 -8
-81 -24 76 83 82 -93 68 -51 -33 -89 -97 -95 -75 -66 2 -68 86 -81 -72 64 89 98 -32 -98 18 29 17 -36 -25 -48 4 80 32 -64 -40 -37 -57 -79 -82 67 -60 -53 45 -98 88 67 -75 44 -84 -82 88 23 73 -65 63 11 34 44 11 -79 88 -9 28 69 82 -1 71 30 50 -50 45 50 67 -64 -39 1 32 42 -19 69 -26 -52 56 -33 -36 -47 30 17 -67 16 -28 -98 -56 -1 12 76 66 -71 -96 10 99 -28 -24 62 -16 -14 -16 52 13 48 -34 49 5 -32 -26 -30 -54 77 90 36 -72 65 -60 16 -61 -36 80 48 18 -58 97 27 -65 -73 -7 52 -75 23 -18 -53 91 -1 66 -93 -56 -96 84 31 99 -70 2 53 91 -2 -66 0 14 -94 -39 67 -61 76 -61 18 45 42 45 17 -25 22 -42 11 -28 -12 51 28 -75 75 -72 98 63 65 -54 29 -95 -13 -3 20 -32 -96 45 59 -6 48 49 -43 -6 23 -52 -32 -23 -35 -22 -78 -47 -72 -78 -44 -69 88 88 -35 -72 -18 -66 63 7 17 -61 23 -70 39 -97 -31 96 -51 84 50 98 97 74 -35 91 -98 -82 68 73 52 -55 77 81 -15 0 67 9 96 91 66 -24 -39 -97 -90 36 82 3 -57 55 -73 68 -76 7 52 6 88 -2 27 20 39 7 92 43 86 -3 -3 36 88 -52 -53 -27 -88 37 -63 -47 7 47 81 94 -94 -39 -66 58 -50 -3 26 40 -86 32 -91 -34 85 -94 -71 -30 -75 99 -36 -27 97 91 -49 -81 42 -46 -14 -72 -13 -73 37 -26 40 59 -42 74 -6 82 -69 73 -17 80 -58 -83 73 -41 44 86 -20 72 16 -39 -1 33 -81 -73 -91 -51 -22 49 86 6 62 -29 -48 58 -60 -6 -16 -67 35 -35 -29 66 44 41 26 94 -11 83 -64 29 24 51 88 -37 -54 -4 1 -9 17 93 -86 -75 79 -58 -10 66 19 -45 -76 -42 -24 -23 -9 -63 34 46 11 -27 23 -41 -92 -89 6 91 40 65 -54 -65 -78 92 -7 38 -92 7 -32 -80 95 -13 0 20 52 23 51 -46 -27 69 35 41 -93 -16 84 24 -46 45 -70 -96 8 61 24 1 49 -58 -71 95 -31 -16 -31 25 -34 33 87 -76 -33 25 22 46 -39 -70 -98 -66 -43 -25 -32 -82 -40 -76 77 -94 22 89 36 -66 -55 69 8 -51 -52 -75 -18 38 -13 -49 72 31 13 -46 31 -21 -94 82 -35 25 -44 -15 -96 -76 -39 -96 -31 -68 -67
-28 -48 -10 32 88 51 32 18 -33 49 75 -69 -24 -40 -17 -34 1 -90 33 59 82 -89 -75 57 -88 75 -49 -87 -42 -72 -71 -73 -79 -15 -78 -3 -27 80 48 -76 -39 41 -58 67 33 24 -81 -42 91 -71 73 16 -58 -19 65 -33 62 82 -4 -28 -61 95 -69 34 -72 -97 96 -94 82 -3 1 -49 -7 -40 -91 -76 83 -88 60 81 -23 93 12 -49 56 -36 25 78 -11 -64 37 99 85 38 -72 1 -53 -99 79 60 -26 -49 13 82 96 44 16 57 -10 91 -79 -71 -15 -68 54 -85 14 -25 38 79 -24 84 -15 -23 -73 17 51 56 17 -80 -60 -49 22 -82 -93 -74 52 -94 -54 -28 -92 15 -60 31 83 -96 37 10 -43 94 -10 27 -46 -27 -74 -25 63 -15 85 -44 -76 43 -7 -79 -3 -32 85 70 79 -74 -20 81 -88 89 46 62 99 -11 -27 -42 30 -80 -3 55 -97 -28 -69 -66 68 -43 -93 -51 49 26 -42 96 75 -59 24 -23 -89 -57 -73 -67 -30 -99 24 62 57 22 13 -37 -4 -2 65 -55 72 85 -87 -39 -69 66 -97 47 -98 29 -30 43 -50 -27 98 -78 48 89 3 87 54 88 -52 -1 32 72 -15 -33 17 0 -1 46 23 -49 6 -97 -43 -91 24 12 52 -25 -85 85 55 83 -42 -83 89 -58 92 80 -18 -16 88 3 -93 70 -86 -76 -74 -74 51 -75 44 9 18 -82 40 86 13 -73 5 13 -13 29 -62 70 -42 -53 3 59 -65 -13 80 94 14 -2 61 24 45 -2 -61 58 -49 -55 -14 15 -37 50 -89 -2 74 9 -34 -80 -53 69 -84 86 8 64 30 -93 94 -64 37 -21 -13 -9 -83 17 -74 97 36 79 64 -68 82 -9 -89 -84 -43 66 -70 -18 23 63 95 -39 46 -4 -89 60 71 0 -78 58 -51 99 53 99 -79 84 -57 -54 -39 -10 -15 -41 -40 11 65 -72 63 60 46 -86 59 64 68 63 -17 -32 68 -84 71 3 -65 -76 6 -1 57 -35 78 -40 -75 12 -82 -46 86 12 -57 77 90 20 -48 -24 19 14 -1 24 -66 -53 -12 94 37 96 16 29 -49 26 -33 75 26 -56 48 -78 -78 51 -89 36 -51 -58 -63 97 16 63 14 93 47 94 -31 -69 -8 85 -74 5 79 -57 45 57 81 3 -88 19 -57 -8 -59 69 -94 -54 28 91 -56 -13 64 -8 -86 -77 -8 -15 89 61 -96 6 -65 50 -46 63 -69 -54 -12 66 -24 39 -27 -45 47 97 -57 1 -64 0
-97 -33 -39 90 -59 26 -19 -35 -89 88 -25 44 -68 74 -7 76 39 26 -44 0 -83 -13 -94 -55 -95 98 39 29 -70 23 95 23 -12 -54 -60 85 77 -86 14 -83 91 52 -11 -94 76 -84 95 -77 -98 35 10 -92 63 -15 61 21 25 2 9 -37 -8 -33 -26 17 -78 -27 47 82 90 20 73 -55 -92 -94 -15 7 -33 -75 12 -68 -1 -44 23 -79 -24 20 55 35 66 98 -9 -19 83 -6 -8 98 -1 -44 14 69 13 -68 77 72 85 93 -95 -1 -54 74 -7 77 98 75 -4 -79 85 99 21 -92 -67 86 17 -3 -13 -66 22 -51 -67 52 -16 30 92 81 -14 50 -89 41 61 37 89 43 75 -5 94 -97 -76 -24 17 -92 -45 61 -47 -92 -41 56 -76 -18 -41 80 49 89 -24 -50 53 -33 19 61 -31 -1 -94 -93 -34 31 78 46 20 -9 -39 5 -30 -79 44 -10 3 27 -43 -82 73 -81 16 32 98 -87 8 15 -10 7 57 39 34 30 65 99 -89 -83 36 -21 66 47 -75 -33 -81 19 9 -83 72 -96 -27 -85 61 40 16 -31 81 8 -57 -41 -44 9 -98 80 5 -36 83 7 30 67 -1 -81 9 26 -49 54 12 74 -41 -30 51 -5 -2 -31 -84 -56 -14 95 -81 -18 25 -79 55 52 15 -68 -13 43 57 67 13 76 -61 -61 -48 -67 -76 76 62 53 -8 -8 68 72 39 27 -55 47 64 -31 47 61 -20 14 36 36 66 -7 -29 -91 -86 58 74 11 -92 -6 6 59 -90 23 -26 -72 -17 45 -43 -46 46 -64 -16 -87 -36 84 -47 -97 -45 71 23 -41 -67 -94 37 -70 35 70 40 64 -62 -5 92 46 -34 -44 -9 18 7 -40 88 32 -75 -41 -83 36 -76 40 -48 1 -35 -65 77 -76 -8 -89 55 88 2 65 85 36 17 -97 -56 37 25 -55 -54 -43 -69 9 9 70 -75 96 -11 47 -84 79 -96 -45 70 83 58 -3 -9 20 25 38 -29 -96 -18 -62 50 -15 -67 -72 98 -98 -75 99 -48 -57 -32 -44 -43 43 41 -1 10 -45 82 -64 3 -68 -58 -67 -12 -5 92 -11 63 -91 -19 58 7 -85 39 96 -63 79 23 -34 57 -68 63 2 49 -83 19 58 -10 -55 21 -20 29 72 44 19 -46 -81 -1 45 -63 48 70 11 -95 -96 -21 -5 14 14 -27 -39 83 56 -38 40 -92 -65 77 -90 81 7 -93 -23 -13 -62 28 91 -49 -3 -49 -69 -23 -73 7 31 -99 -6 27 -37 30 84
35 -68 -87 26 -67 -99 32 78 20 14 -19 -97 -30 74 -73 61 -82 -88 -18 33 60 -70 -40 43 79 -60 -76 1 -61 -90 81 35 94 87 4 33 -14 -44 -29 -86 -60 2 -73 94 -64 79 30 0 16 -33 30 4 13 -82 -71 -26 -4 76 96 96 60 -3 -37 -47 -4 48 -61 -77 23 -29 -5 49 53 -44 -36 49 26 58 -63 21 4 85 -51 -69 52 1 39 70 -45 69 51 -63 61 -82 72 -43 -29 61 40 -87 7 -98 6 57 30 56 53 64 -29 -25 -47 -40 49 -13 28 52 27 32 64 1 55 66 -87 -56 -87 89 -50 95 -95 -37 -44 -47 77 45 32 -32 6 6 -37 54 -41 29 8 71 14 25 -91 -61 89 -14 25 59 29 52 -95 90 63 87 55 74 10 74 41 50 32 -88 -31 -92 83 94 -56 -53 10 49 38 69 -90 -15 56 -12 -52 43 -70 -57 73 -98 -60 31 80 -34 -12 -95 -72 -65 -15 -71 12 -55 -83 -20 -8 74 -48 40 97 81 -69 52 -63 -3 -86 -11 8 72 -87 99 32 37 12 34 3 -23 31 96 27 63 -73 -90 27 -16 -3 -60 -27 55 -3 -30 1 -91 7 -67 -92 -84 -24 -82 92 22 -4 -54 -37 5 94 76 -55 53 -93 -9 -67 53 93 -63 78 -58 70 34 -71 93 -25 -8 72 -13 88 52 85 26 -40 55 23 -66 -79 22 85 -49 37 -72 -7 -67 -27 -92 25 26 17 -50 39 -86 -84 -26 69 -52 13 -44 85 41 27 -19 38 2 -16 49 -71 -43 -87 -54 -30 60 -97 16 10 7 89 2 -22 9 98 87 -86 51 -30 1 -82 -8 -40 67 88 -19 -15 -46 -77 85 -18 21 46 -5 -35 10 29 81 50 -68 -33 75 -85 59 88 10 29 10 -40 -82 -1 1 -74 63 -76 40 5 53 -55 86 50 -9 -79 -51 13 -10 -82 -88 -22 -38 -9 -1 61 33 27 -49 26 -61 23 -89 55 34 35 -39 10 64 85 19 63 50 37 -57 96 93 -13 -91 -1 -89 -15 25 34 -68 -30 -26 24 -84 -71 -30 -42 24 -20 61 -87 -86 69 97 83 19 -76 32 21 19 71 -57 73 -9 -53 -5 -9 69 -35 -79 -44 -37 3 -70 -53 -82 68 -34 16 65 74 53 -13 -20 -68 72 90 89 -95 -70 52 92 67 12 39 23 -12 -16 -16 -63 49 -23 -41 -30 97 -56 61 31 48 -27 65 -96 -33 86 -51 60 60 -48 -28 -41 61 -52 16 -63 -63 3 55 65 9 -83
-81 10 -89 -73 -59 65 -80 -32 -25 1 27 -64 -96 4 -16 72 -21 -85 41 -30 -59 -95 -59 -33 -92 11 32 29 1 59 -38 74 -97 41 79 -89 1 -59 -36 -48 45 -56 -13 -72 -7 -11 -57 -8 54 27 61 -82 78 21 74 66 46 63 -66 -65 56 97 -11 85 -12 49 46 11 92 21 -3 59 -7 98 -46 -37 -28 -85 -4 81 -67 -11 -64 94 6 -79 -62 65 -13 36 12 98 -52 75 -95 -2 -79 -29 -66 -65 16 -28 -13 -33 -21 82 -71 -89 -34 -31 -91 -60 -20 58 -25 16 93 -50 67 97 -70 -23 68 44 -37 32 -36 31 -58 -50 11 -69 10 9 -20 77 79 81 58 35 14 -26 -53 89 9 59 35 76 80 30 -30 -24 -68 92 93 -88 39 -76 47 -95 83 -94 -90 65 6 -10 4 -83 53 -67 41 14 1 85 -73 49 -41 42 79 -90 46 -22 -4 13 56 -31 -26 65 78 56 -54 79 13 -71 -55 79 61 -46 -20 -15 -78 78 87 67 30 -69 -76 98 -36 68 -4 -8 -43 1 -21 64 -39 -87 -80 -53 43 26 -7 -69 -9 99 17 -61 52 -79 59 78 -32 96 -17 27 21 -86 -29 93 62 21 91 7 -98 -34 -46 89 -22 10 11 -4 9 -80 99 -37 78 -47 62 39 11 -82 -12 -6 92 77 58 -55 -44 -68 -48 -50 11 84 -87 -77 -4 52 7 60 -56 27 -59 71 -72 -63 -92 -28 -57 -72 61 -29 -68 84 28 83 -77 3 -47 -90 39 -53 17 13 -14 -21 -5 -89 -20 -20 24 51 -34 32 -17 -23 1 94 57 -94 62 89 -31 -16 76 -84 99 -25 15 65 -72 94 -44 -60 35 -84 45 33 68 82 -43 -35 -14 48 48 67 -44 2 -36 76 -68 -88 8 -66 -17 78 -51 50 80 -79 83 -21 50 -21 -65 73 -23 53 24 67 83 26 -11 84 25 -16 83 -10 59 -97 -33 15 61 -1 -19 -5 31 99 -64 19 -33 38 24 78 -48 -71 99 65 -21 8 39 85 20 13 59 -81 45 -77 74 48 59 -82 77 -97 35 -66 -39 41 -74 87 -15 -65 77 87 -4 -52 41 92 88 -48 -70 -90 6 5 15 -15 -39 -50 85 13 93 46 33 -99 -58 -63 30 -53 46 99 -55 74 -63 32 -17 -89 -83 23 -65 0 64 9 64 68 54 -90 98 66 -35 -66 71 43 -40 6 -35 8 84 25 -40 18 91 -38 -83 14 -63 45 1 -18 90 -31 60 55 -45 91 -6 43 52 56 41 -44
-99 -13 -60 18 -48 -1 23 -26 -39 36 -84 51 71 -9 -12 11 18 -21 37 22 -85 92 87 -54 90 -54 59 -27 52 -36 -17 -84 43 10 49 -66 87 -73 -74 93 51 90 62 60 -52 80 -5 -56 -2 57 -54 37 -34 -15 -1 13 -24 1 31 77 -45 -32 68 -34 -35 57 21 93 20 -90 -58 -32 -58 16 -31 -88 81 37 4 53 -49 -33 41 44 -61 -68 36 86 21 45 23 -17 38 97 1 -95 52 32 -94 -57 -56 1 -17 24 -42 -22 -3 92 53 78 12 19 90 -75 -4 -98 -89 25 -81 -9 20 91 -52 48 8 66 12 54 83 37 -22 -57 -95 54 -35 -90 -96 -46 -48 -80 -63 86 26 -36 -44 90 74 -32 -91 13 -43 -91 93 -75 41 69 -93 35 41 -44 4 60 -24 -3 -87 -51 84 -79 92 -81 -25 -66 -61 54 -47 -3 -48 46 40 -94 49 76 -10 90 -13 46 6 4 -86 56 -68 44 24 -64 -35 47 -97 76 -52 66 -53 39 98 -20 -27 55 -98 -42 -10 -6 -16 -90 -21 -88 -27 -14 69 -76 28 -48 -51 -38 -33 66 91 -64 -88 -39 33 25 -48 -78 43 59 -41 -34 -96 57 51 -22 -92 -92 -42 -32 50 -59 -45 -65 34 -78 83 98 3 -36 19 -97 77 -60 77 46 -16 -31 63 71 36 11 -74 19 23 87 30 -1 -67 -42 -16 22 35 95 -82 -25 -35 92 -50 65 -42 -35 48 -1 62 3 -86 -22 -78 40 92 21 -18 82 52 -90 63 97 83 37 -38 -72 11 5 -97 -31 80 -70 20 38 -37 -41 13 -9 40 39 99 -39 26 -7 28 -27 20 84 -75 25 3 4 -50 68 -36 75 22 -89 -16 38 3 -90 -8 67 -85 70 -95 -49 72 75 -16 -44 -34 -51 31 -82 80 88 -56 -23 -18 -53 86 23 83 -84 -35 34 -73 42 -90 -34 0 4 98 99 -80 54 39 -45 -87 -25 21 -57 60 -42 -94 -88 98 40 -66 -29 83 94 -47 -63 95 -48 -11 11 -65 92 -99 70 64 28 -16 -37 -6 51 -18 -68 85 89 -47 -58 72 -59 -30 -83 25 -28 -78 -31 37 -22 63 24 -31 -3 62 -85 48 49 97 47 -83 62 96 27 65 -79 7 -82 8 85 -59 82 -98 -25 -19 87 -52 6 4 -51 54 61 -36 -91 -23 -65 -53 2 70 81 79 45 -28 -35 -55 -8 85 -15 -50 -44 87 6 -31 42 -47 -18 -1 -86 49 18 38 12 27 -31 14 -26 -90 8 -63 -5 -37 -2 -54 53
91 37 -43 -24 -1 -81 18 43 34 60 -47 13 -27 -94 15 -49 4 54 -38 71 82 45 19 -82 42 -18 -30 90 -80 -30 -43 -8 81 42 -93 -71 -53 87 80 74 -89 15 67 95 5 81 92 17 16 -15 -92 67 -13 86 -56 77 -82 83 -37 82 55 86 -6 23 -13 80 -54 -84 72 29 -60 -61 -3 37 -40 11 -24 -40 -71 23 44 -49 -12 -73 94 -3 47 69 -35 -85 20 -20 -42 -60 -10 51 -8 -50 -14 -66 41 -73 -60 -36 50 59 -98 25 74 -77 -62 -47 92 66 7 -39 -73 85 15 -83 42 -85 -61 -35 -76 -21 58 -31 -63 22 4 19 -74 -62 78 19 92 90 -68 92 9 33 20 10 61 -71 53 67 2 -82 -57 -67 74 85 21 -4 56 94 -8 24 -53 -78 -34 -94 -26 17 82 84 10 45 10 -40 -6 1 51 -9 -41 -21 -3 -68 -40 -28 -70 26 32 70 92 64 -73 73 5 -66 -98 -51 16 -30 -90 18 -57 67 15 12 84 44 -20 12 -96 -20 -36 -81 8 -12 -42 58 25 -53 44 10 68 -72 -54 4 39 56 -17 -94 -43 -21 89 79 -40 -83 61 52 -26 65 70 58 -78 -94 -57 64 -22 62 -38 89 64 64 9 18 -24 42 81 -37 79 88 -40 -84 58 -9 82 -85 20 88 -47 -61 89 91 20 64 -63 46 88 34 92 13 81 -76 41 52 48 79 -44 -79 17 -11 66 68 -21 -14 -72 91 -13 -54 -60 -56 52 -67 40 -65 -93 -84 72 -16 2 -64 55 39 -38 29 45 10 -3 -18 32 52 91 7 59 -4 -3 35 -24 80 -87 -1 29 -76 83 -50 44 -74 -8 23 -26 -57 83 79 7 93 -3 -80 -22 35 89 -48 48 -12 54 3 57 94 63 8 73 -75 26 98 -40 -87 -79 -20 4 43 52 23 -9 79 54 25 31 -66 -60 -36 -68 -32 -21 75 78 -72 94 15 -93 -7 71 75 8 15 30 -21 17 55 -57 -65 -6 54 18 33 -95 -43 59 94 -54 21 24 -8 60 -86 -1 -74 9 1 46 14 -6 -79 98 92 46 81 26 -57 24 19 -55 90 -62 32 86 -45 16 15 -75 3 -64 71 -25 65 75 -60 -83 -60 -66 38 -3 -32 -62 84 -63 -74 -53 60 -35 -25 59 -84 83 -20 -55 14 -42 -14 20 34 17 -94 -34 -58 -57 15 44 6 -58 58 -36 58 -55 -2 94 81 62 5 48 -71 12 3 -32 -64 89 -55 66 98 -91 79 65 -9 -19 -93 -76 -31
92 19 87 89 7 -36 11 -68 -24 67 62 -44 -70 -45 87 88 -12 -55 -68 -32 80 -16 -89 -15 43 34 -53 10 5 27 -60 -46 -19 2 -47 19 8 -85 41 99 11 26 -85 50 88 -72 -64 -36 12 73 -40 78 43 4 57 77 -4 -35 -8 -42 -66 -8 -22 64 0 -58 58 -28 97 63 -71 -27 -55 -7 61 90 27 28 -53 74 82 -14 24 -92 -97 -61 87 -79 -77 8 21 -60 6 97 -26 14 -19 4 -35 -58 -95 35 -82 -99 9 -80 78 -2 73 -12 -72 29 -93 65 -53 75 -66 -9 74 16 94 -49 -23 -82 -11 -14 -48 -28 92 3 -5 1 3 83 -76 -37 1 -79 28 24 43 -45 61 48 -53 38 -79 32 -44 64 77 9 -62 59 -32 78 68 44 47 5 -80 -41 -5 -85 89 -84 45 33 14 15 18 -98 74 -10 -55 -57 -62 3 -99 21 86 72 70 -65 39 98 -96 -23 26 -80 83 -3 22 13 -14 -95 -24 49 97 -44 -13 47 79 -48 -34 -25 -8 94 49 -15 41 51 -14 24 81 -62 7 -29 -20 89 -3 -90 23 8 47 -66 38 -67 -37 -61 -3 -70 72 -15 -8 55 -7 9 28 65 -65 -32 77 76 12 55 47 -42 -40 62 64 97 54 93 42 -87 66 -50 -88 -83 18 -17 8 -70 50 12 66 -44 13 -71 -39 -30 22 66 81 -17 -57 -93 26 49 -65 11 59 28 50 31 87 -15 61 83 -25 -58 -35 67 -25 99 49 -71 -27 -16 -61 37 -79 -80 78 80 74 44 65 59 -14 13 26 87 -33 -61 93 -70 17 -32 20 -71 -5 98 -79 54 -34 -58 -62 -58 -60 -46 -55 24 61 -81 39 -13 -15 -14 62 -41 75 -89 64 -33 -34 -79 -12 -50 89 -97 -15 -63 65 -36 73 -93 -56 -42 -71 22 75 -54 38 -30 15 -41 43 -48 7 23 -96 -83 23 -89 -92 6 -60 -13 -76 14 -14 21 -88 -65 -37 67 18 31 -20 18 56 75 -69 10 -77 30 -53 84 -12 -37 42 -70 57 -21 70 38 79 66 74 52 -86 41 19 -43 79 94 60 -17 71 -39 26 15 -34 2 5 53 61 -46 33 -91 -34 -59 97 -4 88 -70 63 78 20 75 -29 -37 78 7 49 58 88 10 -69 9 -31 11 94 10 -16 9 -54 -17 94 -49 -26 -81 -31 -33 -98 54 78 89 -27 94 11 -26 52 68 80 -36 61 99 41 81 53 66 -56 59 16 48 -92 -51 -42 -11 -28 18 -58 24 -99 -92 -1 -84
19 18 -90 -18 51 -38 71 -6 11 77 -97 6 40 -81 -15 23 32 92 -55 -18 -72 47 8 39 78 68 -63 -91 -8 -50 -75 -12 39 -42 86 0 90 47 9 -38 -66 -81 80 14 87 93 51 -20 -74 16 -15 4 -81 -42 -76 68 17 20 -5 -58 -74 44 -65 -73 21 19 2 41 94 23 70 -86 -83 32 10 -79 99 2 98 -15 13 -34 -18 -72 -99 24 -26 -59 38 -24 -46 -44 -65 10 -17 16 62 -50 16 81 -52 47 5 -2 -57 -55 11 -82 34 31 60 -12 -86 59 20 22 95 82 -17 -14 -14 5 -55 90 -70 4 53 43 -31 -70 13 81 46 11 18 64 82 -13 77 -84 62 65 -63 -41 90 -90 -41 94 33 19 -3 -11 5 -65 50 55 -37 -91 15 6 -23 5 -10 98 -9 -9 -48 65 16 -56 -66 -61 -92 -33 53 67 -90 -80 -55 39 81 -47 -95 -38 6 -62 39 3 26 -55 33 26 -12 -50 -53 -35 -71 95 -61 66 -94 -13 -13 86 97 -95 22 -58 59 64 -85 -19 -82 81 -88 -21 -44 -69 -37 45 28 8 80 -17 -19 60 -83 1 -97 4 62 49 -73 -73 94 -72 -44 90 94 79 -74 -99 -80 39 -87 62 -47 -90 -76 95 -50 -53 -28 -68 -75 -20 -11 24 -62 49 14 17 -56 12 -65 20 -76 74 -92 -55 50 0 -31 11 29 -48 -19 -11 -27 -37 -19 88 -28 -40 46 -86 20 -79 -45 -81 55 14 24 58 -24 -93 23 -94 59 -20 2 -69 -30 4 98 46 -35 -26 -5 -67 -41 53 -25 -87 -94 2 32 44 70 47 -85 60 75 -42 69 47 -13 85 35 78 -13 62 97 54 67 -49 48 -36 72 22 92 -18 7 99 63 1 62 91 -13 28 -95 -32 58 -65 85 65 -79 -37 73 -51 10 26 5 42 52 -13 -12 51 63 -27 -86 -89 93 51 -56 89 -75 -75 73 57 63 -78 -70 29 25 10 -56 -31 -34 -87 68 95 -78 -16 74 -29 31 -94 -61 -49 -83 61 -92 72 -72 -88 35 -1 -91 69 68 -88 -91 2 46 -86 -14 -81 -93 34 -81 -19 39 -73 -58 -11 36 91 85 8 -59 99 52 -13 -85 93 -75 56 -10 -75 53 53 -78 -94 -77 8 -65 11 63 93 69 40 5 -44 87 -74 15 54 45 -49 -51 78 78 -42 -57 31 78 -42 93 -15 11 19 74 76 60 -24 -75 44 33 -12 64 -94 3 85 -18 -69 50 -60 -75 97 -47 -3 98 44 -61 -29 72 -72 -76 83
-95 79 -26 10 -6 -48 -31 -55 26 1 49 86 21 -5 22 -9 68 1 -64 -2 78 -89 -71 82 27 35 65 29 87 -92 -33 -92 12 51 -43 -95 42 -43 51 -93 -22 50 26 37 91 15 -84 71 -79 74 -2 41 93 30 89 -63 -53 -41 42 -83 11 -13 27 45 8 -71 -28 35 66 80 -46 -2 -35 69 -48 70 -32 -40 99 -90 -15 95 -21 7 12 63 -24 -79 4 -9 53 20 -53 -64 -24 -25 19 96 5 80 -64 -25 -47 -83 -3 -10 66 -63 37 -30 72 12 79 -59 -24 -60 21 54 -27 -40 -87 -5 19 45 2 -61 -35 -95 -47 60 -48 92 88 -47 -75 16 -73 -22 32 -75 2 82 -80 -21 -34 92 -24 41 -82 -84 73 15 -85 -48 1 2 24 -32 -22 43 14 27 -61 97 89 90 -47 -33 39 64 -85 82 -89 -32 47 61 -98 91 -95 -65 51 29 -85 -87 -30 19 42 -71 -68 -75 75 -71 -28 56 -98 -30 66 -69 79 55 51 74 52 71 96 41 76 -90 48 -60 -24 -99 2 41 -10 3 18 23 67 99 -34 86 -92 -73 -96 14 52 15 78 38 -22 17 -63 -14 45 -31 -16 -93 -61 -93 -83 -99 -60 35 26 -40 45 77 -87 56 -23 66 9 22 61 -10 -67 89 44 -40 -21 -98 -48 -59 76 -83 -63 15 -99 91 -38 -86 16 74 -43 -54 -51 22 -59 89 -17 17 85 -52 -62 96 38 -97 21 -34 -65 7 -5 -28 -74 -73 40 -61 21 47 9 87 -15 26 29 4 -43 -38 91 -12 -79 78 -45 -30 34 69 91 81 14 -7 -67 22 22 -23 -87 -53 -62 -56 3 -38 67 -68 -27 -80 66 16 -72 29 56 44 -84 56 -16 -36 -49 9 97 99 -84 96 38 40 87 -95 -80 -7 -77 -76 41 -62 5 -20 -37 40 88 -76 -54 93 84 -48 96 73 -26 48 80 -23 -82 -52 78 10 79 46 39 32 65 -55 -91 -64 -88 -8 -76 -20 70 -1 61 43 62 89 -32 94 -87 -55 89 31 78 62 -80 -55 -3 64 -85 -13 -2 76 -30 7 -71 45 17 81 -46 -12 27 49 2 -73 39 86 -96 78 -20 -5 50 -24 7 -67 -65 -8 16 37 -29 -63 -74 11 47 -35 50 -72 51 -29 -9 69 93 2 90 -4 99 -71 20 -1 81 77 73 24 69 -79 -42 70 -58 -11 37 41 84 -74 -80 -16 1 5 92 -91 -39 7 99 -3 -49 15 93 44 -69 -3 -87 39 58 56 -67 -6 -93 -9 93 -50
67 28 -35 -63 69 -20 -17 -16 -57 6 99 45 81 -9 -96 -10 -43 -49 25 2 -55 76 -53 -37 -47 -20 -24 60 -60 -49 57 -39 30 68 -58 45 56 41 -89 65 6 12 8 -40 21 37 28 -11 91 54 -42 -7 -45 -59 70 86 2 -89 97 84 -51 -60 -99 25 -15 35 -4 -94 -74 89 -80 50 13 -11 -55 83 -37 87 97 38 56 -25 8 -70 41 26 43 96 7 61 96 -40 42 -70 23 -79 38 -32 -71 -12 83 32 55 -71 -50 58 -37 73 57 -92 -31 36 51 -59 34 33 -72 0 -44 -23 -23 -72 -31 69 -90 77 64 15 71 49 -83 -32 -96 -93 22 -78 22 6 60 -92 77 -68 -91 -47 25 -27 58 68 -82 32 -86 37 -72 -95 -2 -98 -22 76 -70 -48 -60 -13 -69 -93 -96 -12 -17 72 -7 46 -89 69 75 -9 -5 11 25 -26 -46 -42 -94 -15 14 -97 23 -60 -85 -99 -57 45 -9 22 -94 74 37 -20 15 35 -5 0 -76 29 14 -6 -8 -26 76 6 -97 -3 -52 5 -59 -70 -12 -99 -24 -73 -2 13 21 -9 22 25 92 7 -88 72 -65 -54 78 -65 -10 22 -11 -3 -14 95 87 53 19 -33 -27 -65 -58 85 -97 89 60 58 -79 -52 -42 -81 -74 -91 -62 -96 -66 -4 -53 -67 7 75 78 70 -67 -58 -39 -15 -68 -24 -47 74 24 47 84 10 15 -59 87 2 -27 -73 -63 -27 1 64 -23 -36 99 -31 28 -14 -1 53 -71 -26 25 3 -57 -58 -91 -60 50 -97 70 66 -68 -2 -22 -85 26 -25 -44 58 -97 41 0 -39 -68 77 -86 64 -73 -87 -22 92 -95 13 58 -6 -72 44 -64 -64 6 -74 -72 85 3 90 -97 99 50 63 85 -59 73 99 -34 6 -59 -82 44 76 16 5 59 -4 41 64 20 57 -14 -75 25 19 -25 -83 76 61 -88 -98 37 30 -37 66 57 6 -9 39 32 46 96 -66 -41 52 73 16 -8 6 -22 76 83 -91 65 56 17 40 90 52 -34 -4 6 -9 -69 46 -23 -30 -64 -51 -87 -40 70 -60 -55 -34 -85 40 16 -14 28 89 -53 10 86 54 -11 -63 79 -8 1 17 50 21 -84 9 13 -44 -54 56 39 -29 -82 -69 -30 -7 -42 -61 -7 -75 30 -1 -15 90 71 -70 67 -31 87 -75 -2 77 14 -52 1 84 52 -86 -7 -94 80 -82 26 -53 68 -7 -53 -77 42 67 -98 50 20 -70 -93 -47 -27 -11 88 -36 74 -74 -24 -33 -98 56 54 -93
-76 5 -79 40 -79 -47 52 -79 3 13 -1 66 57 -76 59 -38 -54 83 78 -82 -66 -29 -30 80 -32 -42 -68 3 97 -92 40 -76 80 4 -86 37 28 -89 -32 70 -58 31 -97 54 22 2 21 92 -3 9 75 -23 25 65 94 -28 -28 87 -62 -23 2 -22 -30 61 5 -21 98 -33 91 14 -93 55 64 98 -80 76 13 12 96 -86 97 -96 -9 -59 86 -24 25 11 -40 -45 -45 -85 -15 -24 -41 24 -79 44 0 13 -95 87 -60 -11 -55 92 -96 12 -6 -86 27 46 -14 11 30 -92 -40 68 17 27 -48 -23 -47 69 -18 52 7 -75 -31 -66 6 -86 20 38 -97 -57 -16 -46 82 53 -32 -5 -81 53 -45 -76 5 3 -65 -27 62 -19 -9 -9 -93 -83 76 25 -62 -6 -63 -40 -8 41 91 72 -31 6 -85 -39 -46 35 -78 -4 -46 -53 33 -39 -5 -14 71 85 -56 -50 -55 -39 15 65 -63 -49 29 -35 -11 -32 97 35 -24 -72 -79 -59 -46 -95 56 90 -2 6 61 0 -90 -10 -39 -45 -73 -91 -85 -61 -16 76 -20 -72 -39 23 -41 26 82 -93 -29 -56 -17 18 -57 -46 -51 -86 -3 -66 -80 -26 35 -33 -11 -20 -5 68 -45 4 1 21 -55 -91 86 -23 -48 -20 -24 3 25 -57 -98 -23 -24 -42 76 70 28 -31 -60 64 -83 -6 -77 7 -28 -35 78 42 23 81 1 -18 2 62 -11 -16 51 -45 -50 4 -96 -47 -72 60 -51 28 -18 -59 49 -30 93 26 -63 45 77 63 -52 57 -59 -9 -42 49 78 46 86 -86 -74 50 -20 23 20 94 49 -19 59 9 -1 92 52 13 32 96 -31 -43 -2 -46 -96 5 -47 0 14 -99 -11 26 0 -43 30 -27 36 2 -3 70 96 99 -39 -27 59 -60 -71 -70 52 64 97 -99 -92 32 78 56 -87 -59 83 90 44 16 18 -7 -61 5 40 15 91 85 -93 42 64 -25 61 -5 63 -51 -57 -79 95 85 77 9 9 95 86 90 -96 -49 91 -82 4 -96 -24 69 50 -58 -80 54 72 -69 66 46 98 -65 1 78 29 10 -88 67 -37 73 62 -21 -64 -34 -71 25 -48 79 38 -12 13 -72 64 88 -86 84 64 18 9 -55 27 -64 -47 49 -95 -61 69 -5 85 14 -87 10 -77 78 -42 -52 52 -25 58 53 44 -96 -81 -95 -44 82 -45 -50 -25 63 10 20 65 -70 -48 -5 -71 -23 75 -54 87 -75 -43 85 -43 31 -52 31 62 34 73 -85 24 64 74 -83
-13 -62 -22 37 6 75 -89 51 -97 5 -44 90 2 -45 74 -46 4 -1 38 -51 -19 -14 -8 45 -69 -66 24 -35 0 8 59 50 0 15 52 9 -13 -65 48 -53 -52 -91 -76 77 -8 62 64 3 38 74 75 22 19 46 71 -31 53 -77 -31 34 -62 78 -23 -97 -16 36 70 42 41 33 -52 -57 97 18 62 -64 37 36 85 -30 -97 18 21 40 -69 44 -44 -45 -30 -49 68 -67 75 -43 -24 -8 75 -5 50 -47 -28 12 -75 51 2 -63 -63 -64 95 4 -93 -4 -32 73 -44 67 94 -82 82 -25 1 -66 -78 56 97 99 33 -51 52 -46 -67 -73 17 -13 19 -8 71 -84 50 0 98 57 -2 89 -39 50 91 65 -93 0 -51 -51 29 -28 -63 -54 61 -1 -5 -45 -74 75 36 88 -91 -73 -45 -14 -81 -32 -29 -5 -42 -98 40 -67 53 -17 -67 -98 -90 33 -98 22 -34 77 -6 46 46 11 -96 74 37 26 75 -73 90 -20 -28 35 65 -79 58 -43 -50 -40 -30 75 14 86 -18 4 -62 -97 -7 -92 -58 -93 69 84 17 71 -22 67 -86 -17 -48 78 -88 -14 10 -17 22 -71 5 48 -68 -14 82 -1 41 5 -28 88 -38 -68 -82 -2 81 -50 79 -47 -78 -99 -98 92 98 63 96 -79 -35 -78 72 15 17 -81 -53 75 48 -10 -56 97 -24 -61 19 88 -64 10 96 84 -48 94 -42 23 11 67 -82 -7 -97 -27 -61 24 -73 46 -94 -84 42 -38 56 -96 27 35 19 -8 -83 -99 79 -32 -22 -1 98 -45 -33 31 73 -55 77 64 58 -83 45 93 -40 55 79 25 89 -29 7 -91 -11 39 -90 3 71 13 71 -10 42 -46 -89 81 -57 62 82 50 -14 -78 22 -84 -27 40 62 -90 -99 0 -59 -52 24 -87 -12 -22 -5 68 68 -48 99 50 -8 -74 39 -64 3 -24 -78 -27 31 20 30 -38 90 -50 66 84 -2 39 -48 -82 31 32 -10 -92 -36 60 20 -80 -17 70 52 28 -23 -3 45 22 -13 -3 -25 -56 45 -34 97 72 8 72 93 -54 33 -84 -81 33 -26 50 17 34 -92 61 24 89 59 7 80 5 16 23 -71 -61 99 11 55 -70 -13 -46 31 33 66 -23 46 34 -59 62 84 32 -40 -23 6 14 -86 -70 -62 -54 94 1 19 -23 67 71 78 5 72 77 -95 19 -23 -44 31 92 64 10 -58 25 -99 -38 -56 42 96 34 -24 33 -28 -90 70 -37 96 -87 -27 69 6 24 77 36
-78 -94 57 -27 -99 -22 83 58 34 91 9 32 6 59 76 96 -60 -3 62 -18 9 -56 58 50 -34 -87 -97 -22 0 76 29 5 -27 -49 -56 -8 -73 18 15 -72 32 41 48 46 83 -13 -15 -74 18 -70 -58 -16 37 -78 -26 -3 40 -58 91 48 86 -38 26 -9 4 98 3 31 72 -78 72 32 -25 -49 -29 94 94 20 -50 -16 10 25 0 27 -97 40 -45 -67 32 -38 -72 17 -9 -85 27 0 -2 47 99 -45 -83 -11 29 -62 -29 -42 6 56 13 67 47 34 41 -17 -44 51 -47 81 48 92 63 -82 -4 -23 28 -74 43 -88 23 -51 -10 -52 -63 -28 98 53 1 49 -43 82 82 16 -43 92 -68 -20 -86 13 3 -50 -80 -96 9 -60 63 78 -82 -50 40 66 -21 -84 -75 0 53 -58 -61 -23 -56 -54 -76 55 -83 94 72 88 -96 89 -60 71 -96 -13 45 89 69 81 -55 36 41 75 -38 84 -18 77 -95 50 -21 79 10 43 -3 -65 -17 85 92 38 -90 16 -4 -56 -5 85 -20 -61 -25 11 -32 -96 64 -35 -96 -83 6 60 -27 74 59 -11 12 -89 0 -60 -13 63 18 -2 -88 10 -25 -72 65 85 -70 -6 -45 83 37 -57 -62 78 14 -19 39 -75 56 87 62 36 -55 45 -40 94 74 -94 9 -15 94 -30 -54 19 -60 -14 40 -22 70 -96 -22 -14 -22 -39 13 -38 -36 68 55 -31 40 -33 18 42 17 -29 -64 88 -7 29 58 -67 -7 31 97 -31 -18 -73 -19 51 -18 18 -61 -8 -56 -19 66 10 -78 -37 -4 -42 -31 82 39 -64 -56 28 -4 33 0 80 -11 -74 77 -54 30 -37 21 -92 -92 -56 25 24 -98 40 -45 45 -33 3 67 -92 -62 -46 -91 -27 61 -93 -15 -98 -89 -69 -87 -15 19 -64 22 -92 25 29 -96 -88 -29 20 -89 52 90 87 -56 58 62 -33 -69 19 -16 -43 -50 16 69 56 69 -4 17 74 -19 -81 -77 58 -11 97 69 77 -55 -36 58 -41 -92 -91 -59 44 54 -98 -60 -54 -93 -28 72 -85 -43 -17 -54 10 -24 45 9 -26 62 40 -74 82 -34 -24 -70 3 7 84 81 -10 -19 -73 -16 94 -17 -43 10 81 82 -12 -33 -75 75 -19 85 -89 2 -31 98 -46 -92 -21 -12 76 -25 19 92 32 -96 -55 -7 77 42 26 8 -88 -15 -36 -67 70 91 -85 58 64 81 49 15 72 61 81 -68 -45 32 -66 24 69 72 -30 12 96 -87 -36 -2 -41 -79 -55
-56 28 -91 63 -9 65 48 30 17 6 -35 -12 -80 99 69 49 -69 41 -68 39 -29 -92 -63 68 27 67 -75 -90 -67 -16 -26 -6 -32 94 68 67 -27 -27 -50 61 0 -27 74 -71 40 31 -13 83 -25 57 2 -36 -18 -84 -70 -74 61 74 -48 49 -20 -34 28 59 -67 -36 87 -82 51 89 52 43 -83 -89 -89 89 -61 90 -72 42 -62 -85 81 64 44 31 -72 88 75 56 -73 25 72 -38 -32 92 83 57 0 -72 82 83 -94 89 42 77 21 -68 93 -70 93 44 90 -69 29 -93 95 14 -12 -82 43 -78 21 51 99 -92 15 -58 30 11 -75 65 -98 -68 -34 41 -75 8 53 35 80 -96 -18 -38 -80 32 36 24 3 -54 -68 -47 -63 -37 -55 39 52 17 43 -90 -40 -62 74 96 65 -35 20 -92 30 26 33 -78 90 59 78 95 -62 86 0 19 -58 -36 -21 41 90 -73 93 46 43 90 -71 -6 72 78 10 25 -35 92 28 31 -76 -23 -40 85 82 -83 9 -9 -51 -18 5 -49 -5 24 -36 83 90 -47 -84 -98 97 46 -78 -53 -28 -63 -22 72 -57 -54 -50 47 48 29 69 20 -56 78 99 -17 -45 -57 -80 53 52 -45 -59 74 -26 -80 -97 52 -6 43 6 0 48 84 43 66 -76 2 -32 73 -46 2 -41 97 -19 25 -78 12 43 39 96 -96 -12 44 64 43 57 41 85 -34 -35 -77 20 -27 -24 11 -83 -44 -91 -81 -32 30 39 -60 67 -53 92 -16 99 -68 92 95 63 -9 89 -75 11 -19 38 -82 -63 -20 46 -63 39 -62 61 69 49 36 -16 -36 -24 -72 8 89 -54 -11 63 49 -63 78 9 -80 -83 81 -80 -97 66 66 -41 97 -83 67 86 -27 36 -73 -42 0 -46 67 -52 -60 87 -27 97 -69 82 79 -18 62 94 40 -36 73 45 83 -39 54 -28 -43 60 -4 -54 72 34 13 -44 92 -66 99 -95 85 -85 3 -69 83 -78 -23 90 -10 -54 58 3 48 -33 -85 70 -41 80 83 -33 -20 -13 62 76 55 70 76 -74 -60 -96 14 90 42 58 60 92 -88 80 16 -42 -18 94 25 52 44 24 -77 99 -30 36 36 77 -33 85 39 -3 -7 54 -51 -69 -25 -17 37 21 -22 -21 47 -61 -23 40 37 -31 88 87 68 -13 -82 25 28 -95 46 -94 33 26 68 -4 -13 41 -7 99 16 -59 -50 25 50 65 -70 -92 -46 -15 -51 60 -4 -51 -58 97 -1 94 -61 -14 42 -86 77
-43 10 -3 -47 -53 8 50 -66 -67 -66 50 -3 -68 86 40 -25 58 34 46 98 -65 -80 29 -95 -98 -45 11 -40 58 -30 -58 17 -95 -37 28 97 16 70 23 3 75 -56 39 64 20 77 -42 -55 30 81 81 1 39 65 10 -77 97 -53 49 -61 14 -67 47 47 -99 -4 -7 -62 48 96 -81 23 33 7 -71 71 63 14 -57 -75 20 36 97 52 19 -55 54 -36 -44 85 -46 -40 -98 32 -77 21 28 87 46 60 76 72 -25 85 -70 -44 61 82 4 79 93 -93 -51 16 67 -4 95 -57 -58 80 -7 39 42 -31 54 -49 52 -28 -45 -11 -9 99 -31 82 -67 -49 -10 -19 29 64 -32 30 -72 65 -42 9 -88 -82 -61 -38 57 26 60 -23 -75 -53 55 -18 59 -38 67 -71 -20 -13 -35 96 66 9 83 -80 -16 -84 47 17 49 -90 35 3 -2 43 -14 -43 -58 63 54 -47 -96 -31 27 9 56 -71 -41 83 94 -75 -17 79 -39 16 89 28 10 -39 -12 -68 -51 88 46 -58 -87 41 21 -98 -20 -63 29 83 -52 7 45 -85 85 -50 -43 -27 -91 15 -36 31 -56 99 -8 -98 17 -33 -50 -61 6 -20 -54 -69 64 14 52 7 -56 36 -97 -58 -46 6 70 -36 28 -98 93 -62 -30 81 95 85 -81 35 -10 -4 -59 -56 94 63 90 -57 -32 54 86 75 2 38 -57 95 2 21 -95 64 -20 22 69 87 -43 -73 -8 1 -90 -19 85 -69 47 -63 -41 -13 45 -37 63 -55 -60 75 -48 -87 83 -38 -22 54 -46 24 -10 79 65 80 88 62 26 28 8 -40 61 76 90 93 18 96 -61 67 78 9 80 -96 60 77 -76 -70 -96 35 -84 69 -63 -43 51 -91 11 -86 50 1 -8 -78 65 52 -99 33 60 -42 -25 -16 -45 -14 -40 -57 61 -43 32 81 -22 5 -84 -24 76 89 -89 -1 -34 62 8 29 -71 -85 -28 -99 -73 -48 -27 -37 -80 -81 -1 71 21 66 88 26 -30 -64 -7 -60 86 -38 12 -72 -37 -32 95 -40 -33 -75 44 -99 -74 -81 -65 13 78 -36 7 40 -82 31 55 -96 21 -81 -61 -74 40 -10 -12 96 9 64 99 -70 12 35 -38 9 -34 23 98 -5 21 -55 59 41 11 93 -27 35 -24 -92 64 -78 42 4 85 -59 -82 -85 -34 48 56 -99 54 -21 7 -43 57 -53 -54 -73 44 -79 -63 -49 75 -66 -81 74 47 -62 80 53 -27 -46 57 -89 -77 5 81 0 8 39 66 -77
-4 61 10 35 -78 80 -14 43 82 24 79 72 69 -67 88 45 44 92 36 42 -85 47 -15 28 13 -70 -22 19 -49 -50 -29 -57 -59 47 -48 -8 0 41 79 -36 -73 -13 68 -45 43 -97 61 -87 -48 -97 -38 67 -54 -14 -3 79 -56 -92 79 14 -19 -53 37 -11 55 -83 45 -22 -47 -38 -70 26 -39 -79 74 -77 95 52 94 62 -20 56 8 -28 51 1 -86 -52 90 79 -25 87 -41 16 -92 66 37 -49 42 40 38 19 -81 -75 -8 -44 -26 9 29 -79 71 67 2 21 8 -24 -70 78 -58 -51 31 39 45 80 -47 98 38 16 37 9 4 -70 78 1 -9 80 -50 -67 -89 7 -7 19 -50 -8 -95 -77 18 -6 -75 18 41 -86 37 -19 -98 -29 86 18 -37 81 -26 -96 66 45 35 78 96 -14 -20 45 35 -29 -51 22 58 -43 -65 89 -17 94 76 87 62 24 -46 27 74 -87 77 -68 -77 -16 39 48 41 -7 -84 65 71 91 -67 -87 -42 66 53 66 88 -79 -44 -32 58 65 -24 -41 46 35 48 -65 71 20 21 -77 -19 12 -12 50 57 82 -48 -80 2 28 -46 -87 -68 61 -92 52 -51 -81 46 78 -35 -51 -2 5 -41 85 -81 9 -69 -36 -90 17 -5 69 35 34 -89 14 96 -59 50 -27 95 8 98 -33 63 -51 16 74 40 -90 79 50 90 61 83 -37 86 -34 51 -67 -98 -3 17 -38 -92 58 97 3 44 -18 2 67 -91 -8 -18 35 58 -54 45 90 -65 -87 82 -24 -91 -90 -58 19 -72 -96 80 -88 5 -99 46 80 -79 -30 -48 -29 58 -6 70 21 -46 51 -83 80 56 -65 7 60 -50 8 -88 1 -17 85 -89 94 -55 15 62 3 40 -78 7 97 97 13 -13 -73 -11 11 -61 -96 -63 28 81 22 58 -66 -55 99 61 -99 87 57 -72 -61 46 50 -26 -15 -38 -9 8 -18 -43 -3 -5 -30 26 64 66 -30 5 -37 -10 -98 38 32 -30 -36 60 99 57 -53 87 82 -41 89 67 -57 11 -34 -35 79 -91 66 -38 -30 -69 -27 58 50 9 -22 -83 32 68 -15 55 -16 69 3 43 -77 -74 54 -62 93 -91 12 68 -44 -32 -47 -45 71 -37 74 28 -18 -67 -98 99 -14 76 -57 -21 -43 -2 -59 50 58 63 37 -65 -64 49 -21 -62 61 -43 80 92 85 55 -21 -49 -57 -79 -83 70 62 -73 -51 12 -84 11 -95 -8 -15 -52 -1 74 -33 57 80 -64 -4 58 -49 11 -56
68 -65 -41 -7 23 -20 64 -18 80 92 1 26 -95 -12 12 89 -8 -76 -27 -62 34 -81 -15 54 -76 75 4 73 -85 -30 89 -89 -72 77 -12 3 -91 -43 11 -15 42 85 29 -18 89 25 0 -79 12 76 -87 42 18 -84 83 58 58 45 -46 -47 -91 -6 -73 -95 21 60 -92 -84 -32 63 -8 31 -31 -50 -70 -47 33 -87 23 -69 2 -49 35 -40 -13 42 8 -28 74 31 -88 -94 -11 38 -6 97 -55 90 72 20 -87 17 82 96 -30 -6 54 82 93 -92 15 77 89 -91 -23 -51 68 11 -24 -2 -48 8 -74 -97 54 9 37 74 -13 -86 -98 98 5 54 -65 30 -2 4 94 67 45 16 -81 -51 49 57 37 40 66 54 85 -64 46 -16 38 -37 -97 -5 30 21 37 -58 -42 -53 95 -74 83 -40 -82 43 -23 -19 -68 97 11 -72 -34 89 7 -48 -5 11 -22 87 -24 -21 -94 54 94 21 95 -95 -53 -13 -10 -92 -82 52 -87 -71 3 -82 -69 -88 12 52 83 68 1 -78 -3 15 -55 42 40 -2 26 -10 -24 -4 9 38 84 2 4 15 9 47 -90 -54 -30 -72 -79 39 -13 29 87 -8 -41 51 -57 63 -45 -98 -78 77 -13 74 -99 37 99 -68 31 -55 -50 -15 43 -69 -12 10 9 38 81 71 62 59 39 29 -64 -63 94 -85 -82 12 92 -99 -76 64 40 63 -26 -89 -2 2 47 -65 -52 -74 -66 -39 -20 77 30 -76 -62 27 -73 -79 -83 3 -90 0 -68 -98 -74 76 38 68 99 -34 76 -21 70 62 -3 14 18 25 -1 -14 -14 -28 -78 -61 86 32 70 -97 40 78 -93 59 -59 -41 89 -62 -90 -29 6 4 -80 -74 40 6 -23 30 39 72 -80 10 -97 84 -43 -98 95 10 73 40 -90 41 -88 52 -61 82 52 -7 -9 -44 92 -46 -13 -60 85 -35 89 -7 -76 -77 15 63 87 -52 -96 81 -24 79 -18 -76 14 64 -82 42 -35 10 -12 -56 -39 -82 -52 55 61 71 45 97 72 4 -73 73 -77 3 18 45 -36 -28 -67 -65 -46 63 70 -56 -32 9 27 -41 37 -96 -47 58 -5 93 -52 32 -76 95 -29 -75 54 -34 90 -9 59 -23 14 -7 -14 -72 70 -83 36 -47 -87 -88 -80 36 -93 -16 73 -65 82 -7 93 -7 27 -50 -94 -62 22 -42 -19 45 -45 78 42 -53 82 28 -65 64 -84 13 77 60 -56 -40 61 -1 57 5 76 -45 -84 46 -22 -54 12 -29 81 87 28 -29
31 -32 -71 -7 -86 16 8 -11 -97 29 -77 16 -14 76 -37 5 87 6 39 0 74 -74 -63 25 -23 -72 84 -86 82 74 -16 -9 70 -54 53 -74 -71 -80 -58 -88 21 51 -35 -50 -92 -2 56 10 73 -52 -77 -73 -86 32 56 -54 65 -80 -92 -96 55 -60 3 -40 82 9 -24 74 18 -21 -73 69 7 -30 7 49 -8 68 42 59 35 -2 -52 88 -81 14 76 35 20 -77 40 48 10 91 42 -45 2 -6 20 85 94 58 46 87 -4 -29 -38 44 -69 -14 52 -72 28 37 -1 -27 17 77 -81 75 -69 -55 -93 -64 81 -32 -38 1 -64 -79 78 52 19 57 -36 73 65 -38 -6 -42 -87 -3 -46 93 -11 -47 -5 -44 -53 24 57 45 -1 -10 -15 1 19 -98 10 -28 -38 65 -43 25 77 -79 -23 8 24 -21 69 -93 -24 69 -98 -22 -89 -21 12 4 98 37 74 -89 -33 12 -29 -91 -87 -54 -30 -83 87 84 -3 -64 22 -42 -29 -69 79 -81 -84 -79 -72 -73 -38 -84 2 -41 -97 -94 45 -64 -80 63 90 37 -13 -4 -43 58 -34 -17 -69 19 20 -78 -51 21 -38 -34 82 -86 64 91 52 75 33 -55 -1 -77 -99 -72 -75 93 96 -15 3 39 0 23 88 -40 -85 -17 -67 27 9 -8 -96 -49 33 -38 67 35 -74 -31 -41 54 32 -99 79 -83 16 88 49 97 54 -53 -68 -16 40 -5 -12 13 91 21 -69 5 20 -94 -79 -73 -17 -98 59 -62 1 64 -39 91 -78 5 -16 67 99 70 71 34 -6 -43 5 -14 63 -90 89 86 -93 -92 -66 -98 -79 94 86 -89 30 -54 39 -99 48 61 -41 -28 37 -67 38 20 18 -64 -32 -16 69 -32 -92 -59 40 -9 -80 78 12 86 -10 11 79 46 -34 -69 63 10 -7 24 6 -78 41 -47 23 6 91 -55 32 61 89 -39 45 -9 -11 63 -81 96 -17 65 -22 30 -62 -41 94 25 69 53 37 -73 9 -87 -43 -72 35 7 -53 -4 5 33 8 -58 -11 -8 -62 75 41 -85 84 45 -6 -32 -73 24 10 79 10 55 -47 73 -63 17 47 45 -15 -7 81 -30 61 -44 84 42 -68 -65 38 -83 9 -39 98 59 8 -51 -25 13 44 -77 -75 -32 -79 -93 -14 -23 85 -74 24 69 86 25 -64 98 -9 -79 69 -54 11 -11 -99 1 -45 -3 -66 65 51 54 -87 5 73 -36 -14 49 -23 76 7 -8 29 -85 90 86 -70 47 48 42 -9 42 46 91 12 18
40 -15 90 -79 79 32 -91 -67 -12 3 99 -84 -95 5 -88 -24 -80 64 94 -4 -19 71 18 -74 -10 71 97 38 -84 10 23 -88 -70 14 65 -79 -68 -63 96 -1 -87 -92 -11 21 73 64 39 99 41 72 -1 84 71 70 60 -83 -30 -26 -34 -79 -70 -30 -50 51 50 30 65 1 1 89 -15 80 22 84 -50 84 -30 14 -4 -78 73 -91 20 -37 -81 -23 42 -87 44 -45 13 69 40 -11 -14 -38 32 -43 21 -52 24 -84 98 -31 74 -52 -84 1 -61 99 -82 83 18 52 50 67 -11 -15 48 63 -15 2 59 41 2 3 66 -9 24 -80 97 71 37 40 45 19 -50 83 71 18 -26 -46 22 -20 35 -27 7 -58 -16 -41 84 -63 -67 -36 -70 20 32 -54 -91 -21 -11 92 -46 26 -23 -45 -81 36 -11 8 -45 -62 41 -77 -6 94 71 88 78 25 -38 1 2 86 64 -71 69 -95 48 -31 64 -74 14 -35 1 63 78 30 95 16 -60 -30 -41 29 -64 10 18 -43 -2 15 76 3 -25 -82 6 -17 30 7 -60 -75 30 53 -8 -73 38 -58 -61 69 80 86 77 -84 -71 15 6 46 -64 -45 -3 -65 -55 0 -10 42 81 -76 74 -67 91 -12 23 -44 93 -55 81 95 -37 -18 85 -62 -81 -20 -4 72 10 -6 41 50 -22 -52 -73 62 91 38 -65 14 77 -75 97 -29 -46 -71 -78 91 29 53 -61 92 13 -55 -9 44 22 46 52 54 99 73 94 45 18 -84 -34 -73 -75 83 -25 57 -90 -10 64 91 -74 79 12 31 82 7 8 -77 -23 4 -18 97 26 21 91 15 20 76 86 72 9 -63 56 84 -8 64 10 -10 90 -31 -96 -3 -3 -98 1 -12 38 -49 86 -79 27 67 23 -5 24 -26 75 24 -57 66 -71 40 -60 89 25 78 37 48 -74 48 -7 -22 -20 82 -20 -44 -91 -13 -86 65 -77 -92 0 -23 73 -58 -45 80 43 -53 21 40 57 -24 -54 35 29 -9 68 28 -78 -82 64 90 -51 -69 61 -13 15 1 18 -51 19 -70 42 -90 -77 40 70 89 -52 3 54 -70 -66 -29 3 -88 -84 68 92 -18 -47 -24 -72 -58 -49 28 5 55 66 29 -25 43 -24 -69 6 62 -80 -48 98 0 -11 -24 -3 29 42 98 -94 -88 89 26 -2 -31 -79 -60 -8 43 -50 -10 29 34 -82 9 -87 -2 -20 -50 -99 -33 -17 16 -44 77 -35 -61 35 -22 35 87 -57 -16 -38 -60 -14 -75 -99 -1
-49 47 -39 73 13 -97 43 -7 90 8 -53 -99 -5 -64 96 -52 48 -50 14 -92 -79 -55 -31 -11 66 -20 29 -76 16 -68 -9 -75 -88 -38 -19 33 47 48 -65 -87 -21 -84 -95 -47 -31 -28 95 -92 10 -76 72 62 -31 71 -17 44 -78 73 -16 13 10 -43 48 53 27 14 71 -91 -53 5 57 31 -65 -59 -76 -90 -95 -12 32 61 66 -65 41 38 -48 93 41 -18 -72 -93 17 54 54 95 36 9 73 39 95 -30 -14 -68 41 82 78 -75 27 70 -45 -26 -93 -41 -1 -64 62 -16 -59 16 -76 -68 -40 -99 25 -37 -97 69 61 21 4 99 -8 -8 -45 61 -71 -10 -13 18 79 29 -42 -89 -63 -20 -74 12 58 72 4 -32 -29 76 57 -31 -52 -24 -11 55 43 29 -58 -77 93 25 -90 -4 86 2 53 -38 21 68 -1 -96 47 82 68 -53 92 44 30 15 54 64 -96 -46 -79 -63 2 -54 20 86 -4 -28 61 90 -27 52 39 31 3 -59 -85 65 -11 -63 -31 7 55 63 98 27 -14 77 -37 4 -78 -1 96 17 97 -92 -87 -6 -47 -72 66 36 -33 31 -65 22 -64 50 26 3 -34 23 30 91 32 -20 29 91 36 -27 -74 43 44 -52 -91 92 -42 -74 82 -99 -11 -20 -23 -94 -43 76 -39 65 63 75 -65 84 94 56 -60 -76 36 72 -24 13 -8 72 1 -64 67 15 -9 66 46 -12 -10 46 34 -66 57 78 -88 -39 16 -55 68 79 35 19 13 16 -12 -70 -82 -77 -44 -66 0 -69 62 -82 -99 -32 1 -17 -4 -58 -64 -89 -44 81 7 -29 50 -41 77 84 -82 -30 -82 27 68 -54 -24 97 -90 -38 58 -31 55 44 42 -87 25 -94 18 66 18 -86 15 -34 -10 54 80 -27 76 -3 -12 63 11 -46 -30 -90 65 78 -83 59 13 53 59 -84 67 91 -92 60 -59 -16 -45 19 7 -46 -99 -31 -73 -88 -67 4 38 27 60 -73 -91 -36 -95 -39 10 -6 -85 -41 -53 60 -33 99 87 -29 -96 53 76 -53 8 43 -3 -61 -49 67 70 -25 -72 -47 -65 81 -46 1 -6 86 -34 61 22 -89 -72 8 76 28 -66 -79 75 -36 94 -93 -25 -15 -88 -26 15 -28 -51 -79 -31 64 -28 -20 -62 -54 -39 67 90 -30 27 -50 10 -9 -6 -13 16 93 5 -91 40 64 7 -6 6 94 -39 25 52 4 -60 -22 -3 -49 83 -16 80 -30 17 -82 -88 -99 -70 -60 24 78 72 90 -27 -59 71 70
-19 -11 -2 -28 51 -91 -90 48 -52 -3 37 -52 -15 -91 -79 63 -95 -21 -88 -27 70 -43 -11 -7 90 73 -97 63 -56 20 -59 79 -9 -44 -79 -58 73 -27 84 71 -60 -27 37 -99 70 -44 29 -36 -11 68 46 80 38 -64 -31 58 69 -77 91 96 -80 22 -40 -25 -96 60 -80 70 16 -6 63 -31 83 75 16 80 -39 72 -67 1 -90 -55 98 95 51 -33 -99 -62 91 -41 0 -95 -54 46 99 53 31 -38 15 -55 77 55 71 66 11 -92 -41 -58 -87 -77 -17 -90 -93 -53 -9 -53 -89 -16 -55 -3 97 -68 -8 -3 51 -76 -60 -75 23 61 47 83 0 31 -70 -22 82 -5 -11 77 -14 -86 -54 61 -47 64 88 65 -41 97 40 -66 -87 -15 4 -75 43 -98 -53 27 69 96 40 42 -17 37 18 80 -89 32 -95 -24 -64 -71 -90 -78 52 0 70 -70 -26 -71 72 20 -48 -92 -75 81 -29 -93 3 -38 46 -8 43 -23 -35 46 -93 7 73 37 18 39 85 -67 74 -29 72 22 82 -4 8 -49 -62 -79 -92 48 -18 -15 -13 -63 42 71 7 15 -46 -38 -29 -82 21 56 -77 -27 77 96 -59 -49 -21 -38 -34 40 55 8 15 -53 7 -72 -22 65 -24 54 93 41 24 -92 -75 -55 48 -37 28 11 -14 -48 -4 53 -14 34 -21 16 83 -54 17 -94 -47 49 85 72 -72 -89 56 -60 35 85 -12 -16 61 21 58 -61 -30 -13 23 94 -30 59 46 -88 -74 -70 -28 -97 90 13 37 31 36 -76 -49 -60 -24 -66 -12 77 -14 49 -33 -41 -83 -91 -33 99 -98 -29 -28 22 1 62 10 -28 -76 99 66 66 71 -98 25 71 15 3 9 34 -24 19 -68 64 -10 -77 -13 -18 7 35 70 -6 31 -3 46 7 39 -78 89 -54 -47 36 93 40 -82 -85 25 -20 43 48 75 69 -8 -17 49 88 -77 16 93 20 -49 -10 71 17 23 41 58 -74 -11 -31 -24 19 -94 69 78 -56 28 88 5 -61 96 61 31 -6 40 -40 77 45 -36 -25 8 -27 -97 -27 72 99 -75 17 -66 42 -90 15 9 27 -21 -60 -42 83 -72 40 82 19 55 -94 50 -76 2 -2 -54 23 49 -2 -64 -56 -52 -65 -47 79 45 54 72 -8 -65 -25 -88 46 34 -6 90 -97 1 -18 74 -97 78 -4 49 -90 -25 -61 -71 28 86 36 -35 -57 10 41 18 36 4 -35 -70 -54 12 -49 -99 -62 -50 44 48 0 55 23 67 -12 -71 -22
-15 -59 73 -89 54 -36 -39 -59 -21 71 -82 -42 25 77 49 65 -8 46 37 31 -52 26 7 71 53 88 65 -83 -53 -72 28 31 29 -97 -39 34 -81 78 34 -16 -86 -25 -46 69 -35 4 66 4 52 50 -50 -66 93 -42 -27 -46 63 45 15 49 -9 33 27 53 -82 -79 -95 59 50 22 -57 -37 -92 -98 99 50 7 76 -44 32 74 95 15 -74 6 5 -3 -38 -17 27 -38 -18 -86 -74 39 64 -22 76 73 81 -15 16 42 16 -1 -89 -41 -30 -30 -12 -64 98 -83 98 -22 -9 63 -15 15 -28 -53 -32 48 -35 60 87 -9 -56 83 -54 -50 51 50 22 50 -26 -13 -39 -13 -57 -87 40 -6 68 -31 -94 -38 -53 -79 -2 -12 -18 -47 -84 25 -23 99 -41 19 -59 89 -27 77 -36 17 96 -97 -77 -14 94 -82 12 -86 -82 -20 16 -58 89 17 -83 83 -69 -95 0 26 94 89 45 60 -19 61 40 31 99 23 -2 15 -73 68 -51 72 90 1 -83 -19 1 5 -59 2 -82 58 -77 -98 -39 62 13 59 -18 40 -71 25 -35 -40 -93 16 29 -10 -10 -59 -2 1 -8 -42 -3 -66 -68 13 82 81 -84 24 -38 -25 -1 -69 -53 -72 29 37 11 -77 75 65 40 -39 94 83 92 9 -85 98 24 41 52 84 -82 -53 65 14 45 -70 41 72 70 67 3 -35 1 -32 -78 -45 -21 81 -7 18 83 8 -65 23 92 -15 53 -84 -70 -12 -44 26 67 64 -77 9 -94 93 -96 -34 14 38 -33 32 66 -42 57 76 -77 -8 81 -49 21 -75 84 -52 69 -11 -19 -82 -47 11 -35 77 -54 74 48 -90 62 7 73 -93 27 8 43 91 85 -94 -55 94 -67 -91 1 32 17 50 43 -72 80 -70 -70 -37 -30 -64 95 -31 49 54 97 -1 -77 61 43 71 52 14 73 -55 35 84 -84 32 -71 -23 -90 -92 -45 85 -48 2 -85 -75 -13 28 -42 80 -94 -9 22 76 -16 -81 -9 -97 -33 88 74 0 3 96 -83 13 87 2 -46 17 50 33 55 98 -22 -84 -24 92 60 -8 97 -48 -39 -96 -1 -3 -74 -38 55 -95 -82 -34 -11 56 40 -53 -84 -30 -50 41 -66 -7 -73 17 -25 -24 -93 88 -73 -34 54 2 -54 19 41 -79 40 -19 27 32 23 30 -53 83 84 69 8 -77 -89 1 9 -91 95 61 -62 36 -35 -79 -14 -43 -30 93 -54 58 72 -37 -71 -19 -98 -52 99 -44 85 -41 -90 98 9 -52 -38
-22 -91 -88 -8 -86 -16 34 -62 -78 35 66 47 11 -53 11 2 24 -56 -41 -90 82 -87 45 2 -58 81 44 -79 -35 84 -63 -42 76 -86 93 -89 70 4 -67 -99 28 -30 -27 -18 60 15 -97 89 -32 66 -21 11 61 -26 47 -86 -99 -4 93 -7 84 -62 30 9 -69 -32 5 62 -45 6 -77 10 9 2 -87 -21 74 71 23 -50 37 -88 -79 -88 -95 -97 58 -94 -20 -13 -40 -50 89 4 -88 10 88 91 -42 88 -80 -87 -49 26 -57 90 61 -56 38 93 94 44 -95 5 56 15 -22 -56 98 -91 29 27 8 -30 27 36 52 67 -13 90 12 -50 -36 80 -68 -28 -29 16 -90 -77 -15 76 40 87 44 42 43 42 82 77 -36 40 22 -96 14 -21 -69 -3 87 82 52 -77 84 17 -7 -63 96 -39 -81 -86 44 40 80 5 -31 -63 31 60 -59 11 76 -81 65 -9 30 -12 -38 56 -76 -98 13 -21 -50 90 -80 -20 9 -22 -93 -84 1 1 -7 96 -38 37 -44 92 75 23 11 97 61 10 80 30 -38 40 98 -14 89 45 68 54 45 -80 42 -54 -83 -97 -39 47 -31 54 20 91 -28 -37 -30 -26 85 -89 -69 -38 -19 45 -86 27 12 -39 92 -75 57 11 -13 74 10 -3 89 -81 -66 -4 -69 -50 92 75 -95 3 -20 -79 -12 48 19 -3 -95 99 -71 61 -55 -58 10 25 14 84 25 -22 -94 -12 67 -27 35 -33 83 15 -89 -96 84 -73 -30 59 -49 71 12 -31 60 -46 40 14 49 74 91 -98 -43 -80 23 -74 61 -5 -92 40 -68 -31 3 -55 -94 33 -41 48 -24 42 -77 4 53 82 57 35 13 51 -31 5 96 -82 -26 40 50 -13 -54 77 52 76 -5 39 81 -69 -24 58 -30 -60 18 3 55 -26 17 71 -95 6 -93 -17 -12 -11 21 -67 -74 -30 10 31 34 98 70 -97 60 70 -3 19 8 -73 46 13 58 -1 -81 99 82 -72 -23 2 -54 -56 71 14 -87 79 2 -88 47 -11 -7 -99 -67 -30 -73 19 -8 14 60 -12 28 47 47 96 87 65 3 -4 38 -88 18 1 5 -7 5 -72 40 -78 -37 82 -3 -94 -20 66 -83 27 81 81 75 -33 -95 -15 -32 9 65 68 95 83 -73 64 72 81 -87 22 -62 96 59 -10 79 -17 21 -14 -49 62 -64 -81 -68 -41 -62 -13 -30 44 -45 -68 30 36 -16 52 -78 -25 2 -17 -51 -42 28 -65 -34 -31 -6 84 -55 -83 45 95
-43 -23 20 -12 -96 -8 -93 -40 -70 12 -5 -59 -63 -78 -88 61 -75 87 -27 -15 -85 -48 -3 -14 -69 -36 34 -9 88 -11 -16 97 -45 -26 -86 8 -42 -10 -96 -10 0 90 41 -95 -44 -38 -65 -7 -39 67 -27 -29 -92 -53 -97 -86 37 -67 3 -23 -52 -77 48 12 -27 -36 47 1 17 54 -67 -58 30 0 8 -69 -86 85 22 5 -52 -71 69 22 -32 -31 -37 48 -79 84 32 37 -16 2 -78 23 57 -90 47 67 88 31 26 -89 -90 84 28 17 -74 58 73 94 -11 -62 -32 -55 79 -53 49 77 -77 -27 45 84 -16 -18 69 75 5 73 -58 18 -63 76 10 99 42 71 64 -68 3 96 -58 -70 -73 -87 -41 -1 -90 -38 -75 -49 97 -95 -1 -46 62 48 -80 6 56 -36 33 -95 -16 -39 95 -84 34 -58 10 -36 15 -2 -18 -20 -40 -82 74 -41 41 -9 0 -10 34 -30 -30 14 -80 86 63 92 24 -78 29 -69 74 -8 -42 59 -40 67 13 5 96 -94 -87 59 32 60 -8 79 -20 -97 96 2 7 23 -59 -73 46 11 16 -16 -95 79 85 -50 -95 -82 -4 -65 -30 15 12 78 -52 84 -53 -68 -90 -78 91 31 -17 -26 74 -82 -44 52 81 79 -84 85 -79 37 33 -83 -47 -51 -48 10 -40 -16 -29 24 -7 18 -50 -21 -83 20 -17 -26 -9 -30 -94 2 20 -97 -76 -63 -3 62 12 -19 -43 -75 -9 -43 78 -72 -38 5 85 52 -93 -66 81 -34 -8 49 6 -88 -53 -99 -61 98 29 -16 87 50 6 -91 65 90 58 55 -81 69 -91 -40 59 -39 22 -41 -5 -96 -94 14 -21 96 85 -99 72 50 -21 -88 39 -31 92 84 36 36 79 -42 33 -75 -92 15 86 45 -79 11 -85 68 68 -21 15 -19 22 -58 -92 79 34 41 9 16 -52 -48 3 42 -52 -64 5 1 -9 97 -7 -58 -9 51 -35 -91 37 27 96 -36 -81 7 84 20 -55 -1 39 -4 -46 -84 97 -57 -47 59 -59 9 32 36 -75 16 -97 -49 -6 -69 91 -2 -60 63 -96 -74 -97 50 33 -11 18 64 16 25 -37 40 21 28 62 29 22 18 90 -50 -79 -93 -95 83 19 15 -65 -68 86 -50 -11 23 71 -21 -55 9 88 59 84 26 37 -52 -98 -30 86 11 -4 62 -51 -83 -73 22 75 -38 -76 10 74 58 5 -63 -65 -88 -64 54 -39 66 39 20 -35 -92 65 -91 70 59 -6 37 50 -7 51 11 30 -90 -34 44
-21 22 18 -45 57 -19 -65 60 5 -72 -93 74 88 69 -23 41 18 43 -56 69 48 -82 -8 -79 -43 14 27 -89 -45 92 -27 81 68 -22 -59 95 -47 -84 -58 -1 -93 11 16 29 -44 64 0 74 -68 71 90 -18 -46 42 -35 -49 -36 -70 -49 5 28 51 11 86 32 82 -48 -11 -94 -13 63 -2 43 -86 -94 -62 43 13 5 -65 79 20 58 -7 89 18 38 96 -74 -9 -77 89 -46 -42 73 62 -29 -61 15 22 -23 -50 56 20 -53 -65 36 83 -27 83 4 7 98 40 -74 30 -8 -14 45 -69 -32 86 -49 -32 -75 -24 45 -7 -88 -68 -78 74 53 -59 -3 -4 -23 -47 8 -99 -35 90 -3 50 42 67 13 -19 34 10 -7 46 57 -48 -12 15 -21 -59 -60 67 -13 81 -17 -75 40 19 -97 -75 53 -69 96 29 30 86 -1 76 -20 -64 -30 -17 -32 26 10 -29 27 86 7 13 58 -14 -60 -24 76 90 46 -13 -50 -47 -55 -80 -34 -43 -40 -23 91 -73 -96 56 10 33 30 34 -73 75 -14 -25 46 -75 -12 -53 29 60 -99 80 -14 56 75 -65 -94 21 -7 66 -73 -3 -8 80 8 0 8 10 5 99 -35 -70 -35 -47 -69 -15 72 94 65 -53 -82 -14 -93 -11 -33 40 59 -38 57 -62 -95 -97 -37 14 46 4 -5 57 93 -33 -46 32 31 45 50 38 74 18 99 -17 55 88 34 86 6 -71 -69 -57 -74 -54 -45 62 -57 78 -33 -29 80 -36 -77 -13 87 -12 -58 -8 42 94 -67 67 -55 -3 54 56 -7 79 -75 93 45 34 -8 62 -47 31 -7 62 -96 -44 5 86 -7 93 -80 64 -70 -62 49 -69 -83 -10 81 56 -49 95 48 49 -27 53 31 -30 -22 26 81 -67 -93 79 -87 -92 -55 -55 -9 -73 78 -37 66 65 -87 -74 -50 7 -18 21 54 -23 93 4 88 7 -8 -48 -7 58 -14 39 -35 97 -31 -12 89 -39 -52 -78 -2 27 9 34 -96 -25 -79 95 28 -73 -67 -15 5 -11 -88 80 58 -8 -77 -33 -83 22 0 -88 -34 -36 -46 51 -61 -49 -21 77 70 18 97 -13 72 46 -70 -39 -86 -94 34 -38 -90 -75 20 -64 -9 -3 76 -14 32 68 29 -68 -19 -82 -35 -28 -23 86 -56 -53 82 -25 -58 -38 53 -3 51 36 -47 -43 -45 -53 10 5 -27 -75 82 79 17 29 83 5 64 -49 -71 26 -26 -57 97 -85 77 21 54 -62 -38 36 -62 -86 -57 65 -9 -21 -14 35
68 -67 33 -75 -36 94 54 -27 -5 57 13 -68 30 43 -58 66 24 -3 52 -14 69 -85 92 -86 9 9 45 96 89 72 52 88 -18 -15 -8 22 87 8 81 32 79 35 19 -38 -28 49 -50 7 97 -12 21 -10 29 -58 -88 31 9 93 -6 -83 -66 58 -6 -83 18 69 -20 -90 92 -17 -1 22 86 -65 -36 83 -68 -83 -5 -2 12 -63 30 -2 63 67 85 -26 -87 11 14 7 66 -76 -76 -89 59 99 93 40 -90 -33 -6 -24 55 69 19 -40 -96 51 31 23 77 44 46 86 69 64 -45 -11 39 -90 40 18 -5 48 -24 9 39 81 -93 45 76 31 -50 25 -24 -93 75 5 -41 -38 70 -99 92 79 -58 -15 -6 87 -49 -14 3 94 -32 53 98 68 -51 5 72 41 -89 -83 -35 -66 -16 -80 92 17 58 67 -58 73 -4 15 -76 62 -49 69 -1 -26 21 89 -19 36 45 -9 -51 -12 -11 -16 89 -22 -84 77 88 71 61 -78 -43 76 -63 96 63 91 74 61 10 -82 -83 -87 82 -1 84 -61 94 -21 -68 81 -17 36 -28 21 99 -54 10 95 37 -73 95 -12 -8 80 61 -40 -92 -54 43 28 -71 -57 -70 23 -43 8 51 -93 44 39 5 20 29 19 -18 -19 -55 -71 68 88 -16 55 3 -57 13 -15 -27 28 53 9 60 -10 -31 -42 53 39 50 -29 22 84 15 33 -90 -21 19 -88 -61 25 -17 -58 -31 -90 -43 52 -58 -10 -19 50 16 64 38 85 64 -16 95 20 -35 -56 5 -12 -71 -78 77 4 -61 -90 87 29 -36 -44 -79 -64 92 -11 -10 -61 -86 -44 -31 89 -73 48 -43 -41 53 96 -4 -28 55 10 65 -27 0 0 78 41 -99 -99 96 -29 15 65 -26 -35 27 -18 -41 25 -83 44 89 75 44 72 -45 44 -37 -72 62 -41 -69 49 -46 65 38 56 -62 37 -13 -71 -8 -36 -22 78 90 -74 -86 -87 74 -53 13 37 50 -74 -14 -20 -42 -84 -67 96 -49 92 -46 -79 -65 92 -84 72 45 21 -12 -8 12 94 76 -66 2 34 -55 94 -56 77 -6 -53 -13 -49 -55 -73 70 -73 28 90 68 87 -54 49 -1 47 -80 76 -29 38 -98 -71 50 -69 -25 -70 65 -44 23 89 3 92 -81 54 92 -43 43 65 -85 -66 94 -49 -3 -37 67 15 -88 -31 -38 66 -80 -67 -55 -90 25 -70 -23 40 -64 18 92 36 87 55 27 -42 -49 -86 54 -58 -95 27 91 -83 -60 37 33 -94
73 86 -27 -82 -42 82 17 -66 19 10 45 -21 26 24 29 74 -10 -48 -42 26 -80 97 9 84 -92 6 -11 -91 64 -59 50 -53 91 -34 -59 -33 83 -33 -94 62 8 -81 72 80 -19 93 29 -42 13 -15 10 -30 -63 -91 -28 56 86 21 -49 -63 36 -92 -27 -46 -45 51 99 -55 55 -2 69 29 87 25 96 -22 -43 -62 73 28 62 -37 -43 93 -71 -83 -10 86 -44 -36 -48 -42 70 -46 -20 -26 -6 41 38 48 -70 -31 -67 55 -89 -86 82 -18 -74 -31 -41 -53 -15 69 56 69 -72 -67 44 26 -12 -21 23 -87 -38 6 -38 -15 -4 46 -72 78 -90 -45 7 -28 86 67 62 -72 37 58 82 35 -28 -94 -18 33 -18 59 74 -24 45 -29 -88 -17 -73 -77 -26 -31 39 14 81 67 52 -67 23 43 -53 92 28 -17 -33 48 -96 14 -67 -40 -4 4 37 -30 9 -58 -95 9 -44 -77 63 88 42 -66 -45 -41 -36 -14 -34 68 88 -1 -13 52 83 78 -10 -69 29 -72 96 -76 -72 -85 -17 -6 54 -61 -83 46 25 -70 -17 -75 63 -80 -59 41 -38 11 40 60 53 32 43 -69 -90 -76 -42 -38 -66 41 67 32 -74 89 26 -44 7 -75 82 30 -63 77 -66 -84 55 49 -69 34 79 28 -32 65 78 -71 -91 79 34 22 38 -82 19 15 82 -98 -28 -98 99 -53 59 18 98 -71 -94 -29 -39 -77 73 51 91 -77 32 40 56 -78 -10 -22 6 28 84 -87 25 52 45 -58 24 1 -11 -72 -66 21 95 64 -28 -90 -20 23 62 -98 24 -69 75 -50 34 6 -8 18 -82 55 62 8 -6 -95 -65 -48 -69 82 48 -15 6 -79 -47 -52 -54 51 59 81 -58 -68 45 85 -13 79 74 11 74 -88 -24 -13 -54 -11 67 91 -72 7 -24 0 -73 -84 -39 97 98 -91 -2 42 20 32 -32 -8 -98 -85 -6 -52 -85 -40 18 -51 26 -45 65 85 65 -33 -63 52 74 -9 -81 -56 88 -20 5 58 38 25 -73 -24 88 -49 63 47 -77 -83 46 -13 18 36 28 -26 21 -75 78 41 -27 -92 42 3 -89 -35 89 23 -35 -51 36 52 14 78 96 -30 31 -12 21 -70 28 -43 51 -96 86 -34 34 11 50 5 -76 -99 -39 -4 -96 23 71 -81 8 92 -17 -32 -57 -72 78 8 -3 -27 -56 26 -20 -83 28 62 -15 51 18 38 -45 3 -45 -27 86 21 -44 -7 49 21 89 18 -32 -70 66 12 73 -98 49 -86
38 -54 -45 65 -48 41 -89 48 35 71 -51 -62 81 -10 60 -23 -25 7 -60 -67 -30 -9 0 -16 76 -15 83 93 90 -86 -38 72 -83 40 -86 90 -71 64 -78 6 -9 -62 56 -53 64 -23 96 -56 64 32 -95 -15 18 -53 -29 22 81 72 -58 -5 -13 55 94 -10 40 75 -91 -77 -98 -44 -99 67 93 96 -79 37 -80 68 70 -22 67 -16 -15 -44 -11 -27 15 71 33 38 -78 -46 -10 -39 -95 -48 -31 -37 10 -19 83 -42 50 16 27 -97 90 42 53 -42 5 60 69 -67 92 -61 -75 59 -23 94 -67 -10 -6 29 25 20 -91 -31 -43 74 -20 -43 -8 41 -40 30 2 95 67 -52 -13 -68 54 71 -65 61 -28 17 -94 -75 57 -88 46 43 -29 -37 33 63 86 -45 -17 -60 52 68 27 -73 -34 20 -86 61 47 -14 42 -29 35 83 33 -41 -59 71 45 -16 74 -53 2 -9 66 -68 -30 34 -92 67 -12 -37 -25 -53 -75 -21 -30 90 95 -16 18 74 55 -48 34 -5 45 47 -84 75 -10 -31 13 9 65 -68 5 -42 -78 75 29 -75 10 -44 -1 13 -58 -87 33 -78 76 7 22 88 59 -74 -29 -68 91 -22 -15 64 -86 -61 -75 -49 50 92 -98 -37 -92 -47 18 -18 -73 -7 -76 15 75 -86 42 -21 -88 53 30 17 -9 97 4 -6 35 -71 -45 -43 40 60 6 15 9 -88 77 52 66 0 -71 -11 42 -26 29 -17 -30 94 91 2 17 -97 30 -65 -40 -83 40 -48 -46 -5 40 76 53 -9 37 -61 34 -22 80 92 -76 -34 -53 84 31 -13 87 19 -74 47 -39 82 -7 97 -68 4 23 62 32 95 -44 -96 66 93 -64 33 46 59 46 75 -79 18 -88 -84 -53 -41 18 -10 -57 49 -49 -41 16 9 33 -61 75 20 50 -95 20 86 66 38 -85 97 -48 15 94 36 58 -77 81 79 61 -14 -6 4 -28 24 34 14 56 23 -66 -16 42 -15 56 -22 83 0 -3 -42 81 91 -67 -24 71 -94 23 97 37 -93 67 33 80 -51 82 -54 -61 -82 -82 -81 -77 -6 -3 95 64 -40 -71 -37 -14 -12 65 79 94 -28 30 41 64 -86 81 55 -97 58 47 34 72 99 -19 85 73 -37 50 41 7 -84 -35 -28 -78 33 -96 -82 48 54 35 -2 -82 46 32 -32 -84 -43 -6 -3 46 44 80 -8 16 91 -81 72 56 -18 19 -48 -75 -22 -23 40 59 14 0 -40 85 66 68 -68 14 89 88 -21
-92 -71 -25 55 99 -11 76 -9 72 58 -67 -54 79 68 87 -74 10 14 95 77 34 -96 -12 30 88 -57 89 35 -53 -61 -14 38 46 54 17 -89 -27 92 46 94 26 64 12 -19 -34 -67 -21 61 -4 -28 -24 -78 98 -89 5 -47 73 -87 -23 62 -44 54 24 -74 -73 37 46 -9 72 47 -63 -3 -86 -41 23 -99 -55 97 45 79 -84 -56 -90 -99 50 -22 -90 26 18 31 84 5 -28 76 27 6 57 84 96 -77 -24 84 -48 -39 -23 -62 68 -65 -2 -64 -29 15 -34 -43 63 76 3 -72 -8 -89 -1 88 6 49 -94 -66 25 10 72 48 13 74 70 -73 8 77 61 -83 83 67 50 13 58 -72 -78 -21 46 7 -40 -48 62 27 -42 46 44 52 49 42 -15 1 -54 9 -76 33 81 73 35 -75 57 32 -21 39 -17 60 -28 16 -33 70 79 -22 -59 -16 56 72 -71 61 -80 0 -97 61 62 69 -27 83 43 -47 -22 89 -31 -3 -95 -90 4 93 -62 -54 -85 -23 86 -80 1 -72 -58 -32 -40 -43 -14 51 85 61 51 64 81 91 34 29 7 86 47 -48 -53 -78 -17 42 44 72 76 95 34 19 96 -90 17 -91 -54 -39 -3 -38 99 11 66 -93 57 -32 -37 -54 17 8 54 14 69 12 31 41 85 -12 -28 49 32 -66 -97 62 -80 -14 -94 -9 97 -3 82 55 80 5 -22 -84 72 -91 96 -40 87 12 -16 76 -10 -24 39 63 29 76 -40 60 54 46 -80 53 -31 30 77 72 -72 84 -34 -57 35 -37 16 92 -74 72 71 -50 11 -91 43 -41 -4 -86 -30 51 -87 1 38 -42 85 21 -42 50 67 -87 45 -96 -75 41 93 -55 -53 5 -40 56 36 4 -87 99 58 -63 3 -38 -81 -30 -78 24 -39 -42 72 58 -6 -27 5 29 23 3 78 -64 3 -69 -27 -47 90 7 5 -27 12 -26 -30 75 13 43 -80 29 -99 -20 -70 -96 70 86 97 -65 69 -94 31 -98 87 35 -73 -58 -78 -75 52 -46 -1 10 -63 94 89 89 -68 49 -44 -68 99 -51 95 -56 49 67 -4 -95 -40 -24 94 -89 -54 -10 -28 -7 20 -80 78 -53 -68 5 -55 19 40 -6 -15 -85 -44 0 -23 -56 -20 82 -14 -25 -61 -29 32 7 84 -52 -24 71 50 -65 61 -71 8 0 -89 -25 50 47 50 15 2 -80 -63 -95 -46 -46 -64 -95 -18 -65 75 -20 16 -93 -20 12 48 -87 12 -15 -52 -87 96 -71 68 -97
-8 -22 -95 -79 -14 74 90 93 -83 26 42 -30 10 -28 -16 16 -87 70 -68 11 27 -87 50 -89 17 77 -36 15 -7 24 95 25 -18 -40 70 -73 67 -1 -53 11 -63 -29 68 52 -5 77 -76 -55 -1 46 73 -19 56 17 -97 77 77 59 42 -9 87 -76 -36 -50 6 -34 -32 73 -27 -47 -25 -25 -72 -56 -80 -46 -57 -41 -72 16 14 74 56 -96 -63 -67 -32 19 4 -8 79 43 -46 85 79 -98 47 -91 -6 34 -15 -96 -17 5 -52 33 -83 -22 64 55 69 -93 -96 6 8 43 -85 95 -18 54 -26 71 31 28 6 -46 -7 58 13 42 99 -96 -48 71 -27 99 -66 33 30 -63 -73 -91 -62 80 -13 26 78 43 48 98 -8 17 36 -59 -71 -14 -23 75 -87 -39 95 -84 87 62 -42 -43 43 8 -52 -82 87 33 -54 -57 -84 90 75 -38 -56 89 -36 -11 68 -2 -13 -2 20 -13 56 89 46 77 53 95 9 -47 23 -76 96 -62 -36 8 88 -91 -41 36 79 68 13 91 -44 35 37 -43 -19 -9 11 -34 67 92 95 13 20 83 0 -50 -21 88 5 -42 24 -19 -1 -30 95 13 -98 45 22 -73 71 14 -15 98 47 67 -84 -89 -75 -26 -51 -40 79 -41 57 89 -58 56 -6 -28 -71 -20 -97 -4 64 -71 -59 -90 54 2 81 67 -71 -77 -97 92 43 -31 -81 70 65 38 -67 -19 -76 6 87 -10 -92 -91 -17 93 -17 -8 -88 44 -50 -47 -3 14 -11 10 77 -92 18 -36 -7 38 -60 59 -65 98 -78 65 35 -11 66 -82 -66 -77 -29 79 74 -63 20 67 39 -23 23 39 72 -59 -23 -10 -70 -97 -80 86 63 89 -84 79 22 39 -50 11 -83 13 63 96 -83 -74 -24 41 71 12 -29 -34 -82 47 13 -75 -86 -48 -73 -96 58 67 89 22 -38 -51 -82 87 82 49 68 -17 25 44 -84 -4 29 -73 -48 -65 35 -20 78 76 -14 23 11 1 78 74 -26 -82 89 -79 -83 -72 98 55 -30 48 -70 99 -65 -17 48 20 -70 -33 -84 46 51 12 -22 9 -62 -18 -38 5 88 80 22 -24 -63 -17 -58 -39 79 -91 23 0 77 -4 -4 -1 11 60 -69 34 -92 64 95 18 59 95 -49 74 -64 42 86 14 -83 31 -60 10 10 0 -59 54 -75 12 86 -2 45 -94 -72 -78 99 -4 29 73 54 -78 23 -88 81 73 14 10 20 -62 -99 99 58 87 29 24 -64 -16 63 31 52 -85 -33 -36
57 40 -46 -20 26 60 -51 -84 10 -50 58 -2 21 -31 -7 -15 -93 40 4 46 16 -98 -61 25 -58 41 -81 -61 -20 -73 85 8 38 46 -18 56 -93 6 -95 14 -45 57 91 -37 74 71 -82 -25 -91 -93 9 -81 -95 88 36 95 80 74 -13 -89 -57 35 5 -73 -91 47 -53 91 50 -64 65 -30 -25 -33 -64 60 83 -23 7 -51 64 -57 -1 63 27 -13 -18 -41 -19 6 -51 4 -12 0 27 -91 58 19 -74 -2 41 16 85 -73 22 93 -39 -26 50 -75 46 45 -79 9 -57 52 31 -84 -15 73 81 82 36 77 74 87 -64 61 33 41 77 -73 -87 -67 93 -74 51 -95 -12 -98 44 -12 5 -86 -49 -63 -11 -94 -66 13 82 -30 -36 -23 -1 65 -97 -53 22 -30 28 -86 -38 1 63 36 -60 -48 64 78 -76 66 77 45 -24 37 -89 18 -48 69 97 -10 38 -28 -89 -91 74 12 17 -33 66 65 62 -38 52 -56 28 -7 -22 21 -84 58 -46 -54 64 -50 -92 69 -72 -36 -88 62 -31 -31 53 47 -32 -23 69 -35 -94 -44 -63 -64 74 -91 59 -10 71 -1 81 -88 -97 -38 -43 26 -7 31 -39 95 -55 97 11 -3 -70 92 -3 -67 -39 -18 56 35 37 9 76 25 -94 -17 -48 89 -38 36 -84 11 7 -26 -70 91 -68 -31 11 -20 88 -12 -59 80 85 99 -37 42 -2 -31 89 -65 16 12 -19 -67 -82 90 -35 -86 64 9 -51 -90 73 90 -7 -93 56 -44 29 -96 -54 -74 33 88 -7 -70 -82 -22 -43 -35 65 -85 -47 54 -51 -38 -4 -14 -75 94 33 -21 -27 -95 97 97 -12 -5 -61 -65 55 10 -40 69 74 -76 31 58 -22 -2 -41 31 -63 -95 -8 85 -72 -15 70 -20 -73 -73 3 93 -45 -35 18 -72 -38 31 86 -56 -23 -63 -47 11 92 -91 -55 -39 -38 -76 -70 -89 81 47 -60 66 -71 37 86 -7 97 -63 -13 -21 -62 9 83 34 4 87 48 -60 -58 22 56 54 -95 -8 91 97 -60 97 -96 98 92 29 28 -43 -80 -9 57 -93 98 -19 62 5 59 -57 -58 84 -24 -29 92 29 -10 68 -35 -12 52 -1 71 93 -41 -92 35 9 53 -11 63 -65 -86 82 -61 -71 50 74 -49 84 -11 97 30 -54 34 -74 -25 11 36 -59 57 93 -55 69 83 36 -49 74 -28 38 -86 -36 -73 92 -65 -69 -79 15 68 54 -51 17 9 10 42 38 36 51 82 84 55 10 76 38 -86 -31
-36 -60 37 82 -76 -34 93 -12 -25 51 -67 -5 89 -74 -49 56 48 88 -18 -34 -80 23 97 38 -62 -15 -81 -50 49 -39 37 -81 -11 19 23 -20 14 93 63 -60 81 24 37 -80 -20 10 -39 -82 -87 -9 -30 28 -39 -43 -59 -72 -7 33 90 -69 15 -53 -50 -60 -87 -68 -50 -65 -88 78 -45 -10 71 -3 63 88 11 32 -93 93 -80 69 -19 53 10 -26 9 42 3 59 48 96 -58 35 2 -76 90 43 78 -27 95 68 21 73 -86 -88 -68 3 -19 -53 71 -76 -68 -41 -56 79 63 -64 -70 -10 2 -61 -96 -98 60 -95 13 24 61 27 -56 -3 40 20 40 15 -47 -11 60 49 49 -50 8 -8 45 -77 8 -15 95 51 -13 38 -43 -12 -86 -22 25 -35 77 69 -70 -64 -78 -75 4 82 78 -47 7 -3 63 10 -26 99 20 -94 4 3 44 14 67 -41 66 97 -93 -41 89 -83 76 -59 29 -86 -67 -94 -48 -87 41 24 -26 65 -86 5 39 -22 -32 86 -95 -95 37 7 53 -58 24 48 35 22 14 -40 -24 35 -30 13 9 0 -54 53 84 -16 -77 -52 -86 63 -38 -36 -50 20 21 82 38 -25 93 -13 24 -38 -60 -8 23 73 12 -64 87 -69 47 -87 80 20 73 -88 1 20 30 -34 -28 22 99 94 35 -47 -20 -68 -92 -29 -63 4 49 15 12 35 12 -45 -60 39 41 16 -7 39 -65 3 21 28 6 24 63 32 -16 -95 -30 11 59 -1 95 64 78 24 4 6 -19 -16 49 75 56 -8 -60 79 -64 -79 43 -84 26 7 40 95 31 55 -96 9 2 -51 67 50 87 -19 35 43 91 4 -64 96 67 -14 2 -9 -67 -98 -84 1 8 -10 2 -95 28 99 0 -77 -33 96 -35 64 35 26 -13 -54 46 41 69 3 -95 6 9 -50 -56 -81 81 39 81 78 73 48 99 -35 -54 94 36 -58 23 -45 -36 42 -95 9 -90 -62 48 48 45 75 48 -66 46 -47 -18 60 21 38 -4 -73 -19 -78 -41 -69 -21 -50 -82 35 -73 -83 23 -95 -47 65 13 -39 -44 -87 69 -4 91 16 -53 -17 -16 59 -77 -51 -96 -55 10 63 2 -52 60 33 -18 31 -80 -90 54 60 38 -8 -90 62 24 -4 -96 -68 -25 -53 3 84 -36 -88 -68 -64 -85 60 19 48 77 -87 -42 -50 89 -72 27 91 94 -52 -87 -62 -3 1 55 -71 -47 -62 85 -64 11 98 -63 63 -23 -60 16 -63 25 35 48 -68
29 79 -9 -88 70 75 23 10 47 -71 -53 2 38 -92 -67 -85 33 -43 68 96 90 57 -14 5 45 87 61 -40 43 68 16 60 56 43 -74 -53 79 -30 94 73 -45 83 42 -70 -19 -76 -22 -2 -38 -82 -1 61 -67 -78 -15 17 -9 92 -74 -78 16 -32 -42 -56 88 -83 55 -63 -77 -18 84 -1 55 -10 -79 14 -19 72 79 35 -1 74 89 90 96 76 -11 33 0 8 72 -33 25 -98 -83 -75 99 -21 -24 -86 -72 58 1 -62 40 61 -86 3 91 54 64 74 -28 -17 -50 -53 15 -2 -10 -85 -24 -35 73 21 -65 -48 25 -80 -36 68 25 -34 89 -78 43 51 3 -88 -56 -64 -94 -41 -88 37 -35 -97 25 -8 42 80 -47 -75 90 52 53 33 -62 93 19 12 33 63 24 -98 -56 -52 -12 83 -9 21 -30 13 -39 29 64 60 33 -51 -7 -93 35 14 -60 24 83 -38 38 58 59 30 92 -38 -25 13 -16 82 95 -67 53 80 57 -95 -60 -62 80 -64 -35 29 -77 10 -81 79 -40 72 37 17 67 10 99 -68 -88 75 0 -94 48 68 -88 3 25 -95 -28 -28 93 -79 -64 -54 -91 -5 25 -73 23 -64 -73 88 76 -56 -42 -45 -19 -13 -97 5 -90 -3 -78 -86 -13 78 37 68 -51 -35 90 30 -33 -12 -45 23 -33 30 -32 -36 -2 -91 -65 6 83 -98 -39 -28 15 -27 -97 65 -63 -15 68 97 -69 -36 -42 -40 32 -16 23 -28 92 23 51 64 -49 -9 40 27 27 71 -20 -55 65 22 -19 -9 54 98 -27 -22 -3 16 54 46 -16 -68 31 -43 -62 29 6 -95 39 93 -23 14 -25 -23 -75 -21 -21 -99 -38 -36 69 -98 -3 84 -46 69 55 -92 33 40 16 -99 -80 -39 58 90 -22 -83 84 -20 -90 -45 -84 72 -3 -89 -42 -14 81 -49 44 -69 -80 58 -27 16 82 -95 44 -49 -18 -2 -88 -49 38 -80 3 -84 85 35 -47 -43 12 89 -81 9 -43 -94 34 84 -43 77 22 -80 -18 -20 2 -95 16 -62 -18 -55 -70 -49 61 -7 -54 -81 -77 24 -7 24 -5 79 19 -10 -32 40 -49 59 -79 31 -50 2 -56 25 21 0 -93 47 -32 -88 -73 47 -42 -68 9 -55 -61 75 36 87 -55 -85 23 -57 -45 80 61 84 -71 -65 -2 95 42 50 99 84 24 -58 -31 87 -44 -25 -67 77 51 -86 76 54 -99 -45 96 -5 11 25 -2 35 99 -21 99 97 -93 79 -41 44 70 -71 5 49
94 -64 16 93 41 49 13 -20 7 49 70 -8 -61 -82 63 -16 -1 -39 -7 -97 -1 -86 30 48 -44 10 30 79 25 -42 -8 -87 -28 38 -19 -68 -53 39 -12 -77 -98 65 -26 -45 -16 -16 -15 62 91 5 43 43 26 85 52 -38 90 15 -84 -70 0 -4 2 50 15 -36 -4 -88 -13 -75 -60 -62 -83 -93 77 -37 -38 29 -59 -26 -83 86 95 -1 38 79 80 -96 76 -63 53 54 -13 14 15 99 56 24 -23 70 -48 -47 4 -80 -45 -22 -3 -22 90 -79 -61 -83 38 -54 51 3 -8 -97 76 -16 -45 -41 -40 33 -75 -11 23 -81 -14 -51 57 -62 37 -73 91 39 -88 -38 5 5 -67 87 4 -85 53 -84 -5 -54 79 -32 90 9 -38 61 79 56 2 37 -52 -67 64 92 68 -52 -38 29 24 79 -15 -10 -44 11 99 -58 -18 -70 41 -18 29 15 -24 45 73 -95 -45 2 -28 -63 -43 20 -78 -10 -74 15 76 39 79 -58 19 12 -53 26 43 8 63 -45 -25 64 1 -99 -77 -71 22 46 -93 68 -13 -32 -35 -70 -19 46 -40 97 51 -60 -25 31 24 35 -57 64 3 -5 -56 -85 13 76 78 22 52 37 4 68 -41 -31 14 -55 -87 -34 54 -82 -41 42 -6 83 -5 43 68 13 36 -76 28 46 56 -78 -23 -15 24 78 -26 -30 29 39 53 -52 82 25 40 -60 16 -99 32 44 13 88 -62 -63 -56 50 -68 -46 69 -33 -37 85 -39 55 -22 3 -93 -98 -25 -82 81 -13 -57 56 -37 -27 -99 8 -77 -5 -58 5 84 11 -97 -27 68 -86 5 -32 94 -16 -35 -7 68 -76 31 65 89 -92 -28 24 50 14 29 28 -12 85 -91 -66 -87 -30 -38 -32 36 -17 -90 -3 -81 -59 -27 -9 -22 19 38 3 6 -90 -1 84 78 -69 55 38 -64 1 -90 -16 96 91 -52 34 -28 -79 -4 -35 66 -44 50 11 -63 61 60 -23 -11 32 67 55 5 -94 -19 -17 83 25 -91 57 -33 35 -67 83 -68 -74 42 21 -11 -30 58 -95 -31 78 28 67 -88 -77 69 33 17 -58 69 25 -61 -31 -34 12 -38 3 -73 -15 26 85 96 -66 60 -4 -64 -79 -89 20 -81 -66 -61 -99 95 -30 -86 55 -82 65 84 -85 3 76 66 -14 36 -59 85 41 -89 70 -14 -8 -12 -68 89 -62 11 70 -21 72 -6 -29 -88 49 54 -57 1 -31 -99 -84 -76 -91 82 -32 -6 98 60 -24 91 80 -19 77 -87 -80 59 44
50 -41 43 5 -33 26 -64 -54 -66 46 -94 -51 -80 9 42 -93 89 58 3 -44 18 3 54 -63 98 21 74 -56 -13 25 -43 -48 94 -72 92 4 -51 -93 -80 11 -59 -95 55 -69 -43 -13 43 -55 30 -50 43 -36 69 -14 -53 -58 -56 3 -9 36 -28 76 17 38 29 -80 88 26 4 22 -44 -28 -15 46 -96 -8 42 -84 -13 44 -42 -10 11 83 84 -98 -57 -3 88 -36 -51 -85 21 21 -10 98 80 -17 -13 -49 26 89 38 3 -25 10 -72 63 -83 -43 -23 -66 -42 -24 -30 49 -69 -85 -38 53 28 74 88 -58 48 -98 -67 -57 97 70 82 -64 88 -58 -99 69 -71 -96 78 46 22 8 15 -66 26 36 19 -87 -72 71 44 -44 -84 -42 -17 97 -55 39 95 -59 -69 -77 86 -77 46 4 -21 36 -35 -6 -40 -95 64 -46 99 -5 40 75 -44 4 -13 98 95 17 82 -35 0 98 45 13 32 -41 8 4 -46 -32 -95 -53 47 -55 84 -72 88 3 57 -70 -28 -4 -56 -28 -89 31 -93 52 39 6 64 -21 -43 35 -8 -44 87 -18 -21 -3 -88 73 -6 9 40 42 15 -50 38 -28 16 -80 26 -35 78 67 -21 -54 -6 50 -30 92 70 -26 20 4 -63 -52 26 -55 -31 -11 -76 50 -79 32 -92 -15 16 60 90 22 -99 72 -22 69 -61 -65 87 -36 -81 85 -48 38 -15 -37 -9 7 43 83 61 27 -12 2 54 -11 -52 -27 59 58 -81 -26 -51 92 -78 -70 -56 59 -97 -68 30 -42 -27 80 -62 36 -49 20 32 50 -7 84 -31 4 -37 6 -47 68 34 69 74 -33 -92 63 71 -7 45 -74 44 -40 13 29 25 88 -79 81 -38 60 -18 96 61 58 22 36 -68 20 -89 42 38 -91 -5 -49 59 -68 50 -5 -3 8 -7 99 27 94 22 31 -31 -59 -67 76 -66 12 -52 46 82 -34 -38 29 12 -36 -9 34 7 46 12 84 -6 -62 44 -77 -78 -57 -66 70 86 -95 -72 -11 -62 -40 -29 22 -20 -96 -55 50 72 -99 -76 -20 -11 46 14 45 -51 98 10 15 -81 84 54 56 9 -14 -60 -30 68 8 -65 -16 89 85 22 -36 -43 29 -91 3 -80 -75 -22 22 64 -53 74 90 -71 44 -82 -89 -36 93 -35 -40 46 -54 24 -79 85 -64 46 79 -95 44 -38 -30 -73 -58 32 66 95 -41 33 -86 18 63 91 -71 -84 -96 71 35 66 12 29 -75 94 60 68 -71 37 45 82 -34 -16 -95
60 -18 -96 58 93 -13 68 -28 -87 -20 -75 -16 88 22 92 -71 36 -81 94 84 74 34 -30 -45 -71 68 -79 -3 -84 -52 -34 4 29 33 78 32 -68 -43 -19 -13 54 -77 -21 54 29 -61 -15 4 -98 -65 -98 66 -58 17 -90 92 -6 92 23 -62 -35 -70 32 19 44 -49 95 -25 -27 49 41 -26 97 -89 -31 -52 17 87 10 -5 16 -88 84 71 13 -52 -9 25 -68 32 -45 43 -85 -4 -64 28 -75 -69 -69 -80 -47 -29 -52 85 -88 85 -1 55 64 95 -39 12 -3 -79 95 83 -78 64 -78 -25 70 36 71 91 -35 -70 -37 -91 -44 32 -32 -67 -41 -49 45 97 17 5 61 9 -33 -41 -81 9 13 94 -53 35 -24 -48 91 -97 -55 12 -15 -37 56 -32 -18 -90 40 -74 38 -95 73 67 -21 -3 5 17 -80 10 20 -27 -45 68 3 -40 97 58 3 -17 -38 52 38 -90 -63 -30 90 -96 52 45 -60 27 -82 72 -42 -28 -78 -87 4 -66 79 30 -40 33 -22 -56 70 -42 77 36 -77 -95 67 97 29 -26 27 -82 -88 -87 80 27 -39 -13 -10 -61 8 95 -45 -33 25 76 71 -28 -4 -54 -29 39 12 87 -64 88 54 83 -71 96 -50 58 -51 -9 -75 -92 -61 -50 35 -22 -9 89 -55 57 16 -45 -3 -83 30 -81 59 -27 -31 9 83 -56 -89 50 28 38 -69 78 91 -47 32 -33 -9 60 91 65 48 -14 27 -46 9 -72 85 -77 -95 -47 9 -54 38 -83 70 91 -82 -59 -13 -8 75 40 14 57 -98 71 90 54 93 -84 -21 -60 59 -87 31 -75 0 81 66 19 -42 33 -88 -86 -14 73 8 -13 -85 -85 -4 -13 93 81 8 -48 -72 6 -64 -62 57 -25 -82 -36 -32 -36 34 37 37 11 60 -12 32 -42 35 -39 -76 89 93 -12 4 20 53 88 -47 0 -58 -86 71 55 81 -94 -9 93 42 73 -11 95 20 -83 -77 -66 57 88 -10 -25 -72 -83 -40 -81 -54 -12 -61 -3 2 -3 60 -86 -89 97 -80 -68 -83 -41 -5 68 27 49 -96 -4 -46 -36 -48 -44 -56 16 85 -99 -20 -13 44 -79 17 88 -13 -97 -27 -34 49 79 -24 -92 11 48 72 67 -49 0 74 11 97 -36 -1 -54 -62 -14 -21 -16 -3 96 9 27 -45 47 1 50 -23 78 -84 45 5 84 -53 97 -20 -62 -72 -88 72 13 15 -11 92 44 -96 -25 -93 42 -78 -30 36 59 -22 -60 34 81 70 66 -22 3 97 58
-41 83 -66 -77 -82 96 94 1 67 -70 44 83 -74 38 -66 28 -82 67 -12 -95 98 -83 5 -63 24 -49 35 -90 -25 -18 -3 -39 95 -84 16 72 -80 74 -50 -21 -45 -98 -9 21 45 9 80 53 -79 -58 86 11 -61 -24 17 28 96 -48 -14 42 62 -62 83 63 -77 52 16 -39 56 -49 6 -4 -17 -47 -49 -38 46 59 -21 -74 32 5 -81 75 -89 -58 70 8 -90 -32 62 -89 54 -17 -12 -76 20 95 1 -52 12 9 -63 41 32 -11 -37 4 0 -47 -57 51 -77 -98 70 55 55 -35 6 25 15 54 27 80 -16 -14 32 -30 -65 -45 65 -27 -25 -14 -35 78 53 -46 3 -69 -45 -32 53 90 -12 40 -79 -26 59 6 18 -72 -11 46 -51 30 63 30 -85 53 -2 0 42 21 -11 -1 81 73 91 91 65 31 16 -13 -63 39 -1 36 -30 28 42 -7 64 -21 82 -74 -71 -56 73 -64 26 34 48 9 -52 0 69 -52 71 50 -20 29 16 80 -30 15 15 -96 -92 -85 45 -83 48 17 87 -10 -1 -62 -15 37 -87 -34 52 -18 -99 -45 -26 32 -1 44 50 -40 -87 96 87 -9 -35 -43 14 -82 19 93 -99 34 -29 42 -74 -24 -56 38 14 90 -45 0 40 -50 -38 64 50 -88 33 75 39 19 -82 -24 -42 -8 -11 12 22 19 -47 -68 15 71 38 -71 97 15 -93 -4 9 12 66 -63 -95 -38 56 -60 -59 24 62 -52 24 -79 67 -56 53 73 -80 -31 -37 -34 93 30 23 61 82 86 34 17 -64 67 12 -5 89 5 -44 -30 23 -60 31 -30 -50 -26 -19 -64 94 17 21 -23 -84 -1 -70 21 -28 54 93 27 21 37 -19 92 -64 -47 23 52 10 -52 -84 58 37 87 60 57 89 27 -70 38 34 72 -61 74 -36 -61 -18 7 96 -8 39 15 -18 15 -80 -98 -39 -39 96 -65 31 -63 57 65 11 -94 -9 -34 -38 -3 38 -37 44 38 3 89 -91 -30 95 -25 -81 -99 -26 -70 -3 -49 76 -90 56 41 97 21 -25 71 47 -12 -59 -2 29 84 42 -89 -14 15 -22 54 72 -75 -66 22 -51 -97 -40 -93 -97 -60 87 -10 -50 -70 -73 -5 51 -16 -36 1 0 -91 -23 68 5 -41 56 -59 1 4 60 32 51 -2 -48 19 -87 -8 72 10 48 -41 9 -83 49 -59 -83 -39 -52 11 -6 -22 -28 56 -44 63 -88 74 11 -25 94 -95 5 -4 -48 -73 -54 6 20 82 35 -75 77 -67
20 73 83 0 -32 29 -24 -47 74 -93 44 -18 -57 -68 16 30 -11 58 42 -89 -5 42 45 66 11 4 39 56 29 -76 4 -9 13 -59 18 50 -95 -30 -12 -97 41 33 90 -91 89 79 54 15 69 -82 -7 31 -1 -15 57 -15 -33 60 30 -46 -21 -70 45 91 95 -70 15 -6 -6 -87 22 77 50 13 60 -86 49 49 -85 -58 80 5 -64 -33 -77 -66 -8 -64 65 -77 14 67 82 -60 63 -27 -15 76 -7 82 -67 1 2 -71 88 -64 -38 -10 -42 92 -27 21 50 -79 9 34 -36 13 -27 -49 -88 71 -46 -84 -34 -28 6 38 -32 -65 94 -43 89 -5 53 12 34 -4 -49 -64 46 -7 -26 -90 -50 -56 49 89 -45 -4 92 -79 25 -49 -13 -81 -32 0 18 1 54 19 5 -96 -14 -96 13 -40 -94 -97 46 95 20 -86 30 -2 -71 -82 -87 59 58 -98 1 44 41 55 -85 88 -81 58 -30 98 30 -40 -76 -64 58 -74 -52 85 5 26 -53 -52 31 15 72 -23 74 42 -66 64 -35 -35 15 55 71 2 21 11 -93 -49 -74 64 -50 63 -32 94 -9 -33 -59 71 -22 -83 -68 -55 -54 42 19 -7 -81 -72 16 23 80 -70 2 70 -98 14 79 6 94 56 -78 -97 -40 -27 44 -60 16 -47 77 4 89 -70 -95 -5 -41 -91 -84 -76 -74 19 44 26 16 -76 -79 -75 71 -44 -44 -88 -68 76 -81 -57 -67 61 -10 54 -82 4 -27 -40 -56 -17 -62 -73 -52 -6 -88 -9 -91 -77 2 3 -78 -25 -73 40 -13 -62 -42 -2 83 82 -91 21 -92 -16 -25 50 -7 54 42 -22 -88 -87 -16 66 -52 -28 21 94 -73 60 88 91 61 -86 -70 14 -16 17 -62 -74 -32 -45 61 68 -37 1 -10 -36 -73 -31 27 -87 10 -2 -98 0 56 37 50 55 61 85 -20 57 -47 -45 31 -12 70 16 44 21 -88 -40 -97 85 69 -42 -25 -41 33 -66 -46 -68 99 -80 -36 -35 -13 4 -17 -36 -68 85 -22 -3 48 -24 -28 73 -91 9 -77 48 16 96 -85 -67 -73 -88 -68 95 89 -21 -10 20 -12 -1 66 31 -50 16 36 81 68 -98 7 -31 54 91 25 81 -54 -56 -56 17 15 -50 53 -38 -81 -36 94 -87 26 -43 7 31 -55 34 17 -7 38 -19 -75 -19 98 3 16 -30 50 74 -70 -8 13 88 13 12 7 40 5 -84 18 -39 18 47 47 65 -33 95 -41 21 -45 84 -16 62 88 -12 -81 -84 41 -1
-35 75 29 -30 -50 -66 31 73 86 -62 10 -10 50 -51 87 48 20 96 -82 82 -69 75 -59 88 -52 4 -82 75 63 58 79 -63 48 31 72 48 3 76 56 65 86 0 89 -85 -42 90 75 -30 35 -35 61 -84 -65 67 -94 31 29 22 37 -99 98 -14 -42 61 -83 -61 86 60 38 34 -17 -57 44 -33 33 73 -29 89 19 58 84 -2 78 75 -86 5 -53 77 62 35 -72 -55 -3 35 88 -48 -28 -91 -89 -42 52 -30 -93 44 -24 -27 -57 -41 -99 24 54 46 30 94 -25 -32 -33 1 61 85 -28 -74 76 87 -59 -14 -49 75 -9 -79 9 -43 -82 57 -56 46 14 82 4 -32 -54 6 -73 55 -80 81 -88 89 79 26 -97 -76 48 -76 61 -30 5 -22 68 48 -62 20 -93 -54 87 -4 -65 -66 64 -19 61 53 22 94 11 1 -63 11 99 93 -93 -55 -49 -84 -27 51 -44 -43 -97 63 -1 -66 -3 -39 38 -73 6 88 91 35 95 62 61 -67 19 30 14 -1 -22 -31 -47 80 63 94 -96 9 -27 -58 -89 55 38 -3 99 95 -69 -45 29 -40 30 52 10 -36 61 -13 65 -32 86 -35 -88 97 -79 12 9 -73 -24 52 -15 -81 43 -62 37 -8 84 -4 69 -2 91 -64 -97 -64 -20 53 29 12 -34 59 -68 37 60 -86 -46 -95 -15 67 -50 61 -40 10 -31 97 -6 -14 66 14 75 80 5 -1 81 -77 -44 -7 51 -31 51 20 -84 12 -90 43 -94 -13 39 73 -11 81 -84 47 -65 42 94 48 -4 -45 -85 58 54 -31 -11 -19 29 53 -63 -54 9 13 -52 -75 60 -29 -40 -7 5 27 12 -51 -52 37 -98 -20 51 39 83 -58 -68 5 27 -12 -69 -38 54 -71 -22 39 -97 92 7 -11 -53 -8 93 -43 72 93 -69 -35 -79 -20 46 28 57 -99 -37 89 -74 43 68 90 49 -10 74 86 22 58 9 -99 53 62 -49 14 -43 -25 31 81 -17 -64 22 -46 -27 47 12 9 -62 -30 11 -42 74 98 43 -78 33 -86 17 85 -83 5 36 -59 97 -22 -24 -43 -67 -78 92 19 -11 -93 -19 -95 -75 8 -99 -40 62 68 89 99 10 -19 -89 -79 49 27 6 83 64 66 -42 20 -80 88 97 -41 96 -10 -33 -75 5 -86 2 -17 -41 25 -96 -2 32 -31 -81 55 -63 -67 -52 47 -86 33 76 97 28 13 -42 44 83 -50 58 71 55 -10 44 92 -25 -61 75 -60 -56 52 -9 -89 69 -84
81 -76 -8 -62 -34 39 31 52 -69 18 -17 -5 -53 -5 78 86 -45 -95 53 55 16 34 -34 -3 74 -96 -43 95 -14 -48 92 37 -11 -6 19 -19 -12 -62 70 -9 50 -50 66 88 -90 99 -23 -32 -54 -29 -61 88 26 3 32 -77 -65 22 57 35 74 -27 13 -70 -7 -91 19 -33 -97 -39 61 -41 80 -66 51 98 11 -50 28 -15 68 -81 58 46 71 -14 -79 31 83 -21 45 42 6 14 -71 -42 -85 -98 74 -71 82 -9 -64 19 40 25 37 22 -51 -87 -51 72 -44 86 59 -82 75 -40 -6 -61 -29 -26 -68 37 -38 44 0 35 -27 -42 16 91 15 -86 57 33 -65 -33 97 54 -54 22 37 -71 -28 -96 16 -56 -42 2 46 72 23 -85 96 -76 66 -6 -14 28 99 35 -71 -26 92 -12 64 44 81 -95 -4 -5 13 72 1 96 42 -7 82 19 -95 -10 -94 94 -55 -78 -94 81 -20 -17 -4 -17 37 42 -75 28 46 4 56 88 83 55 -88 5 -34 -59 -27 -45 27 -11 0 29 -13 12 46 18 -5 -31 -6 58 -15 -36 45 -22 -68 21 -58 -35 -67 46 58 -59 -20 -96 -37 89 -64 14 -69 -67 55 -18 -78 -67 -81 -48 -58 72 -44 -20 -63 23 33 -3 -94 -49 -80 -32 65 -22 61 18 -1 -8 -25 48 -55 65 71 11 -23 3 -25 -14 31 -39 92 -74 47 4 9 73 -75 -9 32 34 45 39 -41 -25 -2 4 55 -20 42 74 90 -14 -68 92 -12 44 -41 63 26 16 78 54 -94 38 -16 3 -41 69 71 91 65 33 -4 -96 -67 -11 21 -38 -29 -11 69 27 -23 -6 -1 -70 -15 22 -99 -12 80 -97 -16 -19 68 -14 -42 55 -97 94 -98 60 22 59 -4 -60 -2 -50 -58 10 64 -92 59 66 58 51 63 37 -85 61 -15 -61 80 21 50 -13 49 -41 -8 -13 94 -2 21 -87 97 -60 96 69 -76 9 36 27 18 69 -95 -75 76 18 -65 -14 51 -85 79 68 -37 80 -98 94 -58 -34 -64 64 -45 93 69 -54 -9 -52 25 54 24 61 55 1 40 -38 42 -95 23 2 -43 -96 -18 44 -46 28 -78 40 39 -10 4 -57 36 43 46 -85 -73 54 64 18 -16 -52 29 14 -19 -92 -10 96 17 90 -86 0 -13 -6 59 -6 -63 30 -5 -79 95 -49 31 84 -7 51 95 17 39 43 33 -23 -50 5 -5 43 44 17 79 -86 95 -86 -36 35 60 -42 -54 98 -16 -47 67 -19 84 71
2 -23 -72 35 -68 -24 65 9 -2 -31 36 10 -23 99 4 -40 -74 32 33 -62 28 12 -44 -37 -79 96 58 18 76 -6 89 -7 -38 81 21 -38 -78 22 -71 -24 -7 -10 -25 -50 -83 56 -77 45 -43 -70 51 -85 33 41 -7 -74 70 67 65 33 62 -21 36 -68 -15 18 51 63 -39 -91 -11 -95 -37 63 55 68 -93 23 -71 60 59 78 88 -78 -21 44 60 -84 -70 93 39 -72 51 -30 -94 -22 -33 -58 -99 94 -81 -91 73 0 91 -79 52 32 96 -41 -99 -85 48 -19 45 -33 -80 -19 72 70 -31 59 -44 -96 74 83 68 -1 -46 -34 99 -54 -44 -11 95 -40 -48 -11 -2 8 23 -14 -43 97 4 -17 -38 77 80 -41 50 -85 43 26 -71 -42 4 -4 -57 62 54 -71 73 16 -89 45 -28 -22 -74 60 46 -80 -44 -29 -64 66 -20 56 44 91 -87 -51 -68 71 -6 16 -33 -52 -37 -81 13 -71 13 79 78 -8 -1 96 -40 49 7 74 98 92 -5 -39 6 -37 -26 50 89 -23 -24 -5 -96 15 18 -69 -40 -50 -64 -74 86 -98 29 52 -11 89 63 62 -4 -69 -67 0 48 -40 95 -3 -45 -14 -15 -15 48 47 86 32 -88 52 -7 7 21 -82 92 2 -29 9 51 76 -23 80 -95 -54 -70 9 32 67 -54 68 36 -84 29 26 -34 -94 -28 39 -56 -79 -58 -74 3 -8 -17 19 18 80 15 79 77 24 38 48 -91 35 35 -48 92 84 13 -86 1 70 15 -73 23 46 -5 13 15 -75 -3 46 -37 -21 46 -36 50 -93 -81 24 66 76 81 51 -90 -34 -46 -33 82 -23 88 53 -56 71 -26 39 -78 34 -16 -50 28 26 9 13 -56 -56 86 -27 -59 76 -83 -15 -53 52 -45 -44 68 -19 35 -42 -6 -66 2 -99 76 -12 45 -46 -2 35 -44 53 -54 89 -87 -70 -31 -6 72 65 -75 19 -53 -34 60 68 27 91 89 -97 -34 68 64 -34 -31 -39 44 -91 55 -18 88 -9 -59 98 10 26 -68 30 69 -68 -88 -30 36 -55 71 6 -23 -99 14 -53 -57 -32 53 54 -99 30 77 70 -40 57 80 -11 13 34 -7 -33 -29 64 -44 -57 -91 83 -45 19 28 68 -68 -46 -15 -63 64 -44 10 38 -44 14 4 -53 -73 -45 4 66 -86 -32 -13 91 67 29 47 77 45 -52 -85 -84 -91 90 -37 57 4 56 35 85 92 50 -44 -7 55 -45 37 -45 19 73 8 12 37 -23 -27 -6 3 -22
0 -22 -79 63 79 -73 74 52 -50 -20 -44 86 -73 -64 -86 99 86 -66 -4 -81 -69 40 -47 -61 -26 94 -7 -50 93 -29 39 97 12 -36 -50 -84 -21 -64 -62 -92 -14 -15 -17 -52 3 45 -57 -98 4 84 -47 -48 -81 -80 -39 53 94 -28 49 53 -55 -33 -91 58 9 -79 51 -90 -63 -28 97 -27 69 11 -13 58 22 55 46 -77 44 73 -5 -92 87 98 -92 -42 -63 -21 -39 65 -2 41 64 -12 52 -41 70 -5 -5 32 -4 -16 -28 89 -32 89 -87 63 -63 36 13 -77 -31 -98 -73 -87 46 -10 20 -85 28 -80 32 28 -17 -40 -68 -64 93 -94 -37 65 83 15 23 16 27 17 33 78 66 -30 9 -45 63 87 -7 80 26 98 -16 85 -72 86 -69 -66 80 -57 85 66 -76 -54 -25 -21 -53 -53 -63 22 -64 -83 -52 99 -49 -68 -92 -74 14 94 -24 57 87 -91 -33 -79 19 -57 -90 0 -30 -9 -70 6 -21 8 12 62 88 59 46 39 20 20 -90 66 6 46 8 77 34 58 -86 -11 13 -20 29 -99 -85 79 -26 -57 -18 24 -40 -90 -43 87 68 -17 -87 -48 89 37 55 19 -33 28 -51 64 -76 -93 -83 43 -90 18 -87 88 -43 -83 68 -36 19 49 -96 40 11 -97 -49 -22 -62 -19 23 -84 65 -64 24 36 92 95 -85 1 -52 39 -72 -43 39 9 -50 -73 -64 -14 -93 6 -65 -45 54 59 29 17 -19 -26 -65 78 -71 -14 -49 -41 -30 15 25 -90 7 59 -66 -92 -2 84 75 11 42 -22 -76 -80 27 -85 -81 72 -25 -4 -51 -46 73 5 -93 -89 84 -7 -50 96 -39 44 92 81 -41 45 -14 -33 -73 63 -37 -57 81 -80 -10 -60 57 71 -31 3 43 69 4 -32 69 -96 75 -63 -52 99 24 -22 43 22 -58 -43 38 30 36 88 -58 -23 36 -86 -85 -54 -29 89 -84 35 -27 89 24 85 -3 -79 -18 97 -57 -72 75 70 44 12 -86 77 -25 41 -12 65 -32 -60 80 35 38 7 -84 85 67 59 99 -28 -44 -46 -36 48 -74 -7 70 91 5 -56 39 -62 23 96 -80 -59 -73 78 50 95 29 -97 1 -82 20 -34 -19 -34 43 12 95 -33 -67 -38 -70 3 -42 -34 -82 -39 32 73 95 64 -94 -95 1 -82 31 -98 15 84 -28 -83 -53 -89 51 15 -1 -72 -83 13 -77 19 31 5 -62 41 17 99 92 99 7 -7 65 -9 -13 92 -2 -96 0 71 16 56 -20 41 0 74
-26 54 -86 89 16 -17 4 69 -67 -25 -28 14 -61 21 72 54 70 42 62 3 -34 71 92 10 54 -74 46 81 72 -8 48 99 -23 98 -12 48 -12 3 -56 -31 63 11 75 81 -76 15 52 -58 7 14 29 0 72 91 -90 72 -90 -76 59 -44 57 -35 22 -34 -24 -77 94 90 39 -16 26 -80 -48 -61 4 43 -74 20 -19 -5 -86 -67 62 -3 4 -37 5 9 -59 -26 7 -59 87 -72 -56 -71 -48 64 -4 -24 45 69 -27 -29 29 -1 -82 56 99 8 50 21 -43 58 27 52 5 -58 0 27 50 35 67 8 -12 -60 72 -51 39 -43 -51 54 -18 -52 -27 -97 27 -24 47 -52 79 43 -14 55 79 -48 72 87 -24 83 -18 45 -45 72 89 -10 89 59 -12 -11 -59 -12 68 98 -35 -73 -77 33 -90 -84 82 -62 49 -69 -30 74 -5 61 -10 -55 50 57 -76 -42 -57 81 -76 -38 75 20 -80 78 -97 -69 -33 -80 33 -97 -25 44 -11 98 -18 52 73 -68 -46 61 -1 35 98 84 44 -28 -11 22 13 15 -95 62 -76 41 34 80 -8 38 -91 19 -73 -27 34 -61 -78 68 -91 74 -30 -39 -13 57 -39 36 -41 -59 11 -60 -33 88 -57 50 97 -62 75 59 -43 99 53 79 -98 -43 59 2 -13 66 18 51 -74 91 98 72 -46 56 20 -25 86 -94 58 -53 73 70 2 39 69 -4 -2 77 -22 -44 8 64 61 -67 -85 -79 91 41 -11 -83 -47 84 65 -83 -76 -63 -99 -1 68 29 -46 28 -32 14 -74 15 3 67 14 61 -40 75 -95 25 -34 79 29 -77 33 97 61 -58 39 29 31 88 46 86 78 -21 -74 -91 -58 28 74 41 -34 51 -89 -61 99 -85 -38 86 35 61 83 95 7 14 26 -26 12 -27 16 -51 -45 78 89 -15 39 -15 59 -76 53 -91 11 45 -21 18 -34 -71 10 6 94 63 52 83 -88 -25 41 -49 25 87 35 -63 -67 82 21 -56 -29 -62 21 10 -86 -31 -64 -89 -67 32 53 59 7 90 48 -67 48 86 -34 -37 0 40 77 -4 -5 -89 -55 -21 17 8 -35 76 82 -50 44 80 71 53 67 22 -47 40 -44 58 51 78 -81 -38 82 64 -42 -66 75 -81 90 -61 35 69 -20 -73 60 -48 -20 5 79 -55 16 -5 -92 -66 42 37 -14 -94 -62 -84 90 -96 98 -85 23 72 -87 84 -96 76 1 95 86 74 -97 -43 54 -22 48 -25 55 -24 72 3 97 -65
-60 -49 -31 -17 59 -52 88 86 -72 -49 -95 -51 25 -62 29 84 83 -51 76 -1 -86 -49 -23 4 92 -2 98 31 -82 -17 -71 20 -67 -30 -42 42 14 -83 -90 -98 47 -66 -69 -92 -66 -51 -46 69 70 72 -59 93 -71 29 -92 -63 -11 78 27 -8 -75 -32 31 27 69 -87 -82 56 -43 -42 88 -20 -64 45 -25 -36 7 41 -62 56 -67 -29 -23 -54 16 28 -22 -39 14 48 -13 -2 -61 56 -54 18 -29 17 34 66 -54 -43 -39 -78 6 -22 88 -2 -13 3 -37 -71 -86 -73 87 -23 -33 -51 58 -11 -18 -23 12 -68 60 -72 -50 -20 82 -93 84 97 12 69 61 92 -16 -25 -23 -60 4 5 43 -70 5 15 -34 -14 76 19 30 97 -42 99 37 -36 28 8 45 -9 74 -96 49 -60 21 11 -64 77 21 60 -6 -3 -47 -59 -89 -86 1 -46 50 -1 -86 94 23 -36 78 11 4 -13 -52 36 0 -23 -69 -1 -53 61 -59 -15 -67 77 -85 -16 62 -75 89 31 -37 -53 66 63 35 -70 -55 16 70 33 -10 31 40 -47 -40 7 79 -90 -93 -53 32 23 -31 61 13 -45 87 3 82 -94 47 57 88 -16 -83 -41 -86 58 -26 -49 -35 -20 -18 -42 -12 53 -1 38 79 -78 -3 39 40 37 -35 -20 44 -53 27 -89 84 4 64 -38 -86 -66 -91 13 17 17 59 82 -64 -21 7 58 -68 -44 51 2 10 -59 -9 -50 49 86 8 67 -8 21 34 97 69 -84 76 6 64 66 79 26 38 -26 -25 -24 60 -51 32 -74 78 -83 66 31 10 37 37 41 24 -34 -53 -54 6 -75 -55 13 -58 -31 9 -7 4 65 8 38 61 45 -95 73 55 93 76 -70 82 -39 -55 -33 -90 79 54 -19 80 -65 -60 -21 -33 -1 66 89 82 -55 53 19 53 36 -77 -1 -70 12 -82 18 -17 33 25 -87 -5 -94 6 45 -77 -42 -81 -3 -93 7 -20 -33 36 -56 -38 67 -35 33 -85 -99 -96 37 -46 68 -71 98 87 -62 48 -26 -76 -31 88 -28 -2 -97 -83 66 -6 65 -84 46 85 14 -30 78 31 -29 -81 -88 82 15 -32 -87 -26 2 23 -25 -80 6 -87 -45 -98 -18 -26 -48 -33 20 47 -89 93 -80 31 73 -58 -39 3 98 56 -64 88 23 95 55 -4 -56 83 38 -85 -76 12 0 -77 75 16 56 -65 -80 -12 -6 -35 -54 -91 -13 -45 -83 0 82 -12 79 -92 9 -11 -47 -45 48 26 70 -21 -40 25 59
99 5 -49 -42 -37 -80 1 -78 88 8 56 47 -61 -50 9 -32 -54 -14 -41 -46 -25 64 6 -56 -57 -41 -51 46 96 54 -64 72 32 6 58 -22 83 -16 -24 98 -47 73 42 34 -58 38 67 31 -51 89 -4 -5 92 3 29 55 -86 80 66 61 73 -78 -78 -43 -95 -85 -8 22 -85 94 77 -13 -79 20 -9 -82 38 22 -2 22 10 7 26 -3 91 90 44 17 -51 50 5 10 9 34 12 -17 -35 87 -94 -96 -73 57 60 82 -36 -26 92 89 -63 -75 -39 23 -33 70 -69 88 -8 74 4 -94 96 91 -8 34 -11 11 86 -9 -3 31 -18 65 -16 -91 -15 99 81 -52 -51 -96 76 -3 50 -77 74 45 -60 0 95 99 49 -88 3 16 70 41 -1 -9 -6 16 -28 67 -69 -52 22 -88 5 48 -45 63 -36 1 43 57 -11 -60 -88 -14 54 64 -65 -2 46 -4 -97 4 -41 68 -17 14 60 -91 -79 -64 -97 78 5 -72 47 60 -79 -88 49 55 22 -8 81 -44 8 91 67 89 87 94 -90 -93 76 63 89 -8 85 99 -31 36 -73 29 -10 13 40 -51 55 40 -93 10 -80 70 8 -27 27 -67 -35 -10 38 47 -8 60 56 -61 -54 85 -46 98 40 74 24 23 69 -3 15 -5 -52 67 37 38 -81 -19 -41 -84 34 -6 -87 -2 -56 -88 -36 -59 -66 59 66 29 55 -26 91 -23 36 6 -14 17 -18 -29 -97 -44 81 -26 92 28 -86 -1 -72 -49 65 -88 11 -73 83 13 15 -47 39 38 73 1 -19 -61 8 31 92 -48 57 82 85 36 21 43 -59 -11 11 76 -49 74 60 -44 40 -26 -5 -44 -24 42 72 -26 -32 27 -91 99 -70 -49 -62 29 -13 -61 -22 23 55 57 4 28 -82 -44 90 10 30 -10 -6 44 1 -87 -59 65 30 -65 6 62 90 -69 1 5 -48 -85 -97 81 69 -45 -25 63 -54 40 -48 49 90 34 -39 -42 -16 90 54 -40 -87 -6 -13 -42 -86 3 -68 47 -94 -16 -4 -82 38 49 -34 -30 -74 2 15 -64 -92 -36 33 -30 89 54 -82 56 35 86 -59 30 -83 -34 -27 -83 -97 -60 49 20 -72 -13 -81 76 2 74 -21 44 -17 30 78 -11 -20 -83 -99 28 -80 -12 54 26 -19 90 -75 88 2 -20 -26 59 61 44 -40 -60 58 -44 -99 -41 36 38 -53 23 66 -33 -28 96 37 -86 70 -56 -30 18 58 5 65 -37 43 10 88 64 73 -6 -36 -37 19 42
-69 -87 -36 -16 77 -95 -15 -17 -28 -18 -31 23 26 70 -69 85 -86 -78 -61 84 33 98 50 -1 59 -53 62 -51 -77 -46 39 62 -85 23 -51 -58 89 11 23 -66 -36 2 -97 -93 -87 33 67 31 81 81 -98 0 -87 15 51 4 9 49 11 -29 91 -27 73 72 -20 -22 28 -43 43 -28 95 31 8 20 -36 -73 61 -28 -43 32 23 47 16 96 -84 -81 22 31 -19 57 -79 -50 3 51 27 -20 -16 37 75 -36 -93 65 -30 16 90 83 92 -48 1 72 15 -61 16 -55 -79 78 -44 76 53 70 -4 37 73 -41 -23 16 -51 -16 -52 -59 -9 -25 45 29 -9 99 -98 66 -35 -44 69 17 -82 -93 35 -59 28 39 -66 84 -82 -59 62 4 -58 -5 1 65 75 72 -64 -65 -28 59 -12 -58 46 87 46 36 -30 -21 33 31 31 -32 -2 -33 76 47 31 -97 -58 69 72 69 -95 -72 -24 -10 71 -79 -47 -25 -94 -21 -16 -15 66 81 77 -1 41 -92 77 -48 95 -41 -70 39 -87 58 -48 -1 7 -23 -62 94 -46 20 64 -27 -28 45 80 46 -8 -49 -93 -76 -98 87 -14 -17 34 49 55 -75 69 64 -43 83 -79 88 36 74 15 -80 -55 -72 27 25 87 48 -22 -43 92 8 21 -3 -23 16 -8 68 -26 56 -93 -68 -49 -70 -65 -62 4 65 95 89 61 70 42 -12 -36 5 -45 43 -50 -49 60 69 -13 -45 84 4 30 45 -15 -57 -75 -96 65 -16 82 47 68 -80 41 6 82 99 2 -52 -53 -94 -50 -19 40 84 56 -5 -26 35 9 31 -3 9 13 -31 83 76 39 70 -15 -40 -59 -62 -34 -69 -15 1 -22 -43 91 -91 -12 -46 -43 -47 -5 17 79 94 -51 -25 25 95 26 -54 81 7 58 44 -33 -96 41 -48 18 39 -80 71 -77 -75 -50 -20 22 67 13 -35 33 76 18 98 14 -78 61 -93 -30 -32 -68 16 -11 -36 -77 -92 75 -84 -41 17 26 16 83 -31 61 -3 7 84 36 47 38 -3 61 51 -62 -88 42 -58 65 12 -23 -25 -80 -47 -70 30 -54 59 -20 -64 -53 -4 56 24 -30 48 79 21 72 -83 -63 61 -72 53 72 28 91 -31 71 -75 81 89 -42 10 15 14 -66 -36 -41 31 46 88 -17 -80 31 -16 -47 47 58 -89 20 1 -64 -99 99 56 40 -24 94 -68 -24 12 -64 95 -10 -85 -22 -17 28 -38 71 79 11 75 15 -27 42 -30 -7 78 -47 -29 17 -85
12 -80 21 16 -56 -58 86 -41 -52 34 47 76 47 -4 -31 3 16 -40 50 -70 86 72 54 -43 -70 -73 -66 -87 97 -33 28 33 -14 -87 -32 -61 19 -93 -59 -55 32 19 94 29 -87 4 -50 -22 -54 -68 26 -25 69 89 86 75 29 -32 -76 -42 4 -42 -63 -15 69 -56 -94 4 -71 -17 -92 -89 83 -50 -68 42 37 56 95 92 -31 -51 31 -50 45 -31 33 20 16 -56 23 42 -21 23 -75 -57 -8 6 2 78 -29 1 -78 -65 98 36 97 98 47 14 29 -84 -91 5 -45 5 -85 -16 78 10 22 68 18 93 -44 58 -68 -17 82 17 -54 7 -73 10 89 46 -39 36 43 -94 -81 42 66 -29 -16 47 -68 -76 -20 60 -36 -75 -25 -53 26 -15 -63 45 58 89 3 74 13 90 73 -88 -8 -9 80 -61 12 -37 -42 40 -13 -50 90 5 -39 3 -9 -31 -73 57 -88 16 48 -21 -41 74 -88 36 4 9 -60 -16 -38 -51 -84 -91 63 61 -49 81 -76 -82 -7 -55 14 -30 77 -74 -97 51 -86 -73 89 -22 -84 68 -21 76 -8 -70 -59 -65 26 2 62 27 5 90 98 -1 87 10 -24 -98 -50 5 -73 3 9 69 -71 -40 34 50 -69 -86 -75 89 5 49 -37 -65 35 29 -6 -96 37 59 -84 60 -84 -47 -39 56 26 25 -56 -61 -92 -77 86 12 -76 25 -23 84 74 30 -8 -32 -64 74 -85 -85 41 78 -21 -43 -11 95 54 56 40 42 -46 82 -59 -64 -39 57 40 18 86 76 -58 -55 95 46 5 -5 -96 56 -15 45 -80 -97 -83 10 59 86 -55 80 -37 -65 92 -30 9 -4 -67 -3 90 80 -60 -88 1 84 64 61 -10 38 39 -15 2 -39 -42 -27 -58 -7 -84 94 21 46 75 2 -21 -55 99 -34 -88 -20 -14 -42 -85 -60 0 -75 23 -47 91 98 48 98 -99 -58 -11 46 -67 25 24 -67 -2 45 -87 79 -79 -23 -20 46 -28 -80 -46 -81 64 -75 5 85 10 -64 -45 38 -4 95 -62 35 -63 43 -36 92 -96 -26 -77 61 91 21 77 -19 -83 -31 -12 -50 -28 -62 -75 -21 -29 -74 -4 -61 99 88 -70 16 -66 63 54 34 -29 -89 88 -97 -38 0 74 44 60 -42 -17 -3 -8 -48 -59 -34 22 -74 53 -36 37 -27 4 29 80 73 47 -54 13 57 82 -21 -57 20 -67 -16 -12 24 -22 60 -99 46 40 11 -43 -30 79 -72 -32 -74 -58 -42 -88 96 -36 76 -60 36 72 -5
75 74 -48 55 -1 -66 -88 -90 94 -94 56 -22 -43 -20 -11 -32 -4 58 41 15 55 -34 46 -2 68 10 -76 -93 -91 76 25 -76 -65 79 82 65 15 -41 60 -46 88 73 64 44 -53 -54 92 -86 -18 -80 -55 51 20 89 74 68 58 39 -62 81 -1 50 -69 26 54 39 53 -1 10 14 -85 -47 -2 70 -80 10 -50 54 -10 5 69 -83 -61 1 8 -25 45 13 87 -53 95 48 76 94 31 42 90 49 56 55 84 -98 -47 -41 -66 31 3 64 -29 -86 -92 -85 12 23 6 -75 -23 34 -11 -27 63 -29 77 51 -16 -35 -40 5 15 -54 25 -76 -83 -62 23 55 -4 -43 -51 12 -67 30 -46 9 -3 93 55 -40 -82 73 -26 -75 -84 -71 66 3 -63 65 -60 24 5 -38 -47 -45 7 -35 -30 -38 71 -81 26 99 -26 -12 64 -67 83 46 26 -13 9 -88 -31 49 -62 15 -30 74 41 7 83 -12 12 -76 69 45 -22 -1 42 -26 48 -48 48 64 70 -17 -84 -76 -45 61 -59 7 -21 -35 94 75 63 -10 -94 -38 -4 -57 87 84 -54 -85 83 71 60 -1 43 95 41 38 -83 96 -34 20 -19 -56 97 -52 4 30 98 -21 86 -99 93 97 -71 11 90 21 -85 49 -70 17 66 -83 -87 67 82 39 38 24 19 -37 20 85 80 -97 -20 -93 99 -22 -92 -12 14 25 50 -76 -67 -29 86 -35 47 84 45 59 86 -41 -51 -75 49 76 67 36 -74 -4 28 -76 -46 94 68 71 -97 -87 51 72 88 69 1 -79 3 -82 -63 -73 -19 -11 -74 -29 -24 93 -81 87 -14 47 57 51 35 -16 40 43 -65 10 -8 -5 -11 -74 -40 84 25 28 -73 33 -28 7 -45 -85 -6 -92 -7 22 61 55 47 56 63 -75 4 78 -53 11 67 -8 -2 96 36 65 88 76 -17 -10 -55 73 32 59 -20 -61 -62 22 70 72 -75 -40 -76 -3 52 79 -96 85 41 -72 -97 56 59 -94 32 -49 -98 -53 31 -90 -5 14 72 3 20 32 90 27 -8 -46 -58 -25 6 -66 -45 92 -73 62 -71 -18 63 -6 -98 52 40 35 -63 62 -23 99 49 -54 99 76 -88 -82 45 -39 38 63 37 85 4 97 -12 7 -48 4 -42 -98 -73 -22 -59 61 30 75 26 -89 23 -53 44 -80 -72 -67 55 -77 21 -99 -73 3 -49 98 -42 31 -95 95 2 30 -96 60 15 37 -84 58 -20 60 16 -93 -6 -15 45 -39 19 -88 55 -19
-77 -42 -24 -7 -92 20 -59 -41 72 61 98 29 47 66 14 -23 94 81 22 79 -19 -33 61 -94 22 -71 28 -47 16 82 -39 -19 -54 -80 67 68 -21 93 -98 18 71 55 -26 62 -85 -65 -69 -44 -27 38 -34 36 96 68 63 -61 -48 83 74 53 15 60 -6 -36 -11 -84 -48 67 80 -80 1 25 -34 -16 -40 -91 82 93 -22 -98 74 11 74 -48 69 81 -15 -46 -58 -72 93 -24 -50 74 -74 17 96 -64 23 -60 66 -71 -31 98 -85 60 -29 7 36 85 39 -81 93 -2 34 -92 -92 34 -2 -10 81 -61 -33 -21 -70 -36 42 19 -70 -61 -54 -41 -80 -18 -1 52 -5 8 -4 -62 9 -23 -48 83 -91 -68 -84 -55 -87 -95 51 85 27 -38 -50 2 -60 19 74 62 76 -52 45 15 -18 -2 91 10 54 41 -83 19 -27 20 42 65 31 -71 75 -58 -37 -22 1 31 -13 -59 89 -97 90 -4 -91 -88 31 -40 15 -46 21 27 -65 19 -78 60 15 -72 52 -88 63 56 58 -42 -38 -22 89 28 -77 38 45 -68 -3 62 92 41 -57 -73 83 59 38 99 -39 70 96 -69 58 -97 39 -40 -53 -39 -70 81 97 -18 0 -46 -45 7 97 22 79 -27 64 -96 89 36 37 -76 71 25 -56 39 -23 -81 9 60 73 0 87 -29 -47 74 26 -36 46 -45 -38 -8 -33 -56 90 -7 86 -79 30 -38 -58 -26 15 52 29 -36 -64 7 27 36 55 -45 -35 -75 -44 21 59 69 -70 3 62 -77 -21 50 -75 3 -81 14 25 -35 -46 -73 -51 31 -64 -80 69 -29 94 -91 15 19 -76 57 45 -98 -67 5 76 -59 22 44 -59 -53 -6 57 45 -22 -20 60 -21 -82 -57 -96 36 -33 38 -10 54 -6 67 74 98 -22 -28 34 -86 58 -55 46 -7 -15 -14 28 -96 -78 -58 38 86 -40 -59 -96 75 20 75 -26 20 42 36 -91 -64 -92 23 57 -3 -99 68 -49 50 -52 -23 -92 -26 -23 -60 58 8 -18 6 91 22 -90 -16 -34 25 -8 18 41 28 -57 2 -19 85 41 36 -38 -50 -50 -12 41 86 -53 -65 -4 -28 15 -63 43 16 -40 92 28 -63 -81 -41 -78 39 4 -35 -24 -19 65 25 62 31 9 87 -86 78 -48 -9 -97 -78 68 -11 45 -1 73 38 -83 49 36 -14 59 -13 -55 98 18 23 -66 -50 38 -8 -64 62 9 35 54 53 -54 81 35 41 75 39 -67 -36 -51 55 -17 35 49 -11 -34 86 74
-39 77 -46 49 -16 -31 23 98 -18 -55 88 77 30 49 85 -10 6 -47 15 3 19 -48 65 -38 2 -7 52 -54 -59 -72 -94 42 70 -69 1 43 16 -60 -28 -75 -73 -66 18 26 -53 91 -90 -74 17 -23 -49 -10 86 -84 74 -84 -29 46 -6 32 -23 15 -13 35 -91 -92 89 -8 58 96 -51 -42 56 21 -59 33 -68 -55 -19 -17 59 -17 -13 -65 11 11 -37 10 76 36 -45 69 9 -92 91 48 1 -85 6 -2 79 39 16 8 -25 10 50 67 16 81 82 0 83 -96 15 -74 -1 76 8 -42 -4 -94 -43 -93 31 -68 -30 83 -83 -2 -6 -29 54 86 49 -9 85 39 -24 -44 -14 74 -10 -47 79 9 -10 -7 -37 -46 -36 54 -44 12 8 -26 11 16 73 -25 -27 50 78 55 -97 -75 -70 56 -28 92 -96 25 95 23 34 -31 75 11 -59 -16 45 94 99 46 -78 47 -33 42 34 56 2 -11 -42 -66 52 58 -88 8 55 94 -94 35 76 56 73 -44 12 4 0 69 51 -25 95 56 -47 79 -86 -26 5 -37 -81 87 17 -48 24 72 31 -26 46 93 -33 -57 -25 -27 -73 8 54 -35 -94 12 -16 -86 90 19 33 -25 53 11 -81 -5 76 43 -3 71 -23 -40 62 17 47 25 -43 21 -85 -57 -86 5 44 3 91 61 37 99 74 50 92 -36 -35 95 -8 71 -8 -22 4 91 69 -51 -95 63 -95 87 -39 77 75 95 38 15 50 0 -10 31 35 -91 -4 -55 -39 97 98 9 -77 73 69 -20 -19 63 -24 83 49 -66 -7 39 69 75 -77 40 97 -23 -86 63 14 -56 -80 -69 1 49 -15 62 53 82 96 -23 97 73 -61 -22 42 -83 -30 94 -94 57 27 -72 17 66 -49 99 1 0 96 -95 -79 -1 -8 47 73 -23 69 83 35 -98 55 17 -10 -29 -42 -50 60 1 64 70 -18 26 -33 28 -30 40 -17 1 91 14 -20 -2 16 -20 70 -37 23 -34 10 19 -93 35 44 39 -22 34 -40 -14 28 74 -5 94 -17 33 99 54 92 -21 -47 -24 53 -79 28 42 -31 -22 80 -4 25 4 5 -29 76 41 42 12 -91 45 83 1 86 92 -67 91 -12 -63 41 26 -98 82 94 52 31 18 -69 92 53 23 57 -70 6 -37 67 40 30 -80 -62 -2 -32 34 -21 8 89 13 -29 -46 -97 -78 -55 -5 -27 5 -46 61 91 66 27 -12 13 47 56 98 40 -29 -54 93 -75 33 27 74
38 -72 -31 30 -63 -14 0 -31 -71 -48 -5 -37 -80 80 64 -93 84 -43 65 6 31 -15 -17 -72 -4 40 -61 29 31 30 -7 -54 -3 33 -16 67 -27 59 -39 13 95 -55 33 52 86 58 95 33 68 70 35 53 -58 80 56 -64 -92 -1 -80 65 -48 19 -55 -14 4 11 15 -98 -55 -7 -78 -79 -79 -99 -91 18 55 77 -89 44 -54 61 22 4 -99 -68 -41 70 -79 43 -5 55 66 -79 40 -78 -75 33 85 72 81 -34 -98 69 5 -43 -88 -20 9 36 67 81 -59 -95 70 -23 -3 98 20 -40 3 -78 99 -16 72 -45 15 -67 -87 -46 -97 -97 40 43 44 5 55 -81 69 -28 -25 -16 56 89 -61 78 -69 22 -96 64 -66 -71 71 74 39 21 47 -53 -76 -86 28 -59 -81 -95 -93 4 86 -13 4 -51 66 -43 -4 -69 5 -54 -45 -78 17 -37 28 52 -24 3 6 73 -42 96 -34 -62 55 44 -16 16 95 86 47 -28 -6 -7 -83 52 91 66 34 -18 61 2 -3 -98 -98 33 48 32 -35 -4 -55 44 -44 59 83 68 -37 94 -57 -31 26 -65 12 35 -60 -46 -5 22 39 3 56 59 -2 99 49 61 -91 28 0 -37 -56 1 -18 -7 -79 90 60 26 36 -78 -99 -39 -87 -72 45 20 22 -12 56 -93 65 13 32 8 13 64 -48 -43 11 17 -12 -3 19 -29 54 -85 90 42 -17 -43 -27 99 14 -27 -56 86 61 95 92 -7 87 -52 47 -74 98 -71 -98 -39 -55 -55 -28 89 67 -35 95 -47 39 14 99 17 26 -81 -22 10 -94 6 -93 -48 33 84 -97 -30 11 19 -83 -22 -59 -66 21 -20 71 -79 63 -46 22 -49 93 12 44 54 53 -17 -46 21 -76 -54 -26 56 -84 1 54 -27 -95 -47 -38 30 -13 77 -35 -63 -66 4 -48 -60 16 -94 76 -95 -1 -58 68 -76 43 -2 -46 7 83 77 99 4 -17 97 -56 -29 -26 -27 77 77 -20 28 -34 62 74 -4 -12 38 10 53 -59 -77 -75 63 -24 -63 36 -93 -83 -99 -60 -12 -88 -98 -19 42 -7 2 -10 -8 -2 8 -43 -11 -47 26 -80 58 -90 -59 74 -89 14 36 84 -75 16 -79 66 2 -89 13 -13 93 33 -96 47 -11 -12 -77 3 -64 -55 16 -49 54 -61 48 -57 3 50 23 87 40 35 -57 -32 -55 94 89 88 6 81 -47 37 96 -21 37 5 -78 84 38 53 -86 -21 -10 41 12 48 -69 -36 -48 -41 80 20 -1
-13 -64 31 -65 79 -98 55 65 -41 -31 98 -3 76 92 46 -16 -4 3 -54 65 -69 -47 -58 -4 -91 69 75 92 91 8 -17 42 -13 16 -21 5 58 93 60 -70 98 -87 33 47 -44 43 -17 -77 -93 55 12 94 -38 -95 8 67 -71 -31 29 44 79 -29 22 -45 82 39 -86 -65 -85 -90 -4 -38 94 33 -94 63 -62 55 -23 -34 -19 -46 -1 -89 -30 63 75 10 -29 -1 36 -20 -66 42 21 -22 34 -41 18 52 -82 -70 -1 71 -99 -69 -85 68 87 -59 23 23 -95 -5 35 -51 82 60 -79 60 54 87 -30 68 -1 81 -53 12 -36 -78 -53 -99 -3 -59 -85 3 33 37 -99 -96 -25 -45 -40 29 -85 16 -62 10 -80 -81 88 54 17 -85 -5 -65 7 99 -34 -48 31 83 67 -43 41 61 -69 27 40 -20 -99 27 67 -51 -37 -72 -96 -56 86 -42 -59 -83 51 -9 0 24 65 39 -92 50 36 29 6 -7 69 50 -12 -98 -56 -40 62 -1 -36 56 32 -94 -95 -31 80 95 -93 -96 0 37 37 51 13 13 72 -75 -82 -39 -76 -50 -94 -63 -82 87 66 71 -48 -56 79 -48 -58 63 71 -63 60 -44 -49 -7 17 26 55 -9 -8 30 -33 27 57 -86 31 84 -1 -15 -84 51 77 20 -54 -17 71 -84 3 -70 89 0 -13 -20 -27 -54 82 39 23 2 4 69 -12 -45 30 -97 -65 91 39 7 -10 73 -28 -24 -44 45 -16 -59 -68 55 85 -37 83 97 -65 31 61 -58 51 -67 -30 -55 -52 -37 -49 -82 -72 47 7 -2 79 83 12 9 -77 -79 22 -65 26 96 10 -29 -17 -74 82 -12 -25 -8 -78 -87 -52 -83 22 -31 -49 -69 24 42 -71 -21 -87 87 18 34 -66 -31 89 14 29 -40 -17 98 15 11 74 17 -60 58 60 -28 40 -57 44 -14 -74 -8 -30 8 64 42 66 39 -97 73 61 -97 -22 47 -86 -43 -82 4 -18 -23 4 -95 97 -75 -23 76 14 -98 -55 -61 41 -10 -43 72 43 -58 -65 -50 -75 -48 94 -11 -25 -4 -83 94 14 -24 -71 51 74 52 82 95 -99 -5 57 80 80 34 -94 61 40 -91 98 69 40 20 -35 59 48 73 -62 28 25 38 90 -65 -65 -41 34 41 -72 54 78 27 -57 -18 3 -24 -97 -23 2 69 -94 -14 27 -1 -97 30 24 -49 77 -79 -96 4 -17 -54 0 -62 -70 79 -82 56 15 -8 -71 -67 -93 58 82 -52 73 48 72 -8 8 98 -18 37
-40 68 -1 -65 -37 -40 -54 1 83 90 -57 -95 -42 -37 -58 -15 -6 6 -74 -40 51 99 -86 -54 2 -47 30 23 11 66 -40 1 -33 6 -22 67 -70 54 -27 42 90 -35 -40 -96 -52 53 -49 -79 -38 37 -8 -63 -90 -71 -86 14 -84 -75 -64 85 62 26 18 83 -37 -65 -39 -35 -87 23 -59 2 66 43 95 91 55 -58 -37 68 78 78 -58 43 -79 -75 77 -85 35 85 -55 54 -4 -26 9 -69 -14 71 -94 -11 11 62 43 98 -12 55 -87 51 21 78 94 -73 5 -55 4 -52 25 -82 -39 -8 5 -5 24 2 -85 79 0 -23 -6 60 -18 13 85 35 61 -14 -87 -71 72 26 -73 75 -22 -83 -36 -40 93 -81 -46 98 -87 3 88 -25 -35 20 78 76 3 37 -34 36 -99 -24 -22 -58 -7 -15 3 -93 -92 -43 -59 74 5 -32 -49 -63 90 -96 68 35 -41 -5 -70 91 -24 -99 23 3 0 -45 40 11 -43 63 -7 22 -2 55 -54 -55 -2 59 -35 15 -3 -75 -79 63 55 26 94 48 -73 76 -23 -7 80 -7 0 -72 77 -99 -69 57 -67 54 -55 -34 20 30 33 83 -37 14 41 18 88 26 -29 94 70 76 35 -90 34 69 -90 10 -7 -65 -77 8 5 59 96 15 28 -95 97 44 -90 -23 -11 96 -35 -1 -73 -97 73 -2 51 66 -53 57 -92 48 -83 -83 -66 -93 80 95 64 -82 -41 -39 72 -40 -39 -59 -93 -94 0 36 52 -1 -23 -81 -85 -47 -84 -12 -95 -70 38 -62 69 96 79 -16 93 99 18 -46 14 76 -85 -40 -76 -23 34 -96 -63 -64 18 -31 -97 14 -11 31 83 -4 -68 73 93 70 62 5 46 -97 -51 58 -7 94 -15 98 -48 0 87 19 66 24 84 15 30 6 59 -17 -41 6 -58 -5 -8 2 -48 60 -11 -39 0 -88 -15 -80 -35 35 40 0 60 3 -5 91 -55 -17 72 -45 57 29 68 -35 44 -71 -31 22 48 -75 9 -86 57 -6 63 -22 33 78 -30 -22 19 -68 6 62 10 85 -70 64 54 -44 43 -77 -10 -89 -44 -76 49 86 54 39 -63 -26 -97 -11 -48 -21 -3 -46 60 16 -65 63 -11 93 66 43 -44 -72 5 72 -28 93 -35 -26 28 71 -77 87 -4 -66 47 35 -90 58 -51 78 43 0 -55 14 -37 -49 -92 49 -62 69 -39 -73 81 76 -47 -61 -57 15 -97 -64 -20 16 76 2 79 81 -42 -97 7 51 -70 -20 -62 88 92 34 29 -1
-72 -43 -40 33 -23 -39 -67 38 -54 67 -42 -8 -84 2 37 94 -55 82 97 60 15 64 48 -13 -89 -97 2 -4 71 -73 15 48 -83 -18 11 88 -30 -82 5 78 -85 -28 -15 45 57 -23 -90 -1 83 45 -70 -13 67 -70 -22 68 -61 -44 -60 5 42 62 18 25 71 -64 -4 68 98 -68 67 43 39 -9 -90 -78 -77 29 21 52 -84 -94 -98 10 -66 -63 -7 25 47 -18 34 76 28 -65 -4 43 30 14 -19 -75 14 -36 -62 25 63 60 74 -75 -5 -68 99 -35 -56 -79 10 66 -40 -16 86 85 -34 67 -52 -10 -12 -42 -47 95 6 -2 -53 -74 93 -85 -47 22 -56 -73 77 -57 14 -59 82 78 -25 -11 -65 17 65 92 81 1 36 46 39 81 91 91 23 98 2 -61 -78 8 56 40 67 78 5 -26 18 18 -37 -17 -7 25 32 32 -51 54 -65 71 -1 54 82 -11 6 -41 -97 -91 -19 -17 -62 82 35 40 -87 3 10 -89 -35 -17 -73 31 69 36 -11 42 -12 -25 -68 5 -16 67 -24 -53 4 -36 10 91 1 53 -13 35 94 -84 -37 -12 -16 45 -81 12 22 84 60 9 -95 -39 87 51 62 -6 60 -53 66 67 17 -13 23 35 71 19 70 73 40 -97 -99 -92 -97 93 -24 -14 -58 9 -76 96 -42 -61 40 -53 76 85 -39 -14 93 17 -37 -61 -30 6 -67 -79 -16 30 -54 14 85 30 -39 76 -66 -66 -21 -83 -59 -16 91 -80 27 -51 -21 98 -52 -38 48 44 -75 95 -9 -7 56 64 -17 -24 61 91 92 -16 51 78 -3 68 -96 -96 91 13 17 58 -69 27 -17 92 -85 -3 -83 28 30 -40 -43 -92 30 -55 -85 93 97 -7 -22 -29 53 -32 -7 -23 -81 -38 94 18 -25 56 -72 -11 -95 55 -22 -41 4 -67 -56 10 -40 13 0 86 -20 37 -75 -35 82 -41 10 -47 -6 -2 23 -62 91 -73 -99 -25 -59 55 -73 47 24 -9 77 -99 -42 -17 -91 89 -57 -55 -79 -24 98 -11 -13 85 27 -19 -53 -14 -13 87 -45 -49 48 82 93 -20 0 49 -14 41 82 44 30 -68 57 79 -4 33 7 96 39 2 80 -53 -10 45 63 -8 -14 25 36 20 -41 -86 53 76 69 8 34 48 94 -1 27 10 14 34 -81 67 -51 37 34 -38 -49 -15 45 62 3 -31 21 -50 85 -23 75 -19 -93 -92 -87 -49 -8 48 -60 -80 46 -16 16 -63 -52 -32 -73 51 -44 2 73 99 -18 -83
-8 88 -22 49 -42 -32 45 -32 24 45 -70 39 13 -38 81 -71 -88 25 -96 95 -28 50 -59 32 -39 -89 12 76 72 59 34 -61 -43 -6 -67 -43 52 -13 34 -60 -54 39 -98 41 61 93 -85 -75 -18 75 -52 98 -53 24 4 48 -83 -3 -72 58 85 -63 47 -87 -94 -46 -30 -97 -18 -32 -17 -77 37 -31 43 -46 79 -65 22 58 -37 -66 -80 78 11 -5 55 -14 -22 -73 58 90 44 22 -67 -97 -26 61 -6 -77 -22 -40 59 8 -87 -99 -94 18 -76 -30 -76 50 53 -41 -68 -62 88 84 -34 -62 -81 98 50 75 34 2 -7 -10 -14 -59 79 -69 90 69 9 -31 71 41 -14 -18 49 52 -57 -14 32 51 64 -30 -92 -97 98 -74 31 46 65 66 46 -26 -14 -29 -52 -61 -94 30 25 -69 -32 -17 18 -51 58 55 -73 94 -94 -19 14 -13 -94 -7 57 -58 -37 30 83 -89 -72 -54 -87 96 36 -50 -20 -32 -85 10 25 -9 -19 20 89 64 -4 45 58 19 -80 47 58 -86 -41 7 57 54 63 -66 -12 -67 -15 82 -78 62 -68 -7 87 -34 96 88 -3 -23 78 73 -78 91 7 66 -16 2 3 -83 48 -94 99 -6 -9 -69 -69 -69 72 21 97 51 -81 -30 46 94 -16 60 58 -81 38 94 -5 -69 -47 -11 2 -79 -79 -53 -29 2 -35 44 -2 -15 25 75 58 -97 35 72 85 -16 80 51 -2 11 -89 71 8 67 91 -86 -43 77 26 51 -64 -52 -17 16 -94 98 57 58 74 -60 34 -78 17 -19 30 96 40 -13 71 73 -63 60 -72 50 33 33 94 -59 -53 56 -53 41 -83 85 14 94 -48 -93 62 30 29 -78 58 -32 -18 44 -68 43 -11 52 -94 -77 40 -16 -16 -90 88 -83 36 41 -5 -50 -50 45 5 70 71 33 57 19 84 93 -89 24 -94 -60 -24 -96 -93 -42 80 66 -93 50 -74 -98 -16 -68 69 -85 -72 56 87 -1 88 22 29 -80 52 85 -66 26 -19 71 62 -48 94 -45 38 -12 -20 20 -71 16 74 -6 -62 91 -54 -16 69 -24 65 66 -72 -73 38 -28 7 29 -37 1 -99 -35 -72 17 -12 32 -90 -97 -30 55 -97 4 4 -79 -97 35 -23 -98 -49 -35 43 -71 -36 -76 -8 23 -16 42 94 58 0 -87 -41 -69 -41 41 95 75 -43 13 47 18 -10 -20 54 52 -52 5 -77 -17 -58 -71 57 -41 -72 -74 36 -41 59 90 27 21 27 -94 -41 -58 91 -52 87 62
96 59 70 -13 -10 -64 -51 42 18 -32 -51 -55 96 -41 7 -35 3 85 77 46 93 12 84 -27 35 -60 60 22 -84 -28 -32 -73 89 -48 -93 89 -1 -1 31 -65 68 -23 52 38 54 -63 -33 70 -33 -9 7 61 59 64 31 -94 18 57 3 -38 76 -4 11 -18 -89 -7 -82 77 -89 -18 -51 -36 33 -32 -45 -18 93 -21 99 16 19 -58 -59 60 73 38 96 0 40 -64 69 47 59 -86 -2 -28 58 6 87 -74 5 -49 77 24 -40 90 64 -99 -71 -41 92 -41 25 -82 -52 -59 -10 40 11 -25 12 15 75 7 -88 13 -59 -45 -92 -7 -62 -96 18 93 -25 62 -45 -93 -55 87 -23 -98 -67 92 -16 49 99 33 37 -39 -97 -86 83 -96 71 -35 -80 43 21 53 -8 54 74 72 -82 36 -5 -80 -39 -34 76 2 73 -45 60 96 -24 55 20 5 -54 -35 -44 -8 7 53 -65 -79 -93 -20 -50 87 9 38 -68 48 47 -19 81 90 4 -41 18 53 35 -77 38 30 37 -4 -29 -95 86 99 32 36 -65 49 26 -30 -58 72 72 -11 -42 -54 31 32 80 -31 83 -92 -44 -99 10 -8 8 -60 -81 87 -67 50 -2 -20 -17 -65 -9 14 -39 -27 -76 -31 -86 -3 85 -81 -45 91 62 -34 -73 15 5 -62 -60 30 59 56 2 -78 74 -32 60 -91 71 -75 -47 7 -13 42 -28 12 -11 -25 -78 -7 -44 -9 -21 78 61 1 81 29 33 -70 38 -70 -27 65 -70 24 -83 -82 -65 55 -38 2 96 2 -10 93 -99 69 -36 -31 -35 -3 86 11 58 63 -97 -76 58 29 53 22 -16 81 -79 43 9 -93 77 68 -92 27 -59 64 17 -23 -58 -37 32 58 84 18 -66 -10 -99 -43 77 82 -44 52 -59 96 58 -51 66 -74 -8 -93 -72 95 -32 58 -98 67 16 -50 29 -8 93 -20 -64 -9 -20 -52 1 90 -3 -44 -16 64 7 68 80 73 -56 -60 56 -75 40 47 11 13 95 -43 82 -47 53 -70 63 -67 -86 -31 73 -86 71 5 2 -46 79 -98 18 -50 -17 -43 71 -95 -35 92 -53 34 77 82 93 41 99 -28 9 52 -35 -63 -88 -53 86 -1 12 72 73 -97 -47 -22 -82 98 -71 18 -52 2 -12 0 2 -21 70 71 -83 0 56 -55 -7 45 -42 -97 -81 -46 75 -40 -52 -33 54 -35 -41 1 -20 57 44 -26 -85 -80 -78 -93 18 79 -14 63 71 8 -94 -83 28 91 -25 93 71 28 -20 36
32 52 59 22 -3 43 15 7 75 -4 -63 -89 1 -43 -29 35 -46 22 76 68 -56 97 -87 81 26 -41 -7 49 -17 10 -78 84 -67 17 -21 -85 96 -30 -21 -89 -38 17 94 46 98 99 23 -61 -61 47 3 -5 -80 71 97 -82 -18 -27 -67 -58 -85 69 16 85 -47 -59 64 -63 -89 88 -96 77 -69 0 13 3 -94 96 -3 27 96 9 -25 -61 1 58 -22 72 97 -93 -46 -4 -15 21 64 54 -72 89 -51 -14 -53 30 -86 15 55 -10 7 -7 -30 74 22 -71 -28 -62 61 -33 -12 87 -29 -42 7 -84 54 -35 64 78 -58 -63 -98 -59 75 -19 21 -49 1 63 -8 94 14 86 90 -89 -82 -18 -83 53 32 70 -22 -85 -7 0 -42 -83 67 40 31 84 83 -75 6 59 89 -26 41 -9 40 -47 -27 -44 48 -13 6 32 -95 34 -68 70 53 -28 2 85 -80 47 47 -42 13 -96 86 67 63 -83 60 96 -32 -5 -19 38 39 -28 52 19 80 -75 -52 34 78 74 9 96 -81 8 -34 10 56 -62 -98 -79 39 -4 78 95 -11 -15 8 85 30 -9 32 -55 16 35 -87 34 47 -59 94 73 36 -27 -66 80 -28 7 22 -9 -91 49 96 -72 -61 -23 -62 47 -21 48 7 -82 36 -29 82 6 -48 -81 16 94 -29 -12 -89 63 31 -37 16 19 -41 -7 -64 -58 86 17 -79 -94 -36 -64 24 -3 -46 19 -49 28 43 -93 92 -29 82 19 -10 34 95 63 -99 17 81 -1 68 72 26 34 -66 -99 -85 -14 -26 -55 0 62 -97 87 -36 -58 81 -26 11 -79 8 87 97 -68 91 -64 85 61 85 -89 63 -65 -38 -80 82 -10 -38 -96 46 -96 59 -25 -51 77 15 -97 61 -12 37 31 50 -67 -95 -35 -26 -40 -79 -43 86 -62 56 -44 -82 51 55 -53 30 54 -48 -57 62 18 56 -96 -56 9 -81 -36 -98 -89 2 15 41 -64 -79 80 37 11 92 -60 73 -45 -15 -86 36 78 29 41 -80 57 47 -69 87 -76 16 28 -58 -52 -67 33 -3 -46 29 -41 63 53 -68 94 54 67 37 80 72 -20 21 73 24 -46 -59 56 -71 11 -50 91 81 46 -45 -63 8 16 -54 2 -40 -79 -71 83 -69 -47 -79 -78 44 54 -46 -22 20 -77 -71 -62 -43 -85 -75 99 28 52 -99 -80 71 -90 -46 75 33 46 -26 50 20 22 71 -51 76 -70 -94 -29 95 19 -80 40 66 98 31 -73 -48 -31 82 -35 10 -43
-70 -45 -35 -93 80 -47 -50 -22 33 80 -58 -44 62 -63 -79 -61 -59 -89 57 -99 92 -23 43 5 30 37 -28 45 -7 -96 -16 -93 22 20 20 62 -91 -97 -33 -57 -7 64 2 92 17 -67 -54 -73 43 99 84 11 -81 95 -47 -67 24 68 9 79 79 -33 11 47 18 27 56 -67 -62 81 77 86 -86 25 74 -5 -43 -5 82 82 -52 95 -14 -66 83 -33 -93 26 63 16 58 32 -87 30 -93 -45 -56 -94 8 -46 39 52 38 -73 -35 73 -24 33 -51 98 41 -38 -65 -3 10 62 10 -39 33 10 24 -48 87 66 -48 47 48 -31 41 -77 46 54 -72 30 80 13 -89 7 70 -90 -98 -44 -97 99 96 74 -23 22 -18 -42 67 70 94 20 -12 -82 -36 51 52 53 50 70 27 68 -15 -16 -79 -79 30 -60 10 -68 77 28 51 94 -86 94 64 78 23 36 62 0 29 49 49 -82 -34 -29 -57 -62 -41 -25 38 38 42 -57 60 70 65 -1 -99 83 37 -25 67 33 -63 -97 80 -50 92 -61 -63 84 81 70 74 16 -65 -85 -7 7 -41 12 3 -21 35 94 -67 -62 99 98 -41 -87 22 -57 10 44 -1 -71 54 -95 70 40 -59 9 48 16 -86 -13 -1 -71 78 72 -70 13 61 72 79 -54 39 11 -28 2 61 -31 -38 -17 -95 25 -19 -17 -86 41 93 -29 54 78 59 -17 -61 79 -20 1 -13 -16 -46 89 -54 98 0 10 -26 -31 -7 50 6 -38 14 14 -13 -39 -8 47 -50 63 -88 -48 -71 -6 20 18 34 -59 -60 -60 -53 -19 47 95 -67 -54 -7 12 -71 -8 -28 70 -57 -96 -90 -4 -17 -26 -17 90 -43 -38 68 -33 -26 22 55 82 -45 -98 21 -39 -55 35 94 26 73 -45 -26 -63 35 0 -74 -51 20 87 -34 -63 -66 -99 -3 -80 -20 41 -90 -69 62 -94 -22 8 -1 -42 -18 -41 96 17 72 -4 -16 13 -77 -91 -34 -34 -33 -98 49 -31 -11 -80 39 38 87 -31 1 -94 -86 84 90 -80 98 -15 57 46 97 -83 -11 -10 -7 -64 50 93 74 2 23 92 31 82 -3 41 -3 8 69 97 44 -24 44 -18 -88 68 -56 -58 16 15 94 -25 9 95 -62 78 -87 -49 96 78 -73 -46 22 -36 -25 -37 34 73 -37 -50 56 -9 42 -72 -98 27 -50 -85 -44 88 -33 -77 32 -25 -57 -90 18 98 -32 -89 -70 25 47 22 20 24 -90 -28 92 -49 -15 39 49 -85 35 -13 -17 -92
31 74 71 -4 72 -41 99 0 -6 -18 -33 -75 -37 89 -77 71 6 -56 -95 -77 88 -39 -95 -76 -24 86 74 -13 80 40 -28 59 -9 46 21 -16 -36 56 90 5 -36 -20 75 -3 40 -67 -76 59 -30 5 3 25 -62 -42 73 -45 -99 -24 2 -83 -8 -58 44 -12 -51 -50 59 -30 -50 -38 38 15 29 12 0 87 -3 53 -76 53 -19 -88 66 92 25 84 68 11 -61 -64 13 -80 -30 56 -33 -98 91 38 80 -23 47 -98 -48 85 -31 42 18 45 -68 42 68 -86 81 -92 -60 -34 28 -65 53 -1 -39 -91 98 -48 16 99 -80 80 16 -13 64 9 20 -44 -63 -88 -32 -88 84 -66 9 25 73 43 -21 -87 -21 14 66 -87 5 85 -17 -50 25 93 92 49 -3 33 79 -59 79 90 50 -93 0 -38 54 51 12 -67 -7 -94 -39 -78 93 -11 14 -6 -87 -93 -68 -84 84 72 11 2 37 54 -36 67 -68 48 25 -24 70 -79 8 98 88 3 12 -9 67 56 -32 10 -73 10 34 89 85 21 31 -42 -35 69 56 -19 -62 -97 -26 -65 29 83 -8 -18 52 95 -1 16 96 -30 8 -12 97 23 -86 78 -25 -28 -9 -8 -28 73 56 74 96 -87 -47 -74 -1 96 97 -5 -55 -97 24 -85 -92 91 -61 -24 -68 72 53 72 -85 -79 48 -95 31 38 -14 -67 -55 35 -92 54 -71 71 -89 -41 25 76 -5 -16 74 -4 -32 -23 99 -73 82 -1 -26 -61 -8 15 -45 -69 84 44 12 34 -4 -79 11 56 5 80 -99 -75 25 80 -84 64 3 -82 -55 -32 -93 14 -42 12 -77 56 -64 57 -39 49 64 -66 -78 5 53 -23 -46 16 12 91 -88 80 -63 1 -63 -48 -64 -76 -32 27 1 -82 37 -88 39 -12 -50 -63 30 16 78 -30 96 -24 -98 -23 -19 39 -46 46 -81 -43 -84 -11 2 41 -19 65 59 97 -79 -28 37 -1 88 31 -91 -1 -31 -45 89 -97 13 -44 92 55 15 36 68 -88 13 -80 -98 -57 -76 86 -90 11 60 21 -49 -50 49 44 57 65 63 73 -81 40 21 -86 73 32 2 -99 -51 38 84 -77 15 -39 64 38 -98 47 -91 66 5 -70 30 -21 -42 25 -51 -19 -64 95 -74 80 66 47 68 84 -78 75 -54 -24 -64 -10 -16 65 -26 21 58 74 16 -78 -69 50 -4 39 -55 42 -15 93 96 47 -69 -38 -31 61 77 61 53 50 -59 8 57 11 42 -91 45 -13 -56 -79 -16 -98
-8 48 -80 44 43 -52 11 -61 63 21 -43 -68 88 23 -58 -79 -30 62 -94 -70 -44 82 53 -55 15 38 61 96 10 30 -12 -31 -68 59 84 -51 80 74 48 45 -68 15 -22 -39 -47 63 -99 27 -72 -72 -66 -36 2 -28 12 13 -57 -29 -29 93 -88 7 52 23 72 -72 71 32 5 85 27 86 -66 84 35 -28 23 -4 -98 -52 35 -36 -90 -26 -41 -56 30 -81 86 85 -84 20 42 -39 -81 1 1 -14 83 60 -58 93 -74 14 -99 34 82 -25 83 50 -38 77 -57 -47 -19 -56 -62 10 5 -9 -95 15 -13 11 42 -11 71 79 -11 92 26 -75 82 27 -48 90 -7 -14 -95 40 -40 -98 7 8 -85 -98 -41 45 -73 30 20 82 -34 39 -30 -8 79 83 48 -96 37 64 68 58 -91 -45 60 -35 -93 -90 -64 59 77 -83 33 38 -4 -51 -52 -88 70 -37 -93 -18 93 71 -82 -5 3 -92 -48 -66 -16 15 -5 39 -49 -75 36 -48 -24 -29 48 61 -26 47 65 89 -6 17 -29 -83 -3 -66 -35 40 68 -13 92 68 -95 21 -33 -42 12 88 25 17 89 36 -48 -8 -1 20 -4 49 -14 82 -22 -25 -77 -22 -24 -4 -40 -82 -60 -38 43 -94 54 -58 40 -57 13 -55 47 66 -82 32 -64 6 -4 42 -29 68 8 -92 -34 -44 87 -17 -68 -22 -51 9 55 -85 -92 -28 93 -25 21 53 -35 9 -88 56 -91 39 -67 65 49 -43 -91 -14 41 -10 -52 -25 -91 82 43 -29 32 -84 -58 -87 -96 65 -78 55 68 6 32 -66 -30 37 42 43 68 25 25 29 8 9 2 18 -17 -89 75 -5 -27 0 -16 -94 98 67 -20 -8 -93 67 -64 15 79 25 91 73 -94 -97 -12 48 66 54 -38 -98 44 1 -70 -62 -40 68 17 -99 -44 -67 -57 0 6 35 -45 -66 90 94 5 23 8 -82 -65 -8 24 -80 67 -19 -27 7 -39 76 85 93 3 7 -2 8 -62 -77 -96 8 -39 14 70 -99 81 87 39 -11 88 96 -90 36 -92 -79 -86 -63 30 59 -25 -24 -21 -47 -17 -93 97 96 67 76 -24 91 60 -55 60 -18 54 33 -72 49 99 -57 98 91 -50 0 -44 0 68 27 -76 -30 8 -72 79 89 23 -66 30 -88 87 -2 -46 -25 55 -17 68 -69 -93 48 58 -88 49 -30 -10 10 77 77 54 -22 -68 25 33 -22 -50 -77 -98 -73 64 -37 -41 -77 14 4 69 -13 -68 53 94 -62 94 -39 -94 75
-71 68 57 92 91 -70 45 97 64 -89 -74 55 12 89 -64 -98 26 -13 -76 -53 56 94 43 76 -20 46 41 -40 60 -28 -78 82 -77 64 -94 -65 -69 -23 -94 20 37 -73 51 -42 -65 62 68 24 -66 40 -33 -11 -3 23 -70 6 -49 -62 37 -16 -54 6 -39 15 9 -91 88 55 -93 -25 79 51 55 -30 57 31 -21 36 -45 -80 -62 -37 -46 80 65 9 -35 7 -86 92 -8 -64 -82 -99 -61 57 91 15 17 13 -85 79 6 -96 -90 14 -36 55 -51 87 64 -32 73 96 -31 58 93 98 -15 -4 -3 -34 -48 88 -28 -32 47 50 86 43 -89 47 -28 58 -8 -37 25 -49 -82 -23 -76 -73 -76 27 73 -2 -97 99 -24 64 81 4 -47 11 76 -77 -70 -94 -25 -12 -59 65 -4 -63 34 20 94 62 -20 7 72 -57 -58 22 8 68 27 -27 85 37 34 96 40 -31 -11 -20 -26 83 -15 94 9 72 94 82 0 -87 -70 -54 26 7 12 -81 51 -78 -1 4 -10 -12 0 -73 -48 -13 35 95 -14 77 56 -9 79 -82 42 -7 -93 -14 -30 26 -87 51 -37 -28 35 32 45 85 -55 -53 69 -13 43 24 63 20 36 -30 6 -10 62 4 35 21 -8 77 -81 -35 -65 -70 29 52 72 -52 -4 21 31 6 21 0 13 63 -92 -89 41 -58 75 50 -84 91 91 66 -74 -38 50 10 64 -78 17 33 25 -73 -55 -20 -61 98 21 -94 92 -16 68 62 62 -43 -56 28 74 -85 -1 -85 34 -54 -2 46 -48 60 18 16 42 39 -79 33 24 78 45 90 16 95 98 -40 -17 39 47 -31 -6 9 67 -39 68 -63 -76 -48 -19 69 -91 -47 63 8 59 -65 49 27 -64 43 31 -50 30 51 48 81 -50 -33 8 6 37 -37 -77 -11 39 -80 4 89 -98 -80 19 -38 0 -31 83 -15 -18 61 -22 -60 30 -45 -73 -52 -85 20 30 -70 34 -63 93 62 -40 49 -65 -10 24 43 -57 -37 -82 64 51 -61 80 -30 -54 -69 -47 70 -43 -87 -75 -46 84 -39 12 67 61 90 72 33 -52 41 85 -78 -10 -76 -53 -40 90 66 -39 -6 -98 99 -68 -58 -80 -67 53 -15 -34 -87 -9 -22 17 -72 3 -95 96 -36 20 -59 -53 -56 14 -23 -18 -80 -3 30 -89 -38 53 -5 -74 -60 -46 69 -36 20 52 -9 -68 -66 -78 -26 51 -34 13 94 -69 89 78 -11 -75 78 -76 44 -95 -8 76 -8 -41 -91 -26 -76 -93 -56
-88 28 18 5 -80 -53 93 17 -15 -47 75 9 2 -96 -92 94 -4 -4 32 -50 21 -31 58 -83 -2 -28 16 -49 60 0 37 13 42 19 43 62 -85 -67 -84 -23 -47 86 30 -21 -80 23 40 -39 95 20 -93 75 -42 -66 78 34 -60 -66 -96 32 67 -2 -80 28 -60 -23 -80 -33 -66 -50 59 67 61 29 53 69 23 11 -4 -62 83 69 -90 90 65 -3 -72 62 -25 85 -49 37 70 -22 37 -53 -12 -70 17 -74 10 6 88 -65 0 87 0 -51 93 -51 -56 19 -60 -34 -37 -65 51 -66 -25 84 51 -78 -60 -77 38 11 -84 1 -54 -73 87 24 45 53 -92 15 63 -14 -78 9 55 7 -8 -9 -3 60 -8 83 91 -16 -60 47 97 50 70 53 67 86 19 54 39 -89 -71 87 84 -92 2 96 24 84 21 21 66 74 62 -85 41 -69 28 5 -56 -63 -8 -71 38 -91 -95 93 -37 0 91 25 26 -12 65 2 6 17 51 6 -4 -98 -79 -90 88 16 -40 -13 38 85 65 89 14 70 29 85 32 -33 -12 76 13 -41 -30 39 57 26 -64 -59 -59 -30 -50 13 93 -2 62 80 24 70 18 69 -3 44 -52 39 20 -2 -73 23 24 -64 52 -75 -40 -39 16 -1 -18 -61 -95 12 53 -54 10 24 -10 12 -77 -47 33 99 41 -12 18 74 28 -88 -66 -85 19 -73 -23 -4 7 -87 -86 62 83 -82 78 -2 -16 -13 28 -60 52 -36 -34 62 73 0 -10 -67 13 -20 98 -43 12 10 13 42 17 -10 66 -21 -7 76 68 15 70 38 -56 55 -21 -90 -37 74 -37 74 61 93 2 -63 -69 -46 72 -8 -38 -76 -35 69 79 48 -61 -70 49 -15 -58 -96 -37 82 -45 55 -84 60 -39 98 36 -13 -29 65 4 15 37 -65 23 8 -86 74 42 -3 -31 -61 -39 17 63 21 77 64 25 10 88 65 96 77 -11 5 -27 -44 44 -57 -14 -24 -75 7 -35 11 -67 6 -23 76 8 68 -66 -97 -49 10 -88 -45 72 49 28 15 -50 19 -9 21 70 -40 -67 -20 49 -5 -40 24 19 11 40 14 -93 26 94 64 -14 35 70 -22 79 -21 82 98 44 -99 5 -64 -12 78 -43 0 46 -75 -64 10 51 13 49 -54 55 -63 -20 -82 19 -41 -78 -18 -93 -35 17 -9 -85 11 -93 49 -73 -54 -17 61 -14 56 -5 32 -99 -38 -8 6 -3 78 41 -65 18 -63 -21 -52 38 -18 -43 85 6 -79 25 -76
-97 -7 -13 -83 12 76 94 -51 85 9 43 91 -2 -97 -73 -78 83 55 24 -12 -8 49 -82 71 -5 99 -66 0 64 -84 73 -96 -87 -37 -44 40 96 -26 74 -19 -27 -5 53 58 -63 -96 9 -1 -55 -54 98 -72 -79 -60 96 61 -50 -77 -25 43 -3 -85 -1 45 94 -46 -49 75 -38 69 -70 38 -87 54 -12 31 85 -85 -33 -52 95 -6 56 -57 -67 55 64 52 -23 -16 95 36 68 -75 -71 -5 42 -91 67 -79 -79 25 23 20 17 75 -14 -52 50 -86 80 15 73 -77 45 5 48 -16 69 35 -4 -35 20 -92 -73 1 51 2 53 -94 -68 4 -88 48 -19 85 -28 -31 95 32 -75 -75 -80 -18 -89 -39 -52 -17 91 30 95 79 -92 -29 -71 34 72 -81 -69 38 6 -92 -16 91 -79 57 58 -63 73 90 88 -95 77 72 -51 80 -1 85 -91 -6 63 36 -17 -40 30 -42 -23 -68 -42 91 47 -37 -56 -15 37 -31 -94 30 -12 32 87 34 -98 20 76 -78 97 21 51 -80 -73 41 -20 -61 -76 -89 40 -44 -35 -43 -14 -39 -98 62 -88 79 -66 69 4 -36 -90 23 -39 53 39 6 71 29 2 -87 -53 58 10 -89 6 -53 -94 -77 63 -33 -30 -54 -9 47 -99 12 -33 -72 -28 72 80 -52 22 -74 -42 -71 5 9 -96 -44 -33 96 57 -55 -59 -87 -67 -45 -29 -40 80 -85 -53 52 -5 -83 -3 -83 57 -55 85 -52 -63 15 49 -59 73 -95 -39 -46 -31 61 -9 -25 82 23 -26 -81 50 26 -79 -29 -47 6 -66 47 -22 97 -63 -1 52 75 -2 13 42 -77 -85 -71 -9 -30 -60 71 -42 82 30 -65 -33 -58 18 -44 14 -3 20 55 27 -4 22 -9 -54 -50 -42 83 32 80 76 -57 -80 -51 -23 -82 51 2 89 92 -52 83 -87 60 54 -57 11 99 -25 -79 -40 -13 66 -56 -35 67 -23 38 35 -54 -65 -42 39 -30 -69 4 -88 92 94 77 -51 -41 -47 -26 42 68 86 74 -89 29 65 5 -76 -78 -64 -97 62 33 -25 -22 79 10 -8 26 23 34 -21 -83 69 57 36 -44 -65 57 50 -58 60 -90 56 -40 -69 -65 9 -28 87 -10 -12 -38 -87 15 -11 11 -22 67 90 -21 64 59 -98 -35 8 27 -7 22 -72 87 80 10 47 92 -67 96 -38 26 -74 -96 -15 3 44 8 39 31 -55 -46 22 -46 20 -93 -79 -29 -88 28 89 10 -77 6 -78 -44 -68 80 -19 55 14 -3 42 40
-86 28 -85 -7 -93 -57 -66 73 -78 76 19 -61 -71 9 29 19 34 -5 94 -85 -77 81 76 -40 -37 -68 -35 -33 -55 72 -19 -5 39 -98 9 -50 98 90 28 80 65 -16 -1 97 -33 -68 -77 62 -45 64 -9 43 76 -39 80 -54 7 10 -74 -12 -76 3 -39 -28 73 85 -16 81 -57 1 -66 8 55 -23 79 -98 -15 28 -28 73 -96 -98 -95 -75 -76 4 35 -59 -74 -25 -16 92 69 34 15 36 67 -50 4 77 27 9 -85 5 -80 -48 -10 14 -9 28 21 -75 -99 90 15 26 61 -96 92 -64 -2 93 13 -70 68 -2 -24 -49 -16 -35 -4 1 -28 -30 -21 -38 -83 62 98 -71 -6 26 -38 88 18 33 -92 -88 -26 -79 -31 41 -44 -4 43 -26 95 -26 -26 -68 83 84 -32 -48 -88 62 80 -74 16 35 -11 -44 -7 -6 -67 -43 -28 72 -27 73 11 76 22 63 85 -66 -26 50 16 65 15 -95 -31 37 57 -97 66 -2 -37 58 -38 -77 10 -96 -67 -42 7 96 -95 33 -91 87 -35 -88 -48 20 -41 -58 24 56 -46 -2 -86 12 12 70 15 -94 -32 -3 41 -84 -96 30 -72 81 -90 99 -79 37 -79 23 -43 7 28 20 -27 82 82 -92 30 -22 -64 71 -26 5 84 -59 51 -94 -29 -98 -8 -25 34 -71 56 4 -37 72 71 84 -63 -39 -84 97 11 2 37 77 -78 95 62 -10 -6 -40 30 97 51 -97 90 -92 -70 -49 -12 41 -50 0 -22 49 7 -98 19 -88 -86 -97 -80 5 -41 -2 -42 44 39 10 -66 96 53 20 69 -51 86 93 57 26 -6 68 -79 -41 -69 -44 52 98 46 -53 27 98 47 16 23 81 57 -88 -37 -50 13 -88 -20 -57 2 52 93 90 -30 -2 82 73 -87 -57 -94 -26 40 45 -90 -13 49 62 -65 60 -3 21 35 -94 -57 -22 -10 33 71 49 55 -37 88 97 44 63 7 -83 -22 -57 37 -11 -18 -25 -43 -79 -46 67 17 40 37 3 84 -1 -6 32 87 19 45 22 -24 17 35 -90 -76 1 29 31 -80 64 -81 -73 -7 -16 34 83 9 92 80 58 -92 49 -22 -75 -97 50 61 45 -64 41 94 43 -7 -55 -44 -88 -80 -30 -2 -27 16 64 -60 -79 68 94 89 -59 -39 -55 34 -80 25 -73 24 33 4 -43 -24 60 67 24 31 3 -90 -31 29 32 80 20 -45 -96 -87 -24 -47 -42 -28 -82 94 11 37 -16 -50 32 81 97 38 0 75 57 -96 -67
-48 62 -48 24 69 -71 89 -39 76 -15 69 15 9 86 63 26 86 -37 63 48 -50 54 89 -4 -94 -99 -88 80 -8 -69 70 33 -94 -33 34 36 87 64 -97 -94 13 -12 88 -14 -34 -61 95 -88 -63 -58 86 27 -81 -39 -22 85 -21 -9 -97 -27 -49 40 63 62 -57 -8 36 -64 -76 31 -78 -91 86 -49 27 47 -7 29 -38 27 32 -68 46 43 -15 -72 -55 90 71 78 30 61 -84 -97 37 -23 -87 -62 90 3 -96 -41 23 12 -19 56 71 -9 76 -39 -18 -79 32 40 15 39 51 -84 79 -28 -79 31 39 -55 -34 37 -84 -50 73 50 84 -87 -41 -58 -11 -89 61 -36 88 -81 -58 -55 2 -33 -53 33 -65 -31 -54 59 -89 88 0 22 -11 2 -29 -73 24 48 58 -56 46 89 -84 -23 41 63 14 -48 -30 15 -62 -63 -53 -70 -15 -55 -79 53 -57 33 -66 59 52 41 47 12 63 84 -84 53 -53 43 85 64 -97 69 29 -88 -93 63 1 58 -10 20 69 -83 57 -49 49 -55 93 -65 22 65 14 -61 66 99 76 -36 -12 -78 -12 13 74 -36 -59 -80 -33 -92 -60 -47 11 -79 97 -55 86 59 -27 96 5 10 15 -11 36 -83 -82 -5 -80 56 56 88 3 40 19 83 39 80 -84 -96 -62 32 66 54 5 -49 25 -30 -55 -87 -17 31 35 -33 76 84 79 -26 83 -13 -14 -90 -17 -40 -7 65 -37 58 -2 40 72 20 65 16 -74 -40 43 63 -73 80 42 82 45 7 45 -93 41 23 75 71 83 -13 -2 60 34 -84 96 -91 -36 -4 -59 -71 15 36 -44 26 38 -59 70 44 68 5 78 37 -18 -13 -48 -4 -60 20 -42 -43 83 -28 80 8 36 26 -11 52 -57 2 98 -44 81 -83 -26 45 -66 -53 81 -46 -51 70 0 64 42 86 15 65 -55 7 94 49 80 -80 -60 48 -15 -99 -12 -47 79 -70 -40 88 33 -1 -67 27 -77 95 -69 -39 78 -90 53 75 7 58 -31 85 -29 26 29 -18 -86 -13 79 30 -10 -59 95 -84 98 -12 -80 -79 1 85 77 -86 92 -42 -19 87 -79 -42 -48 84 -77 -35 -52 -63 -9 -99 -47 5 27 61 31 -65 -97 -78 25 -92 60 -97 58 20 67 13 51 37 53 79 88 30 -93 19 18 -45 6 -29 28 -87 47 -42 32 -20 12 -54 8 45 41 68 -13 9 -33 98 55 -24 61 -79 3 63 -98 58 -40 64 -80 67 45 71 40 30 -46 -2
26 65 -72 -51 49 52 35 -7 81 96 -56 62 36 -39 -68 -49 52 89 38 -96 -33 81 -67 83 -94 85 -82 95 13 -69 -60 -96 84 62 -17 -65 -76 -43 -69 13 -24 -11 -18 -25 -9 -52 -94 -95 47 36 -44 59 -85 -65 86 20 -35 -80 56 87 -36 -47 -70 -44 -72 47 -36 17 98 -67 -93 -71 -68 -93 -80 26 17 78 58 -4 93 64 -32 96 81 -15 61 -90 70 93 -74 -84 1 71 -70 22 -21 -66 -64 99 -96 42 -64 -9 -84 -72 84 13 58 -50 -46 -15 -85 -41 -73 47 -93 37 80 90 -44 -74 86 65 69 7 98 -53 -2 74 95 -23 45 -9 -66 -2 -66 84 -23 98 -46 81 85 -92 72 15 -3 8 -3 -86 2 -70 10 6 20 28 -71 -75 94 28 80 -53 -10 36 -51 -21 28 95 50 -80 2 13 8 12 -31 63 -67 -55 41 50 -61 92 -19 -71 -81 -14 81 21 16 -69 -90 86 68 -13 -45 18 46 -82 -33 -12 -80 12 -32 -3 -79 -14 15 9 -66 -45 -14 31 -33 71 -40 -29 -82 94 -9 52 26 -43 3 -59 63 57 -22 30 -38 -2 -40 99 28 -35 8 -3 -11 37 29 -26 90 74 95 -24 -18 48 -17 45 -54 -40 -44 -72 -45 -10 -67 -57 -76 -90 13 -2 -1 31 29 11 79 12 87 98 -87 -47 36 62 92 -79 14 -92 -49 32 28 23 -39 -14 -17 -89 -12 -48 91 -85 -13 -56 -41 -62 -79 49 6 52 -23 27 50 0 67 87 -80 17 -28 53 -99 -98 -74 89 -77 -60 14 -6 -24 37 48 -58 6 23 76 -37 -10 -47 -84 -31 -25 33 62 -27 13 -90 -80 19 47 -45 -50 61 20 81 -45 89 -62 8 44 -15 -43 -92 26 15 48 51 -9 92 24 -13 -90 -5 21 23 -75 39 6 -52 76 12 -19 55 36 -66 -73 -54 89 -15 -80 -4 -37 76 58 28 57 64 79 -10 -96 52 -55 87 -90 21 72 -44 -84 95 -77 69 52 35 7 48 44 -51 36 -70 -48 71 57 -53 -51 -58 20 -26 -12 -80 80 18 -64 68 -21 17 -96 -54 66 -27 70 -35 -99 96 34 6 59 -99 -63 29 -93 -2 59 95 -13 24 6 11 44 1 -4 -24 -69 23 40 -82 44 59 -73 -52 -45 -30 12 71 5 29 -76 33 -51 0 -93 -78 16 -25 69 83 -33 2 88 -96 20 7 61 74 4 20 60 74 -41 -57 -48 -75 -68 -89 33 80 -48 72 13 -43 -77 34 65 -59 -2 66
65 39 -76 85 -59 -11 -35 -87 39 38 -80 -96 28 -44 -85 53 -41 11 -39 66 -42 -72 35 -27 -16 23 19 64 69 98 -44 -68 14 -11 -55 -72 -23 -66 20 41 -42 -46 55 54 25 -68 95 -57 -43 -69 31 -23 61 -14 12 75 -80 68 59 -71 66 41 -44 7 72 -50 82 16 -9 -68 93 -8 77 -1 -87 82 58 -21 51 -64 95 40 -64 27 74 86 -6 2 85 -34 -90 72 73 -99 93 78 -49 60 -96 -2 35 55 14 30 -15 -26 -75 -93 -45 -68 58 -16 -50 63 -88 -50 -42 -89 -62 92 16 -28 -56 -67 28 98 35 -23 57 -67 -30 -59 -60 -85 31 7 37 47 86 -20 -63 -23 -88 77 64 -52 -22 -15 43 20 -89 -87 38 8 -6 30 -66 96 44 -82 43 -4 -51 -64 -61 2 44 -52 -34 -58 -92 14 45 61 -65 -65 74 -93 85 9 0 77 88 90 -9 -87 13 -1 -60 37 14 42 45 -56 -88 21 -65 -33 -76 67 14 31 96 -42 -82 -39 -40 -34 -95 -11 50 11 80 -39 53 -70 46 95 -67 52 64 32 -66 88 -24 40 -64 62 -72 15 48 50 -61 -65 -47 -93 86 -6 18 17 -57 -44 95 34 65 -36 19 -1 -53 -49 -89 -21 34 -61 7 -98 23 89 -13 -6 12 -35 -2 -90 73 73 -82 58 36 96 -65 85 -8 73 79 -10 97 67 -22 1 -73 73 94 -67 -98 38 -42 -72 -37 88 83 -72 -19 93 -5 64 -40 -87 -96 67 -73 57 9 -26 2 -36 74 38 -45 -72 -52 -86 -32 70 61 -42 75 -48 35 71 90 -78 83 -64 16 -77 -71 -59 -70 74 27 -13 -87 -90 55 -59 -38 5 -52 59 -68 73 -64 17 -93 -13 -25 48 67 -35 64 73 78 32 45 7 83 8 36 -39 -17 -77 98 -52 -37 12 -81 -36 76 56 33 -65 -27 -63 63 -93 -25 58 -72 38 -60 -76 -33 -10 32 -97 -87 -68 74 35 -9 -76 76 -14 -7 70 -93 -89 -5 81 -99 -60 -6 1 -41 -72 -34 -72 2 -56 36 -44 -2 99 -85 79 -96 -2 -65 21 -87 53 31 -73 -19 -79 26 70 -49 -44 85 14 -83 -29 -84 -16 -50 -92 0 -27 -59 -33 78 25 80 -17 -98 -96 52 -57 5 88 23 67 -11 -94 32 61 -44 -24 -91 -45 -81 -2 -82 47 -11 18 33 41 81 64 43 -86 -55 34 39 -88 -64 15 49 33 -55 -42 -56 99 90 -52 -14 47 66 26 -82 -33 -95 -73 -48 11 49 -42
-31 -93 -77 99 97 -70 97 -63 5 -27 -86 60 76 -81 14 -81 -80 1 62 0 81 -94 99 86 99 -19 5 19 50 89 10 -48 82 -30 79 30 -91 87 28 43 21 98 -61 18 -51 -7 26 -36 -23 11 26 -13 -4 -54 59 -21 29 -97 -16 -12 9 -28 -21 66 63 -10 96 15 29 61 31 47 -60 40 67 -33 -29 -22 41 49 -40 8 79 -8 -6 91 34 -46 48 29 -52 -19 30 -87 5 33 -33 25 11 -72 -43 -86 41 -20 42 -55 59 68 15 -35 -6 55 -29 91 -25 -84 30 -7 -93 -35 -83 -71 -75 -79 32 90 -3 62 62 22 -99 -15 -49 65 48 88 63 60 -27 36 95 1 -97 62 51 -69 26 -41 -88 -61 29 -1 -35 -71 46 -66 -64 99 -73 -38 -20 -39 -31 -5 78 -67 -59 10 72 -97 50 -53 91 -34 62 80 -43 -5 -83 71 -88 -26 -26 -23 -31 -33 -5 55 28 -17 20 -86 -49 83 40 -63 77 83 24 68 -87 76 -3 63 -20 13 15 79 17 -38 97 -28 -49 -82 7 75 11 56 85 61 -43 12 -13 -86 10 -73 23 70 -29 -39 -17 -95 -21 18 -72 21 -54 -28 92 -99 -53 -68 -84 11 -31 -16 -48 -60 -17 98 -44 -85 -43 -92 50 57 -66 -80 -18 -25 -83 79 -57 -55 83 52 -73 -34 69 -13 80 7 -32 9 -30 82 -16 10 -92 29 66 -99 3 -98 -38 -35 13 -14 44 48 -29 -81 99 -71 -58 11 -60 -86 -93 -65 -66 86 49 -75 30 -41 52 -26 71 72 -56 -18 74 -56 57 -22 -26 -97 33 89 13 -34 1 -83 87 58 99 26 12 -30 95 -83 39 -7 64 11 92 98 -29 -53 29 28 35 -16 -6 -46 -44 -38 -67 -32 -7 72 -77 82 53 -71 36 19 -38 -95 -46 28 -34 -53 92 40 -39 38 4 -82 42 91 -76 95 -8 -74 43 85 50 -82 -33 68 66 -79 -97 -2 63 63 -40 -34 82 67 -30 94 27 -99 -45 33 -78 -63 62 -28 -99 -44 -29 -45 74 -49 96 9 -18 -41 -91 39 -89 44 9 66 -97 -26 45 93 -84 73 -84 52 -88 -5 -85 36 87 -87 -31 14 -36 6 76 -71 45 -86 80 76 87 34 -93 48 -58 6 82 -21 15 -60 0 22 -31 -45 19 97 72 -1 -32 6 37 -16 -14 83 23 -63 -66 -66 14 54 91 5 74 68 -18 41 23 63 -24 -13 -25 13 -29 -15 -33 -84 -99 -68 -71 -34 -87 33 -99 -60 -18 -89 -56 58
-94 -56 -31 -91 95 11 13 -21 -74 27 48 -92 14 25 49 44 21 -27 91 -22 12 -94 79 53 8 -32 42 -95 94 34 13 -32 57 92 15 -37 -41 -27 11 -12 8 -75 -95 -5 57 73 -60 -81 -71 71 73 8 -12 -75 -41 43 -8 -79 80 69 58 28 20 43 -43 10 -70 10 -54 97 72 -67 89 -81 77 54 85 30 -45 43 -74 -2 -55 97 94 15 68 -14 64 33 -17 -35 57 27 14 -65 -31 66 57 41 78 71 -19 67 73 -30 74 -73 -72 -77 -83 78 68 65 -58 -21 90 33 -84 -29 49 20 45 -92 23 60 0 20 71 -9 21 35 14 28 82 -45 -4 14 1 -79 44 -10 -12 7 75 87 79 -30 96 21 -72 -81 32 -54 97 -8 10 -60 -63 5 -18 -48 -70 -24 -28 3 65 -16 -44 -68 -16 -11 -54 -56 39 68 80 -9 60 -43 -80 -14 -44 -7 69 54 88 -89 38 -26 82 76 -67 5 -72 61 -55 94 77 41 -13 -53 78 96 -67 -88 -47 -59 61 75 -4 10 -67 -90 -51 -14 -56 -20 -83 89 -15 15 -96 -75 53 14 72 57 -27 4 96 74 27 -57 -93 -53 19 84 -39 -80 40 61 13 -42 54 65 -59 18 7 -63 -91 75 11 -16 75 -23 14 82 48 25 -6 -16 61 12 51 5 -76 -68 46 -70 -84 -67 12 28 -16 -57 -63 -34 55 -58 -56 84 36 -16 10 92 89 31 6 -97 -97 87 63 11 -85 -24 0 -27 -53 48 -43 -9 6 -53 65 98 -68 97 57 72 91 10 -22 -87 68 -90 99 20 20 -44 57 11 1 2 -44 99 -12 63 11 52 -92 44 -84 47 -22 -78 23 -37 26 62 24 -49 -33 65 59 84 25 61 -91 99 -24 -55 80 84 98 37 31 7 49 67 -60 8 62 -86 -93 -55 -13 -54 17 88 -50 45 53 -11 -92 84 8 -84 14 -71 6 -46 -37 57 29 -29 64 -72 63 61 84 73 -30 90 6 79 -64 -51 -12 64 99 -24 -56 12 -97 -7 -72 92 -53 29 97 23 -23 38 31 56 51 70 -79 0 59 8 77 58 -56 -91 -62 61 -92 -35 68 67 69 91 72 0 -78 -52 -84 -52 -62 38 -92 -15 56 -85 -59 0 84 50 -36 65 -20 -30 4 -64 -7 -54 63 9 51 69 -18 72 46 -33 -66 -97 73 -55 4 -4 45 7 34 21 58 -31 3 -24 -37 49 -55 71 81 88 -13 31 -61 -19 20 82 11 -75 17 -74 83 88 22 -14
-12 -13 -78 8 -87 72 -56 -87 -4 97 -68 -89 -50 -33 -63 45 74 -45 -93 -87 -28 17 -60 76 40 -48 29 30 36 -41 34 10 -16 -70 18 -12 97 -95 66 -95 59 -21 -55 31 64 86 -52 -11 -50 -93 71 82 20 -45 82 15 74 -75 23 52 -72 -89 21 -76 -68 67 67 -34 -95 35 87 69 37 -92 72 -5 -19 25 -72 -16 -83 -10 36 -94 41 6 68 66 24 -28 -84 -7 1 96 -20 6 -7 54 -3 -85 3 88 31 80 -74 42 11 -53 -64 -11 40 -63 -90 -88 -45 -53 86 -74 87 -50 73 52 -42 -62 13 -51 91 60 27 38 53 57 47 -8 -55 8 -15 66 -58 81 90 36 -44 15 90 -68 -47 31 86 -26 22 68 26 -46 -52 30 -80 -13 79 -44 7 79 -71 -23 38 46 -9 -81 -82 13 -62 43 -77 -60 63 -42 -39 73 -62 88 13 -49 16 -87 -19 78 -20 7 39 28 55 -21 -82 -21 38 -93 -57 87 38 55 -92 61 -29 7 -15 -18 -79 -47 -34 7 30 67 73 -8 -8 83 -77 35 -54 -96 52 -23 44 83 36 -39 -5 10 79 87 13 -17 20 -65 32 -11 -99 -55 -89 21 86 15 -47 -83 -35 38 -65 -77 62 -58 -61 -11 36 -10 -67 29 65 -68 33 -77 -57 -7 12 57 -25 -70 -32 13 0 11 91 2 8 68 -19 -48 -14 71 26 91 9 34 51 89 -13 -9 59 32 -66 37 -17 -19 -73 89 52 -61 72 -11 98 -71 21 -93 73 8 -18 65 29 -11 -63 67 -11 96 26 45 -49 11 -61 6 -96 -26 -36 -85 53 -20 21 -76 25 16 9 -97 73 -49 20 -13 -96 41 -16 45 -67 22 -24 46 -16 84 17 33 -28 -3 -16 53 95 -13 38 40 -74 -41 27 -18 97 63 -83 96 -1 9 26 -83 92 -84 63 -76 11 -69 79 51 -88 -49 85 -28 18 -89 -4 30 -65 90 -74 91 -25 -79 -49 2 6 31 -19 10 -45 97 -7 -40 22 63 35 -10 20 -43 79 69 -47 -51 -80 15 78 -40 11 2 -51 -64 50 68 40 25 -2 60 -85 -44 -6 96 21 -68 -46 -39 -70 29 -3 -68 79 -40 50 -95 -37 30 17 -67 39 68 -45 97 -9 -79 -97 -3 21 96 -34 51 1 4 58 -85 35 -66 74 19 93 11 -4 -18 91 -48 8 1 -79 25 62 27 73 57 -11 -37 32 -20 28 17 41 -70 71 9 78 1 -4 13 81 20 -3 14 -82 76 5 -31 68 -56
-16 1 -88 -84 -32 -32 -26 62 -99 78 68 84 38 -77 16 99 -52 39 -43 38 69 -68 21 -77 63 74 7 19 58 -24 12 -12 43 -23 92 -36 3 -40 -14 -41 -16 5 74 -89 19 95 64 -82 -50 -68 74 79 29 38 -9 -7 90 85 28 -1 93 18 -7 31 39 -43 43 -67 -94 64 -39 -6 25 -21 -67 2 -51 72 -10 5 13 -89 -2 37 -26 -83 -86 47 -87 -46 -73 -73 91 47 -22 -44 -71 -68 -80 91 76 -55 27 96 45 46 65 -10 -58 -64 12 50 -83 6 75 26 -35 -44 -55 -52 59 57 79 80 -3 -5 26 -91 0 -38 -90 -20 -91 31 54 17 7 0 36 68 83 -44 -43 -58 -14 81 88 27 -25 -84 -87 -16 63 79 -61 77 96 13 -34 -72 -64 -81 7 -37 -3 64 78 9 99 0 26 -94 -70 11 1 45 91 -14 -42 58 39 53 57 -48 -49 -19 -35 28 -26 -69 45 -10 37 11 -1 -71 45 -92 -41 6 -40 -41 70 -70 49 -18 49 -44 94 85 5 -69 -61 -40 8 -29 -95 39 34 34 15 -91 -75 25 49 -99 -9 -58 16 -47 92 8 45 -6 73 88 92 -99 -93 -37 -92 85 29 -69 -87 38 -35 -36 -52 84 60 97 8 74 -99 -11 -86 -55 -74 29 5 -82 -44 72 -17 -79 -47 28 -65 99 -4 -31 7 62 -5 47 75 31 13 88 -54 -16 -7 46 -27 16 -83 6 -71 55 58 -93 16 4 21 54 87 25 -16 52 24 18 83 72 -48 -12 32 -48 -45 -77 -36 60 51 35 -7 20 -99 -1 9 55 -28 -30 71 -9 32 76 -33 60 98 90 3 -90 71 30 8 -55 44 46 86 -37 -40 38 87 98 80 73 4 -21 18 11 36 18 80 65 90 -97 -78 -76 -49 74 31 -32 -29 -38 -60 -84 46 -46 -81 -8 -29 -79 76 73 -77 -3 -58 -39 -31 -3 72 42 29 18 -18 -50 -84 34 96 23 -32 26 -6 75 18 -15 36 -5 36 -99 -10 23 37 56 -87 -69 55 57 53 -57 -66 -47 -28 -90 57 -88 77 -98 -36 46 54 62 -14 -99 61 -84 -21 -5 73 -62 -72 53 34 94 47 53 -88 2 -49 -95 -23 3 92 -75 62 -70 94 55 -99 51 71 -88 46 -57 74 79 81 92 61 95 92 -40 33 6 45 -25 67 -72 -28 74 44 77 -46 46 -32 53 -26 -35 -57 36 -70 -68 13 42 96 11 -94 96 -39 11 -24 -60 22 48 -64 -41 66 77 20 41
65 0 -67 -99 20 28 -50 -12 24 12 -58 -28 -49 -77 16 -38 86 -42 24 88 25 51 79 -91 -99 -64 -18 52 -32 89 -23 16 46 -56 -17 43 -21 -85 61 -64 -17 -92 -61 63 43 82 97 -52 -35 13 81 -11 -16 95 -32 11 -28 -33 -18 -53 -30 -95 1 -68 -54 11 -36 -47 -1 49 60 19 10 82 -79 32 -44 45 9 66 -55 97 80 33 -19 -29 -8 -1 67 75 -49 75 72 -99 16 -4 42 -44 46 47 12 65 85 -30 17 -18 91 -25 -40 -90 -26 -11 79 -72 -37 89 -78 -24 74 -36 55 -53 -59 -32 89 62 -31 39 -20 20 -20 -92 -61 54 -47 -80 -45 -87 -69 75 93 61 62 68 -7 66 -11 -14 -81 88 30 46 -99 66 -39 -98 -45 67 -38 -68 -58 60 -62 -48 -70 92 -74 70 55 -8 45 -12 8 -95 -44 3 40 -21 71 73 -22 -65 11 -11 -24 41 -97 26 -86 3 18 83 5 7 -24 -46 -38 -78 -63 11 -51 4 28 -41 60 -51 -98 89 -24 -85 -28 33 66 88 -10 -94 86 36 -21 86 68 93 84 -4 -60 -10 -41 39 79 -94 -57 -19 -79 -94 -97 42 40 -75 -43 -18 80 14 -1 -20 15 72 73 34 -7 12 63 39 11 -75 3 -96 61 -11 -17 -45 -73 -38 12 -77 31 43 66 81 -93 2 73 -67 16 17 83 15 70 88 21 -61 -80 11 -90 49 67 32 -49 -86 28 49 -41 -40 -45 -11 -6 -94 31 13 40 -57 -62 -3 90 42 -44 -1 29 -95 84 -26 -77 -53 -35 -60 43 48 37 -63 12 -32 3 -48 -87 -5 9 34 -48 59 65 6 46 74 -61 -72 -56 -2 -34 -74 -74 -7 -91 -29 -7 29 -96 15 68 -4 -69 -79 -60 -81 -59 -33 32 -11 85 57 -50 -81 -96 66 -68 40 90 -36 -17 20 46 10 -59 33 40 -64 -95 -22 -37 -36 -83 64 83 76 80 37 -73 52 -12 29 -7 -68 -4 -44 -35 45 26 -68 -53 4 36 8 -52 16 -26 69 36 21 35 79 -35 86 -10 98 67 -12 89 -9 49 -12 17 20 -5 7 55 69 -90 -68 -98 -11 85 -9 -22 6 59 -34 40 45 62 -68 -70 -22 -89 11 31 96 -32 5 -22 56 -49 69 -54 40 24 -77 -14 13 -24 -21 -46 49 91 1 10 -67 -48 -38 -35 -5 -63 29 -80 55 -71 69 -98 -12 -76 -90 39 -1 -22 4 37 73 67 -27 21 85 -5 27 97 -83 49 -96 -74 27 -73 0 98 89
97 70 -88 82 -38 -75 5 88 -68 15 -98 -97 -84 -20 79 -43 -46 -22 -80 93 -75 -30 -58 -64 80 -44 -30 -22 16 11 75 -71 87 79 -51 37 -72 -66 -66 -4 -97 -93 -81 30 99 29 49 -99 29 38 -16 94 -47 98 -71 -3 -9 -33 31 -49 15 22 46 2 -36 56 5 27 49 -99 86 -57 -62 70 -28 60 35 -41 49 30 -23 -90 92 -23 -18 -3 94 -2 76 33 -96 -38 -93 -44 -94 18 -17 48 -97 69 -85 -49 46 17 -54 -65 1 -52 13 -59 -65 -2 82 -45 73 -5 -30 45 -94 96 -48 37 -68 45 52 -2 9 -5 -96 32 33 17 87 61 -22 -99 -23 17 85 -40 49 -42 -95 43 -58 -99 33 -38 -65 38 -23 -96 58 40 -95 -87 -15 -32 -28 2 -67 -41 -46 31 22 -2 56 -2 64 46 24 22 7 -8 -79 -35 -96 75 -12 81 68 -6 -70 -56 90 8 22 -89 -53 88 -40 -19 -10 32 -3 -29 -69 71 -33 -88 -75 88 -11 -35 9 2 -96 56 -12 -1 15 46 82 -27 -68 26 68 -48 94 -32 -94 -1 16 71 76 -5 -61 -33 56 4 49 -97 -50 -50 97 76 87 -93 -86 -97 -5 -64 96 -62 -35 -1 86 -95 -7 -16 -2 -24 -98 -15 49 -87 -75 -21 58 76 -41 -78 -27 1 40 -10 32 -81 22 4 22 -61 -90 -49 -5 -34 -13 -3 -37 -72 -27 70 43 -44 -2 82 74 -20 64 43 -52 -69 17 92 90 -97 -55 -29 94 64 -38 60 -10 16 -7 -2 25 -48 7 -4 -87 62 -71 42 7 -81 -83 8 50 -94 -91 -88 -31 -21 95 49 -15 -29 66 42 -62 -92 66 -94 -76 20 40 72 58 -95 -75 -22 -39 -59 95 -94 16 71 -7 -71 -64 62 97 -59 -27 -4 89 30 12 70 -83 23 -38 16 17 -14 62 98 -90 -57 -23 -69 -84 -29 -66 66 18 60 76 -54 35 -40 60 -31 31 -77 62 54 99 -75 -31 -87 79 14 46 97 49 85 -65 -25 45 45 -85 -78 -83 -72 63 82 -28 25 62 22 -38 -61 -42 28 30 -62 64 -97 69 96 -65 -20 69 72 -44 -93 -15 -88 35 -74 -96 82 -18 -93 -35 50 -21 -34 99 54 28 -49 62 33 -58 86 9 -88 46 -39 -47 -68 -57 15 -25 57 88 -93 17 -6 -54 67 -1 -62 58 92 90 -43 -54 17 61 -12 51 -41 92 74 89 -9 -54 -30 -91 -14 33 -86 -96 98 5 -6 56 32 73 -7 81 -51 -28 40 -21 -86
61 43 -1 -12 -89 -89 24 9 78 17 45 39 -48 -89 13 37 -37 41 23 -12 -56 -81 -58 73 28 84 -12 14 91 -32 -70 -75 -74 -77 1 -62 -4 -79 -88 -91 -78 -22 80 59 -90 19 -50 -37 -55 14 68 -45 99 -18 -26 -19 3 15 -8 43 -3 84 -19 67 -90 39 67 -50 -12 -27 -7 -64 9 80 99 -68 19 14 -22 2 -38 78 11 -85 -36 -78 -95 -89 -58 -75 97 -16 89 52 41 -49 -64 -12 -28 -29 0 46 35 -49 -65 45 80 86 7 -38 -13 63 88 4 10 35 47 69 -44 -68 83 15 86 24 10 90 35 -87 31 -5 82 -27 -3 20 77 19 -27 -43 7 74 89 -54 -49 -51 -4 -1 86 -91 59 87 78 -70 83 81 -50 1 84 64 77 -20 81 18 55 -20 90 -80 64 -57 -50 57 -75 -66 64 91 26 -11 -81 24 6 48 -76 86 -9 28 -16 30 -84 40 -50 11 16 -28 -56 -95 -91 91 -1 20 -75 -81 -51 10 -4 -40 49 53 54 28 30 46 10 -34 98 32 68 -79 -65 -9 10 -8 37 0 70 -2 -68 40 80 -15 -94 52 41 95 -40 61 -56 94 78 5 89 -41 96 -45 -92 -56 -96 -22 -29 -44 23 45 -4 26 10 -12 -21 -31 41 60 -8 -67 53 32 -48 -75 49 -3 -26 -51 91 -67 6 29 -25 -94 1 -14 -68 -3 -57 98 -31 -35 93 -57 -78 -88 90 50 -62 85 0 25 -8 51 19 -65 25 -66 14 -88 87 12 -71 52 22 -96 42 1 -22 -36 11 -48 -57 78 39 51 22 -39 72 65 49 -2 88 -27 -88 -37 54 -7 22 -61 -38 82 10 -38 3 59 63 33 -5 84 -95 -72 -48 93 -42 26 -2 32 42 -74 60 -18 -26 -37 47 -9 -3 44 -85 81 43 -30 -31 -4 -28 -41 99 -19 79 1 94 77 -59 -85 43 -35 35 48 72 4 74 70 54 16 -27 97 37 -65 47 -41 -13 86 54 -90 14 -5 16 59 -56 -71 70 -79 55 -19 -81 49 79 -79 62 -11 -68 -31 -96 30 -3 52 -45 74 -93 -85 -75 88 45 57 0 30 78 -32 19 91 95 -94 25 25 5 -69 39 48 -93 69 44 33 53 -12 78 38 96 -55 -56 87 68 -39 -97 -16 19 29 91 -70 38 30 -97 79 67 -23 -13 79 -25 34 68 97 -38 13 -43 -94 57 29 -52 11 29 36 -23 -83 -30 -72 38 -1 34 64 -44 68 42 20 -60 -12 -46 48 61 -40 -46 -3
55 26 -2 -18 95 21 21 62 47 31 -88 44 99 13 63 90 55 95 1 -31 -42 98 -59 -59 63 -93 75 66 -39 10 69 -49 31 -82 54 -61 41 75 -24 -76 82 97 -4 72 -73 76 27 56 -39 -12 54 90 72 50 17 63 -71 48 -65 9 90 -20 60 53 92 50 46 0 -8 65 -40 69 -18 -19 -20 55 -1 41 -90 48 -13 10 55 -47 93 -96 0 29 -54 -92 13 74 -99 -20 -34 89 -26 -93 -84 15 76 89 -31 -60 45 -43 11 47 24 49 53 -79 -57 11 -15 -36 32 58 26 98 5 20 15 -70 -9 -27 -79 71 93 -46 85 -45 2 82 -87 -85 14 81 88 -5 -36 49 -70 46 -42 85 84 91 -79 59 -72 -35 25 87 96 -53 -15 -22 81 12 -64 94 25 17 -63 -86 68 -3 -69 48 40 -26 2 -32 88 -66 21 49 -14 30 -2 -64 -32 -22 -11 9 -68 98 85 -97 -43 -99 -16 96 25 -7 90 -69 81 -31 41 91 90 2 76 89 -69 -68 -77 -81 59 -6 48 6 -27 89 -38 -21 0 -51 28 -41 37 97 -92 75 -10 48 26 92 -4 -82 71 -32 -9 30 35 65 4 -57 -49 18 3 22 28 45 56 79 67 -66 -14 6 1 -93 -10 -96 98 -91 -18 26 -37 -56 73 -75 18 67 88 57 -40 -59 -93 -6 38 68 -32 -51 82 67 -90 29 -65 -22 37 76 0 31 -88 9 -70 72 88 63 -75 -70 97 -34 -22 59 58 66 -27 -67 68 -70 89 -14 37 26 63 -28 12 10 -61 -84 -36 -54 16 -32 -50 -26 -17 -23 -43 46 -45 27 -70 -49 -73 20 -61 -14 -80 -86 26 98 -95 17 -76 60 85 -7 71 -91 68 -93 -58 -59 -35 -78 70 -73 -14 96 -21 94 -93 -21 63 -24 95 44 94 45 -79 -30 45 -36 30 85 81 -94 -99 90 -84 -70 -6 22 11 58 42 -90 -58 -60 -32 -86 -93 90 -12 68 -40 -79 -41 -75 35 -94 33 -63 -40 -2 -27 57 -18 -71 -75 -85 39 41 -33 73 87 -86 -55 88 22 -10 -77 -64 -65 -66 -27 -44 -11 -64 21 76 44 -91 63 34 -24 -83 41 56 14 -34 40 16 -4 -80 34 64 -12 -39 -40 34 41 -86 -64 -43 67 -72 39 -57 -28 60 -72 83 66 2 -68 -80 -25 20 -28 -2 -37 -43 -44 26 24 16 -4 -53 17 31 -14 -54 86 -57 99 -99 -43 37 -99 47 -27 97 -44 -11 30 51 -53 -37 94 6 76 4 52 6
-37 -75 -96 -71 -5 -48 -88 -21 30 37 -74 60 74 12 -98 -50 -21 -14 -28 38 -17 -89 -4 53 -45 -62 82 -43 -54 -57 39 -54 -31 -35 -31 -51 -86 48 79 49 90 45 41 -76 5 0 4 -10 98 53 -99 -3 9 -89 -58 61 95 -7 64 64 -37 99 41 78 74 -6 -17 28 76 33 -61 -36 -82 31 16 71 -50 80 66 24 -62 97 -23 -35 40 78 -73 32 -82 78 -22 -92 -8 54 61 -47 79 74 68 -5 72 -22 33 98 -53 -56 -10 38 57 -45 -6 29 65 -25 -18 -17 -84 -36 -26 -63 43 -15 -6 -52 -73 65 62 -69 16 -60 -13 -8 -41 69 -46 -55 99 -99 -75 26 22 28 72 51 21 -28 -14 40 58 -67 20 -48 51 -48 -70 58 82 -62 57 18 -36 -65 -83 -39 26 36 34 -55 86 -65 -77 -57 80 50 -10 98 -25 -52 -68 65 49 88 47 -10 -65 -99 -65 87 98 49 56 -97 6 5 36 -20 -61 -66 68 -18 -13 4 -34 56 15 72 -48 41 39 83 90 -89 72 -42 16 -21 36 11 -55 -75 73 73 -23 48 -13 -93 19 58 -15 -80 69 -74 -45 -8 -39 78 -85 -98 -13 -44 43 17 19 93 -51 58 -2 -22 54 -52 -23 70 -37 -32 -14 28 61 -15 -48 -18 -41 -22 -92 -83 7 81 -33 -26 -21 -53 -78 16 38 -26 87 74 19 7 44 -36 -72 18 67 98 20 95 71 45 63 44 -40 -67 73 15 -47 94 -74 77 0 -50 -51 93 75 -50 -44 -85 -48 63 28 79 58 -26 87 -66 -23 -9 97 -89 -19 -81 87 95 5 72 -48 56 -63 -6 -86 9 90 89 -41 31 -8 5 97 -47 51 69 27 -84 -34 18 -41 -18 -82 -98 -13 25 9 80 21 87 -55 -27 2 90 -89 -39 12 14 -81 -59 18 -86 43 -5 -25 -61 -23 70 29 33 65 -62 65 81 40 75 23 -27 -8 11 -37 84 3 -57 64 25 -37 49 14 -12 0 7 12 -65 70 -89 -55 65 -56 62 13 -52 98 95 -93 -42 47 33 68 56 -79 83 -80 -78 24 -59 13 24 -57 98 -24 -18 -35 23 7 62 -16 12 88 92 -63 -1 -49 23 44 84 67 -7 97 3 -13 67 60 -78 -75 -29 -74 78 -85 -71 -30 0 -50 76 -66 -68 62 53 -1 4 60 2 54 1 80 -15 43 99 91 -72 -42 41 -85 -71 21 -12 -32 33 -28 37 38 85 -82 46 42 -51 40 -17 -36 -27 -33 -99 -72 -98 -96 39
64 58 -27 -63 33 91 -81 -23 -9 -21 18 34 1 12 85 -85 38 44 -66 91 -64 43 -24 95 -48 4 -33 -14 55 -48 34 -62 27 -62 49 58 -28 83 -66 -5 55 4 -14 60 -38 -19 -39 66 -40 -27 92 -4 67 29 70 3 54 65 33 -22 8 19 -40 14 -51 -60 -86 50 42 45 7 -57 -61 32 84 -37 -81 16 57 -42 88 -52 34 11 -13 -89 -19 -76 72 1 -2 45 -71 -52 52 -11 -84 70 10 -37 76 -32 -35 76 -7 -97 91 42 69 -90 7 -47 14 -48 2 70 -56 95 -80 28 61 -41 -56 60 18 5 97 17 -61 9 80 -84 15 -9 -64 6 -74 64 -32 95 59 52 -70 76 -61 -70 -19 87 -86 40 -95 39 50 79 21 -61 49 87 -19 -17 22 54 71 67 33 62 23 22 -43 -92 96 64 28 65 60 83 46 87 -47 -63 -45 50 69 24 -76 -16 -77 20 27 5 -11 -81 93 -63 -55 75 -54 23 25 -37 -72 21 46 -94 -21 79 -81 -16 34 43 27 -61 56 81 -38 -32 -95 -5 -53 10 -18 47 -5 67 -3 -25 -7 71 65 -35 -61 60 -80 87 -69 70 -2 -40 48 38 61 71 49 85 -33 46 39 -46 61 -81 -96 -13 4 -68 79 -92 -77 12 95 -48 65 -59 93 70 78 -34 69 77 -49 -69 -97 99 -69 -90 6 48 -59 -7 75 2 -50 35 72 27 -64 84 78 -17 28 -91 90 -52 43 35 -97 -11 85 11 35 -42 5 -90 -90 -69 77 -8 -83 -17 2 27 38 -73 79 76 -93 -74 32 -80 -98 52 -24 80 70 68 36 86 33 -20 51 -22 50 17 -30 -67 58 -79 37 7 -90 16 -36 -85 19 -93 -40 51 -96 -54 -59 31 -4 -30 -49 4 -47 81 57 -17 37 -89 -52 22 -9 -56 7 -44 89 78 91 8 72 52 58 53 -28 74 -75 -93 36 26 -74 91 31 52 74 -99 60 -77 47 -59 82 41 -16 98 88 -88 -43 38 1 46 96 -56 -37 -34 34 74 38 -60 -6 -36 -98 7 -63 -62 -66 36 -75 50 -75 74 -80 35 51 56 86 -47 -71 -25 -83 82 47 27 30 -9 -12 -6 90 -44 46 95 74 72 1 45 -53 -94 69 84 51 51 -80 -75 95 40 -35 -99 -95 10 22 15 79 68 -75 -1 31 -48 14 43 -18 94 23 62 -62 7 49 -12 -24 28 48 8 32 71 41 5 -21 -61 47 -43 53 46 -96 48 -7 -17 -73 56 -48 -40 -58 61
4 96 80 30 -94 -87 -19 -91 -53 86 -49 5 9 -40 24 13 -93 96 -52 -30 28 -80 -84 48 54 -7 -48 -36 40 -56 -55 42 60 70 42 46 -42 -91 -43 56 41 -23 -63 22 25 -72 -3 53 45 -57 98 -58 -69 86 15 -8 29 -33 -17 -33 -78 -34 50 -64 -47 -39 -27 -9 -44 81 -49 46 28 9 84 34 -89 -46 78 -17 -48 58 -62 -75 -24 -2 42 6 -45 17 41 40 0 61 32 -33 -33 8 -32 69 -76 45 93 16 57 -1 -20 69 -7 -60 -96 98 -89 40 -81 42 76 -77 -76 17 67 -20 63 91 64 3 86 -98 -33 29 -8 92 -15 -90 -52 -62 -4 40 -57 32 35 -36 -61 25 88 -47 -87 15 -94 49 4 -46 81 3 71 99 -73 71 66 -97 -60 8 55 -19 -21 -82 -62 98 -98 81 -35 63 -60 -5 -96 68 -28 29 62 14 69 23 -81 2 8 59 -92 -94 25 -44 -43 71 63 47 92 81 -66 -50 -24 -24 93 -21 -76 52 -97 -19 58 23 30 81 -62 -92 -41 6 -10 -43 49 66 97 -60 4 -75 54 -32 -59 87 -33 -21 12 -18 -55 -74 64 -13 -88 -34 70 62 92 -67 -88 -10 44 -5 59 -24 -84 -94 9 -16 9 -2 -10 16 10 -98 -68 31 61 84 30 86 -12 -14 -52 -31 84 36 30 -13 40 -28 53 49 89 76 -42 -53 -68 -91 -6 -81 12 30 -53 -80 74 -86 -18 5 -76 -20 -7 -78 -64 -99 53 -74 93 1 14 11 -30 -25 -38 -85 38 65 72 61 -30 -98 -93 -65 -10 83 32 -85 -97 38 7 93 29 31 -45 -37 -30 -95 -15 -29 -73 -50 39 27 -61 -14 -17 74 81 38 -48 18 -63 -85 -88 19 1 -58 -8 96 -25 -34 -69 53 62 37 74 73 67 98 -18 -86 -5 -66 88 93 47 65 -26 37 93 92 77 -80 -21 0 63 -44 95 3 51 66 -50 16 26 -85 -79 -74 -65 43 -4 58 76 81 89 -22 54 75 -9 -44 81 -33 -8 92 -92 -18 0 -18 52 -38 -22 -29 26 -1 46 47 3 -25 -25 29 -11 -74 -59 70 -94 -48 -72 60 -52 -6 53 -48 12 16 -8 -81 -32 -31 25 -2 -56 0 73 -96 99 -41 -42 -59 47 78 79 -49 -39 18 80 84 -91 34 98 -86 -41 41 81 -7 50 81 90 84 68 -10 -23 54 -78 68 -95 -47 -73 -51 63 60 64 83 31 24 -78 -84 -5 94 -57 -64 58 -94 57 63 46 29 44 -40 70 -24
49 -5 -21 -30 76 16 14 86 -83 84 -49 -83 -36 96 2 -28 -70 -38 -29 -68 -19 33 -92 -27 37 -89 32 -82 47 -44 52 -83 87 -1 10 19 -53 81 14 2 47 -28 -41 -63 -15 91 -90 -47 -71 74 79 -62 -45 -29 68 28 33 90 -35 10 97 87 52 24 -56 -78 81 -27 16 -78 32 -8 71 -80 63 -11 61 -80 12 -68 -52 29 11 83 -76 59 1 55 -99 7 5 -25 -8 59 23 -47 77 12 86 58 98 68 -92 38 22 30 29 59 -63 85 26 27 12 86 60 -4 -53 -95 7 82 81 -16 33 28 63 -21 -93 70 14 35 12 55 -85 -96 -77 73 -87 -89 93 -65 -93 82 -29 -44 48 27 85 -69 -55 21 -68 66 -83 66 -4 -35 -34 0 -46 11 0 -59 20 17 10 -46 -31 21 2 -98 -42 96 69 -81 80 38 2 -96 -31 -13 -66 -92 24 39 -13 -5 63 -60 92 28 -92 4 -47 -65 -17 -67 18 35 -63 49 42 80 -56 73 -68 65 -9 42 94 47 -30 37 82 -78 -20 -25 30 21 31 -13 -60 -64 -98 93 -96 72 -84 46 -40 39 29 -14 -28 39 -6 -71 77 58 45 -61 -49 79 -89 -39 35 32 -66 14 -86 98 -22 66 -44 70 -64 65 -11 87 -74 17 72 -93 24 33 44 -78 -54 -97 53 1 20 -58 5 83 -45 -12 -49 59 94 -91 93 99 -41 10 -54 -11 -13 9 58 81 -2 94 -80 -88 -8 -41 -13 -31 -70 12 33 6 13 -42 93 -75 -80 84 -34 -20 58 62 85 -45 -46 -12 71 7 9 -23 -58 -62 95 94 77 17 -67 74 -62 4 -40 21 40 88 68 -51 96 27 -85 92 78 -36 31 -24 87 57 -7 -32 72 57 82 62 10 19 40 -68 -88 63 64 86 77 7 67 -53 98 36 -65 -46 26 60 98 -7 85 16 -87 -61 34 77 96 -14 28 -9 40 78 87 22 -38 54 -98 91 11 -21 -40 85 -10 6 -19 4 -42 72 -1 -1 73 61 -82 -11 -1 -44 15 99 -81 -12 -82 -71 27 60 76 66 -46 53 74 -88 57 47 65 -56 88 -1 78 28 25 -22 -61 16 67 -61 -60 11 82 -42 71 -51 -68 24 11 88 -92 -20 72 1 -70 -73 54 46 82 -11 -32 66 98 89 45 39 -11 30 -55 38 4 84 33 1 87 -37 -80 12 94 66 -35 93 -38 68 48 26 86 45 -36 -84 -3 18 -14 15 -20 -22 13 97 56 64 84 30 -92 -46
36 72 99 -64 14 -18 -91 -45 53 52 36 35 74 -7 -68 69 79 39 -66 96 -94 77 28 -89 47 -56 23 5 -82 31 12 45 -21 -63 -91 -18 -13 -40 -97 -26 -7 -40 46 -45 0 13 56 16 36 -46 -17 -79 -86 4 -97 -52 13 96 25 99 -62 35 7 -84 -29 -44 64 -17 91 25 -98 -77 -75 99 -18 -79 -39 22 -99 -80 71 27 60 -53 -85 -52 88 -44 13 15 -50 6 33 57 -90 20 33 39 13 -88 -3 -90 57 -80 -9 -21 55 91 -25 -4 -72 51 -26 -5 -67 29 -75 10 -53 20 40 46 15 -35 7 -29 42 -2 -13 -27 -60 -57 45 -12 98 -46 25 -37 25 -1 0 9 -5 64 -44 -14 -21 -88 52 51 88 79 94 43 -73 -27 29 51 -3 -74 81 -69 -1 -7 60 -56 7 -55 29 -37 41 82 51 46 -65 78 19 -77 39 49 37 -87 -2 35 11 -25 -80 66 -41 -76 29 -92 17 85 35 -89 75 -58 60 13 -25 87 90 -9 37 97 -57 -16 -5 -60 96 19 -63 -33 39 -78 86 82 0 -10 -48 47 -94 -74 -18 -10 -38 97 64 -36 -86 -83 94 86 46 63 -3 -23 64 -61 49 27 -61 -63 25 -3 -35 2 0 -83 62 -66 9 -32 16 45 -43 -54 54 -84 92 25 16 60 64 -75 49 91 48 -26 86 -85 -46 3 -11 93 -28 80 -29 65 18 71 67 -70 55 5 -98 -25 62 97 93 -4 80 -89 -46 78 -4 55 -65 -14 9 74 10 83 3 -78 -79 -95 -92 11 -88 -3 -8 79 49 -3 -26 -72 -20 51 4 29 -26 -91 -15 96 64 -42 25 -75 26 58 33 -78 62 -2 23 56 -20 -1 81 -15 -76 -92 38 98 -38 -52 91 34 -90 -4 -13 39 75 -34 24 98 8 -59 -17 -22 -86 -4 43 -93 -9 -71 36 30 -79 -41 -12 -31 -95 38 74 33 41 32 76 33 76 -44 70 -13 -73 -26 -79 -8 -87 39 -27 2 40 -8 -5 57 -75 66 -64 86 41 -66 88 5 21 -10 0 36 -61 15 14 36 33 69 5 27 -53 31 -65 39 -53 -12 -71 -24 83 23 -93 68 13 19 -14 -74 79 14 -61 -5 -38 -84 -52 -13 -56 -91 97 54 64 61 -75 82 -49 77 -64 -54 80 -62 38 2 52 -33 33 14 -82 -8 61 26 -63 -51 -58 -23 -48 94 -30 -70 37 36 89 -47 32 21 32 41 64 83 -27 -84 -46 70 -45 61 -41 -72 -96 81 -74 61 -85 31 -26 85
51 0 25 76 19 24 -95 46 17 -17 34 -42 98 -19 66 -17 -5 -51 45 7 61 12 -39 14 31 61 -61 4 -50 -99 -82 50 99 76 -63 -78 -43 5 -3 21 -64 84 22 -35 -99 18 22 -47 -29 -83 0 -64 -8 -85 -27 -11 -42 -28 -52 -63 31 87 6 -73 19 -13 46 -90 -26 77 41 -27 16 -70 -54 67 15 53 6 50 10 -47 -40 63 15 38 -64 2 62 48 59 -18 -56 75 66 -16 90 -62 -45 -64 -6 51 2 45 -61 60 87 15 94 77 19 -5 -1 -93 42 -96 -62 22 83 -94 23 16 -73 87 90 -78 -52 0 54 -66 -16 -51 -20 3 -98 -30 -59 52 26 47 2 -18 -89 -12 17 -60 95 57 45 -76 20 46 18 -72 -40 -66 42 54 -87 5 -81 58 84 76 98 -30 81 -28 11 -86 -40 -12 -1 -38 69 0 -62 3 -30 -70 -96 -5 99 -76 -17 32 39 51 95 45 -90 -20 -20 -98 -13 71 -34 -93 -80 97 -19 29 87 27 60 76 7 26 -87 45 -24 -60 -18 27 1 38 -75 21 -67 -89 98 90 -59 46 -87 8 37 -9 -46 -93 69 -33 83 -78 52 35 32 -13 -43 21 -24 -60 -24 -89 85 -93 -38 51 -51 -55 -4 -47 94 -64 -14 20 -1 -57 5 0 -97 -38 91 79 75 60 42 -19 -75 -18 32 38 38 -87 -29 -42 15 -74 14 -2 -75 47 -34 13 -47 -9 25 45 18 -16 -9 -92 -38 -59 55 -1 -15 -13 37 -94 -51 -98 28 -57 73 99 5 -12 60 -11 27 -91 48 65 97 -16 16 82 98 -21 -26 -6 83 -4 -39 -89 87 -6 -34 83 -83 -33 -69 43 72 -9 17 -73 -44 59 16 39 79 11 85 91 -46 16 12 -23 96 3 -68 37 12 -72 -46 -4 74 -54 6 52 -14 -66 -66 -16 63 93 -16 -2 52 -11 7 73 4 -64 -23 69 58 14 -13 0 69 -6 40 10 -35 -13 89 -18 -3 69 -42 4 92 42 84 84 96 10 87 -46 -50 -84 17 29 84 -51 4 -70 94 83 -5 -97 -72 59 -16 -10 42 50 28 -9 -70 -12 68 -45 83 91 47 71 89 80 -30 5 34 42 -53 -33 -22 92 96 -27 -21 -42 -4 98 92 75 85 -78 -34 -91 14 42 80 22 98 14 88 15 -8 61 -25 -32 85 -38 -21 57 -51 75 90 -89 -21 72 95 -2 12 -89 -5 -47 57 63 -16 -56 -46 -55 65 -40 -24 52 -73 2 -79 -66 -18 52 25 35 -33 50
-65 60 59 -21 11 -59 85 -85 2 17 11 -28 -52 69 60 19 -74 6 27 -72 -77 -5 -34 -46 89 19 75 -52 -16 -88 -91 -66 35 -42 -77 -90 66 -80 -66 31 32 -47 55 -54 -76 -34 -49 -20 -97 99 -56 -36 47 -84 72 11 -66 -87 64 67 75 89 16 59 54 -50 -35 -74 59 -38 -45 13 41 86 15 -29 -1 -28 -27 -2 93 -98 98 -58 -20 53 -46 79 -37 40 -67 -73 10 50 13 -35 -98 -97 -90 -52 36 -45 -20 -78 -72 73 -72 8 69 52 71 -66 -16 50 -32 42 22 -9 73 -80 -50 -71 -36 78 78 23 -26 -58 -96 22 26 -82 4 -1 -11 -21 41 -61 57 -19 6 -20 -51 62 54 -29 39 -61 -36 -50 -19 -2 -2 79 -4 -64 6 16 97 -45 62 -85 -10 91 -43 -70 -76 -27 -6 26 -7 16 12 -8 18 -74 -40 29 59 48 -91 -71 -15 -98 -43 41 98 36 50 -20 56 24 4 72 -44 -25 34 22 -57 16 35 56 88 -18 -42 -73 -5 50 47 85 -52 29 78 4 97 60 -85 -18 -34 -3 -65 -84 7 57 50 -39 -70 95 51 -82 61 71 -42 22 60 96 59 66 26 92 -17 21 -78 65 11 -14 95 54 -34 7 91 16 -43 85 -96 -38 51 49 -45 83 50 -93 46 57 -46 -55 69 -58 66 -16 -42 60 -26 -23 -32 44 -99 89 24 46 -88 -1 -46 -1 -98 78 55 -45 9 3 99 70 -7 -43 67 81 -84 14 -52 61 26 -88 -20 -49 -54 70 99 -12 -61 -72 74 -81 -74 12 68 27 18 -73 1 -70 -48 -27 -26 -86 -36 26 -8 -71 14 11 -62 88 -17 -64 -76 17 11 -87 -28 -25 -18 -74 -87 29 73 16 11 -18 -99 -10 62 -85 59 -78 -59 36 -61 96 39 97 59 -55 57 47 -37 -65 45 63 95 -90 73 -88 -35 -48 53 -43 79 75 -77 -10 89 -74 8 56 18 52 -67 -25 -98 -18 87 39 -74 -31 40 -63 -9 -81 -68 -21 -89 37 -38 6 -76 -34 -34 32 60 35 66 -15 -22 84 -77 -98 -20 -26 -90 89 67 54 11 -56 34 80 -82 -84 -9 94 -91 55 -16 36 -82 43 65 56 -49 -6 -83 -21 -44 -8 -10 -95 -26 -21 75 24 -43 29 77 55 96 66 56 -27 -30 -58 -51 -99 -94 -24 -87 -11 78 34 -87 38 -49 -52 1 74 -93 56 -22 -29 -28 94 55 54 54 -71 86 -63 21 65 -73 -77 -41 89 -55 -43 19 95 -53 54 -30 -49
15 73 50 -30 25 -59 -98 -85 -28 -16 66 -22 28 73 -2 56 95 43 -74 38 -86 37 -51 59 60 32 30 50 6 26 38 -63 63 12 -22 -89 -58 14 -1 50 -50 -64 -57 73 -18 -11 57 -56 43 -17 4 74 -71 67 16 -3 27 5 -81 3 65 -26 96 52 -53 63 75 -92 -28 76 -3 70 -89 -44 52 -25 -13 75 -35 -82 30 -20 -79 -53 -55 43 -63 6 90 15 51 -30 39 69 -31 -50 65 -42 88 -20 -94 25 54 -79 99 42 34 -6 -27 46 30 -57 -90 1 -74 77 -29 52 -64 53 -42 23 -17 -38 85 32 73 -1 81 3 26 -31 0 1 25 -63 -53 -30 98 -68 -72 -75 48 -89 -66 -28 90 0 -72 21 84 9 -75 -9 52 -12 -41 -94 -72 30 38 29 -72 -56 -44 43 75 -81 29 63 65 -76 47 -79 -38 49 -23 6 72 -87 -54 -29 1 26 85 -95 -76 -89 -32 31 33 -19 23 50 21 -17 -99 53 -99 -14 -61 52 56 -32 -98 -11 -42 -82 44 -98 22 -81 -23 71 82 -55 5 -50 -81 76 -42 31 28 62 -56 -41 14 -34 52 27 25 40 1 26 -21 51 -41 -2 81 30 -52 -10 68 -40 5 64 42 -9 -82 -30 -37 -7 58 -52 -10 21 44 47 53 99 -15 -53 -73 97 82 -81 -98 87 57 0 -17 50 -19 -78 99 94 -30 78 17 89 -70 87 30 -43 23 23 -85 -13 11 -90 -94 30 -32 -47 -60 77 -16 -39 -82 83 56 57 -96 45 -4 -81 51 -51 -70 -57 -82 10 77 24 58 -3 -30 -65 99 -48 -33 38 -26 -47 64 58 -54 65 46 -96 94 -82 -72 -22 70 32 -22 -76 97 -15 52 47 -92 16 62 -97 78 33 76 -24 38 62 57 -95 34 -12 -24 -80 81 14 74 -30 -66 67 96 -69 97 87 6 19 -67 61 -58 -71 -46 27 26 90 2 28 83 29 -18 22 54 -24 -85 -20 48 43 -84 49 91 -26 59 -87 -90 -9 57 -62 -29 -24 64 2 68 -67 -21 -35 73 -15 83 37 79 14 -71 -72 82 54 68 -91 -36 43 -31 25 -7 33 -85 13 75 60 -67 65 82 -9 94 58 -84 -24 28 -7 4 -59 -18 -38 -48 -14 86 24 -39 14 -73 86 -64 57 69 4 64 -35 35 -29 66 6 94 -39 -19 71 -71 95 -20 39 74 76 31 -83 74 -93 59 12 46 51 -23 -53 95 71 77 -39 99 -65 54 38 -37 -99 -96 -10 91 -59 29 21 -93 71
5 30 -83 48 -13 -51 -75 -47 -3 10 -21 3 99 70 23 -67 -77 -85 -18 -44 58 -33 -66 -35 51 -97 -17 22 44 -16 -86 53 -93 57 -34 88 58 -51 -66 73 -16 70 69 -66 -1 40 -60 6 -60 -57 -10 -22 21 17 -99 -95 1 85 -7 -21 -6 56 -65 96 99 -64 -37 -59 64 -73 86 -53 37 -53 0 30 48 98 -80 83 78 6 -84 -55 -57 -95 -5 98 -81 -63 -29 52 64 96 65 -62 48 -13 -20 -90 66 44 61 -17 86 91 12 80 -5 7 36 97 63 47 12 -5 -72 30 59 4 -16 -30 -81 81 -19 59 -74 6 -66 -11 74 26 71 51 62 95 83 91 -96 -53 -13 -85 42 -19 -35 22 1 -50 -10 -54 -67 -43 93 41 -2 51 55 3 -85 28 45 -45 39 -14 59 -40 13 96 -1 35 89 -27 51 -2 -30 99 -28 -18 -60 -88 26 61 -56 -27 57 -46 -23 64 46 -92 35 -25 49 -44 79 19 -69 -74 30 32 7 37 -64 3 -61 -66 -43 -90 -26 88 69 22 -87 -54 -16 -8 -35 62 60 48 -34 -78 61 -62 -61 -10 -8 -51 45 60 59 -5 -6 38 -61 -83 11 -39 -40 -93 67 -84 -3 2 -26 -22 -48 -84 -52 57 -81 -36 -52 50 52 51 86 -30 -94 -53 7 -30 -71 21 -57 -66 80 -71 -41 -64 16 78 -86 54 78 -64 -38 29 70 65 96 -22 48 19 -97 72 63 74 -32 86 89 77 75 -88 57 15 98 -98 53 -31 -45 92 -80 7 -24 -68 85 -61 -42 -8 -37 -92 43 0 -1 -41 14 52 49 71 -44 82 -22 -15 54 6 -28 61 -38 5 -67 -36 -55 37 96 81 -85 46 91 -73 -57 -92 -61 -3 48 37 -70 -18 -36 -93 -13 67 91 -6 25 -4 -69 58 67 26 -96 -75 -87 -71 33 34 53 -10 19 66 -51 63 -87 -28 28 68 26 77 -68 2 -63 -18 -85 31 57 23 40 0 94 -99 44 81 -81 28 -64 -86 -25 -60 14 47 -47 78 -89 39 78 46 -28 -3 77 -90 -39 32 87 16 -30 -99 -69 -16 -47 12 -81 71 -45 -89 -76 8 54 4 -87 67 -44 -18 23 -83 -67 -85 23 -80 -33 78 -15 85 -53 65 79 3 -83 -6 96 61 -2 -46 87 -31 58 33 18 3 21 -15 -7 97 -41 45 -2 42 81 -40 -26 78 -70 76 -84 35 -68 -81 15 -62 -15 34 -76 -61 92 61 15 -38 77 55 -35 39 45 88 -84 -35 88 97 75 -53 31 -92
-99 20 29 65 8 82 -77 -8 73 47 -47 -90 89 -90 69 81 -27 -36 34 54 37 -23 -41 -14 80 -49 -17 -83 63 15 -60 -74 -58 -99 24 72 29 36 -23 -26 7 83 -55 -7 69 16 81 -92 -79 11 -65 -87 -95 -56 38 78 17 -72 86 68 31 -47 -66 45 -83 -8 -98 81 -65 -54 -89 86 49 75 -65 -30 64 -56 -85 -10 63 -18 10 -91 -39 30 -30 58 -21 -89 -97 77 38 -18 26 -89 -18 42 16 31 -92 1 23 36 4 -21 22 -78 -51 35 31 -52 -47 32 21 -78 -65 -93 -13 -15 -57 -56 38 -12 -77 -36 -30 -93 77 84 81 4 30 82 26 -8 -65 41 -21 82 16 68 -11 -15 -52 41 -81 87 32 63 95 55 14 -12 86 75 94 -46 21 50 66 -9 -94 94 65 -60 38 -28 -30 52 70 9 19 77 39 -64 58 -86 -78 -4 30 12 -30 42 -88 -43 -1 -13 -26 -14 94 72 72 -74 6 -11 88 10 50 -86 98 -10 85 -51 -56 -5 29 80 74 13 93 16 43 34 75 80 -81 93 -23 -25 11 32 60 45 -50 23 28 90 9 92 13 20 38 75 75 -76 -35 -9 -97 43 -82 82 28 16 76 -67 -86 76 -15 5 -66 -14 73 17 -12 91 -28 80 -49 -77 55 -22 6 -57 90 -83 59 62 37 28 22 -28 60 13 88 55 98 -69 -38 -46 66 61 -58 28 -58 34 -11 51 5 -57 97 30 87 15 15 73 -12 16 46 31 -53 -22 -82 10 60 44 32 99 85 -53 33 -88 -46 -85 -31 -48 37 -35 13 85 57 2 53 -81 73 -53 9 94 59 -74 93 31 90 -68 -41 -85 -76 31 69 85 18 21 -16 -86 92 93 -58 -69 -3 -83 -69 64 -96 50 83 82 54 69 -55 69 37 -63 28 6 6 -99 79 55 9 32 -14 40 67 -61 -88 -90 53 73 66 36 45 -66 -8 -38 71 66 15 81 -19 -17 -86 31 58 9 86 -25 49 -45 -89 10 35 -93 49 -15 -21 46 -79 60 -42 85 -36 82 -91 50 8 94 -16 -67 39 41 62 11 89 -94 64 -32 30 -15 -35 -97 33 -72 -54 36 26 40 -13 55 -66 -61 -73 -61 8 -23 -6 -64 -65 10 37 -95 -69 33 3 21 -64 -69 -61 -8 -44 86 43 -93 -74 -9 -69 2 90 -20 36 91 66 -8 -34 -45 -95 -51 -47 74 3 -84 -72 -68 97 -31 33 -53 65 -6 -33 93 32 -31 -53 -80 79 16 10 86 67 -47
-55 -99 -49 70 -90 -80 18 -55 -1 -87 21 -2 10 -39 -49 -77 68 23 -68 86 -83 -96 63 -21 -74 5 -61 -79 -57 -70 -47 -93 15 84 -60 -24 -94 -70 -67 55 -94 -6 -9 82 84 40 55 -99 45 49 -18 -97 -46 -56 -32 28 80 80 9 -30 72 -21 32 20 -52 -33 33 -85 -72 -7 -19 9 62 -26 -6 71 62 -78 7 83 -64 -51 -71 50 6 -17 67 7 39 -36 97 40 36 99 10 -93 61 63 -30 -83 29 7 62 25 -39 -59 -36 65 -29 -70 -23 64 -9 -65 68 -86 47 57 -9 -20 18 3 -36 16 -47 -40 -95 -14 -48 -95 -60 58 85 50 -47 90 -70 95 7 -31 40 -2 27 97 76 -13 46 -76 -65 -70 -45 4 -40 99 75 -1 55 -39 -22 61 -92 -11 -58 -92 -40 38 -8 -52 95 36 78 36 -91 -96 21 -72 -79 -85 -12 75 -12 -10 -71 -58 -99 38 -57 -21 -5 -51 15 -70 -19 77 19 47 1 90 -51 -21 -21 -25 45 -51 52 47 -45 91 -93 45 -57 66 8 30 -27 -82 -88 80 99 -86 -5 -51 90 80 -33 -62 -28 67 -29 -82 -10 75 93 47 30 -26 61 -40 72 7 -99 54 58 16 -22 -40 11 24 -17 25 -15 4 25 -54 92 -93 10 60 41 -56 -10 -51 -39 -89 -94 85 -35 -23 77 -10 94 -88 -64 -7 -25 70 81 75 -11 61 -35 -11 -84 -49 -4 4 71 88 -64 -45 -72 84 48 61 -23 5 -95 47 -67 -77 -6 -74 -98 -4 -12 74 13 69 -81 58 72 -78 22 -96 -17 94 -39 -6 -90 35 -55 -66 -74 -25 -94 -47 91 64 84 8 -95 -11 -61 74 -14 25 1 -29 50 0 -16 39 -13 -53 -3 -56 54 49 71 -12 -22 11 -51 -65 -20 15 57 84 35 85 92 -62 -6 -15 -70 92 27 -8 -36 44 11 92 -16 31 22 97 24 28 28 24 -43 -25 -68 -31 88 56 -84 91 84 -75 -42 10 -61 82 83 -96 41 -98 38 49 68 12 -23 68 64 71 -80 77 -70 -6 -1 -16 -74 17 -71 -6 75 -52 72 -6 48 79 18 -13 64 14 -46 75 -4 -90 -65 -12 -3 93 90 75 57 -47 23 62 -15 -52 22 47 -14 79 3 -32 25 20 6 58 -34 -29 84 47 85 -39 73 -66 79 32 46 -55 -97 -28 -9 35 36 81 92 -67 87 -2 32 99 71 87 9 -25 -1 56 64 -96 36 -10 -85 43 -75 -23 94 23 53 40 -27 -40 25 -30 83 42
-96 -12 55 -44 20 19 40 70 8 19 -5 39 -8 79 16 -89 7 50 26 -60 -12 -17 41 65 -73 -44 16 -54 -89 13 62 -46 95 69 50 -64 -43 -8 -21 -58 -62 -63 77 52 -44 79 59 44 88 16 -3 -75 86 -63 -92 -66 28 21 0 97 -97 40 -37 25 -36 -32 -25 -17 67 66 74 83 94 -85 9 -65 74 -4 19 -68 75 -6 48 55 87 -44 -93 13 6 -53 12 7 71 64 8 81 60 54 12 -39 91 22 63 83 -33 -1 46 -14 -19 99 30 -51 -28 20 63 94 70 -60 94 -73 46 0 -61 -11 98 78 66 23 -83 10 -77 71 70 -43 34 -64 -29 30 -92 -57 -24 91 27 -64 59 72 -33 69 64 -25 -63 -41 59 23 -86 45 -22 -73 -92 2 35 -12 -18 28 18 68 -93 -69 -35 -17 70 9 -93 -5 -83 -98 -12 1 69 25 -31 76 -25 -29 -10 -56 18 30 50 -73 93 -7 -38 -32 36 46 60 -53 -83 48 25 89 -6 -57 -30 -16 -46 -22 9 82 -42 21 4 -87 -76 -23 -35 -26 65 14 34 30 -64 26 -5 -7 -75 99 16 -4 10 41 58 91 -27 -51 -31 72 -64 39 88 -7 93 -60 -41 74 -56 -34 -59 71 81 60 -68 5 -82 -57 -14 81 -82 95 -43 -16 -96 -84 90 0 59 27 81 60 66 67 -70 -21 28 -44 -72 47 63 45 -83 -73 91 25 64 26 96 -1 -14 -78 -33 -94 1 55 -23 49 -45 33 -47 -50 -74 -6 65 -2 -25 10 76 -23 -3 -24 1 -77 -11 76 -8 21 32 64 -75 -46 9 -49 -14 88 -66 -70 9 10 -27 24 6 9 -13 32 23 81 54 -72 -41 -13 -2 -89 -48 62 -94 -59 63 -36 -86 -98 46 91 -9 -1 -98 -88 -21 -55 -30 -69 62 -64 -68 86 74 -51 89 45 -9 19 14 -51 56 -63 -91 5 -47 -16 -61 -50 -33 92 77 -78 14 50 90 -20 -24 -10 -29 -55 -43 77 61 -84 -87 -3 55 -86 -61 0 99 -46 -18 -54 -37 -10 -22 0 -71 99 -38 32 -65 -59 38 -64 83 39 -58 89 19 97 -32 64 -69 -49 62 -4 -80 33 -4 14 99 -71 42 87 -79 65 84 -33 -14 65 76 -37 -30 5 49 -82 -94 28 25 -65 -45 -28 -95 -30 29 -31 63 -34 15 69 -40 -46 94 51 16 -59 21 72 2 41 -65 97 58 82 94 16 84 16 5 -80 69 6 14 -12 -77 -79 70 -96 93 -70 94 -97 47 80 -78 -9
54 29 -96 -12 -44 -59 -66 -33 86 77 -18 -86 -14 47 50 48 -27 -32 -80 8 29 -94 92 -89 22 84 -65 -48 -46 -12 45 55 87 19 -61 40 -71 -67 31 -29 36 54 -3 57 63 2 4 52 -82 31 52 -90 -84 -86 -13 72 -16 -31 -16 76 -87 -10 70 22 -65 77 37 -2 80 16 2 -34 -95 -19 -20 45 -83 96 28 -69 53 58 79 65 42 -67 -47 28 -30 -29 45 14 15 -82 -14 -47 -44 3 75 -27 6 77 -46 -29 49 27 53 90 12 -46 -5 -23 39 4 -94 -30 58 -43 35 -77 -52 -24 0 -85 -8 -50 -42 -81 92 40 71 20 -13 -35 -85 79 97 -37 57 51 31 92 43 -78 88 -85 0 0 -53 43 -16 -27 76 40 65 64 39 92 90 80 -38 -84 -99 -77 50 -93 42 -21 -7 -41 71 -30 -79 9 90 95 58 36 -93 -45 17 25 64 35 -47 9 83 -88 20 -50 -93 -49 16 -39 13 -62 -84 -71 -65 1 68 -72 14 58 -38 17 62 -58 59 29 79 -5 37 40 68 59 -55 -11 8 -28 -44 68 84 -67 16 -79 -63 49 65 -16 -97 99 -22 82 46 -35 90 73 71 -90 -99 -87 12 -62 -17 85 -87 -5 59 -57 -18 78 70 37 -24 37 -7 -34 -57 -15 -19 86 34 -98 -76 -3 97 17 -69 -16 -87 87 -27 22 26 -89 11 92 18 -5 19 -65 52 40 88 0 49 -4 -52 38 22 -64 -57 -15 -29 -24 4 5 12 -80 -18 29 17 7 51 45 2 54 27 71 -67 -94 40 11 51 17 29 59 -66 29 -88 27 69 82 15 -51 -52 21 13 -78 71 -17 -65 20 53 -22 53 -55 40 -93 61 -11 -93 68 -63 -46 -44 -63 -61 -18 33 -81 -84 76 -59 -59 -45 -40 99 -31 1 16 39 -2 50 -61 -33 -26 -14 -58 62 -43 89 -98 -30 60 -48 22 -96 72 -7 41 30 -72 46 47 -44 49 47 -93 -12 92 89 -60 -87 42 -60 -60 -46 -80 74 -65 -76 76 56 -24 11 -11 -44 98 -16 57 64 -7 31 90 56 27 25 17 -43 83 19 -43 -74 -94 83 62 53 19 -20 -93 -95 -56 -30 64 -89 -67 -54 44 -6 -86 -50 46 -50 -75 -60 -38 93 -65 -91 -28 -36 -20 -57 24 19 23 -18 -3 -15 62 -25 -77 78 -98 -68 -20 -25 93 10 94 73 -64 55 -40 98 19 -11 -56 80 23 45 -62 86 -4 89 74 -69 38 -32 7 73 9 29 -75 -41 15 4 16
17 90 21 69 51 21 -87 55 26 -31 -9 -79 5 63 -54 99 41 32 -29 4 -70 -32 -58 -89 29 25 92 21 98 58 64 -2 -96 -80 -7 86 -12 86 -65 56 -36 -17 -92 -24 5 8 -77 -60 28 70 97 -91 -55 -14 -96 -76 -77 -50 -76 -32 57 39 -95 -80 27 -59 58 -18 69 12 42 11 -58 -10 -93 -45 8 -66 6 96 55 11 51 -92 46 34 -50 -9 -60 5 67 -88 -53 -31 13 -82 97 -36 5 69 82 -47 30 59 -27 21 6 -60 41 -30 83 -99 19 33 -16 31 55 16 -18 19 -84 50 50 99 95 26 29 52 -68 8 18 -12 2 41 -44 43 -65 0 -86 -25 62 12 -78 95 41 -63 33 19 32 30 -48 72 63 85 66 11 -57 -72 51 -1 89 77 13 -22 -35 -9 -64 36 -25 -23 -99 55 88 -19 -69 14 -92 -24 -45 53 68 55 74 -50 88 11 -28 -16 90 -29 -36 85 -43 -96 82 -64 -64 30 -77 -68 90 -49 -85 -58 6 53 -93 69 -88 -54 -94 66 -87 -44 59 41 85 77 62 98 31 -89 17 45 -11 -57 50 91 -94 12 5 58 84 -4 43 -55 81 -22 78 55 -95 -36 -41 -14 69 59 65 -61 91 -75 80 -77 55 15 -37 43 -95 -16 -10 89 -55 84 33 40 50 -92 -45 92 -5 55 0 13 1 28 11 55 -70 -55 -10 -50 56 -70 -7 98 96 68 3 -91 25 64 -93 -54 44 -86 -99 -97 -49 -62 -4 30 74 63 36 -9 53 -65 63 -81 41 80 53 -26 -3 79 -48 79 76 17 76 37 -20 -90 24 90 -82 -19 -44 -35 -13 76 89 -59 61 -44 -86 46 38 -15 4 -23 21 -27 66 -64 -48 56 45 -89 77 6 -89 -2 76 -14 -9 -86 47 -30 39 -17 64 23 -65 60 -53 65 -25 -35 97 59 52 43 4 -89 60 36 -69 -92 68 55 19 -50 68 -46 -26 -48 45 -64 55 -5 -1 -6 33 98 -79 -86 8 -83 23 90 -49 -19 76 81 -98 46 38 68 49 -87 78 76 -74 -30 -51 -25 -83 -7 -94 -59 71 80 34 -41 -91 -90 70 -39 -25 51 -16 -41 -41 -37 -97 -56 -45 94 -18 29 -90 -66 -45 29 -33 87 6 77 -36 53 74 49 32 16 -30 -98 95 63 22 -40 54 25 53 -89 0 94 78 -69 86 9 98 43 -43 -88 59 -62 78 -12 72 68 30 -43 -74 72 88 12 -16 -31 12 -98 -21 68 23 70 40 17 85 -43 89 16
-62 80 -31 49 -32 33 -14 50 -20 89 95 -98 64 1 -5 62 -41 -77 -41 45 33 -26 36 92 -48 -76 -94 -39 75 40 -17 -92 -78 79 38 29 -95 -59 -17 93 79 -48 -56 47 -71 -29 -56 52 20 48 -43 24 -23 34 -22 70 9 -15 48 -68 71 12 -79 -90 59 52 -59 70 79 -61 -81 -32 -70 15 63 99 -67 -64 23 2 -72 -47 49 -4 56 -58 3 5 61 74 67 -2 -15 -13 -16 63 -87 82 44 -19 -42 29 -74 60 -72 -68 44 -28 -82 -7 16 97 -85 84 -37 -15 39 -1 39 47 -19 77 11 -68 53 1 -8 62 90 75 33 2 -49 -15 16 59 8 97 -6 -88 -59 51 -82 15 -79 54 -30 90 93 -2 -41 -74 20 -7 33 -17 -75 -15 75 -76 12 82 -76 -26 43 1 -18 -41 -75 -38 -48 -24 92 -97 -43 18 -25 -95 -16 -63 -54 69 -24 -5 71 -85 89 -68 13 28 -65 -75 -13 -18 -10 -17 56 12 -16 33 3 -41 -9 43 18 -25 -68 -83 -97 16 32 -25 2 -80 -22 32 59 -21 -86 -74 -39 -24 61 5 -68 -19 -34 44 -65 -50 38 32 83 84 15 -84 -49 -14 8 -92 -91 -3 14 -42 62 98 99 -79 -90 -78 13 2 54 -39 41 19 -86 81 73 -14 84 30 60 -62 8 -23 44 35 74 -91 75 -16 70 -18 38 95 34 -22 13 -2 99 -50 1 66 19 28 -65 12 -90 18 -96 9 19 33 -86 19 -50 -94 68 9 -83 15 96 -89 -49 -18 59 93 -61 30 20 -54 93 -58 90 -13 32 86 66 -14 -70 67 36 87 57 42 28 26 44 -77 -14 92 57 -12 -24 -70 54 -10 38 -9 -26 51 87 -55 -55 37 7 -89 -47 -33 -37 49 84 93 32 -77 82 8 -69 93 -35 -98 23 -58 -43 -68 94 -47 51 5 31 -88 -89 -9 -2 -75 -57 -94 -96 88 84 -23 -40 -20 3 23 53 -82 35 -57 37 58 -99 43 -43 98 36 -92 25 -89 65 -90 28 -1 2 -35 -95 38 79 72 -16 33 78 60 -90 -49 -7 59 -31 44 -45 -80 -81 -41 61 -50 -62 -74 18 -93 -47 99 -79 52 -84 47 -63 6 62 46 -11 -8 -16 73 81 48 77 13 41 85 17 52 -97 23 6 84 25 -77 -52 29 -15 92 27 -71 -31 -97 -68 23 69 -81 -57 -16 -75 14 80 -32 -87 99 -78 -74 -74 51 -62 81 92 67 -29 -16 -12 -52 11 -5 69 -54 55 -37 -10 69 -22 5
38 29 34 -55 77 0 -16 7 -68 -88 -41 -73 -11 6 41 -61 -79 89 24 -86 -26 52 -71 44 -39 -33 -78 -69 -52 81 -23 -92 -95 -39 15 -67 20 86 80 -40 -13 -13 -23 -13 -35 46 97 -73 88 47 -14 87 -36 -9 7 40 55 66 16 -71 -67 -6 43 -81 -19 18 32 -36 -50 91 -95 0 -60 98 22 10 31 -98 92 20 32 -71 -5 -31 -53 -32 32 55 -85 80 44 98 -38 91 -75 -99 -49 46 25 27 50 -77 28 52 29 -53 -53 -6 -74 88 5 -96 21 28 81 -88 -69 -90 19 57 -39 -36 66 99 -34 -62 -81 92 -54 19 80 91 30 -35 14 -85 -80 -67 33 57 -39 37 -51 76 -14 -14 31 66 32 44 -87 75 11 -76 -71 84 88 -75 -13 40 8 -14 -20 -87 -95 -20 59 97 69 52 -68 85 80 42 -11 -19 -99 61 -55 41 7 1 77 13 98 65 -38 -60 88 -53 35 5 -93 -76 -36 58 75 -88 99 93 45 94 4 61 -41 81 -94 40 -81 -41 50 5 -44 -82 46 41 56 -67 -2 -88 -97 14 3 -77 -22 63 -73 -27 -57 71 -84 -70 -97 -64 30 21 25 -51 10 57 -69 -99 -26 -86 40 -82 25 -18 -99 69 -69 -16 -94 -29 66 -66 93 -50 -82 37 -25 -11 -14 -7 -5 76 75 99 3 -35 84 -88 45 -95 66 -53 42 -83 -70 -30 26 49 -46 2 -29 -79 -1 -17 28 -90 -58 -86 2 97 42 5 -44 -5 91 21 -64 -88 -46 -58 -1 82 27 -12 13 -41 74 -60 19 -1 38 -71 20 74 44 92 51 -77 75 46 83 18 99 -62 -49 -80 -50 -32 -24 -86 -1 -52 -25 -84 68 -21 -19 93 23 -76 -39 39 -81 81 74 47 -23 85 -55 40 -64 61 1 13 -1 70 45 -54 57 41 -84 -15 16 -85 29 -12 39 95 99 70 8 -87 -33 -88 -16 72 69 3 3 -35 -31 6 -66 -75 51 28 -82 -86 12 25 66 -37 63 71 51 35 -1 -86 -83 -22 55 82 93 16 76 -75 -36 44 -66 9 19 39 -74 -69 94 56 -11 21 80 -3 -42 -60 16 -52 -24 55 53 -54 60 5 -97 -11 15 49 45 -5 90 -90 79 49 -91 26 50 -43 -23 86 -4 79 36 -27 -68 69 0 50 -78 -86 94 22 -84 81 -14 -45 22 27 36 26 -58 -38 86 -71 35 24 -31 -19 92 -1 -58 -34 31 -34 83 -11 65 61 96 -17 1 52 -71 -3 -80 21 4 -48 54 58
70 56 80 -58 89 -79 9 87 -2 53 -1 -19 -2 79 66 69 42 34 93 74 -26 -61 47 -4 -13 83 -30 6 -12 33 17 -89 64 3 93 -10 65 54 37 47 19 -91 -94 -61 18 -79 -96 -35 19 -53 -95 -26 8 86 56 73 73 52 -67 67 -61 -45 38 -2 -38 34 34 -20 -59 -46 -21 94 -42 -35 -43 -15 -57 80 -87 -49 82 61 70 -6 -80 -1 89 -88 -40 53 -64 73 13 -10 33 52 -73 -49 9 55 49 68 79 33 43 69 43 -99 -75 -98 -84 -30 -21 -49 47 -84 -77 -53 29 27 4 9 50 -14 26 -33 96 -15 72 -50 -15 48 29 13 51 92 -27 20 -49 -66 -28 41 -87 -78 -85 -47 35 -26 39 -36 -82 -86 47 94 -85 99 87 -71 84 30 46 -41 -96 -20 -70 -49 -62 44 10 -89 -32 62 72 -56 -75 62 -70 -25 36 16 -89 97 45 48 -48 61 41 20 -70 54 87 58 -68 -68 76 67 -21 86 18 97 26 -78 1 80 -10 -6 30 -24 -46 11 -2 11 75 -9 -25 -8 46 -6 -80 -25 -87 69 63 -38 -62 -17 -62 31 48 12 -99 6 -47 0 49 69 -12 85 94 -94 -13 -50 -19 60 36 -55 7 -61 -27 -96 -33 -36 -41 -53 -89 45 -77 21 4 99 -89 36 -92 -57 11 -86 -92 -18 -72 -90 -7 73 25 -49 -11 22 -11 -24 46 34 56 -82 -67 18 25 87 -8 -70 89 -50 -83 -49 58 48 -79 82 48 -81 26 66 -79 -2 47 29 46 -24 -54 99 -74 86 72 -75 82 30 13 -67 -89 42 -75 -26 -36 -7 1 -77 0 -80 -71 -75 -42 86 -95 -37 78 44 37 -82 -32 -65 -29 41 10 59 39 -75 -2 -84 -18 -15 -18 48 -76 88 -75 -84 35 97 -59 -37 74 58 12 11 -32 -11 71 -95 -54 -33 7 20 -38 -4 20 -38 -75 20 -1 42 -40 -47 -91 -6 20 -7 81 50 77 -43 -23 78 36 -3 -8 35 93 12 17 -56 43 -87 13 -94 56 78 41 -55 -56 18 -52 93 43 -25 -44 41 -59 -57 97 -44 -37 18 23 96 -67 12 61 16 92 15 -11 64 -63 -76 -22 92 -91 -17 -70 89 50 38 97 -5 -56 -21 26 -75 39 -30 30 56 -5 33 7 65 61 35 64 -42 31 -18 41 -23 11 -9 -57 -96 -75 22 -82 32 60 89 -46 -75 88 -39 -75 -46 -71 -17 36 13 -16 74 23 83 93 -12 -70 66 48 18 61 -20 30 -50 -97 43 41 -77
75 -70 40 -58 60 -89 -10 92 86 18 -6 67 77 95 86 73 -86 94 94 20 -44 65 93 40 40 9 -96 46 -57 97 -28 54 30 25 23 -33 37 10 73 84 62 -5 94 20 41 -91 67 -42 36 -46 -40 46 90 82 -55 45 -54 31 -97 39 -87 -83 71 -45 60 29 75 16 -93 -73 -7 -39 -38 34 89 51 -91 -53 -4 53 63 -47 -40 -4 -15 93 -41 -35 82 57 41 80 5 5 -50 -22 61 -78 -9 -44 20 -65 51 -75 2 -87 81 95 72 78 23 -10 57 55 36 47 97 27 -87 -54 39 47 -74 -60 -6 -37 77 -90 24 -12 -74 -4 17 14 62 -36 -10 45 -56 30 -1 -2 48 19 37 9 -24 11 -49 0 -60 -76 -42 90 -68 55 -24 -52 74 99 -59 -78 79 23 97 -85 91 96 -5 -13 -38 53 -34 74 -20 88 -13 80 80 43 98 82 83 -34 -70 1 -12 -39 -81 -56 1 69 62 61 47 -94 -60 58 -90 23 88 -48 -99 21 -29 49 -63 -87 37 -7 29 36 -88 3 -21 -10 -11 53 77 79 89 -23 -38 29 -88 -54 65 89 63 48 35 -94 3 32 65 60 -10 0 -10 -98 25 98 -41 21 70 2 46 -2 -68 33 52 28 18 10 12 -10 55 -68 45 -67 -4 -35 22 80 -7 84 85 -18 -45 -2 61 75 -18 25 84 -2 -39 93 -30 95 72 74 -11 67 -75 -71 -65 -39 -48 -78 58 -47 69 -51 -59 -53 46 24 2 -78 55 -85 38 -55 92 81 86 16 -96 74 99 -43 24 -94 -78 -8 -56 -4 -83 59 17 -5 -70 -30 66 -93 -22 96 66 21 -27 50 -12 96 -58 -28 9 84 63 97 96 -10 -34 64 41 -84 74 -25 71 -17 53 -71 -69 -57 -62 -2 -98 -4 -27 -18 27 87 5 -95 -68 83 -68 -43 -12 20 6 -47 24 -18 -43 77 -52 -51 28 87 33 2 -38 92 54 -79 93 -12 85 -82 -68 -99 -97 9 -41 -50 -21 48 95 -79 94 -55 -5 51 16 -41 25 -50 -64 -45 81 -41 98 93 39 -64 48 24 0 -40 30 -51 -39 52 -24 -59 54 -80 20 -61 -67 -32 -75 -64 -83 -78 22 -30 -38 -98 0 -15 -96 13 38 -25 -70 41 11 92 -19 82 -20 -82 22 -42 43 68 -51 29 13 28 -87 52 36 -1 87 -16 71 15 -83 -9 -56 68 -72 60 3 -22 -17 68 -58 -51 -57 43 54 53 38 -31 58 -99 -33 85 31 -21 -90 -71 -6 -98 57 -39
-34 -99 -85 -75 -89 56 4 3 77 70 -9 -65 8 -41 -25 -22 -14 39 90 -52 -44 99 27 -99 -7 28 54 -76 -34 -70 0 -92 -5 -81 29 -50 -87 86 -49 40 -45 -85 6 -95 34 77 43 36 -70 90 -10 84 -50 96 -77 43 8 -26 -74 -87 6 5 83 34 -84 -6 -94 99 64 -6 -7 8 -40 -96 -87 -7 75 10 -80 -86 -18 -8 71 -22 -1 -34 86 -37 -20 -89 -52 88 -46 23 -89 25 -13 53 -75 58 81 -81 -24 1 -1 -67 -70 -38 -89 40 -57 -10 -7 41 -73 -20 67 62 3 -37 -14 -50 -95 56 46 37 -31 90 93 88 -8 -21 37 43 -92 -79 20 -47 -16 -64 19 -8 -81 -95 54 97 -8 -27 -66 7 -94 -65 62 -19 -37 -77 57 -65 -74 24 77 -88 93 -78 -83 3 -4 90 -23 16 -39 3 24 34 -36 -42 -47 -97 48 30 52 -37 -89 -38 -69 -30 78 -62 55 -35 39 -70 4 63 39 -83 42 57 -64 88 -53 71 -31 79 -85 67 98 13 -73 -17 -68 -15 -63 18 99 71 -33 19 -18 -49 98 -73 -41 -66 32 78 7 37 8 2 -50 55 79 51 80 12 29 19 21 93 -24 60 -20 0 83 83 -76 60 41 13 37 34 -71 -32 14 -74 -23 -4 49 24 -93 2 0 44 -51 20 -71 46 -53 37 -42 -8 41 -80 61 5 -57 -50 30 -56 -76 -45 -62 77 -29 -89 -1 49 -65 -7 -22 44 96 27 20 13 -48 52 -16 -59 -59 -10 79 83 -47 -45 -47 5 -77 59 -7 -64 47 46 99 -71 30 -47 13 -25 -1 57 99 -21 77 -47 80 24 -76 -18 -93 -48 68 -52 89 -30 45 9 67 29 -26 -62 10 79 54 44 -4 83 34 65 25 4 9 7 -98 -89 -50 37 20 -73 -15 73 60 -56 57 -48 88 -40 11 99 -12 92 92 19 -75 -16 22 -57 94 -61 45 36 -4 -65 -18 -1 -11 71 -75 96 56 67 69 -48 -23 46 -45 85 -63 -9 10 -19 9 -51 87 -22 -41 -10 -39 19 58 -11 -47 58 -82 -20 34 -78 -7 92 89 3 22 -63 -9 70 -53 -31 90 97 68 -93 97 -31 48 -15 -51 -41 34 70 -75 55 -40 -38 -77 97 61 46 -74 79 89 40 -67 -15 78 66 46 25 -15 87 93 -23 -4 -48 24 80 75 -63 36 -40 31 -7 27 1 58 -16 -66 -32 24 46 -81 -33 -39 -45 5 -26 35 -6 -86 58 56 -82 -42 64 27 -81 37 1 52 -30
-84 65 68 -72 24 37 84 -31 -53 -98 45 48 -28 19 -28 -37 -20 97 21 -75 20 -64 -66 -50 73 25 -37 57 51 -65 -39 -40 36 -26 -17 15 28 -95 -35 97 61 -90 70 -20 -47 -45 -79 -80 39 41 -49 -76 -44 -82 -16 -56 33 -72 48 37 29 14 -1 -38 54 -80 -75 -94 60 -26 90 3 -57 -98 -73 -59 -92 -69 -99 -22 -82 -77 57 -51 29 -53 2 -13 72 89 92 65 -11 56 -92 -80 89 -23 -33 76 16 13 62 -30 87 -24 -67 78 23 -83 28 -91 -42 54 80 28 79 -51 -49 -1 -75 -13 86 -35 -37 20 12 -82 -19 -21 -37 20 -47 -31 -60 25 -58 94 -54 -37 -92 78 -99 14 17 -84 -40 87 -69 -56 76 -72 5 -89 -2 -11 61 26 46 -61 76 -12 -4 -14 43 -98 -42 -30 -78 -8 73 46 34 -29 -44 -49 -85 -43 47 -12 93 -56 -44 7 38 37 30 -3 70 -42 42 -24 21 88 -12 60 -27 80 44 49 -42 45 -11 17 -39 65 -82 26 89 55 -49 -21 -99 -59 -20 30 41 -9 -94 46 79 -41 46 -76 -79 96 -88 1 5 84 36 73 43 9 -90 61 98 85 59 19 -2 8 33 -6 18 -75 -36 -36 -91 98 -1 -29 40 74 -78 33 55 -91 83 -20 -2 18 11 -61 -57 86 -50 -19 -79 65 -19 53 79 66 -28 -58 -74 -66 80 -22 -18 -27 -93 53 8 37 -68 -46 82 27 17 -31 97 -93 -98 -36 99 -89 -76 5 -4 43 79 -19 17 -5 16 96 -29 2 -17 -7 3 42 52 -91 -70 -9 37 25 -72 -8 39 63 9 -13 39 -36 -60 -21 -10 -67 -80 69 11 14 75 -59 -99 -27 6 82 -58 -82 45 -4 52 98 45 -54 -23 -88 -91 44 -72 78 -77 33 -53 12 80 9 53 59 -49 -1 -56 -42 -92 -84 56 69 -30 53 -76 -35 3 56 87 71 -51 -22 -20 -67 15 81 -51 -77 1 -42 37 -73 82 -15 -43 94 -67 -51 90 -66 47 40 67 -98 14 57 -84 -13 25 45 -7 -95 90 -81 -90 23 95 -51 3 -23 -37 73 81 -98 43 -24 -80 64 -40 -60 -70 45 -49 30 -30 -63 -49 76 38 -9 -9 63 30 -58 86 25 52 58 34 -96 43 45 -64 77 73 -92 59 -47 -34 29 35 55 42 99 21 89 6 81 15 -72 -11 -41 -41 41 -49 -94 20 97 -12 26 -96 -72 -76 61 -1 -14 79 -69 89 87 -75 -1 -53 83 7 64 98 72 -56 70
55 -41 0 -54 39 27 78 -2 -11 76 -49 -59 49 6 -36 30 -27 0 -47 -31 57 56 99 44 -90 -50 -24 -8 -3 -43 91 87 -15 -89 77 68 78 -66 -22 85 -71 -38 58 74 12 54 12 -23 6 -75 74 -93 25 79 -14 -7 32 -90 -69 -89 -78 -78 75 -53 6 -42 84 90 69 56 59 -1 11 -45 -60 -64 0 -60 -73 -43 59 -7 -93 -34 35 23 -87 -71 -62 -86 -18 -26 -89 30 83 10 41 95 6 67 -7 9 -47 86 28 -38 18 -32 -90 -69 16 -92 10 -86 -44 74 38 -10 -90 -87 9 -38 7 -80 80 -68 40 -97 -60 -58 55 -81 35 62 -18 -77 89 -32 3 -75 58 81 35 85 -3 98 -4 -75 -59 -26 -31 44 97 -64 -57 -32 18 -63 -6 -88 -82 -92 5 25 -25 13 -21 -87 48 -83 -60 -46 -58 29 -62 66 61 5 54 89 -77 -85 39 -10 7 -19 -74 -64 -77 -9 -41 -38 54 -9 33 -73 -73 41 -28 49 -29 -28 87 -76 -62 -70 -79 0 4 -7 73 86 -6 91 55 92 -25 86 11 95 57 81 16 53 33 -67 -69 -76 -2 -17 -88 80 55 -57 -16 -83 98 -41 28 -77 -90 -8 2 53 -56 -38 -61 34 -34 87 31 -44 15 14 62 -38 56 -44 52 41 -73 -29 -40 -20 68 -22 70 64 -67 -80 95 -99 -57 30 -85 -68 -37 86 29 -54 99 -78 17 28 -76 42 -62 -4 -10 -17 22 28 -87 66 39 63 -8 -46 46 -39 -69 71 95 -5 42 22 28 -7 54 -71 -86 -5 -36 -33 65 42 -61 65 -86 -3 80 -84 -44 2 85 -85 -85 -88 35 70 2 54 -27 -17 47 73 -11 71 8 -77 -78 30 0 28 16 56 -52 34 21 12 88 -19 76 99 -53 -54 -39 88 3 -81 23 0 -51 -70 50 46 -59 -62 -89 -75 75 -83 -77 40 69 -5 80 15 -9 -95 0 -64 -11 -18 -47 74 -54 -59 43 85 -12 -15 77 20 -86 59 -95 47 -48 89 -15 -64 10 75 37 -88 -79 -52 -74 -70 38 63 -53 32 36 47 53 42 88 -75 -68 36 5 -14 41 -84 -49 40 -27 98 -87 73 -35 98 77 -56 -43 29 -96 74 -29 -29 -74 93 -51 -28 -26 7 -21 -17 -77 -20 -56 -98 -26 16 14 73 15 -77 -59 -61 -57 77 -40 82 -11 -9 -54 -46 51 -36 -2 13 19 -2 4 20 -83 78 27 28 26 13 -67 -69 50 71 -87 54 -22 76 31 -44 -89 44 -30 -15 78 70
-92 94 -77 51 10 -28 14 -82 32 -22 -57 -4 60 71 -1 66 -16 -2 -62 -80 21 34 58 -56 60 76 -69 93 26 73 55 -50 75 12 30 -16 -55 -26 -69 69 -15 7 -7 -6 85 -87 3 -71 -10 28 19 -86 -77 -29 -52 1 -35 -54 88 -71 -12 73 34 -64 -64 -97 22 -90 -33 73 -27 -27 -75 -77 15 -30 -28 56 -64 -57 -24 -76 97 -90 49 79 -40 -81 -64 36 -63 64 -49 0 62 -25 -88 -69 -74 26 54 -17 96 73 35 -31 59 63 5 95 -54 52 41 13 -24 -17 4 92 80 12 22 -43 94 -43 34 32 -3 -56 7 -6 20 88 87 92 89 -66 -98 -31 41 -91 -94 -13 61 0 -14 -11 53 -30 -87 88 8 -67 73 94 74 -90 -78 6 34 15 -68 29 30 -46 91 -82 42 11 -20 78 -3 -29 -16 -76 7 -36 -27 -48 -41 -65 -63 1 -18 -38 25 -63 59 -72 51 -22 -81 42 63 39 -5 57 -13 -76 21 9 66 -10 21 24 -4 -77 -37 34 26 -51 -18 -68 -33 61 -1 -29 -92 33 -19 12 81 13 -22 -85 29 -56 -86 -7 10 79 -75 -84 -90 99 50 32 73 73 -86 -47 -30 71 -93 10 21 -47 52 90 -59 15 -70 -40 -56 -48 -6 27 -86 -15 -86 -5 33 -13 2 28 27 22 -82 -12 25 -78 -31 -65 -33 26 -45 -23 -21 38 -23 64 -73 -82 -21 -72 -61 -69 45 -96 -28 89 -45 34 89 -40 26 82 88 -41 -61 84 -15 -37 65 56 -20 -70 -16 -21 -36 -55 -61 25 29 46 -48 8 -24 -97 45 48 -83 -8 77 -72 -1 -25 -23 95 62 -55 -32 1 74 -83 -95 -3 -11 -96 92 65 -59 39 -45 15 -59 1 47 -43 -10 12 90 -33 -53 14 -65 86 -37 -94 98 90 -14 -39 35 -86 73 16 24 6 -64 -49 79 -5 -64 -84 61 -12 83 -12 22 -25 25 73 39 61 -19 -21 -36 -26 56 6 36 86 -9 -51 -18 60 -62 97 93 87 -21 -64 -7 -84 -61 12 4 -84 -9 58 9 56 -23 -78 5 80 89 25 -49 37 -97 29 48 -49 58 39 78 95 -10 60 96 -36 10 -95 65 95 -58 -5 -61 -54 -57 44 26 84 -57 99 63 -5 -43 -35 -41 89 9 -97 3 36 96 1 -93 -63 -83 -14 -61 -92 56 -43 72 -11 61 -58 38 75 27 59 -65 -97 84 90 -83 -30 -45 89 -10 63 0 -47 7 -44 -57 -98 8 75 -99 77 -61 67 98 -67 -96 -19
45 -99 -84 -73 33 64 -48 -13 -17 -33 98 -60 -14 2 -66 0 -16 67 22 87 10 81 -42 -84 -28 -17 -26 32 8 86 -26 -60 -81 -88 27 -16 -61 -50 -21 -43 -61 -43 10 -63 73 -92 17 -65 65 -65 -38 -43 -12 -6 8 68 -39 -19 44 -59 86 18 -98 44 -13 -92 -60 26 -93 -53 -67 -10 -34 -54 -8 -93 -67 -10 -17 -22 -71 52 -57 -92 26 59 -60 3 -25 -32 -52 76 52 86 -75 -96 -37 -48 -68 -30 -38 -64 -68 -52 68 -48 97 33 -15 -91 -52 18 -86 -75 34 27 -2 -12 12 -93 37 29 -68 -34 -29 31 24 -19 -95 -2 26 26 -54 -91 -92 -41 -25 -97 -42 26 -27 -75 -44 69 75 6 12 12 8 -31 37 -43 24 -57 53 -18 -76 0 84 6 -99 -14 -50 -15 53 75 48 81 -17 26 -60 6 11 -75 -91 39 -52 -59 65 22 18 -87 32 12 -19 83 -93 -70 50 -42 83 -78 47 -13 -37 11 29 67 66 80 -82 -70 71 30 -89 -18 90 26 13 -69 -60 -25 56 -37 -24 46 -18 74 -23 85 -87 88 -41 -11 -13 39 17 48 -49 59 42 -93 88 84 86 49 36 -92 -47 -79 1 -97 -73 81 60 -79 43 91 -33 -97 -27 14 15 -19 -69 12 60 -71 51 -45 20 33 -90 47 23 -13 -32 63 -30 31 71 14 -96 -87 -48 -77 1 24 -61 80 -66 -95 74 86 -96 -80 52 3 -82 45 -71 24 -2 -77 -74 42 -83 -88 -97 -49 -77 32 -40 -45 -51 -34 -47 56 72 -82 -12 87 85 70 -45 -15 -41 -80 -99 36 43 19 2 -81 95 -24 -84 -87 90 4 -89 54 14 -36 43 90 98 -77 85 36 -15 -42 64 73 -70 -99 80 18 60 34 -42 98 -16 21 63 33 75 -4 56 30 90 -21 -73 -8 -56 95 41 -15 72 6 49 -54 -74 14 -26 22 -80 54 80 -52 56 51 62 39 95 25 33 -65 -7 65 -67 10 -42 -98 -79 62 37 46 -57 -24 63 -36 -21 59 72 -83 33 40 -52 64 65 -69 39 72 -21 59 -77 -41 6 -7 -9 25 12 -83 65 71 -17 17 -32 19 45 -96 -8 84 0 -13 75 -31 -13 -51 -61 72 16 90 60 11 -56 22 34 95 90 -27 -39 36 -80 47 -12 5 55 -35 -71 76 16 75 -56 -13 84 -33 -2 39 -51 -51 64 73 -93 14 -62 29 17 34 -70 89 -48 85 -7 5 -14 95 42 -40 -80 1 62 -87 -4 -87 71 56 44 20
4 90 -3 -68 27 -23 -17 78 70 42 -15 9 -21 59 -95 -34 -98 58 -39 2 33 -98 75 -19 15 93 -16 -1 -82 -30 72 -86 -19 -81 -38 -57 -34 10 3 11 -79 -33 19 -72 -2 43 -17 68 -40 -84 19 80 82 45 -11 -44 -78 28 93 -32 -8 -45 69 -9 -24 64 -14 -11 -14 56 39 -32 -6 -71 37 -91 39 9 24 42 59 21 10 75 -29 48 82 86 -57 -60 80 60 -34 -20 -55 33 7 47 -2 -90 -57 -22 79 33 83 99 -58 44 14 93 94 -44 39 -9 -95 -45 25 -57 81 -61 -4 2 55 -16 -87 63 82 80 62 70 -21 56 43 -53 37 49 -51 -50 86 31 91 -47 -22 -98 -28 81 -49 71 -50 -16 -27 34 -82 38 1 84 51 -84 -13 47 55 -45 -54 13 77 86 50 -16 -60 -39 48 91 61 18 28 72 60 53 -54 -51 49 11 -81 94 91 -94 22 -54 6 59 16 93 2 66 -92 94 89 -30 57 25 -7 -17 57 -94 -86 -84 -50 84 -6 -61 -42 24 -1 43 -40 -70 97 -90 68 -79 56 90 -24 9 -35 -39 -22 -29 39 -79 42 58 55 69 79 42 -25 93 -85 69 84 45 88 20 -57 -49 -34 -43 26 97 21 5 -15 -92 -58 43 57 -9 1 20 -81 -9 13 -74 -42 -92 17 97 -61 -43 -80 -70 76 -22 72 4 32 17 88 -77 -52 27 -69 -17 61 -88 -19 -68 46 56 56 -16 -68 -70 64 82 35 96 -20 -54 53 76 -97 -30 -44 4 -32 -31 47 -46 -8 -5 18 18 69 -50 33 22 -31 42 82 92 30 59 17 -42 -16 -14 -39 50 42 -57 -36 -58 37 -16 -42 10 16 85 5 8 8 -94 14 58 -83 -98 -52 4 69 -43 97 47 -15 58 47 99 85 21 44 -16 49 -19 30 88 -17 42 -4 15 69 69 -46 -75 3 -35 3 -97 -43 82 -40 69 -93 -41 57 -60 86 -31 -29 -18 25 -69 47 -55 -9 13 -43 77 -34 -58 46 -66 -96 49 13 60 -97 37 12 -99 6 23 41 64 -24 -4 30 -48 36 45 -54 7 47 65 58 24 35 -73 9 -32 -99 -60 -12 80 2 75 -63 -33 77 -44 -60 37 74 56 17 44 -46 -39 29 -60 -7 -65 -19 -26 -99 47 45 30 -12 -90 -51 -56 -78 93 -91 94 51 41 65 -9 89 -40 24 -69 -35 -39 -90 -24 74 -54 -28 -22 -38 22 77 -39 -32 -55 60 64 94 -33 -82 94 91 75 -93 -37 55 52
-81 -91 -16 -3 10 -90 93 -36 93 -4 47 -15 -30 -38 -51 14 59 -71 51 -6 18 94 -77 -75 34 -77 1 6 -72 -9 72 62 72 65 4 5 -78 85 -96 62 72 99 79 -29 -37 12 72 -26 -52 -6 -64 -19 -28 -98 -37 44 89 -45 90 82 61 84 47 26 17 -4 57 -60 -37 -94 -66 -13 64 -35 53 48 -44 -23 0 87 78 82 5 89 -99 -15 -95 18 -30 -1 -32 94 23 57 3 86 -74 -20 -48 26 -84 85 -6 15 30 -14 0 22 37 83 -43 -9 80 34 -58 65 -75 69 -70 17 19 -97 -38 -16 -91 96 43 -48 -21 90 89 -5 -7 -21 -5 -43 20 -71 59 -34 51 41 -56 -48 36 28 36 25 -90 72 -22 -10 5 -8 -82 -65 36 -40 44 40 -92 92 -34 -32 80 -87 -25 -40 17 -48 73 -19 99 56 -16 74 16 57 -74 23 52 -19 -43 77 42 42 76 32 51 31 18 41 -57 41 -54 61 -9 24 -35 -47 93 -37 9 51 -41 -28 -99 23 89 30 -82 -21 15 -10 -34 -24 -20 79 79 54 -38 -64 -32 -20 -84 11 19 -39 22 -76 40 -52 -70 10 -10 0 38 -82 32 -92 -66 -5 29 16 94 -70 23 -41 32 -77 84 61 -88 19 -78 -59 -7 97 46 -71 4 -97 -45 44 43 -32 40 43 82 -27 -15 14 14 -74 38 -47 67 59 39 -21 -48 0 63 -81 -99 -43 -80 -14 92 -98 20 -21 35 87 -7 -4 97 15 7 93 -33 -33 -15 33 -48 -62 69 -19 -47 31 81 52 -33 59 -18 36 44 12 -97 -67 19 -54 -16 30 -65 -30 60 80 35 88 -87 -45 -54 -97 76 -67 24 90 -48 83 82 87 -40 -57 -93 -12 22 61 -64 79 43 -4 34 90 -67 96 -8 -79 -21 74 -9 -76 -27 36 -48 68 -86 28 -32 62 99 78 -94 47 0 -59 59 53 -55 14 2 89 -94 35 39 61 49 18 46 -19 26 37 -32 -30 59 -41 -20 -70 -93 46 73 59 82 98 -43 -24 84 27 97 15 6 78 52 61 -27 -36 4 89 -32 -42 22 -89 -1 15 73 -75 29 64 72 43 -32 -28 -21 -44 12 -34 -77 57 -10 21 -44 -9 -78 -18 17 15 32 -18 42 68 7 -7 -37 41 -74 0 -60 -62 40 -52 95 78 -75 29 37 21 -95 -72 90 16 63 -49 4 50 -41 86 73 7 -92 23 42 87 -94 -2 -18 -83 13 74 24 -65 1 48 -78 10 -36 78 98 -44 -49 12
-68 -93 48 -41 -79 28 15 -4 -90 -27 -61 31 96 -62 77 -22 15 65 -69 -41 -89 4 -99 4 -95 25 -60 83 12 97 -31 -10 -46 -35 21 12 23 21 -84 -51 56 -32 -42 -42 -43 73 -46 -22 19 91 -95 54 -64 67 60 -98 15 -57 67 30 -13 -65 1 -41 92 30 3 56 -37 -65 -63 -77 -82 27 10 -92 59 -99 -14 -96 28 -93 46 -61 -94 -71 20 -45 -62 -83 26 58 7 92 99 -55 85 -45 25 -92 -77 -86 1 64 -23 -18 11 78 -77 94 -73 89 23 -35 98 43 53 55 -13 -16 74 -81 -6 -78 -73 51 89 -17 -11 -95 55 65 -27 54 -60 35 -39 -81 -15 66 1 -1 -44 57 -48 -45 -30 -37 -60 76 64 35 36 -58 -26 -71 -42 -60 7 86 93 -43 -74 -14 -7 -95 44 33 -19 -25 82 39 31 -32 58 58 87 -49 -85 74 1 81 -17 79 62 -22 -15 -68 43 -32 60 28 35 94 5 19 -48 -90 27 49 66 -10 -22 -43 -49 -23 49 51 -83 -86 29 34 -36 66 9 82 2 31 96 34 -6 -32 -8 -20 37 13 -57 -55 79 67 86 31 37 61 78 -13 -84 -62 21 -81 71 14 -56 -1 -16 25 42 -83 -80 11 -66 -41 -24 -10 49 -80 -82 -32 -98 -65 -31 -8 32 28 28 6 -53 70 76 -77 -74 -19 -89 53 -55 67 -1 -45 -2 31 -91 43 99 -12 36 92 -79 -28 -12 -23 3 77 4 -6 -29 -20 35 99 50 70 -20 -62 98 -79 92 65 8 -97 -4 71 -27 79 33 -19 45 42 -90 58 69 64 60 -54 25 63 24 -4 -51 40 64 59 45 45 28 32 -16 -24 -40 16 -83 -43 -28 -76 -4 47 96 -77 34 25 1 -57 -48 63 86 -30 1 -10 37 -44 -1 87 -66 46 94 0 36 21 -29 42 34 80 49 -53 91 -56 55 -4 -36 -92 -87 40 31 -98 29 -46 -80 -70 35 99 27 72 -17 26 -98 -1 -75 -47 -23 -87 15 -28 83 -75 82 -53 21 -17 41 -52 -64 -77 -15 -59 77 -49 88 52 -33 -67 -73 30 -55 72 -12 18 30 83 -15 -11 75 58 30 19 18 -78 87 59 -4 11 5 7 88 97 -89 28 41 93 93 33 36 43 15 -74 -12 -37 -37 -46 96 -80 -74 95 -22 38 -72 -27 -79 -40 -23 -99 40 -23 -26 -67 63 99 -96 11 -32 63 71 -31 -4 83 78 -78 35 64 -84 51 -50 63 -31 -62 -98 -90 92 -32 -14 -66 -80 9
-16 -4 3 50 -75 -18 -9 73 20 -15 -29 49 -49 43 -45 70 76 54 88 29 98 -57 -21 54 -34 17 -93 -74 -65 66 -65 -13 -97 89 -69 -28 15 81 -69 -51 0 -3 -44 35 72 49 -91 -50 -95 69 -86 40 7 -63 99 74 11 79 -46 -78 38 -35 -58 99 -55 13 -83 -94 -23 84 -43 -93 -7 -67 0 -69 94 39 25 -45 57 -86 -85 12 -99 -37 80 -16 -74 35 -39 62 29 -67 -46 58 55 29 -76 -32 55 -59 -10 96 67 -60 99 -67 -38 -33 -7 51 61 22 35 53 -59 -44 -7 73 -1 30 -46 0 -32 -71 -46 -89 71 78 -53 -63 88 -56 74 82 79 97 89 8 98 90 -9 52 42 34 69 -60 -84 -53 -76 -20 85 50 24 3 -65 -77 -50 50 -46 -20 13 23 56 -19 -59 -59 -7 -48 -37 19 10 -24 -9 25 -47 -18 -63 -55 -63 19 -27 -14 73 88 9 -92 80 27 87 -2 -94 -76 88 15 60 -28 1 -84 69 -45 -34 86 56 99 -12 -84 57 -47 36 18 65 98 40 25 -33 47 -36 -49 65 -58 -79 -87 86 99 54 99 48 37 -6 -38 11 -68 -10 -61 -88 0 80 -73 9 32 90 46 38 -80 82 45 86 8 -82 7 -7 -3 -40 -52 53 79 -74 2 83 -42 -30 -64 -19 8 90 -81 -31 63 -33 -13 74 18 50 -63 -79 -9 32 -19 -89 19 93 -80 85 27 96 10 57 -23 82 -69 -70 58 61 -54 80 -5 -93 -5 51 -99 68 14 -74 32 -20 29 -48 -79 -63 43 27 -98 16 -31 54 44 64 17 -23 -17 -75 -6 49 54 50 71 3 95 68 -76 -16 -35 -73 79 33 19 -46 83 -22 14 37 -24 2 -70 -23 75 64 60 16 92 84 56 -57 11 -23 -15 -87 38 -47 -20 -79 93 4 9 59 61 11 26 22 -86 -14 -42 88 30 -23 -32 48 51 -63 5 19 97 51 73 63 51 -24 -21 30 79 61 -9 -34 -95 -49 -92 -58 17 -32 37 -18 -60 -90 84 -3 -67 -19 98 52 60 -81 64 97 51 17 -80 -26 70 -66 78 -37 31 73 57 26 -77 -27 25 -98 -66 50 12 -71 61 -19 -10 -48 -16 -69 6 -51 -26 26 -23 -42 -26 -63 -39 -21 39 -74 98 77 -50 83 95 -20 11 6 -29 86 38 -31 -90 48 97 33 -51 66 -73 86 -85 -29 70 -7 -60 44 35 60 -95 -19 -48 68 -84 -2 -76 -12 0 96 20 -83 -71 -83 82 -50 -59 -65 -5
-72 -53 66 -77 -72 -8 -34 9 27 72 16 33 37 63 -62 -39 68 -7 -22 3 62 39 84 50 83 -66 -25 84 59 -97 -21 -62 11 -70 90 -1 69 11 62 -62 -36 7 25 53 79 -10 75 81 97 -58 93 90 -82 -96 27 21 -16 7 -34 29 -52 33 43 -60 -68 -53 91 -39 -27 -29 39 94 83 32 82 -99 30 -56 -15 -76 79 -45 67 -12 -38 -70 8 -35 88 -41 -3 -97 0 -53 -2 -80 -83 -36 35 -58 98 53 -64 -23 -25 -41 6 80 -6 49 86 42 -54 89 16 -32 6 13 -77 -76 47 47 -62 -60 99 -37 82 19 -97 -31 -19 -15 38 -28 61 -35 -80 -47 18 -39 90 50 26 -20 -18 -51 -93 36 -1 -29 82 76 12 -80 -76 55 -64 34 48 -20 -22 -75 -73 23 39 80 72 35 -86 -57 -85 71 -62 -57 -36 54 -46 70 15 22 63 18 -34 -23 28 -51 47 21 -60 51 -76 -73 -79 48 -85 25 28 62 20 65 47 46 -56 5 -53 61 84 -58 -2 53 89 -12 -71 32 60 50 -40 -87 52 -22 -50 81 -34 38 -95 32 10 -11 36 59 71 93 37 5 24 -6 -46 -61 -38 67 66 89 -7 -55 -16 -35 45 -99 42 49 17 71 -29 -65 -71 58 52 66 14 -39 69 -56 -43 -59 -89 77 -16 -80 23 49 98 22 -45 53 91 -81 -59 -90 60 32 -26 -11 86 19 89 -29 -54 90 -7 15 -96 -19 -9 72 -2 98 -42 19 13 -43 27 -63 -37 53 -70 35 99 -98 -10 -24 -26 21 -89 -66 19 15 -43 50 45 26 82 45 -4 -19 -86 -69 -37 -58 -17 2 -24 -7 -86 -39 3 -22 42 -26 61 8 -80 -47 19 -79 90 17 -59 -56 9 69 -82 95 53 62 -47 -52 -94 -77 43 33 34 65 10 -59 -81 -88 67 84 64 -17 56 74 46 3 61 37 94 53 -46 -5 14 44 -17 -3 -58 -81 -51 -45 -71 -53 63 -85 -8 -81 -9 83 17 96 -76 -14 -77 -65 80 3 -65 -25 -66 -23 70 -9 -49 -97 34 -84 56 84 87 -10 -6 -15 -17 97 -82 -60 44 44 0 46 -70 -87 -26 -11 22 -81 -45 -67 -7 -1 -81 91 -72 -76 48 -49 -48 7 -24 -65 33 95 -35 -64 -6 38 -96 -69 37 73 -49 -89 -48 -34 -13 65 -71 41 -41 -69 -60 -39 -49 33 3 -93 99 -19 -15 -43 -94 4 19 -15 69 20 -68 -93 -46 21 66 98 85 31 -95 5 80 -91 -71 43 -8 60
-16 11 43 -8 -14 26 -57 91 79 -11 77 41 -10 10 63 87 28 35 83 -62 -47 8 77 -79 -88 -65 -20 49 -14 40 13 28 46 -23 -27 82 -38 -2 70 86 -60 89 -90 -66 41 36 -48 -13 -51 59 38 23 66 80 37 14 -97 51 78 -49 97 57 5 -32 76 -60 -94 77 -42 62 72 19 -58 4 -37 -58 -48 7 18 -72 36 10 65 -84 16 18 19 99 -60 28 61 -94 -94 98 -27 24 98 -24 59 19 -59 81 -6 92 -32 80 66 -86 -95 -81 -8 -13 -30 -22 77 -43 82 -75 -92 57 49 28 8 29 4 41 77 -89 -60 -86 -64 65 -9 -69 90 -42 -41 58 59 17 51 -52 80 -45 -48 -96 -62 -9 -18 -88 18 43 35 65 -20 -72 -22 57 65 24 -66 -16 19 -16 7 66 52 -27 67 28 -14 -2 -30 -64 -31 -85 -64 -3 13 -91 -54 60 48 -75 7 -26 -34 53 36 73 87 13 60 85 68 -47 -93 -42 33 -94 62 -13 76 89 76 55 74 75 59 -83 -83 -48 -32 -24 -92 13 98 10 19 -45 63 75 73 74 25 -61 -84 -28 78 -3 -98 -62 72 -82 -19 53 20 -19 60 34 -83 -84 23 -97 -23 -49 -83 -27 -30 72 77 34 -91 -19 8 83 -19 31 14 -16 -17 -41 -99 -17 -30 -32 20 72 -88 -65 35 -14 50 57 52 -98 78 27 95 -98 91 61 99 -90 -69 -46 -81 49 95 19 69 -32 -96 77 72 77 -32 -9 12 71 7 93 -55 81 62 18 -52 95 60 -50 -59 -93 18 -40 78 70 -80 -9 18 -36 47 97 -54 -59 88 -12 28 7 -97 -58 -88 62 -15 -90 80 -68 -54 67 72 -66 -2 -48 87 38 88 -69 -38 -70 14 -93 -56 75 36 66 -6 33 -26 -28 -50 -44 -97 92 -47 -47 72 63 -91 -95 -30 -88 0 97 -2 -67 -22 -54 35 85 -50 49 -41 61 -55 -32 -79 73 -4 -62 81 1 -26 28 -80 -79 57 82 -53 -65 -44 45 87 -68 -73 94 92 -5 -70 57 25 63 3 -34 67 -22 13 -52 40 -31 79 30 -97 -69 69 89 -44 -8 -66 11 -86 -99 99 -88 69 9 -76 -20 -5 91 -14 16 -57 14 39 68 16 44 10 -49 -62 84 4 51 75 69 -60 50 -24 58 -91 18 23 71 -7 -85 24 -4 25 -72 12 -87 -72 -14 92 58 -1 -20 -88 -6 -16 -40 -66 80 95 -77 -59 29 -78 76 11 33 78 1 -80 -77 -79 90 -33 -39 -61 74
47 -1 -79 6 -19 -39 54 -55 52 -39 39 89 33 1 -79 -96 95 17 71 62 -17 -64 -63 -73 39 -78 91 80 -76 6 93 -59 -88 67 -65 48 -70 -53 -24 -92 18 -32 6 -42 -47 62 77 -49 45 13 -8 -43 56 -11 -70 80 -21 -2 -71 24 27 70 -12 89 -44 -52 -14 58 -12 -56 -24 -87 -32 -73 -35 -20 -82 -59 -23 -5 -41 85 5 -93 35 -96 -62 38 -57 68 4 61 8 75 40 71 98 74 94 -28 65 88 53 34 -72 16 59 13 61 6 65 -67 -79 -6 -20 94 87 -42 -3 20 -25 -78 -20 80 -71 -37 -73 73 85 9 15 -40 -3 -62 -24 26 -65 15 22 -60 -17 70 28 -9 -56 -64 -38 -10 -51 12 20 -58 -84 43 -15 14 71 -86 81 -61 22 36 92 -39 -85 90 -31 -61 -92 68 -32 36 91 35 60 -53 41 -28 -16 55 35 87 -64 41 -19 -61 72 -88 99 87 -6 85 -79 -42 -45 83 23 15 23 94 -45 35 -14 70 -49 -84 94 -9 8 66 -42 83 97 -56 -13 -5 -90 71 -29 -84 -11 -65 24 23 -34 -64 86 -12 65 -75 -92 88 94 27 14 84 -9 79 -93 -2 -97 45 -4 15 -63 -21 14 -71 -45 61 97 20 26 6 -4 -93 45 -72 34 38 -83 54 55 -30 -25 -55 65 -87 79 75 95 -86 66 40 65 -33 -15 21 67 82 -65 36 36 65 55 49 -84 -66 -61 44 -27 36 -6 -52 -27 6 -32 -43 99 68 34 -93 -32 69 9 -44 -51 -18 44 -40 78 -51 -89 -26 -76 -55 42 -23 -47 90 54 22 -94 81 59 -74 -5 -48 -42 -41 55 33 39 -90 57 -86 -19 63 7 46 59 12 21 34 35 -31 -40 -17 27 54 -86 37 -71 98 -56 1 99 -98 -16 83 -18 -83 14 -30 46 51 27 -51 -47 -25 85 92 56 -25 42 40 -85 43 -15 -34 62 -32 68 -97 -26 -31 42 -99 -73 -65 96 35 -98 -5 -14 -89 -22 68 -43 -80 50 60 44 2 88 29 -81 33 92 -60 81 65 32 55 -48 -11 -35 -68 -47 82 19 67 -6 29 47 -23 -47 64 -65 -65 74 -54 -98 -10 85 85 93 -1 56 42 49 -96 82 -19 51 90 -56 51 32 68 44 67 79 21 -83 -82 -3 9 -24 -53 4 76 -69 -30 -98 17 63 -11 -17 -76 -12 68 -21 -92 -79 -23 -5 10 90 -33 -43 -84 -67 37 34 -91 22 44 21 -30 -7 -84 -31 -20 27 70 82 -55 56 10
75 3 -34 -79 35 -10 47 29 -82 -85 -67 66 9 -5 73 -84 -90 -42 76 -89 6 4 18 40 -21 -83 -8 -68 58 -69 0 43 20 -68 -54 -90 24 29 26 76 -51 -4 19 84 5 -96 77 -80 -17 -29 -87 -20 -26 -2 41 52 51 -33 60 64 33 25 -1 -92 2 -45 6 78 -97 -52 72 83 41 -93 99 10 49 74 -85 57 65 85 7 74 -20 -58 96 2 62 97 24 19 57 12 -55 -2 80 80 -35 84 -48 86 66 -38 -27 -46 -2 28 -73 33 -18 67 72 -91 78 -98 -70 5 50 -95 -22 -93 49 35 -15 -80 87 -23 -87 -63 63 34 -63 79 -4 29 -27 -12 -67 6 99 63 -50 94 43 80 11 -49 17 24 -43 99 -40 -76 -36 -38 90 86 -23 -55 53 73 80 -13 -77 -72 -95 -60 94 34 -6 45 32 -8 -89 0 -37 52 78 58 45 55 -94 9 -63 49 79 76 -21 75 -72 14 -57 53 -27 -48 83 51 -97 6 43 18 6 82 -15 50 -88 -66 -36 -29 11 -54 30 61 -84 11 -17 10 17 15 12 -1 97 51 -94 -13 97 -94 81 -41 59 66 -2 9 -3 77 -4 75 -82 -96 24 82 87 61 -61 68 59 51 -66 -14 86 67 82 25 -6 -22 -16 -66 58 2 -85 -53 9 5 74 38 50 78 61 55 67 17 -14 42 -62 13 87 41 24 -12 28 -93 -33 -32 51 58 -62 65 44 17 54 80 96 -13 -93 -69 46 -80 -34 16 -50 3 5 56 -29 -83 -77 -94 88 20 -74 -44 -1 93 -11 -78 -61 51 64 -73 16 65 -34 11 -95 -86 16 3 31 -39 -83 -70 54 -27 18 -36 57 -16 -47 -35 -59 -86 66 -44 54 -36 -85 -90 37 62 66 47 -65 -64 -22 10 -40 -84 -43 14 -31 -56 -30 -89 -40 -86 -17 54 13 -24 29 14 73 77 78 43 28 -58 -14 48 -39 68 88 42 -50 -47 -54 28 -58 -63 -83 -98 9 -36 -22 -98 -69 -49 90 -83 -78 45 -32 32 -46 23 -23 -75 -16 -13 -33 57 -69 -37 -74 42 -8 -79 37 90 -89 -58 41 -11 73 -39 93 -50 -6 90 -90 -10 98 -40 45 47 11 -41 -64 -12 -70 -28 53 -44 -24 -14 -89 -57 97 -28 97 -12 -15 -90 -98 -86 -92 96 70 5 -61 45 90 32 -90 53 22 -36 -60 -11 17 -75 41 -76 6 -26 49 35 83 -84 27 32 -75 47 -59 84 87 -86 82 -53 -89 -44 -38 -28 -52 -94 41 10 21 -78
-61 -98 -6 92 -24 46 -6 66 16 66 -87 -73 -73 -66 87 -39 -95 13 -35 1 -2 -6 3 -96 -19 70 -99 -6 99 -87 -13 -93 -20 91 -53 -2 50 -33 -69 -33 -34 14 95 94 -44 93 -82 40 34 -32 31 55 -39 -85 2 17 75 -9 35 -55 -87 -30 13 -40 0 92 3 -93 5 42 -84 2 -37 -23 -9 -81 82 54 -78 16 93 23 11 -46 -62 32 -72 -43 67 -31 -68 31 -23 -22 -78 46 73 17 90 -96 13 29 6 -30 -28 55 -6 -13 11 -80 73 50 -34 -1 83 68 -20 35 -48 -33 17 72 26 -12 95 -36 -26 33 43 -85 -61 -58 -79 3 -61 -77 47 29 35 51 84 79 -95 -18 -46 -53 70 -40 -33 40 -8 -23 39 60 -16 48 -83 -62 79 71 -38 98 -41 -78 79 99 80 -94 -41 46 -77 -9 50 42 -83 88 80 73 70 -56 -55 35 65 30 -23 -22 67 -51 39 32 -58 40 16 55 -97 98 -25 -53 50 -83 -37 2 46 -26 -25 -18 80 92 37 -53 -28 -18 72 -31 -33 -14 -97 26 -25 66 -90 -79 7 28 -62 47 -60 73 -79 -89 -24 85 -65 -28 -48 -66 -65 40 82 85 -82 -49 2 -13 91 92 13 86 -61 -56 91 90 -86 96 37 11 14 -12 72 -56 -8 -4 29 -41 -19 17 70 90 -39 4 91 35 59 47 -92 -45 57 99 -45 56 58 12 -70 -89 52 -14 -87 -47 5 -78 -87 51 35 -73 -34 99 92 -4 77 -27 61 -92 -26 86 -13 92 -83 -35 -9 59 29 -97 -65 61 2 21 74 13 -98 3 54 57 74 -84 6 -58 36 -22 -35 -8 -95 50 -93 -45 -6 66 -32 63 -69 -48 -47 29 57 -32 -77 52 -59 -85 73 64 3 74 -79 38 -58 94 53 73 86 -28 -49 97 97 45 77 69 36 88 82 54 7 67 -70 -78 74 -40 -27 -88 6 -13 2 15 30 81 88 -19 37 -25 -99 -28 -37 -16 31 92 -79 58 40 40 59 -83 22 -51 30 -30 5 -44 -43 69 14 87 63 -73 58 60 57 -90 11 -11 44 -74 84 93 -20 74 -29 -84 -47 11 -29 42 -23 -43 81 0 75 21 34 77 3 77 -79 35 73 -2 72 -72 53 -19 4 -66 29 78 -15 94 14 27 -57 -47 51 -45 43 -90 -81 -91 -40 52 13 36 81 -10 78 -86 80 0 -41 -36 -27 -6 -1 -75 -90 56 -90 76 35 58 7 62 -18 -44 -50 78 87 91 5 -47 30 98 -83 73
-92 -84 -47 -8 -20 -9 -98 -90 71 -18 -21 28 43 -97 2 -69 -41 32 -97 -86 7 53 -46 -52 47 -92 -40 -66 -68 26 60 81 44 -85 -98 -33 -59 -88 -57 -28 -75 97 -36 13 -67 19 -9 -92 -19 -7 6 22 -42 67 4 -64 7 -74 -14 -24 25 -11 -41 22 25 15 53 -88 88 -95 -47 -21 -57 51 -15 -84 56 -35 43 -58 -57 32 96 -26 -43 76 70 -18 -18 -13 -90 -32 -40 -29 52 31 28 97 13 -97 72 -40 79 -8 -58 -2 -31 62 67 -42 81 -41 88 -82 14 53 -88 -61 69 61 30 -4 -60 79 0 -40 -44 -1 32 14 25 75 73 32 -21 -86 30 63 53 -74 -37 35 -42 30 -36 -88 43 51 68 47 -88 14 8 -52 49 33 49 97 -47 -7 -98 -75 88 73 -58 -41 43 88 -63 -22 30 35 -57 56 -49 82 -1 -13 -53 92 39 52 -73 86 28 22 25 -61 36 8 -93 62 -43 87 -12 44 65 82 98 78 -95 11 -63 -73 -35 -47 42 -74 27 23 -64 37 -42 58 23 1 75 -46 13 98 -77 99 -85 64 -63 9 -76 -10 3 27 91 -40 94 16 -78 96 -75 21 -58 85 94 -32 -35 55 77 -60 -26 21 15 -5 66 32 -14 -2 11 -30 47 40 93 7 -95 -27 7 63 -6 9 -93 -16 -43 -3 -31 34 98 28 75 50 4 -11 -16 41 97 -95 -80 3 -96 -64 82 -31 -88 -16 38 82 97 4 35 -89 15 22 -9 20 90 -76 -96 88 -90 -33 57 80 54 -95 13 -52 -82 79 91 -21 3 -44 -34 -32 -91 -25 -28 -97 0 -63 61 -4 -11 61 -7 90 10 -49 -33 52 -82 -1 11 86 -87 61 -69 2 17 51 -74 -44 -87 -11 21 79 17 -90 86 82 -52 -38 -77 26 -41 86 94 51 -35 36 -13 -26 -86 -24 -75 -79 -19 -71 51 -79 -1 65 -28 -84 -85 -71 -5 30 34 24 -83 47 67 -45 7 1 -94 82 -21 56 -22 86 29 -62 34 -81 39 95 -67 -46 2 -96 46 -98 77 -77 17 13 -86 62 49 93 95 -43 -72 -26 97 -56 43 -71 -73 48 -31 23 -96 73 -27 -39 92 97 96 -15 -6 -21 -77 13 6 -36 -19 -65 21 -73 31 69 22 -54 -25 -18 20 -36 15 54 10 74 79 30 -18 88 -60 40 28 -64 -24 38 -83 -70 46 -96 67 -16 -69 74 -71 82 -73 -81 -23 92 31 17 -83 -1 -45 -98 73 26 -87 17 -95 49 -41 -83 73 68
-66 -30 -82 -66 89 58 52 79 -55 -61 4 -50 99 69 84 37 -74 -39 70 46 -44 38 80 41 -69 -70 -9 -42 58 37 55 -14 -68 42 -85 -83 -36 -2 -69 -55 34 -93 1 85 81 4 18 26 78 87 -63 -17 12 16 -71 20 -75 -12 65 78 63 42 35 -86 51 64 39 -10 -58 -59 -31 98 -95 -25 -74 6 57 -35 71 9 38 36 -38 12 -34 81 6 -98 91 -70 47 17 96 41 -29 -70 20 -69 -24 59 3 38 -84 -72 -13 -8 -63 68 -8 -72 87 -39 -55 -59 1 10 45 91 -44 38 76 97 50 -13 -85 -41 -28 -6 59 -94 73 95 59 24 61 96 -32 -90 76 -45 -8 33 -79 71 13 20 -43 -84 -15 8 58 7 -80 33 18 -83 90 -50 -98 4 -45 -40 1 -96 -84 17 -80 50 58 64 -49 64 37 4 48 -68 -84 -44 -62 39 18 20 -25 73 8 -17 47 -27 92 9 87 57 -54 -39 -99 -57 -53 -16 -87 11 48 -87 49 -47 79 -98 -49 -55 -61 -59 -67 -97 -3 -52 90 -93 85 52 -19 58 74 -86 -29 -74 37 76 93 -37 75 -48 -12 -66 41 94 -82 95 -3 -30 -28 12 -26 84 -99 1 -84 63 -9 -72 -59 35 -71 29 13 -29 -85 -68 -89 38 -36 77 -81 -95 -48 0 -4 -4 -75 77 81 98 66 58 73 -94 -7 -14 -17 30 -83 -88 -80 -90 78 54 67 -39 -19 -8 -12 78 63 1 -90 -38 64 -79 92 -45 -68 -7 -78 27 -83 15 59 76 91 -76 -22 -68 56 -12 79 90 83 -40 -24 67 -54 90 22 -59 -27 1 53 61 13 -2 53 -11 -67 6 -61 -49 12 51 17 71 65 0 -11 -81 34 -7 66 -74 10 -74 62 91 3 95 -92 76 43 -2 57 58 -58 28 -58 76 13 -24 -1 -18 -33 -4 -88 -20 -82 -93 -7 61 51 98 48 -9 64 -2 -70 -59 -3 -12 97 -44 -1 36 -24 98 79 10 53 12 -11 -58 -90 17 71 -66 66 20 -4 91 53 -85 -78 -71 -64 97 -39 -88 92 -31 58 60 2 26 94 -46 -97 67 -98 -20 -1 93 85 82 3 -42 96 -1 83 -92 -50 -29 66 47 -90 -5 -97 64 96 49 63 12 -62 -20 96 35 -68 13 -23 14 -37 42 95 76 7 -71 65 85 -61 -89 -40 -70 36 -83 -42 -41 76 -77 -10 69 75 67 -73 -85 54 79 24 -35 -1 66 94 8 41 73 -76 -87 87 1 62 90 -71 -94 72 -80 65 85
-36 6 -18 17 63 4 -2 -19 83 -30 59 -9 30 -18 -51 18 -95 81 -5 22 8 31 -36 73 3 13 -11 73 -81 23 15 -23 -51 12 -86 -55 33 -70 -63 -50 -53 36 -51 -86 -11 -98 8 94 -19 -21 25 10 15 38 64 -16 -25 -96 -85 4 -59 -27 31 -64 71 88 28 81 8 97 -51 -19 -38 -28 -49 34 61 -80 -99 56 -29 29 -99 32 -15 -72 13 54 -97 -89 -19 -45 -88 92 93 -3 67 -68 76 -65 75 71 52 12 -88 44 46 62 -30 -52 62 27 29 -7 94 -46 75 22 0 10 22 -78 -64 95 95 82 72 5 59 65 65 -87 -32 -29 38 -34 -93 -18 -39 -87 -96 37 -79 72 -41 58 -70 10 7 -29 -98 -67 1 30 -19 -92 75 66 41 9 73 92 -17 14 75 -21 -74 -7 -30 20 -32 99 28 22 15 76 -17 -57 48 -8 -54 -22 10 9 -36 -74 98 -72 -94 0 -91 60 -39 14 -10 66 -23 74 43 38 -91 -44 31 -48 -61 55 79 -29 20 -13 51 12 53 -22 28 59 -31 1 18 -97 20 -97 -58 7 81 -84 16 -48 28 -41 34 -88 -94 71 23 -26 -32 60 -15 21 -11 -84 3 35 -60 42 65 -43 1 54 -19 21 85 2 30 -85 -33 -82 -60 -96 43 54 86 97 31 -52 -24 27 17 -39 65 8 -37 -2 67 87 -57 -43 -22 -69 -57 2 -17 -66 92 60 23 89 -85 80 -44 -23 -4 -39 -41 81 83 -17 31 -82 56 53 44 -41 -93 59 -26 -23 50 -95 96 -53 32 -13 92 -14 -66 84 -80 88 93 -35 49 -73 -72 -35 -86 97 33 7 9 -30 -35 34 -37 97 73 4 39 70 -60 -63 39 59 58 -30 -81 -31 -76 66 -61 -83 48 3 -82 59 -67 43 61 -10 46 -58 62 20 -62 -84 84 7 -99 21 -60 20 -28 -74 78 20 22 -57 -86 22 58 -76 72 -54 -70 -94 -24 -38 -94 26 22 65 -45 -68 -6 -50 -92 -36 -17 -47 -12 62 85 30 60 6 27 64 -27 -10 6 -46 -49 27 96 -88 -47 83 23 25 93 -44 35 -15 -84 90 -93 -73 -46 -23 19 62 -32 80 39 -94 -37 -95 76 -13 74 -17 -79 38 -44 -10 -77 49 -30 38 -13 42 64 11 -4 33 -36 91 -15 79 19 26 -7 3 -64 43 29 60 7 -89 34 -79 14 -28 43 60 -22 -31 -52 14 -41 8 19 3 45 -45 4 90 -32 47 93 -73 53 30 -19 51 55 55 -70 9
-59 89 62 -34 2 85 29 -87 51 33 -40 15 -77 50 -99 72 -84 86 -5 -14 -13 -63 90 -27 32 -95 -91 -99 13 24 -71 -44 72 -75 89 -44 -68 -96 14 -15 75 80 63 95 -53 -84 0 14 7 -58 -58 28 -93 -6 30 -38 13 72 -53 -65 93 23 12 63 38 76 84 -34 86 70 47 -8 -59 55 -56 -67 86 99 -17 32 99 5 8 22 -87 -88 -19 78 -23 -42 27 26 -60 -90 89 17 38 -54 -46 -40 35 -6 -86 25 95 57 67 -54 -51 -40 -91 -71 -30 26 77 61 -9 94 38 0 -42 -73 12 74 -56 76 23 -77 -32 67 -96 72 62 -34 -32 -28 -75 91 -54 24 87 -26 -10 25 2 -30 48 85 34 18 -84 -43 -10 -46 -7 -46 -1 25 99 4 -91 20 38 -77 -87 15 -18 -15 6 -82 59 63 21 33 -17 -89 42 36 -14 -1 43 89 98 56 99 43 -46 -94 -27 -83 -5 96 -13 32 53 -10 -91 57 -10 -28 53 -3 76 -17 -85 90 55 37 -26 76 -20 88 33 87 14 91 -38 77 31 -97 68 -71 90 54 -31 64 -54 59 20 -66 80 -27 -12 -78 38 45 79 -81 -17 -46 -24 -17 -58 -46 13 -80 -48 -17 -67 5 -69 -51 86 58 4 -26 -43 -80 13 -78 -92 -86 69 -30 -97 33 -93 -15 -48 -48 -51 90 -29 -18 88 -12 -6 88 88 -17 26 -30 85 -90 -90 10 32 -67 5 25 -46 3 -70 61 -90 18 -15 -72 -22 30 2 -51 74 44 51 -20 37 -8 77 60 70 32 -9 -43 33 -8 -43 -77 -62 -93 -96 97 28 59 99 93 96 -3 48 -55 -4 45 -72 26 46 52 52 -4 -72 -69 78 72 7 92 61 9 24 61 39 69 -83 -77 75 75 -35 69 94 -41 62 -97 -45 -16 -85 -61 -54 -65 49 89 -36 34 -34 -30 -79 -19 -74 -33 -51 98 -54 -60 -87 -39 -18 49 -66 -8 -78 -3 -67 76 40 -39 67 -30 -62 80 -43 -4 -96 92 -92 39 83 -91 26 33 71 6 80 68 -98 89 -32 -96 -37 -37 81 49 -90 -26 -75 -72 -33 80 -73 -76 -44 20 85 -87 57 -96 78 12 93 -22 -30 -41 -79 -6 -25 -47 98 52 66 -19 91 29 -8 -52 -34 14 -9 -92 -48 90 80 69 -93 10 -54 76 -57 -85 95 -10 45 73 83 -55 77 89 2 -56 61 -82 40 0 85 77 -39 30 -12 46 -43 -40 -33 -71 28 -59 -15 -76 89 39 -41 -28 -6 18 94 -10
-78 -12 -55 -77 71 -13 -31 90 19 -59 38 -18 -11 25 -68 1 66 -36 -35 24 -6 -37 88 10 -24 -3 69 16 55 -1 40 30 19 8 -45 28 85 48 57 -11 -6 -9 17 93 -80 -36 51 75 -61 -2 -19 69 -76 40 69 -85 82 -22 -68 -25 -57 -14 73 -93 -82 42 84 5 -13 74 97 -83 -58 2 -83 -65 15 28 -26 55 23 -66 -46 38 -94 56 17 -61 16 61 -17 72 -94 -89 -38 55 -63 -56 57 95 5 -30 -54 40 18 50 -57 -75 -66 80 -85 -95 47 31 60 -73 -7 19 63 -45 84 62 70 -63 81 84 88 -30 7 90 -19 -77 -34 -32 -87 9 -46 49 -34 -76 -71 -17 89 -66 -19 31 32 -91 -13 -94 84 15 45 -1 -16 76 -10 -3 40 -25 -91 -44 -75 -18 89 -42 49 3 -80 2 94 73 -14 3 -19 -7 -64 30 -4 76 80 -36 -52 92 52 -68 64 -61 -88 33 45 14 -87 -78 -60 -94 -32 33 49 -60 -11 29 25 52 -94 4 25 -89 67 -60 12 60 -67 -74 -37 -73 -45 -6 84 2 3 27 53 18 95 14 -41 -82 95 -7 52 80 -12 66 -40 48 -36 -82 5 55 48 16 -52 87 15 -94 -61 -46 -37 93 -11 -41 -4 -59 -56 -29 -56 -46 6 27 -14 93 5 -99 -49 85 -29 45 15 -88 -96 79 -30 -97 42 22 -29 50 9 -85 87 88 -75 -86 10 -17 80 36 63 -23 -10 -66 60 -50 -47 -48 19 -74 33 55 89 76 -22 98 2 -95 -17 -74 -26 66 -99 67 -49 -63 -90 -55 78 -87 67 43 98 30 -50 40 -92 35 -67 1 59 16 -41 18 -60 89 40 9 -45 62 -3 17 -68 -81 -77 63 -50 69 -8 36 34 46 39 -35 -4 -18 -61 -8 62 12 -19 53 -45 -87 -89 -37 -60 78 -92 53 27 2 -2 14 29 -27 -65 18 60 16 68 27 96 -51 86 -5 98 31 71 48 41 64 46 -25 30 -73 53 21 -85 91 -86 -6 7 -65 41 -49 23 80 75 -32 85 95 70 -45 91 33 -19 3 -65 -34 6 -9 94 39 -82 -52 -48 29 80 -40 41 71 17 -12 -11 -50 -55 -57 55 75 -60 -61 46 65 -87 -3 -40 41 13 27 -51 -52 -36 -68 -18 44 67 74 -4 69 -73 34 37 82 -2 -85 82 79 -74 -58 39 54 96 8 -27 21 -92 -74 -92 -11 -26 5 7 88 -60 71 -86 -25 -2 92 -4 -99 99 79 -43 -82 50 38 46 49 69 -40
99 -17 2 -15 -13 -43 31 -96 -72 95 54 -7 85 30 -52 60 54 20 96 60 -60 58 8 -85 71 95 24 29 -39 95 8 7 -7 25 18 -54 -69 70 57 41 47 91 11 -81 -32 -83 -29 -34 -90 56 -89 -50 -55 51 -63 -1 83 -40 -39 -4 -9 8 -45 36 -39 -56 -7 17 29 6 47 6 78 -22 -66 -99 6 -87 6 22 63 -81 43 -9 13 -66 -61 -41 -95 -3 -76 -2 78 75 -30 87 41 -80 -11 -57 -29 -77 -93 -12 89 -81 96 27 42 57 90 80 21 -6 -48 -6 -6 -20 63 6 86 23 8 -19 -2 -80 79 -99 2 -94 98 77 -54 88 -77 -1 -6 39 72 -78 -62 43 38 10 -88 -51 55 84 99 -78 -89 -55 -76 2 33 -63 58 -38 73 -60 25 81 97 41 -6 -98 -80 -15 91 -56 23 19 87 -67 -47 95 41 53 -46 71 -31 44 77 -75 -41 -82 -48 -13 -90 63 -39 51 -97 39 57 -8 -45 50 18 -13 -24 89 -3 -91 46 24 21 -46 59 33 -57 -8 86 90 40 -54 22 59 -57 -84 -41 26 -32 61 -81 -49 -32 -53 70 -17 99 -29 33 65 -94 -63 -97 85 75 -6 47 61 -18 -60 69 -40 -99 -57 74 -3 -39 8 -72 -9 11 -33 66 41 -77 -62 30 35 65 -76 2 -73 -51 71 91 -94 78 -79 84 38 -46 -65 39 22 39 -90 -35 -60 71 55 32 -22 23 75 -40 17 -21 36 -78 36 -94 88 25 -37 65 -92 -79 94 75 18 -42 60 -88 65 -49 -16 -78 96 11 57 -12 48 -29 -31 79 66 85 96 16 86 -3 66 21 88 -49 -77 -95 74 -50 -45 -86 74 -18 -80 -9 6 84 -15 65 -84 -32 68 30 -22 42 -38 4 -70 71 33 -52 47 3 -44 -5 -86 -98 -23 -72 36 -37 -55 -10 61 -79 -8 71 -93 82 94 50 59 -82 -69 -33 95 27 62 -19 42 -32 -46 -67 92 -39 -90 66 -43 27 38 47 22 39 -7 -31 -90 -12 7 -24 53 5 -48 -3 -43 74 -65 18 -7 -13 23 87 -58 88 96 14 -55 -91 -32 92 -25 36 64 75 -9 -62 -26 -8 93 89 -40 6 -58 -76 -81 91 -31 -24 17 51 31 74 61 86 59 4 -67 79 -67 29 -42 40 -17 70 5 -18 49 70 35 57 67 -50 -59 30 -34 30 75 44 -51 -87 -74 90 -15 -82 -9 -38 6 11 90 69 91 -33 -76 15 -24 38 55 42 -10 23 -54 -61 37 -17 57 -87 -58
96 -91 -33 -13 4 28 57 -31 87 -10 -87 -41 -40 -81 -52 22 70 -59 2 -45 -92 86 -97 49 24 61 72 -82 68 -67 53 12 17 88 64 21 -38 90 -35 93 68 -45 90 -36 -89 22 -53 -21 79 25 -98 -42 -30 5 -87 0 99 -81 85 83 82 -99 83 74 -25 28 -83 -37 -4 -46 1 -45 98 54 43 25 48 64 -27 4 73 -68 -66 27 20 -52 47 -26 29 10 -59 -94 -58 -17 51 13 45 57 -52 7 56 -41 47 37 -56 21 69 31 52 -95 -99 28 -79 92 -38 4 -4 20 84 21 66 93 -64 49 -27 -76 83 -87 -54 -48 -4 -10 51 65 83 47 -49 8 -94 86 3 -64 -80 9 -54 14 -24 42 -25 67 -45 15 -60 -43 35 64 42 50 -57 53 8 16 39 4 -84 -71 22 -62 -99 -28 6 66 -81 88 -21 -43 68 35 12 20 -6 95 20 -90 44 -93 63 -3 40 33 22 80 -78 99 25 34 82 7 32 -39 -99 11 -68 10 5 66 75 65 -62 0 55 -12 90 84 7 -29 60 79 -22 -94 80 8 -10 -37 19 30 -53 -43 -24 30 -71 -49 40 -30 -85 61 -62 86 -9 -28 79 -22 -92 61 -31 85 -80 -76 -88 -80 -92 -97 -99 -97 -8 33 -12 83 -52 -9 -59 -58 41 78 -31 83 -88 0 3 -56 -36 -58 -54 -96 45 43 -93 97 19 26 84 -13 59 -77 42 -94 -22 -15 -94 -44 66 9 75 -93 34 -80 -74 -61 -42 79 -23 54 83 78 59 -36 -75 -93 -55 -12 81 -60 -55 20 6 -5 -71 -31 -81 50 63 40 -2 79 -77 -56 -64 0 52 86 -48 35 83 31 80 4 -30 34 -51 96 78 -34 46 -55 -68 -24 -7 48 31 -66 -85 -98 45 43 5 43 66 -99 1 29 -51 22 80 -79 90 19 -14 -82 94 32 -88 -37 46 -80 -17 40 -9 87 85 -84 42 75 65 -19 -47 81 -61 2 66 9 21 -79 -66 20 -9 -80 17 -88 61 43 44 87 24 -2 71 -37 -66 -1 60 -41 60 13 -71 41 63 -5 71 16 12 0 -9 45 14 5 46 -9 -80 -57 -15 -95 12 -26 -43 81 73 -45 56 59 -87 72 -38 -9 78 70 -75 -71 -29 -23 -96 73 28 74 -12 -31 25 -84 -92 5 -93 -11 -40 -97 48 -83 -61 -40 62 -66 57 42 -83 -71 95 61 86 -37 -66 -98 1 -10 65 -32 93 -81 51 -68 -52 50 61 3 -94 -17 93 18 -55 32 -38 15 -69 5
-97 32 -48 32 -39 56 64 -49 -72 -11 52 86 -23 77 -73 13 36 -40 -30 -6 -50 -68 80 21 96 91 -4 -16 97 12 29 -4 -3 5 -13 59 -83 -67 -78 59 57 61 -73 76 -65 -11 -51 3 46 -20 -54 -84 89 -79 71 -76 21 34 -79 36 91 55 -9 -30 -14 94 -45 98 95 1 30 0 80 -22 -50 -29 73 19 55 59 -98 -58 -54 39 -40 90 91 -91 -28 40 -99 -40 89 26 31 -90 24 -46 25 -81 53 -52 87 -44 -10 -90 17 64 -99 55 96 -81 -29 -58 -97 58 -17 77 -29 15 18 36 73 -39 -24 6 15 -84 49 9 64 59 60 69 48 68 8 -86 -41 62 -72 73 -39 76 12 -43 -85 -16 -30 -7 96 87 81 70 98 -92 -94 -73 -98 20 66 74 -23 58 -68 16 34 -85 -8 63 -1 -25 -62 97 45 -49 -90 -30 -80 57 -93 -34 48 54 -29 -70 -53 94 24 88 -4 -20 -80 -46 18 70 40 2 53 -15 68 -30 72 -67 11 91 29 -22 87 -30 -68 75 -17 -17 48 10 78 -60 -30 15 60 -71 99 3 4 -21 -80 -5 -94 21 79 86 23 3 -65 16 97 -88 44 66 75 72 11 -12 36 29 -52 29 83 -91 98 6 11 -9 13 66 17 -86 46 29 66 65 -78 89 -82 -61 58 -9 -73 37 6 -48 88 40 -17 -46 -45 -76 48 -9 -65 -97 97 19 -96 64 75 52 -28 -90 -1 -64 10 -50 19 19 -78 -92 75 53 78 -9 -33 26 10 13 -92 -42 3 -76 12 29 -62 57 -60 -58 98 -15 -67 54 -38 55 -79 -69 60 24 -23 -9 55 -34 84 -66 -20 7 -47 68 -54 58 -70 6 -71 8 -51 73 -95 -62 -85 61 -35 38 -49 -42 -83 -70 -69 -49 -76 25 -71 -68 -91 -20 -47 -94 -79 -29 -55 -32 -33 49 47 74 -89 72 78 -47 -44 97 -18 -50 75 29 96 -53 -1 -68 -90 -35 -31 2 -79 73 28 -62 39 -65 -77 -59 -74 -28 -27 43 -53 -80 26 -89 -54 19 -96 94 23 -83 -57 67 -26 29 33 -69 -9 -34 74 37 -5 3 42 -31 13 -77 53 -36 4 -77 22 32 77 7 -54 38 -52 -29 -53 -49 72 71 -52 40 80 12 -54 -47 -40 10 74 86 -25 -3 94 77 -19 -84 23 17 46 11 88 0 -69 1 64 -99 80 -97 63 73 80 94 -1 91 60 -74 -64 -28 24 -32 -85 -6 -34 38 -70 79 -82 -92 33 -55 83 91 66 -53 -57 58
80 -98 -80 -57 95 -56 -34 76 -49 90 -86 -39 -52 -62 -97 -58 -94 73 -92 70 51 77 -83 -60 -46 92 -35 95 84 -17 -34 -41 -78 29 96 16 19 10 -2 79 0 -76 90 -95 34 -96 56 -40 28 74 -82 -91 -75 -81 61 64 -95 97 -52 -65 -25 88 -50 -79 90 -26 29 -32 37 -85 15 -87 -12 -67 -79 80 -83 75 -50 0 -82 2 45 22 34 -33 78 90 56 29 56 -75 37 28 -56 79 78 31 -51 -49 -53 -39 28 -4 -36 -36 41 -1 -60 -69 -37 -85 41 49 -4 4 -64 1 -93 -60 -12 -86 11 -98 37 82 2 -33 -17 28 -59 -34 -45 49 -39 50 44 -50 10 43 -9 -81 -19 29 11 -74 -98 -91 63 -27 -11 -48 68 -64 -39 -35 67 -67 93 49 -29 -88 -25 -64 -86 40 1 81 14 -28 -5 -12 -88 36 -56 -62 -55 79 10 48 34 -41 18 -15 46 -21 98 35 -82 -28 97 -8 -21 -85 55 17 -14 11 60 -11 68 -52 -20 -23 -31 4 -20 -41 35 -51 -97 71 -58 -49 -11 15 -34 -16 13 -64 9 16 65 -68 -55 -49 61 51 15 16 30 -77 -91 57 -72 21 42 95 -68 79 -71 64 -18 79 75 6 -16 75 92 64 -66 -7 -74 91 -35 28 92 -75 54 -82 37 -78 -90 -91 -82 45 3 -91 40 18 -70 -49 55 -34 -38 -90 99 -22 64 -60 55 -8 -80 29 65 53 95 -71 28 64 -69 52 53 -77 -42 59 7 6 -96 -16 -74 17 -28 -90 -29 0 -75 16 -54 -13 53 -74 -86 -19 -75 -34 17 -65 90 -56 -11 -81 90 -31 74 -34 42 46 -46 0 15 3 -81 48 -12 -73 -3 -19 99 25 -69 84 -56 -45 -37 -93 -42 -95 -49 51 70 -47 88 7 5 49 -67 41 -87 -88 -80 -40 81 -42 -49 -17 76 -30 49 99 -55 11 18 -96 -82 6 36 -74 38 46 47 92 -67 10 37 34 -90 -20 40 11 26 36 -22 66 84 50 -66 99 -74 46 -2 -99 39 20 -93 0 -64 -30 -81 -57 54 98 27 58 -26 -3 -41 25 95 75 58 30 -35 -1 -85 75 89 69 -36 1 -28 -53 11 -19 64 79 -40 -95 -62 -24 -55 -84 -38 81 40 82 -1 88 29 71 82 -26 -52 -50 16 77 99 24 -94 32 -61 -6 79 -77 -46 94 -32 95 -72 -53 87 -5 75 5 -27 24 -54 -49 3 -92 -64 18 -87 -74 -63 43 -17 28 -23 -42 51 -43 -51 -67 74 7 71 23 -22 -97
3 88 -51 -75 12 -60 4 36 -29 -91 -63 -77 88 -39 11 -64 -8 -41 -31 -42 -4 -49 12 -64 -61 -48 91 48 -27 54 -28 -33 -41 83 6 4 39 -3 27 -83 -49 -69 92 66 -35 7 55 -34 34 30 90 -25 -54 48 -36 -45 83 -96 8 43 90 37 59 41 -5 -20 41 -45 -47 -35 -34 -41 65 -33 -55 -99 -90 -84 85 5 70 84 45 -85 20 -66 -42 -24 90 81 -87 -87 9 -72 55 54 47 -46 -55 -11 41 75 24 4 8 27 85 -91 90 86 -7 -34 -82 33 -32 -53 -56 27 37 64 -63 -49 -52 30 -35 9 -95 43 -45 21 -38 -66 14 -81 -93 -53 -10 -88 7 92 -15 -26 -63 -67 -4 41 -85 32 -34 34 -71 51 18 99 -20 -99 8 27 -84 -1 63 5 -97 -72 -5 77 -19 14 25 3 -55 31 -30 -1 -49 -91 -95 -43 -24 -66 35 83 -70 67 75 -48 -39 92 57 -46 22 79 9 10 -97 47 60 -1 14 31 15 -21 74 -75 32 57 -74 5 -16 -80 -44 -85 49 -97 -89 -9 -79 -57 7 49 41 -20 0 64 -89 -25 17 -31 -1 16 -77 -19 55 12 -55 -32 15 82 -67 59 -12 48 38 -30 -27 79 50 11 42 -25 22 -60 78 80 36 24 -59 -92 -78 -91 -57 -53 53 -12 2 -57 12 51 -23 39 -92 15 79 -66 -15 61 36 -95 13 -75 98 36 -59 -33 53 43 84 53 72 64 -29 19 57 39 -90 -97 -92 -7 51 60 -33 37 17 -61 65 37 -58 -19 -84 -50 -41 88 79 96 99 -44 -72 87 81 -57 51 23 79 -7 -16 22 -4 85 -21 89 -11 -64 69 -89 -38 -73 3 33 40 -86 -75 63 -79 -96 86 -59 66 -82 76 -31 -85 38 -90 36 -35 9 -95 76 17 73 40 -23 22 -56 78 55 -40 29 -89 -42 5 -50 -8 22 -9 -26 79 -72 -17 4 -80 51 42 -55 -13 -2 -53 -56 54 -21 -24 -79 -22 78 -65 -32 -87 78 -56 1 -19 61 85 88 -99 -71 -75 -76 96 7 -80 -19 56 1 19 54 -75 9 46 5 -95 49 -89 51 24 -95 12 -28 -19 -97 -78 58 7 -43 16 -82 -84 -50 -54 81 33 -33 -6 51 26 73 -53 -20 15 -12 63 76 60 11 -21 -28 78 -70 10 -50 -11 -21 14 -17 -89 5 89 80 71 30 21 -31 27 71 -86 -52 -36 -46 63 98 56 -62 28 -14 -82 33 -4 4 47 -82 -20 84 86 39 2 92 91 -59 63 -58
42 36 -63 -14 -69 -12 -37 4 36 12 85 14 72 -19 69 93 -37 52 -76 60 -53 89 25 -60 -3 68 65 34 5 83 41 -67 62 -19 -89 30 -2 -7 -87 72 72 52 -62 -7 42 -23 -87 38 -69 -89 -81 -39 13 86 89 20 46 -78 -12 -90 -30 99 61 72 -46 30 -51 -44 87 48 -66 4 43 -87 -98 24 56 28 -81 -23 55 -92 -45 68 -14 72 -14 -51 -5 14 59 -86 -45 31 -35 33 -10 -33 -90 47 93 -66 24 84 -3 -8 70 74 -77 24 0 65 -12 -13 -93 89 25 -55 -24 75 1 64 83 39 -87 25 -86 -73 87 77 15 72 -29 67 -93 -45 0 91 -87 96 -24 76 61 -74 -88 -95 -13 -99 -73 54 -25 71 -28 34 74 63 34 94 -75 28 -58 -89 -66 -56 -91 25 8 79 58 86 -80 -88 -91 3 85 67 30 83 -34 -80 47 63 74 -66 16 -4 36 -21 71 56 -73 -68 -4 -10 1 87 25 82 -31 -14 -78 -99 53 15 52 96 78 56 33 -29 70 68 -64 -8 -80 -8 4 98 46 3 -17 26 18 82 -76 40 33 -87 3 -95 -75 60 72 -18 66 65 83 32 -87 69 41 74 25 -56 -24 -26 91 -68 -24 -11 30 -16 74 -2 -96 -2 -58 98 89 -37 56 -38 70 -97 -56 -46 -53 -6 76 -6 -97 78 77 76 10 -17 -49 43 68 -56 -82 -33 -88 -37 -30 46 -94 -98 -6 -88 -90 7 -73 -85 -83 -92 67 -69 -25 36 -42 49 87 66 -72 34 -82 -12 -80 91 85 14 10 -17 -8 4 -39 99 -8 11 -48 -19 49 -28 -24 82 79 82 -50 5 -93 -66 -35 92 -95 41 -17 -55 -28 -43 -86 -22 6 -15 61 20 -49 -89 -56 29 61 68 2 -62 53 -15 44 -20 -57 74 -5 -66 48 15 -58 53 42 92 57 -4 -39 37 -77 55 41 37 43 86 20 -75 72 -49 48 -79 -61 -45 24 87 12 -45 64 94 -65 62 93 14 -8 -2 66 29 63 13 91 -59 -81 52 -44 11 -51 -96 -13 -87 34 -75 80 96 -90 -18 81 -47 46 -5 -35 -21 93 10 -64 -10 -3 48 49 11 85 -39 -45 -37 79 -67 -58 75 79 19 -30 47 -1 71 -53 -94 -52 -2 -88 -40 -80 50 92 16 -60 79 -6 -11 16 79 5 20 11 -83 -20 -62 -51 -39 -78 68 66 -47 32 20 -53 -48 7 52 -82 -22 -22 -76 -71 85 74 10 17 44 12 -66 -70 -94 -8 60 94 -78 -61 66
-54 98 13 3 0 23 -32 54 -77 67 -91 80 16 2 92 40 -50 93 41 94 -65 15 84 95 82 -12 -14 -64 34 -43 59 58 -63 -83 -27 -6 9 -27 86 -63 62 -84 88 20 -72 -67 -49 -3 -96 0 96 38 -10 48 -61 69 39 51 40 38 81 91 -27 42 -71 -27 58 24 22 79 -49 51 33 18 -28 99 84 20 -38 -52 40 25 14 13 78 -71 96 -88 -18 -79 -93 50 94 66 -29 3 -46 -65 -80 52 23 -76 38 -33 54 80 -28 77 -74 70 17 89 24 24 81 -65 -17 45 -61 83 -21 -79 17 -26 67 73 34 81 -13 70 61 -27 86 22 -12 -37 91 9 -30 -50 -12 -29 -63 75 -87 -11 0 -48 -17 29 -73 12 -93 98 74 -60 89 80 49 38 32 20 61 -19 77 -78 66 5 -4 -39 -56 -43 -53 0 95 96 20 -25 54 -50 54 89 -90 1 65 -6 -48 -71 -73 -37 -63 -82 56 58 65 -86 34 -2 0 -99 41 74 30 -29 97 -73 -39 -1 64 38 83 65 69 40 67 88 83 -58 56 98 -18 -97 -77 -38 96 16 90 63 64 -18 44 20 -52 -98 91 65 32 -15 47 -12 8 13 -63 81 64 -8 -87 -18 -99 -80 -97 -90 84 22 81 70 83 4 49 26 -31 86 43 -42 7 -30 95 12 -73 83 9 -89 67 -50 45 -31 -22 -39 -15 -63 -39 71 18 -7 18 37 98 71 -87 70 -75 79 -79 -50 -47 87 0 75 -64 -58 -61 -56 -59 94 -78 84 18 61 74 -58 19 -17 -92 34 99 55 -58 16 92 53 -76 -25 8 79 -7 24 -62 -39 19 -92 95 91 -64 87 -45 -92 89 39 -2 -35 -35 59 17 -51 -37 52 84 94 94 46 8 35 -99 -55 -79 60 98 78 -21 -97 0 88 35 -76 -8 12 -1 -49 19 45 34 40 61 -88 96 41 -35 -18 -85 91 -59 -17 45 32 58 -81 -82 2 -14 28 44 50 11 39 40 88 -36 -42 -67 -81 63 -35 52 -89 -57 -60 -62 -80 58 -12 62 -51 10 19 -79 33 -71 -47 -81 -63 -70 -92 -11 -56 83 -21 34 -76 -5 86 28 36 62 -68 -82 31 -76 -58 48 34 -24 -51 17 -7 88 8 -86 76 -53 -58 -41 -98 2 65 -76 -56 -72 66 85 -40 17 -60 2 71 83 24 40 67 13 31 -36 -38 98 4 -79 65 67 37 95 22 -41 -72 -19 16 -21 49 -2 -30 5 49 16 -24 89 -17 -82 31 -70 21 17 67
-88 41 68 96 31 -54 87 56 1 24 -74 86 -20 13 40 49 0 -10 81 -88 8 20 16 -85 49 39 69 34 -65 -1 63 78 -26 35 69 60 -59 -23 -21 -75 50 77 16 94 0 -3 1 99 75 97 -60 19 -6 88 12 -14 -22 -91 -84 91 -80 14 54 -37 -96 -11 -15 -8 82 -69 -4 -97 -99 77 67 -10 -78 -31 -1 49 -66 84 -84 -91 74 30 78 85 -56 32 -55 7 -12 -87 -54 -55 98 70 -18 88 -38 6 -52 -13 -90 43 -41 -51 88 -66 -58 -7 9 93 -14 65 -75 -77 65 -97 0 -44 -88 57 20 9 46 -5 0 -54 -79 53 -49 11 -82 5 32 -62 -28 -75 25 -46 -69 60 -30 -24 12 -60 51 -99 55 62 -55 -96 -98 26 53 55 -8 91 -70 -31 -19 -35 55 -53 93 70 18 8 82 2 13 94 23 24 -86 18 49 -86 66 37 -70 -84 -52 -57 -70 93 -37 46 35 -27 51 44 -20 -82 95 -32 -83 -58 -79 -52 33 69 61 -1 33 78 -72 -19 36 38 -70 16 99 62 -56 71 29 -14 -24 89 65 -91 3 69 58 78 3 75 -91 51 89 -50 -67 -82 36 -79 92 -66 -29 18 89 84 -9 -77 93 67 -53 99 -62 -64 -12 -40 4 30 30 79 91 -32 4 27 -16 -80 59 -74 -2 -8 -77 -44 73 -35 53 81 -88 -81 -2 -12 -24 -96 42 -17 -3 84 -43 38 98 69 44 -74 46 -13 10 75 -68 -63 -82 -78 45 52 91 39 -93 56 -90 -16 47 -99 48 36 6 -9 41 2 -53 -70 -52 -95 -58 -71 22 24 -85 52 42 67 -17 68 -18 31 -43 -10 31 8 -3 -67 -99 -2 54 -73 75 86 -2 56 -57 -22 -63 -48 52 65 -13 -52 -60 -40 6 89 24 42 82 85 -88 73 46 -38 -82 35 24 -59 0 -27 -71 4 90 77 61 -12 54 63 -35 8 77 -60 -38 17 99 69 44 -86 -89 95 -95 29 -24 1 73 13 -10 80 2 1 -84 48 38 -74 -92 -43 1 -81 -26 99 -52 20 25 -82 -81 89 53 -54 -65 -14 -3 72 -11 -11 20 -64 -20 -69 -90 -26 64 -56 -48 -76 29 8 -34 61 39 -85 -36 -91 -62 -7 91 95 70 -89 83 43 -34 60 59 -54 -7 -39 -97 8 24 -22 -84 10 25 82 -26 -48 -87 -81 -13 64 -30 73 43 28 -58 86 85 78 -86 33 -53 91 61 23 53 -28 91 74 36 -36 -34 91 -76 -57 51 -71 92 60 1 -66
-47 -55 -95 96 42 -51 32 -54 99 18 57 -2 74 87 -80 -38 -92 11 74 22 -39 -60 -11 -85 -52 -89 -59 -63 -24 57 95 57 -5 -39 79 -13 -73 -27 55 -53 79 -93 -56 -21 -20 1 -89 13 13 94 9 73 -45 7 62 -46 66 6 62 64 11 -41 -37 96 25 35 88 85 19 74 -18 -79 -9 65 -36 34 69 -34 71 -13 70 -12 -11 73 -56 21 86 -31 73 61 -85 17 41 84 -50 20 7 1 62 78 9 -65 -67 85 -88 52 27 -15 -78 76 -73 23 38 89 -27 55 -87 -70 -79 65 22 -57 58 33 59 -17 90 48 27 -49 69 89 62 80 -77 -54 84 -86 -52 -58 -78 -3 32 -69 -61 -6 -37 79 1 71 -39 -43 54 68 39 -46 56 41 -2 -20 44 -28 -74 25 -22 32 -5 92 -36 -68 -85 -94 -23 37 -12 29 -74 52 -22 51 77 45 -52 -95 -53 62 19 -49 -17 -95 -94 18 -95 -74 31 -95 86 -79 43 28 -2 -95 -92 -56 -66 94 -98 -39 77 54 28 -78 38 40 -75 -91 -43 47 -91 59 11 52 -90 66 -6 -7 -48 86 -76 31 -41 -5 90 71 -72 -14 36 -37 -86 27 -59 -22 74 58 37 8 -55 -51 -70 4 67 -79 -13 14 -17 -65 -74 99 -77 54 -35 32 7 -63 83 82 -4 -97 -33 -66 -55 67 8 36 59 52 7 -81 94 25 -41 -17 -79 38 42 -19 3 17 -33 -82 -64 -30 45 -31 78 49 9 -70 -71 -75 -7 96 77 -11 -15 -14 16 -56 -47 7 -35 26 55 91 17 46 41 -24 15 -65 -26 -66 33 -22 -64 7 90 26 -48 52 -24 50 -82 5 -6 -8 -24 -97 5 -69 82 -56 -56 -27 36 -25 -96 -87 20 30 17 -49 13 25 -20 87 -86 -94 -76 16 -36 65 -33 -7 -10 -3 90 13 19 -88 57 20 -2 -39 -51 68 -58 -76 32 -99 -80 -44 80 80 78 -22 -54 82 -33 98 -23 41 86 -1 -38 -40 -11 -50 -45 90 -74 -91 -55 -78 -8 -25 60 48 -43 17 89 -45 -58 -52 -97 -27 -5 -69 -61 -42 2 87 40 -69 86 37 60 17 26 85 5 64 -31 10 26 -64 -18 61 -78 46 65 71 73 -76 69 -8 -39 29 -70 2 78 87 58 -33 10 -9 -4 4 -41 40 -49 -44 -90 -77 98 -63 41 89 92 -51 56 80 6 48 -61 -12 -72 68 81 -38 12 -23 82 -3 1 62 -14 50 -39 -28 -41 56 34 98 98 -26 20 -79 71 73
-41 29 -66 -11 59 89 -87 -90 -48 -54 18 -69 7 -46 87 -77 97 67 -76 -53 54 93 47 -9 6 40 -31 8 -85 -46 5 79 -35 -81 -55 -16 31 -13 -1 -89 -86 96 -20 24 -37 -96 98 -47 -74 2 4 -96 9 -31 -41 73 54 -17 -52 65 -49 35 53 -86 -66 0 40 72 27 38 -36 71 17 -79 7 52 -52 -72 24 38 56 34 74 9 -72 -85 -85 56 -62 -92 72 -81 -98 -8 -25 12 -5 -19 -23 51 77 -82 31 -33 -53 -73 43 14 -53 12 -31 -85 -12 -78 -58 20 45 -17 -44 -17 12 22 -73 39 -15 64 74 74 39 67 -33 87 29 -42 -44 62 4 -50 -39 -92 -5 89 -46 -69 -4 21 -76 -74 -19 10 -82 -62 42 61 -85 28 -30 -86 -84 36 74 83 36 -93 -63 94 -61 63 72 -33 -27 -4 11 -43 -56 -97 67 -30 20 0 35 84 3 42 -62 8 -55 -37 -24 -85 -2 -11 -11 -65 63 -73 -71 16 -68 20 -91 -35 -70 -68 -61 33 8 75 61 87 84 -80 29 20 -23 -80 51 -8 -16 -56 33 -51 -16 -16 -75 27 3 -21 5 -88 16 68 -39 56 -29 -28 -59 -50 -30 9 43 -9 3 -65 -69 -44 52 -42 69 88 -78 20 -75 -31 -41 -26 76 36 -90 79 12 -58 15 -66 16 76 -7 -13 -10 41 9 60 -53 47 -89 -97 -26 -62 -97 88 -85 5 -52 35 12 -23 -73 26 89 -17 7 -74 -70 -28 -9 27 -39 30 -65 52 -57 -57 4 -16 -31 -53 -7 -65 76 14 -12 -3 72 7 37 -53 22 37 -21 -5 92 -3 60 -17 15 32 54 84 -82 -19 -62 -21 -86 6 3 1 90 13 61 49 62 2 -93 35 7 -3 56 -82 84 -31 -21 -1 70 -31 88 -49 33 -97 -28 53 68 96 3 -92 10 93 87 -8 94 -79 90 -49 -58 -62 -10 79 98 34 -30 -18 61 16 -80 6 89 -68 9 -32 -70 16 -52 -61 -77 51 -51 61 19 -92 76 -96 -5 16 -83 -5 -46 94 -51 -76 -25 58 50 26 22 -18 14 -71 25 86 -16 57 96 79 -72 -45 -64 -30 -16 -83 59 97 65 60 -39 -40 -54 18 -72 -13 46 -93 -84 38 -89 85 0 96 -98 -94 46 -46 -31 27 67 -18 95 -93 -81 21 61 97 58 21 -2 22 -77 -52 31 46 19 60 40 84 -51 98 -57 -46 50 9 30 70 36 -10 72 6 -66 95 49 28 -15 -66 -44 -16 -1 49 57 56 -74 -58 -38 91
-21 18 74 -60 37 69 -43 26 31 79 -25 -38 -70 52 -81 -71 -23 69 51 66 -68 -32 80 -80 72 13 -19 93 -23 -67 -37 45 72 -60 73 33 -51 -97 -26 98 -66 -61 -3 17 91 -48 -41 91 37 -84 -3 70 -93 -50 40 76 49 56 37 -81 -35 46 25 45 -96 49 -63 43 22 60 43 -23 30 -28 -26 -94 -15 12 -50 -40 -52 -10 62 71 11 83 -29 72 -62 64 98 47 -87 -48 -28 58 78 -49 -40 32 -3 -45 73 22 71 78 -3 80 -28 -8 -79 -70 -26 -33 -2 98 70 -2 -45 20 42 -32 -24 -30 -78 37 75 -59 -5 -72 90 5 70 53 -40 21 -7 -75 41 89 -93 -43 -29 -62 34 73 11 -79 42 58 -96 62 -90 47 35 -94 -67 -43 34 88 31 3 16 -93 -60 86 -31 28 12 -66 70 -69 72 -55 -47 16 19 43 -23 43 30 16 -39 92 -99 58 36 -98 -99 10 31 -13 95 -18 -28 -32 -52 -26 67 -29 -57 66 56 -52 24 -68 -60 -16 -54 -65 47 -74 -77 -96 30 -97 58 -82 -56 -21 -24 11 53 25 82 -6 -35 -42 39 -66 -14 98 -61 51 -63 41 -50 58 49 -20 -31 93 4 14 -42 -65 6 52 -42 -10 -68 -69 -15 49 58 -80 96 71 -74 12 32 -55 90 -20 57 84 51 -42 87 50 -41 4 -20 -35 79 84 -22 -34 -25 92 36 74 1 -99 -80 -79 63 -43 -36 -62 40 -7 -43 -5 -49 -36 41 37 -17 -6 -58 -81 73 -82 27 -89 -42 14 -77 24 78 22 68 24 -88 -14 16 66 -9 98 24 18 -85 -62 -17 19 -72 -97 -99 -57 -61 25 -95 -3 -59 67 -62 74 -82 89 42 1 -74 -62 3 70 56 19 -14 -4 81 -84 -94 -8 -69 -6 -12 -77 12 7 -7 -19 5 7 71 7 -44 -91 55 60 -51 -64 -49 61 -54 96 40 57 -71 84 30 -41 -89 18 -65 -97 -43 -55 31 34 83 -49 -69 -92 51 11 43 42 58 -15 81 -13 96 -64 83 39 68 90 -3 -78 -51 12 44 -16 64 22 -77 -12 2 21 -75 58 53 -51 -65 -35 19 -38 95 66 15 58 -86 -79 28 83 -69 81 -69 -47 -19 40 -28 19 -44 -91 -92 52 39 -31 -71 -48 -72 -1 25 46 94 6 -19 -13 -92 -42 -92 70 -47 40 -86 49 17 -31 -12 97 60 3 -20 96 -22 -52 2 -29 41 37 -34 74 -53 -29 -9 -81 -6 -82 -90 89 20 -80 -24 -68 -66 -88 -33 -28
-95 25 72 -68 -1 55 70 36 -88 -78 -2 -85 53 33 -71 20 22 -68 21 -62 45 -43 10 46 -11 -20 -71 43 -42 38 24 28 -96 60 42 19 10 -74 -68 32 99 -32 18 34 -27 63 -11 -45 -69 90 -79 47 -55 -14 -33 85 24 -56 27 -83 89 -21 19 43 -66 -37 60 21 3 91 -25 86 -46 -88 96 -65 19 70 -78 -20 -27 -42 47 -4 50 90 83 -11 -69 -87 -46 48 99 93 -40 -73 50 58 36 -75 -2 -68 7 -11 74 88 -21 -23 -74 10 40 -10 14 -13 88 17 13 66 -45 65 11 37 44 -11 81 -65 -51 6 76 -59 64 41 73 -26 62 50 -58 47 33 24 -98 -11 30 56 -51 -5 84 -73 -26 59 -80 -35 -92 98 -70 -67 79 54 81 32 -62 -53 16 -10 -6 -76 -96 -73 -63 -19 7 -24 -58 94 -23 19 -10 66 50 6 21 -47 32 58 -92 -5 -3 89 48 25 18 23 46 -66 79 -65 4 79 85 -99 -44 22 -2 6 66 -88 11 54 -68 34 38 -96 51 96 -57 22 -34 -32 -7 48 -82 41 -8 16 58 32 -65 71 88 -54 -62 20 25 -60 79 15 -96 47 -65 -11 85 50 8 -23 89 77 94 55 -8 69 -2 13 -93 -39 40 78 5 -68 -37 -39 -14 82 -91 92 1 86 -38 94 -36 48 87 32 -4 90 -16 -48 -33 -32 -86 -83 42 15 75 -81 -78 -24 21 27 89 -55 -94 -20 -63 -11 95 -72 27 -62 72 96 -23 -67 20 58 33 -8 9 -56 28 21 -70 28 99 -53 95 -55 68 9 72 -47 -90 -24 -97 16 39 52 10 70 -89 75 -45 71 -2 -63 18 24 69 -16 -80 0 -65 14 -58 -47 58 -67 2 -99 -28 -35 42 -36 95 60 91 -97 41 -75 -53 -7 0 4 -60 -56 45 -33 6 16 90 42 88 71 49 13 81 -12 97 54 -84 67 -65 71 -47 75 41 97 9 82 32 -1 -58 11 91 -16 44 23 82 -60 77 95 99 -66 -12 18 35 -16 1 79 -73 9 4 -51 20 -29 -72 -94 29 -99 -4 91 9 -63 45 -52 72 -19 -59 -75 21 30 -3 83 -93 -70 23 -10 -6 -19 -27 38 -3 48 69 -19 -89 -30 -6 35 21 -34 -85 50 6 -93 11 -48 1 -69 -22 73 65 -3 55 64 23 -32 -80 37 -72 95 -41 -81 -17 96 -90 -70 49 -42 4 -86 -41 60 93 50 87 28 -18 -2 -78 -12 -18 -88 -79 -72 84 85 14 -42 65 -12
-6 48 -40 -25 42 -81 -35 34 -23 70 40 -95 -2 39 72 -93 35 -30 75 -75 -72 57 15 32 -44 -85 -74 2 -99 -79 -36 -49 -47 -40 -25 96 73 86 25 -93 -13 -60 -35 -44 78 64 67 -94 43 -29 -19 -1 -73 -99 36 -29 -37 -79 -46 4 4 66 -33 -94 59 88 -55 36 -76 -57 -85 -82 60 38 -53 -66 -45 -97 -79 -64 -70 55 -62 29 -37 80 96 40 10 51 27 -26 30 40 38 0 -11 -97 13 23 70 82 9 94 49 80 -81 -83 -10 4 80 57 67 98 57 25 -99 77 -84 -57 -43 -20 -79 72 69 -88 -97 67 3 -82 -70 -37 -30 31 -1 -53 -16 -39 95 26 2 12 -5 -71 26 -90 -14 -16 -10 -95 19 14 80 -87 85 -76 43 -53 13 81 13 -5 -21 42 -48 14 -13 -66 69 -91 -21 -23 99 -19 -32 -37 -6 -54 14 -51 -6 68 -42 -32 16 -52 6 -87 -8 -41 -3 -18 66 -76 -82 86 88 41 99 59 -95 77 20 -72 -8 37 80 -24 72 -23 -38 51 86 55 -2 4 -59 64 44 38 60 -50 -12 34 18 -45 -86 3 36 64 -99 -70 -91 59 -49 -92 79 -77 63 -32 17 14 -24 -49 -60 -17 -91 55 -38 50 -10 94 68 -42 -43 -42 -97 66 35 35 -97 -72 80 30 -75 83 38 -86 95 30 -92 56 70 7 13 -50 -33 -64 99 3 76 -9 30 -21 -86 -80 1 -55 -9 61 3 45 -69 78 79 31 12 -22 17 -9 -6 85 61 -93 68 22 -64 -28 76 6 -67 2 -85 -63 34 16 -33 60 -52 -89 -37 -81 30 -92 -1 -89 60 -27 97 -23 -24 -72 79 -43 2 -76 -6 33 -45 29 -80 -94 57 60 -28 23 26 -79 -57 12 38 -8 -65 45 48 55 8 10 -69 -53 97 -91 65 32 2 -3 79 31 72 18 -77 55 -72 -57 99 85 36 -18 -54 35 60 31 -19 23 78 -80 -34 68 -43 -37 19 36 -4 -34 68 72 24 58 55 -28 23 1 29 -58 -60 -62 80 -62 9 80 69 94 38 -99 91 98 57 99 -95 57 35 2 -81 14 -76 73 15 92 -7 -35 -3 -53 -68 -17 -58 -26 66 -18 63 95 22 93 72 57 31 -20 -69 35 -79 -39 33 -10 97 -4 -46 -36 49 -25 11 -22 -15 -4 58 -6 -8 86 79 -20 40 -15 -3 44 -72 -49 18 -76 -76 -77 11 -46 50 -79 89 69 72 79 57 41 -18 28 83 33 45 -52 64 -79 65 -4 -41 86
33 61 87 -10 95 26 -59 -57 -14 17 -99 22 -19 -44 -33 -34 -49 25 -32 17 26 -87 -94 12 -50 -13 -17 -71 -44 59 -15 -94 -7 64 -14 0 58 -92 -63 -18 63 -46 -67 -99 34 -64 8 -96 -86 -69 -56 -33 25 -83 61 -8 82 -61 -72 93 8 39 27 26 59 3 26 93 10 -49 85 72 8 -32 -14 -2 -88 -57 -88 -57 -52 52 -93 -76 9 46 89 -16 60 -21 59 -86 20 -53 31 -80 97 -41 -39 45 83 -59 -51 -41 99 66 26 35 2 -65 64 73 -80 -23 51 70 46 -60 -65 68 -96 -24 76 -61 -34 -43 21 15 74 58 -25 35 -69 81 46 -77 40 -59 77 65 35 -65 33 97 59 -67 -63 -51 99 -25 -36 35 3 32 42 -95 8 31 88 61 39 61 18 74 -20 -11 -33 92 -46 33 40 -53 9 -46 -45 -84 -72 70 -32 75 -87 61 94 74 13 29 39 -15 52 31 1 -81 54 43 -48 53 45 -72 -34 -38 -72 -38 -33 -46 -43 -67 -21 87 55 -54 83 -49 57 -60 -34 -89 -60 27 -60 40 -91 95 57 -7 24 -65 54 33 -56 67 30 77 61 40 59 53 13 56 59 39 -95 69 -43 83 12 -67 -26 -52 -46 71 89 -98 91 -99 12 -43 97 42 -52 33 66 -7 80 -7 51 80 -65 46 -49 -81 -76 71 -73 -8 48 -49 6 -26 53 44 -85 -79 -29 -77 31 38 56 -47 -99 24 -19 59 -3 -82 -91 -64 -86 96 -47 -62 92 -53 -50 -7 5 -93 2 66 24 67 -19 0 92 26 68 -35 42 -75 4 5 65 37 85 80 -59 43 84 13 -5 -53 84 46 41 97 -37 -34 8 -41 -62 -80 -10 23 -82 -57 -28 90 -11 61 31 -76 -8 -57 -47 -72 28 13 -29 -59 -49 -82 6 -57 46 -81 91 63 32 -6 89 43 -81 45 -8 35 -12 -29 -20 33 -74 -53 -67 50 -4 31 -83 -10 85 73 -91 39 -15 -22 63 91 -63 46 -52 15 39 -48 84 -78 25 25 -2 -78 -11 -85 -94 62 42 -92 -92 86 43 36 9 -58 96 9 -89 -41 41 -25 16 -74 -56 -80 90 -25 -94 7 -97 42 -52 44 12 72 -94 -5 3 90 70 35 83 -15 -91 -66 -6 -1 14 18 21 -6 -39 79 36 -19 2 -6 45 -79 85 83 -62 14 -18 -45 52 28 -37 71 -32 80 67 -73 -80 -56 82 68 63 -15 -86 63 -9 -25 72 -5 -88 19 83 -33 -31 9 -47 19 -28 -53 43 -61
74 -69 -30 -52 96 90 27 44 43 -39 -59 24 65 95 -74 -70 41 6 86 -89 -49 39 59 82 -84 -88 34 -2 54 35 -57 84 49 34 -35 5 -57 59 0 -99 -95 -33 -61 -18 17 94 -77 33 -95 85 -98 -71 62 -1 59 -59 -59 -34 56 -90 -72 31 -29 -70 87 74 -8 -96 -69 -12 42 32 -4 -56 82 41 18 87 -24 3 -91 -89 -28 69 66 73 84 36 -67 -2 67 39 38 49 -65 19 78 -15 8 49 -5 20 43 -31 -96 98 -66 22 -39 -90 -35 48 -6 96 51 41 -75 -70 -15 -45 12 64 -56 97 -45 -96 89 -42 -23 45 -24 -89 -53 -43 61 62 42 -79 40 78 -24 78 26 -73 -93 -44 -34 89 72 42 -82 37 19 -81 -45 -81 -37 -42 26 -54 94 7 -62 71 9 -50 -60 -49 -14 85 54 38 54 -82 -99 68 88 1 19 34 72 46 -11 18 -36 -63 -17 28 54 -80 -98 -71 -50 -14 0 -11 -43 -3 31 -62 -80 32 -85 55 -89 -85 -52 50 32 78 -74 61 69 29 16 -3 53 -2 -27 72 -12 3 30 -8 44 -52 -90 -3 34 -26 -2 18 97 -54 -61 54 -18 72 -76 -56 -42 35 70 -82 -34 -68 -13 84 66 84 -94 81 53 -50 -10 -10 29 -87 -78 80 -49 -88 -76 90 8 21 15 60 -80 -13 -79 17 -56 51 60 -65 -50 -75 85 -64 62 -32 -4 3 -49 -63 -9 40 -67 -62 85 -95 -98 32 37 33 -89 -73 8 5 -87 3 10 -52 5 86 62 -86 -27 -99 81 -75 36 -3 -29 -35 53 6 -72 -60 4 -36 62 60 57 -75 65 8 -32 -37 2 -93 -84 69 36 6 70 82 -38 42 81 62 -97 -37 -41 38 49 30 3 69 20 89 -53 -7 28 -11 -28 -69 -54 88 5 61 40 52 -11 -26 -54 82 54 90 -96 88 54 -62 -34 8 84 -15 74 -96 32 1 -49 -48 14 -77 45 -27 -91 -63 -38 -80 -29 -99 -93 -96 16 -60 85 -48 61 -71 -54 -1 61 -29 -5 5 -30 87 73 86 63 -60 -13 -53 6 -57 0 68 -81 0 61 25 85 13 -20 -73 -83 48 74 -15 4 -19 -67 8 -38 13 -62 32 -99 -7 30 -32 -87 -38 -46 65 -77 -1 -65 -96 -81 87 -85 3 62 -3 4 63 -4 90 -14 -34 -13 -41 -2 75 35 -60 88 -40 1 72 -81 39 -14 72 4 -98 57 93 -83 49 -17 -82 -69 -43 -68 -95 -83 83 6 -58 -68 14 91 56 -8 15
67 50 78 -66 -4 38 41 -45 -58 -51 67 -13 74 30 66 39 -77 6 8 99 -72 -50 -77 51 -74 -66 -59 -26 19 20 -40 -47 -64 92 16 70 -40 -28 -96 -24 -83 13 -43 -92 -34 -33 21 80 -10 39 55 -70 50 45 49 -86 41 -80 -23 -73 -19 -66 38 -44 -82 45 -63 0 72 -67 -20 -42 -99 -63 -13 -62 -41 -70 -87 -89 -57 -70 -49 -21 -51 6 10 -32 -11 96 79 2 -51 68 -77 72 71 57 -60 -28 15 83 -34 75 25 88 -26 -34 93 57 20 -93 45 -47 53 -33 58 25 -58 -38 -95 99 -21 -26 80 -85 82 -18 19 -18 -75 47 -69 41 -97 -11 7 -40 -43 5 -30 35 87 76 -70 43 89 38 -53 14 -25 -54 -29 -34 -51 0 10 2 -10 -83 84 -14 97 45 -51 41 66 2 43 -91 86 -76 -84 -60 72 -83 46 -48 -63 7 92 3 -88 87 -90 -28 -31 -76 68 9 -37 60 -38 53 78 42 -38 11 -32 36 59 23 -62 -40 85 74 -65 -58 -67 43 89 6 86 -40 -67 57 64 43 -40 14 36 53 13 51 5 88 -72 18 -43 -98 19 11 35 93 -23 86 -90 99 32 68 -58 -57 3 -9 -75 -60 -77 -3 45 22 92 63 -14 41 87 5 28 -13 87 3 23 -2 52 -94 3 -42 31 32 5 -93 -41 43 31 -91 76 4 -64 97 5 -9 14 33 92 89 41 -54 -17 -90 92 -58 39 53 -83 -96 -66 59 -30 63 3 87 67 -39 -56 -50 68 -51 47 -89 6 -23 -89 10 -74 66 90 51 -82 81 -46 16 67 -44 95 -13 13 14 4 97 -25 93 -21 -61 -3 -18 59 -5 88 51 5 82 -12 -78 -59 -5 -99 -42 -17 -69 78 -45 29 52 94 65 -76 42 24 -12 46 52 -15 -19 -59 79 95 8 -59 99 51 6 -74 19 -22 -62 -69 37 -16 96 -16 32 9 88 67 -39 -93 74 -70 91 -51 45 93 -46 -46 -30 -32 -3 -77 -58 98 93 83 -13 -38 78 43 -46 12 91 9 55 -39 75 -69 47 86 22 -6 -46 -82 81 57 -70 -98 81 -32 88 -15 11 86 -97 53 -85 37 -86 -51 34 49 77 -8 -9 76 -57 -46 43 91 48 14 10 -36 68 -40 -42 44 98 41 -10 -73 -64 -7 -3 28 -19 42 -58 -93 -17 -67 -36 55 -90 -7 -81 -36 -55 -21 -32 54 -61 -67 -17 27 62 -94 -44 -59 -73 -21 -40 3 -67 39 -9 -96 73 -36 14 14 -70 -49 38
-15 -34 77 -8 16 75 84 -89 -30 -29 -74 -54 -91 52 29 81 88 -52 56 71 98 -38 -90 1 -49 -59 3 3 -60 -35 40 -87 89 -92 -93 -33 -54 -66 -29 -26 6 -99 -93 16 -92 -13 -69 -58 -71 47 -7 -76 25 40 -7 -35 -48 -26 66 -82 -73 -94 -21 -12 -41 -14 97 66 8 42 85 -23 57 85 -85 47 91 74 25 32 5 12 67 -15 70 -16 -21 -85 -84 11 32 -22 0 -99 -28 70 -36 49 -69 -78 -59 -78 91 25 9 -31 -99 70 85 -94 61 -32 -65 -42 65 76 -9 55 70 77 -58 97 54 9 87 66 19 49 -3 -7 -77 -89 62 -5 -89 1 -8 1 -41 76 21 26 -3 -96 14 -74 -7 -17 56 26 -83 -2 36 -84 26 -86 18 -64 34 -55 20 38 -78 -99 52 35 14 61 -83 -46 95 95 19 47 65 54 51 -96 46 -84 -14 51 -44 -70 13 18 26 13 85 -80 -55 49 -58 11 -29 -10 -68 -50 -94 34 -60 -47 38 31 10 13 -9 -33 75 60 -1 9 -49 -13 -63 -66 -67 -53 -16 -94 25 -39 -59 -88 -55 -36 11 -92 -8 -92 38 -13 7 -57 10 36 88 23 -57 -98 -18 -2 -31 70 -33 65 -83 -69 71 59 -43 62 67 13 -46 -87 -69 75 -23 -17 85 59 -7 -24 -42 74 -17 -40 -69 82 18 -65 -34 62 -83 4 -17 -72 15 18 43 -95 63 3 76 13 45 -81 78 30 -44 -63 -61 80 84 -51 20 12 83 25 12 21 -59 43 17 44 55 32 20 -90 13 98 -95 86 90 20 -63 88 24 -77 -3 -51 42 62 -46 57 34 91 30 17 21 -44 -73 90 -43 2 -51 -54 14 -71 -54 27 -21 26 8 50 -55 -98 43 -97 67 19 -32 83 -69 -94 69 42 -47 -79 39 -48 19 25 -87 85 -91 41 -18 50 45 -47 -31 -16 27 82 -78 98 16 79 -94 51 -52 -27 22 -98 -53 -86 -74 99 -60 83 -96 -17 38 -17 -19 -74 -42 -1 -7 -26 -52 -11 -45 -53 -39 12 34 58 21 -70 -11 42 33 -12 -62 -26 77 68 98 11 10 35 69 74 80 88 28 -7 -42 86 -24 98 37 -88 -74 -15 77 13 -55 8 99 -41 -76 81 -32 9 -32 18 -49 8 27 -67 -20 84 -46 -69 32 -73 25 39 43 52 -47 -41 -37 -64 86 -78 55 59 -56 -86 -62 -73 20 -60 27 29 28 -44 -75 -97 -10 67 -32 70 29 -80 -1 -76 -12 -93 -21 -99 -33 74 -80 74
51 -54 5 29 94 -75 90 83 -7 -42 19 -13 -57 13 91 91 86 -61 -74 -9 31 9 49 87 -47 -53 44 8 36 38 -39 4 64 62 25 65 -43 -16 -75 22 -61 -43 99 -57 -50 -39 59 89 89 70 -4 -62 83 -93 -28 -84 68 -54 66 -92 24 -78 79 32 76 -38 3 -80 -21 -32 43 20 -67 -50 72 -25 -67 -86 -25 33 -21 -90 -12 52 82 5 29 -26 -40 43 -50 85 -21 -81 -75 -1 -78 -95 25 26 57 4 17 -83 14 19 98 3 -90 86 65 52 24 -26 14 17 57 51 -74 88 -12 -54 -37 -66 -80 -55 60 43 -99 94 50 10 28 71 10 43 -72 -6 -11 -26 -78 -57 80 24 11 69 -52 56 -95 -26 -49 31 19 96 88 -72 50 -48 70 -15 36 39 33 9 12 -56 -60 -7 38 -98 21 -6 -37 64 -3 93 31 89 -23 57 -68 19 74 -62 -90 69 -89 -83 78 -94 -9 -31 -38 80 76 84 -45 62 -25 -25 -15 -14 -37 78 77 61 9 61 -86 92 30 -83 80 -59 5 -60 -12 51 47 18 -68 -37 -96 -55 -15 -83 39 23 -30 65 79 -30 -17 36 54 59 16 60 -2 38 60 -34 14 -48 30 -57 -52 -61 72 -28 -34 9 -35 85 -48 -51 53 -94 69 81 -48 0 73 -93 47 29 -88 -52 51 -55 -66 -23 3 25 21 11 -92 -44 -43 53 27 -83 32 -20 -42 80 14 96 56 -12 -50 13 63 -59 39 71 52 72 -74 73 -43 -6 84 51 36 -92 -27 65 -34 -68 26 32 54 -37 -23 -6 80 -38 12 66 63 -51 -31 -58 -49 66 66 -22 -44 33 -14 -73 96 -62 89 -15 38 69 -39 -29 36 -23 35 -47 -1 -25 -5 -31 16 -99 -89 14 -96 -88 -33 -73 89 1 13 -89 -48 -78 0 64 96 88 53 -17 52 -84 -59 95 62 40 -92 -59 -43 -71 -30 6 -34 -46 13 -81 -47 28 68 20 99 -13 -53 80 -83 -38 5 -22 58 -18 84 -73 98 16 -66 61 18 -6 -5 -9 -31 77 -7 52 -17 99 -64 -83 68 99 53 16 0 -8 -58 -73 85 0 1 66 -29 16 57 52 37 39 -11 58 68 3 18 48 -51 93 -48 49 -98 65 -54 48 18 40 -65 -67 3 -19 -7 -87 -96 19 19 -54 -20 -59 25 -47 -60 9 -58 -44 9 -46 32 48 3 47 -68 17 75 15 -38 -14 41 8 25 -57 -40 95 -84 94 -51 60 98 70 92 -71 -31 -61 -88 -18 89 38
53 -65 40 86 60 78 -44 -83 73 -75 -84 1 -62 22 -34 93 -48 60 -83 36 9 -3 44 39 26 -11 22 8 -81 97 -62 12 8 -36 -1 90 26 92 8 -14 -60 15 -41 61 35 -41 58 83 -1 61 -8 15 -48 86 63 17 42 53 66 57 -55 83 76 -65 64 -74 82 13 -67 19 -43 -14 12 9 85 -83 35 8 -57 -28 -99 42 -36 -32 64 27 48 -86 -17 -82 -57 -74 11 97 79 -71 17 70 -61 -92 68 81 32 36 7 -92 -59 -85 82 -10 -85 -79 94 -87 76 -89 0 27 -37 66 28 61 -13 -32 84 36 42 -20 5 -71 4 32 -93 -1 82 36 89 -2 -22 -41 -5 -38 -33 57 -70 -8 -90 53 29 -33 -69 75 9 -80 2 -8 21 -93 -21 62 21 -52 22 -95 15 7 -91 93 -22 88 -22 88 16 -18 -57 -16 -49 86 60 73 15 -41 -80 53 53 -75 -43 75 -58 -14 66 18 -15 61 95 -30 77 -3 16 57 92 -13 -24 92 -38 66 47 -83 -24 -49 13 -59 68 81 63 -46 8 38 46 -3 -83 94 -2 92 11 23 -54 -85 -33 97 -78 27 50 99 26 3 24 79 -30 28 -17 48 -13 -82 -62 -36 -91 -57 -21 49 62 58 -91 76 36 0 27 51 70 85 40 79 -5 -19 -56 22 22 9 -53 -89 -72 60 -9 54 47 34 97 -21 76 -12 -47 75 -27 -87 -62 15 41 97 -20 10 -23 -75 48 -41 -81 -32 -28 96 -25 -37 36 -54 -9 47 -68 -64 -47 -97 41 -92 -27 31 -90 0 -2 -2 -79 9 70 -87 -90 8 52 -12 51 -92 -48 13 -65 20 97 10 -55 -30 91 69 -60 -53 35 20 94 94 -21 73 -26 -65 51 26 -77 -48 4 -3 -83 -19 -71 -66 45 46 17 87 -23 -58 19 -8 -4 -41 59 -70 46 -69 -78 34 44 87 86 -93 29 -59 -92 -36 61 19 64 -70 -55 92 20 24 64 97 -31 -93 0 -84 -25 68 -72 57 -93 84 -39 -45 77 16 -71 -98 -38 -96 -36 90 91 -59 2 3 71 82 94 96 -16 -22 -68 14 -46 47 0 34 42 -14 -50 -64 -77 95 -34 -73 52 -77 86 55 -49 96 34 31 35 -56 -20 25 8 72 -94 -49 79 -95 -99 65 -85 -67 21 -31 -49 85 68 42 18 -42 41 -48 66 -94 36 -18 -17 -68 13 98 -55 90 56 -40 -16 32 -86 67 -46 -36 9 70 -94 55 -14 60 81 -82 -19 25 -44 15 67 9 -40 -98
43 97 -80 -67 -29 72 -46 -69 -11 99 99 46 -85 -68 -6 97 81 -10 -28 -44 35 23 -55 59 80 97 73 -10 28 -64 -63 -4 -50 -89 55 18 37 -40 -14 -6 74 -24 96 -14 8 29 67 -16 64 48 68 24 78 -74 32 41 -68 22 -12 48 70 68 -15 79 -26 -14 -92 59 -26 64 22 71 -10 83 -54 96 16 -59 -96 -1 84 82 -18 6 51 -33 94 5 -85 5 -44 -11 75 15 24 -99 -92 49 -59 86 -41 -54 6 -52 75 69 31 -36 70 -39 32 -66 23 -41 23 -82 -79 89 -33 -82 -32 76 -25 -72 20 65 -39 52 86 -26 -99 -19 86 -37 -97 15 -15 83 28 67 -56 -40 72 25 8 -92 -6 89 16 -3 -64 51 -6 -41 -47 35 72 -53 4 -14 -53 89 -36 -98 -72 90 60 -18 84 -39 79 47 79 -68 69 37 10 -46 -39 8 26 -13 99 81 -13 -26 -29 -38 92 28 -28 69 64 23 -92 53 77 -79 -29 86 84 8 -18 -18 -66 55 47 20 -30 40 -55 -88 -97 39 -7 -69 -17 -49 60 -22 -46 79 35 -52 -71 -71 91 -34 50 -24 87 33 48 -13 -40 -33 59 18 98 -28 -48 -3 70 -61 77 -66 78 -87 -36 59 -14 -89 -5 48 -96 88 -92 28 -22 1 78 -24 25 90 -89 -82 -67 87 35 -87 -17 -58 98 8 -54 -88 74 19 5 -48 -27 -89 -19 -15 73 -3 -73 -73 49 46 -12 99 84 70 -55 42 -4 60 -81 -18 -10 -62 7 -53 26 48 28 -21 -3 -52 -24 30 22 72 -66 79 -82 -21 89 -59 75 31 49 -45 27 93 -3 53 -99 -49 -6 -85 87 -3 -33 -59 34 -98 -74 35 80 86 17 -55 64 -40 -79 -53 65 -18 18 -45 2 3 -66 -12 -39 -99 51 46 97 -60 -42 83 -54 -20 83 -52 -6 -27 -68 -38 66 -27 -98 -58 -53 -55 -14 31 81 28 -5 88 82 -9 31 -19 -93 57 45 25 -62 47 -36 29 51 34 63 59 -76 51 10 -54 -83 86 -44 2 -88 11 -25 -59 -28 -16 47 -29 -45 95 -78 17 -98 81 -50 -37 59 -20 -89 61 -12 47 -19 -81 -74 -42 38 93 41 -88 -26 -50 -28 60 61 9 5 91 -50 22 0 19 -50 68 -21 3 -24 -38 88 31 16 81 -75 18 34 43 -57 -47 -36 -85 32 -85 97 -36 33 63 3 -24 31 85 39 -15 -70 29 -39 31 -57 80 -75 5 -85 47 -70 -97 -23 52 14 -59 -31 31 -29 -29
57 -29 -11 43 92 50 -27 -41 -84 14 -91 93 -14 -73 -96 92 12 50 30 84 -59 98 61 -26 15 61 69 -37 24 -78 66 -21 58 9 -39 95 -26 13 -22 40 -52 -63 54 -79 81 -67 90 -13 18 -93 -94 -32 11 66 -3 18 -38 -75 9 -30 5 39 82 -69 -57 74 32 -1 93 59 76 -88 -26 -38 43 -81 -64 28 -92 33 -51 -23 87 25 -87 -84 95 54 -84 -56 -48 4 68 -25 -86 -54 -16 33 -35 -15 -6 11 -38 -53 65 13 77 77 52 24 35 52 -69 -17 -17 -53 -71 72 39 49 -33 -18 -87 98 -60 -2 -36 44 25 76 -20 23 -94 81 -67 6 -1 88 85 -58 -65 26 51 40 -41 -31 59 3 -50 -15 96 38 87 56 60 65 3 79 71 -64 37 -37 -93 66 -61 -61 23 23 -35 -44 99 57 -19 57 40 -11 44 70 -40 -8 -19 66 -95 -79 -79 88 27 0 82 -71 45 -57 56 92 35 70 -66 21 -36 -37 73 -82 52 -77 90 -41 -65 -3 -67 -63 -68 -22 -91 -10 -84 46 99 -21 62 35 90 -15 -96 -62 97 76 -39 -77 -28 -79 -19 40 73 -70 -72 86 33 99 -45 -85 80 -72 -85 12 -19 -17 -62 56 65 -38 -85 24 -60 39 59 4 -99 41 30 84 78 62 15 63 21 -2 -26 -31 19 32 -60 25 -18 53 -92 0 26 -3 -58 -56 91 45 -69 -61 29 -44 -13 -23 2 48 -12 69 91 27 99 84 48 27 -76 -41 -32 2 -23 -91 -67 91 -67 7 9 38 92 94 42 75 4 -16 96 -82 4 31 -90 92 96 -43 4 62 -23 -96 -95 17 63 57 91 53 -37 30 -22 -5 13 22 31 83 -35 -56 51 75 0 60 -93 -27 -21 -57 -40 15 -72 -11 -52 0 -18 88 -54 40 9 -41 78 -94 68 46 33 33 61 46 -52 99 -42 -18 31 -92 88 -88 7 -73 27 -31 -54 82 -65 42 36 -75 97 -35 -48 49 -42 -34 64 28 -89 80 -24 -66 13 90 -9 -85 0 -72 55 5 -18 91 72 -82 50 -52 -3 53 82 81 -55 -16 -11 -9 -52 9 29 -87 -45 -66 54 87 -16 85 -23 5 -64 45 -86 33 -57 24 -40 62 36 -88 -97 -79 32 23 3 6 42 -87 -61 27 32 25 23 -48 45 31 -32 -2 53 -97 88 -91 50 -90 19 4 -68 -19 -67 41 93 -60 9 -76 -17 23 -21 -64 30 -72 -84 -47 53 42 86 75 -63 -30 -81 -66 57 -47 92 61
11 -89 -86 -57 -73 -37 77 88 -87 63 76 21 24 68 -34 -17 32 -11 -23 84 61 39 -3 96 -56 90 -75 -84 -52 52 51 -6 -2 34 -44 55 42 -26 -49 99 -99 -93 -93 54 -65 -15 -39 48 67 9 90 -98 -22 48 -56 -49 -71 4 17 88 38 -5 -8 -95 9 26 95 11 -39 23 -5 -96 8 -37 11 1 44 91 83 -82 -70 99 -76 -79 9 -61 37 -67 24 42 64 -75 -18 43 -18 66 -66 -34 -35 -44 39 78 -62 68 -87 72 -24 -83 13 -8 82 -15 -91 -21 -70 17 42 63 11 -30 -23 -24 94 44 -83 49 -71 67 -5 -98 85 -92 -57 -75 18 -46 -33 -27 77 42 -31 -72 -19 -6 59 72 -22 -51 -34 79 44 64 27 -79 -19 -51 -59 -50 -52 -28 -76 59 38 -15 -22 88 -71 47 39 -21 -23 80 88 13 19 32 -21 -53 82 -54 -35 -59 59 -41 -1 61 50 41 -44 -90 -9 30 -95 -45 -41 -48 -70 -77 56 49 -50 89 54 22 -10 36 74 -49 62 69 -72 2 24 78 -48 -40 1 63 -31 -25 -30 94 -91 -13 -66 1 -3 -3 -46 26 -52 32 -79 44 -83 89 -54 31 -76 -47 -15 -29 90 41 -28 9 -2 -44 -31 -68 36 51 -83 -94 -60 15 59 13 -12 -33 93 -16 82 -28 18 -23 -75 7 27 -81 -2 38 91 -18 96 -48 -29 43 -14 -73 -72 -41 95 -81 75 -40 -99 -43 96 88 88 -56 13 11 17 -31 89 99 -56 -4 39 -92 -12 -28 -46 -44 72 -47 -87 9 -17 -73 -42 -88 -60 -22 50 59 -78 -16 -35 59 66 10 0 -27 54 86 -55 35 -13 -32 76 -52 -43 -13 48 -38 -86 99 11 61 -84 -95 -23 4 19 97 -23 64 -80 75 96 -81 84 54 -33 -38 30 42 -57 -46 -6 -89 94 -42 65 28 73 17 92 37 -83 -62 -87 -23 9 42 -43 88 -16 -52 68 10 73 91 27 -89 13 -95 77 -1 -48 -23 -77 -24 -91 -67 76 49 -88 58 79 -19 -3 81 83 -32 -75 -74 -20 92 -59 24 69 38 33 84 -38 10 -16 -65 65 -88 -17 -31 -28 58 3 -75 -57 -86 -18 -59 -87 63 40 60 -28 -89 25 -49 41 -42 -52 57 9 10 -84 -1 -96 -37 -19 -34 79 -25 64 -21 -78 29 -41 -52 69 56 -2 -34 -72 39 -8 -15 47 -61 37 -64 -58 17 20 59 -1 78 85 -59 97 30 -5 98 -90 37 2 -65 9 -23 21 52 -5 -19 -10 39 8 54
58 81 96 61 77 -76 48 73 14 44 -82 66 -76 6 34 75 -61 -10 -14 -94 19 -4 86 53 -71 -98 94 -54 -98 1 -74 -79 62 5 -66 76 -76 64 62 -93 -90 63 -98 61 21 -67 12 71 48 -58 -6 -96 -73 -67 38 42 -67 55 -57 45 57 -87 -84 -41 -44 -52 38 -25 88 37 37 80 -98 -6 77 -59 -58 -45 -34 77 -23 -68 -58 38 -95 26 -74 73 -33 -13 -29 -45 -80 -58 -36 -33 53 18 -18 -73 78 -64 -73 -73 41 52 26 -56 36 98 78 -1 57 -18 -98 64 60 80 -47 -13 -69 2 -56 -77 -30 44 41 5 -54 69 -86 18 28 77 31 4 -49 93 88 -69 -70 41 96 35 9 89 -77 -11 -3 -40 98 -87 -39 -50 -87 -13 -18 -71 -93 -50 12 87 -11 -37 -56 -26 3 26 3 -28 -17 -11 -64 35 55 81 -33 -15 7 72 -11 -34 56 -46 -15 14 -70 58 76 -19 15 5 53 -39 -87 -93 37 10 69 -18 26 -79 38 88 -44 -64 -60 -58 36 53 11 66 99 -70 44 -57 70 33 22 -36 -6 52 77 -44 48 -89 67 67 -47 -96 -81 -23 24 -50 4 62 38 79 65 -34 -45 43 -38 -86 19 -85 -26 83 35 46 -22 -64 -56 77 -14 -68 -28 70 90 -82 -14 67 -23 58 93 -59 -86 82 2 -17 -10 -13 -61 7 43 -62 -81 70 -34 4 -96 29 -99 25 -44 8 -94 71 -34 -33 2 -78 -56 -69 -40 97 -83 88 -61 85 -15 -73 55 67 95 -68 4 36 -3 91 82 -74 95 -11 73 -85 36 -82 91 9 4 93 -9 -50 -93 -5 19 15 -90 48 27 -61 -51 37 11 2 -58 22 98 -86 -4 64 69 32 -2 81 90 32 32 -1 -57 31 -26 -58 -59 78 51 74 -16 72 46 49 43 -59 -31 2 -10 69 -26 12 -94 -91 0 39 95 52 76 -40 39 -63 13 -20 44 50 63 -30 -11 72 86 80 49 -47 -58 52 -39 -10 -79 -30 4 -35 41 -46 -35 15 33 26 -44 67 41 -28 -40 -46 -62 73 10 -62 82 13 78 -51 -73 64 35 97 -56 -88 -40 -80 -6 37 -85 93 -24 -80 -15 -94 42 -25 -58 35 22 0 -69 -24 13 38 -77 -85 68 -37 -10 -72 86 8 92 -84 -52 -56 99 48 -47 -28 -17 -87 -26 -25 -27 53 -74 32 0 -73 -70 -95 -39 9 -82 -56 21 17 35 20 -42 -19 83 9 63 52 71 6 21 77 -98 -4 -8 29 14 47 0 -25
-18 -61 -53 -29 -46 -51 -57 -84 99 -12 -73 59 15 21 -17 -77 59 14 -11 -30 -36 -15 -23 -31 -63 63 -42 -7 82 97 2 16 -16 -26 80 -21 -36 -69 -69 12 6 -48 -18 -71 7 -15 55 -1 -72 81 80 12 -1 -50 5 -89 45 -61 -46 -73 29 84 24 71 -47 83 -22 8 49 33 -27 -10 29 90 -6 34 -97 -95 97 -84 -49 -45 3 -13 82 -3 27 -3 -7 -84 97 98 87 -61 34 35 -80 -98 67 -43 -65 64 -86 -72 -21 76 8 -96 -62 43 84 41 2 -8 2 -74 -34 23 15 -75 50 11 61 -39 96 -88 40 -80 41 -97 -52 90 -54 98 -43 24 0 -86 35 -30 80 76 73 87 -32 26 46 -34 31 -18 96 -91 -44 -29 -96 -87 -45 44 97 -16 4 -98 24 75 -73 -12 74 -97 -62 -38 56 47 -85 -1 99 -97 56 -43 -1 30 -5 94 -58 99 19 -16 -48 -52 89 -89 68 44 -83 71 38 34 83 86 -73 81 23 94 -73 -64 74 -83 -55 93 6 -97 4 13 -23 -33 44 -66 4 55 -22 -38 71 86 -83 -7 10 -31 61 -27 -92 32 -99 -53 -12 -54 1 -83 88 51 -75 15 -77 -41 -18 -63 -85 -5 46 -75 52 -40 -59 -40 44 31 -98 7 -57 -27 -14 -11 -38 -94 -45 -19 95 27 17 -39 98 71 81 -12 -24 -40 68 -85 86 82 66 69 -57 -21 -43 -22 -54 86 -20 50 36 -43 -97 -66 -83 -43 -20 -58 -19 -89 35 40 -25 79 -95 -21 56 -7 99 35 13 -38 -55 42 2 -50 87 92 -55 -6 35 -97 16 -45 88 -66 76 39 56 -49 -76 -12 -65 -54 89 88 -43 64 -67 -77 -56 -33 -92 -70 62 -27 -12 94 -62 11 -10 42 78 75 -58 -31 -85 83 -96 -72 57 17 -76 -5 -18 48 45 -27 -68 87 -95 65 -77 -99 28 -49 91 9 36 -20 -26 85 -47 31 92 7 -30 -75 0 -52 83 59 -27 33 -56 -53 -20 38 14 -10 56 62 95 -76 -51 46 -46 -64 87 -21 -55 -21 5 89 -16 -49 17 -40 -5 -96 -30 -7 -86 -39 22 96 -77 -72 -33 84 90 -48 -25 34 10 70 71 -13 -64 -87 7 23 -71 -9 46 -55 21 91 -79 54 -64 -23 80 -18 4 71 -92 -27 -41 -16 97 -22 79 66 -76 95 36 78 95 -83 -51 85 -85 -25 -89 7 17 79 36 36 52 -25 66 -2 -56 32 83 98 -85 -25 -15 95 -75 -39 -81 -76 -39 73 27 68 45 -93
-35 -20 75 -90 -38 -36 50 -50 16 -82 -66 43 18 -55 78 -82 -40 71 47 -98 27 -39 -98 30 -71 31 25 96 69 30 79 -45 28 65 70 10 -1 -74 98 53 -89 -85 -60 44 13 -19 -3 -92 55 79 64 -66 80 58 -41 62 -76 12 -85 -50 -68 -3 87 -66 75 64 -40 -14 -41 73 21 -38 -69 -63 50 58 77 -1 -87 -59 5 -48 47 -21 -8 41 2 -3 58 55 -22 88 -60 -95 39 -73 -33 -71 -65 -3 11 50 83 60 49 28 58 80 18 -60 -17 78 -55 19 -19 24 16 51 9 95 57 -46 -19 -67 -57 26 30 99 55 -44 53 85 55 83 85 -11 -56 -61 -9 -75 9 -33 -35 89 52 -87 34 12 33 21 82 -27 12 -18 19 35 37 -56 -40 -58 96 66 79 15 23 84 -58 -66 -9 6 43 -92 -24 61 -75 -47 -74 -58 36 -1 17 -57 -86 41 -54 -75 8 9 -47 10 34 96 6 18 91 9 -99 -21 -77 -99 55 33 1 68 -54 51 78 -25 56 -95 -48 -9 60 -56 68 26 -94 73 45 95 48 -34 33 26 -53 53 41 -97 -70 -91 -26 -42 57 -5 54 11 -22 37 28 -31 90 -50 67 -71 -21 -56 43 -38 16 19 -57 -65 -57 3 -15 -85 64 -78 -98 38 -58 38 28 74 -12 -62 71 -53 -25 68 20 26 84 14 -5 9 -32 60 85 2 9 17 36 -50 64 49 33 -14 -65 -92 -31 -55 -52 65 -12 -23 45 41 18 -29 48 46 -90 -82 -14 -81 -48 -89 -69 -15 67 -52 -65 41 -54 11 9 -55 -45 -47 -64 88 40 -2 -39 -54 93 -90 81 92 67 -37 9 43 -64 -41 -95 -37 70 -20 -52 -42 5 -35 96 -19 79 12 -41 -38 69 23 -40 -58 -10 -40 99 93 -69 -6 44 -75 24 57 12 48 19 -8 -92 -48 8 -45 -42 79 -42 -11 53 -7 95 74 86 -94 40 -29 -96 27 -52 22 55 0 -19 -98 70 -52 68 26 -32 -30 -22 -68 -79 63 -17 -13 5 47 17 -29 95 -60 -7 17 -57 7 3 -74 -32 64 73 -56 18 57 28 47 53 -24 11 -16 32 24 -50 -9 84 25 96 36 65 -1 22 26 -43 -61 78 9 96 83 -29 53 -10 -81 74 86 -12 -73 34 -35 58 -23 -67 -53 51 61 84 -15 -99 -3 -2 -87 77 95 95 44 -83 73 21 -70 14 14 91 32 -38 96 70 40 48 82 30 -62 -96 -16 45 -58 -50 -34 70 -63 48 95 37 -3
64 74 98 33 43 -59 -85 -74 -66 -61 -72 -16 -30 -3 -98 52 -7 -18 73 -79 -63 -95 52 -9 31 73 63 56 -91 17 80 78 -33 -19 -50 95 4 -79 98 83 -74 -68 -37 -9 -63 -96 55 -92 -95 34 -36 -65 -40 -69 0 -76 -59 -65 12 -94 36 26 -43 98 -48 -44 -29 -25 -8 -62 -61 -5 82 -97 -14 -89 -22 35 -74 31 35 -94 -41 -12 -63 -40 -22 57 46 -17 -78 -25 -46 -8 -60 22 -15 49 -33 6 16 42 60 62 -35 -80 45 -23 -9 -76 -3 9 -77 81 -54 95 73 87 46 -93 -7 33 -1 77 93 -22 68 -72 -98 39 6 59 69 -37 98 77 -72 9 -76 -30 80 34 70 -39 96 -39 7 34 -49 98 1 -55 41 91 -29 79 -43 24 -17 87 76 69 21 85 98 73 -99 69 16 -98 -88 32 -80 -33 53 73 8 -67 57 -4 99 17 42 -49 -89 30 99 67 -92 -10 51 -83 -79 23 64 -60 82 17 -53 67 -11 -82 17 36 4 -41 -32 89 -37 63 -51 98 36 77 -99 5 -72 4 70 -85 -63 17 -42 53 13 -98 45 11 19 48 -54 -54 1 66 -53 81 35 -91 -10 59 58 33 -56 -92 16 -5 -38 68 66 -96 -29 9 -25 59 -52 -18 12 18 -28 19 22 22 -56 -44 21 -54 -94 -45 14 -74 -60 -25 -55 35 4 -10 -26 26 32 36 -34 -6 -11 -2 -65 41 -30 -96 97 -82 -52 -23 59 45 -14 -28 -90 42 41 54 59 -78 66 45 96 76 96 49 49 39 -49 74 54 -33 95 97 -58 29 -45 26 -74 23 30 4 -10 21 70 -46 97 -67 -26 -31 84 91 -72 -32 -60 -28 -96 -51 -98 43 3 25 19 83 -80 -90 -88 14 -42 -3 54 -20 66 21 -86 -42 -16 32 16 51 -19 -8 -41 79 -47 1 -29 88 -73 81 -71 14 -37 -87 3 60 6 21 -84 98 26 -28 18 68 -79 -75 -15 31 48 42 67 41 25 -95 53 65 -4 20 89 -17 -47 -96 -90 76 -35 -74 -81 53 93 10 -56 64 -58 91 -65 -20 -38 -32 36 -36 1 -46 3 -52 -67 54 -84 87 97 44 75 -53 39 18 9 71 -68 16 9 -48 23 13 -85 -42 42 -55 -56 -45 -24 36 -43 20 94 34 -95 -89 -67 -79 -79 40 -87 82 -99 7 14 63 -62 33 -96 -83 -18 29 -4 29 -28 32 -10 -53 -27 -50 -40 97 62 86 -8 24 35 50 -67 42 -45 -30 1 -76 28 37 26 -38
89 -71 11 -71 -35 24 11 34 1 -97 83 -8 -68 82 -8 37 -81 41 2 -33 49 92 51 -71 -65 81 91 -71 -54 31 91 -53 -55 -76 -30 45 -22 -23 84 -24 58 -1 -28 76 35 -57 -51 55 -39 -63 59 -89 -17 26 43 -49 -33 -13 89 20 44 -74 -72 53 53 75 84 93 83 49 23 -69 -62 -74 -81 41 -27 55 92 -45 -28 24 4 34 -38 97 -31 -70 -61 -15 47 33 4 -2 -32 -55 -18 -38 -79 30 -13 52 99 -42 -71 -15 -92 -59 -99 21 -52 -39 56 97 -47 -87 -87 -70 41 69 19 -70 56 -45 5 90 -44 -4 7 -49 42 33 -83 49 -8 -70 -43 91 14 90 3 -19 62 -76 -75 81 34 -57 4 -25 54 4 44 83 59 -58 -60 -63 -27 97 -50 -65 86 -4 -73 95 78 -70 61 -88 46 3 -18 -91 82 8 44 -76 34 91 -80 -59 -81 6 46 98 10 82 57 -38 -7 -8 -78 86 35 -25 74 -83 -28 44 -50 42 76 -60 16 -94 -67 7 -96 -33 -77 -83 -76 39 -73 6 81 84 -48 -72 -37 48 84 -92 19 0 -28 8 -53 81 94 -43 26 -7 62 -13 -86 -3 15 83 -99 22 -22 6 -59 93 -39 -88 91 45 4 33 92 72 -81 -43 -89 -51 -30 -20 -79 63 10 19 -22 54 -84 -67 -35 -48 44 -80 64 -58 80 -18 87 -48 -30 46 90 42 24 -70 18 -46 -35 -26 73 43 47 69 -82 -73 -4 78 -11 77 99 -48 -17 40 67 36 -56 -23 76 0 99 -81 15 -58 39 94 22 19 -38 38 -54 -15 22 18 -40 -88 -49 85 -17 -4 18 -35 -71 10 11 -35 36 -48 -62 -9 97 45 30 -70 25 61 -74 95 -14 43 60 -4 95 39 -62 -22 -79 -56 95 -15 63 -17 95 -26 -49 -64 8 99 -7 -32 61 18 -60 -93 7 4 -78 -75 -2 -1 -84 24 59 26 17 -14 -88 -45 -93 57 95 98 67 36 -71 -80 61 -75 87 -31 -47 26 76 -50 56 11 15 -60 -1 42 -98 62 69 89 59 -33 31 -92 46 -78 20 75 14 -68 50 38 -58 -72 9 50 -53 -11 1 92 96 -4 -51 79 27 -67 73 -7 60 58 7 -63 -2 -21 -89 -98 45 -80 -79 43 -87 40 -15 -66 -72 -45 94 -15 63 62 -11 -33 26 14 -67 -86 -2 -56 48 -36 -65 -90 45 -9 -97 73 -53 26 19 91 -61 83 42 -53 -49 61 -63 85 86 12 81 73 47 -14 -91 -61 34 -22
-96 -75 -11 -60 90 -76 1 -51 33 82 36 91 97 35 -91 -33 -67 88 50 3 98 86 91 68 -22 55 -38 -92 32 -48 -70 92 -29 64 25 -98 21 -27 -48 -92 69 67 -86 -28 -21 -37 -17 -26 -77 -93 -19 0 -18 -36 -53 -62 99 -25 47 -78 -40 23 -3 -80 -47 -79 -7 10 59 53 49 -95 25 98 12 -29 65 69 -40 27 -32 96 94 -83 -2 -37 30 56 26 -56 58 -23 49 25 37 57 88 10 33 -36 -29 -49 3 -57 48 28 -64 -40 -27 -71 37 -73 43 60 36 0 -42 14 34 -49 -5 -46 23 80 13 -71 -23 -53 87 91 20 86 4 15 -9 -72 -12 95 -91 -32 68 24 79 33 -85 -98 93 -2 -60 -26 -98 8 29 52 6 -37 -19 72 87 -5 77 37 89 68 -94 17 90 29 -92 63 -62 -15 59 -33 -97 -45 67 67 93 32 12 57 61 85 84 66 54 69 -73 88 -76 35 65 2 -71 5 91 -11 62 -28 30 -43 -79 86 9 -50 60 -90 45 -12 -38 14 21 24 10 65 80 2 -41 -45 -29 59 -92 -81 -35 -6 -80 -1 -98 -52 26 -55 -53 95 -54 -65 -96 -74 21 -55 -68 45 3 29 47 99 -55 -78 76 7 -38 87 52 -52 48 29 -11 81 -18 -85 -40 -57 16 72 46 62 59 28 35 53 3 -8 51 10 84 -57 76 -41 -85 -98 -30 58 17 -79 93 -28 -64 -24 12 -2 52 -85 29 12 -66 68 -54 -50 -45 48 34 60 -45 -75 2 -87 -43 97 3 29 27 -8 69 20 13 3 52 83 75 3 -12 6 57 -60 14 11 -88 32 53 -55 34 17 -54 42 32 -21 -64 -54 18 -25 73 -52 96 79 28 -4 40 9 9 48 42 91 55 55 44 61 24 55 -26 0 58 -8 16 -83 10 -46 -56 6 -53 85 -79 77 -31 64 50 50 -24 -3 -60 -6 -61 62 -5 12 47 -41 79 78 88 -23 -90 -55 33 74 84 -93 -51 46 -90 59 -48 -15 13 95 -42 -20 -13 -94 -1 -1 67 -76 -44 89 -9 -86 59 21 -19 -4 64 71 -60 44 -53 43 80 -46 -99 22 16 54 75 37 27 -25 81 -94 -52 27 -72 92 -45 -73 2 -9 -55 52 -47 25 -61 68 -84 90 48 15 -44 -82 -62 -49 -71 96 99 -69 11 98 39 -26 -86 -42 -3 45 -59 -1 81 -22 -2 6 -28 22 51 90 -30 -63 63 -34 -28 -70 85 92 85 85 -22 -44 12 -18 27 46 -79 -29
87 -76 81 3 32 1 -52 27 -79 -19 -65 66 -51 45 72 78 -90 -74 57 31 70 -41 -66 -54 13 -31 33 -41 -69 -69 -82 91 25 22 -26 -67 94 -74 8 -83 91 -58 -88 -68 61 -99 -46 29 -44 20 -25 -59 77 -43 -69 -66 2 -40 18 -67 48 50 7 -51 45 -94 55 -77 -56 -40 81 -35 18 -70 3 -35 27 86 -60 16 59 -18 48 -82 -36 -52 -25 -85 78 -74 -52 -77 82 20 42 89 -50 77 85 -1 47 73 -94 -26 66 -31 92 49 52 -81 33 21 -13 65 -53 53 -48 6 75 68 70 -57 54 -88 -27 32 -9 -84 -27 -85 20 -59 -50 59 61 87 -1 -62 14 94 8 -98 -54 41 72 -73 22 96 16 -47 -33 -74 23 -23 75 68 -79 -36 46 -42 61 53 -73 -81 -8 -46 35 -68 63 -64 80 55 78 -24 -47 -86 28 14 -15 -72 -24 -49 17 -26 -30 -95 17 34 62 35 -84 0 51 71 -76 -6 -2 -54 55 32 5 -43 32 27 -67 -71 51 -81 45 -66 -81 -74 37 68 30 60 18 17 -33 -83 33 35 -47 64 36 97 40 0 -29 -47 14 -69 -64 -27 -57 -93 -47 -29 38 -96 51 70 8 -86 -14 87 34 -9 46 87 -86 -10 67 -60 -65 58 -30 55 37 -13 93 93 76 57 -84 -49 -65 8 73 -37 -97 -47 42 -13 -74 52 96 5 -29 7 -36 7 -17 -37 -54 42 -16 -18 58 31 21 -52 31 60 -36 -97 -65 -95 -1 77 -38 11 85 -70 21 31 -84 63 29 54 -79 67 -6 68 98 13 6 85 58 41 -59 -85 95 -92 82 83 98 53 -58 38 1 24 28 29 -64 98 -42 -40 64 16 -87 -85 -59 13 -7 18 5 -50 77 -50 79 -4 95 24 -27 28 -30 -66 -15 -58 -74 26 47 -4 -16 -5 -79 88 5 -76 -50 51 25 -71 -71 -42 93 -26 -46 17 -78 -20 51 77 -30 -90 -54 -40 70 -80 -28 41 77 -5 78 -8 40 77 67 17 99 -15 33 -76 -43 87 45 35 74 -39 45 92 -46 -81 -44 62 10 21 -56 -17 86 -63 0 39 57 20 -6 -4 -69 -97 74 55 -63 56 -44 94 35 -73 43 14 61 -73 39 24 4 7 -33 61 83 -11 -33 23 -60 93 65 56 -9 33 62 -29 83 -82 -49 73 8 -12 -47 -89 -3 -91 47 21 -14 66 33 74 -89 3 -62 -68 94 41 -10 12 90 76 90 95 22 -81 -88 87 -77 -52 75 -85 -90 -11 45 3
-5 -42 77 23 37 -14 -35 -27 -95 35 33 -8 21 12 -87 27 -37 -44 -19 -81 18 93 24 10 24 70 -51 -2 41 -95 -51 20 23 -64 -32 -38 78 -26 -52 41 -57 -1 59 21 38 92 -18 -55 -71 50 -63 52 18 -11 -24 -39 -40 34 42 80 48 5 -4 -12 -35 28 -11 -36 -64 -15 -9 -14 -33 -66 27 -35 15 -74 38 -55 66 -27 48 76 0 -3 -44 -88 -70 -85 -78 21 -65 -46 -28 88 -78 45 -41 64 -5 17 19 41 -47 43 3 96 47 -29 96 42 -30 -66 -47 -88 83 33 -92 -36 -78 24 -52 9 83 -81 -79 -13 -5 -5 -40 -75 -19 75 62 54 -84 30 82 -97 38 -22 98 -12 21 25 -20 -47 83 65 79 -2 49 -79 -67 88 49 95 -17 86 89 11 71 -37 60 0 -43 -11 69 -49 45 -79 38 55 53 -2 -75 19 37 -13 -21 49 -47 -21 20 75 -42 97 26 -69 -1 -56 36 -79 -45 45 -54 -33 -85 -95 22 -34 0 -4 -34 11 80 38 -64 -9 -10 1 71 91 15 55 42 -84 -78 26 -70 -1 -12 36 -76 59 28 44 77 -87 87 94 -21 -33 -80 89 -53 42 75 30 -37 40 72 -13 45 71 43 56 -87 -2 8 57 89 73 -31 51 90 -57 3 -96 38 56 68 -91 19 -91 9 45 -55 -14 -13 7 38 -10 53 20 9 98 2 -75 86 -98 20 -2 54 -50 -99 -70 37 -17 6 -79 31 -70 28 -91 -88 1 64 56 -98 -61 84 -57 94 -20 -86 -51 -25 21 -22 37 -27 -68 92 5 -51 -25 16 -86 -94 -54 -74 -17 79 67 12 -40 94 -34 -85 -17 -13 80 -87 94 3 0 -78 2 3 1 72 6 28 82 32 98 -68 53 -32 22 97 83 67 -67 61 -21 -51 -93 -46 -34 -34 30 94 -90 1 -97 87 -78 71 -39 41 -7 24 -90 4 43 -85 48 -92 29 10 55 -48 -44 -57 -64 61 -67 -45 -6 -56 -37 45 98 -29 -44 25 42 66 86 47 25 27 79 -49 55 -7 -74 -49 53 12 -31 21 -72 -3 26 76 88 25 88 -80 71 -11 -62 -42 -80 -10 -71 89 16 36 54 73 57 -44 22 -61 13 -97 -81 23 -18 16 18 89 58 65 36 25 -58 73 20 -42 -77 -96 95 92 65 -70 -80 -5 24 6 -29 -72 16 31 -49 -4 67 -17 -45 -8 44 -39 -12 -16 -61 -61 1 -17 11 -37 23 -21 -26 69 -10 -7 -62 -21 37 61 -67 -65 -69 24 -61
25 1 65 40 -3 -7 55 7 53 85 -13 9 81 55 10 24 -73 -1 56 -5 -2 57 37 -24 30 62 -31 -92 36 -24 -61 9 29 76 -8 -10 92 72 38 -8 -36 48 0 55 -86 38 6 11 7 -65 -80 -49 32 88 1 29 51 -96 26 -90 -1 36 -26 -60 21 92 -80 33 69 -62 81 0 -45 72 -29 -77 -81 -55 -96 -12 94 -7 -93 2 -49 61 -16 -20 -10 69 -85 94 -22 -88 32 -17 -93 -20 61 -10 -9 62 -11 65 -70 -60 -50 -90 -58 69 46 -89 23 10 79 5 56 -70 91 -78 48 91 -24 72 -14 -67 -86 -13 57 -39 -59 -37 74 -18 59 -50 23 -81 -65 -71 -62 -73 -43 -22 20 -52 -21 45 73 -43 -9 -70 -68 36 -20 48 30 98 7 -34 -32 37 -27 8 83 36 -83 50 -21 85 -38 64 78 99 -82 -55 -62 6 86 96 56 31 -83 -51 -80 -9 -47 -22 52 -59 21 -24 -19 -36 -54 -90 1 -72 -88 0 44 66 -66 99 82 32 67 -72 72 47 -14 5 9 -59 -10 39 -49 60 -86 -82 -13 -7 0 85 76 82 29 -17 40 -92 -27 -54 27 67 38 85 -17 18 6 71 -63 62 41 -99 91 -98 92 -57 -42 -66 -44 53 -88 9 50 -62 -84 -56 -2 51 61 -87 -54 28 -3 24 -1 93 -65 15 85 96 67 51 25 52 -3 -94 -33 5 -23 -26 58 78 92 -82 -59 11 -66 26 -37 2 -55 -23 16 -89 -62 -63 31 -77 75 -47 12 -98 20 -44 -78 2 -57 77 -70 -82 83 78 31 -27 -22 61 33 -15 -26 6 -84 10 -59 15 58 71 -56 -10 7 58 -69 58 -9 6 11 -75 2 -65 -45 85 -91 67 7 -6 -25 2 -3 76 -77 -36 -38 -74 66 18 -83 -74 16 -41 55 60 -84 -30 39 -26 -50 17 -65 32 47 12 -82 -7 90 -81 56 -94 57 -97 56 20 -72 -34 20 93 -91 21 -28 71 38 -83 70 -75 5 15 49 -50 -99 8 55 -30 -28 92 -94 58 68 -33 19 -11 -48 -41 45 88 -99 -49 -30 -14 38 79 -73 34 -78 -29 -8 78 -1 64 -76 -90 -42 59 20 16 75 -31 -65 20 -58 96 -77 -55 71 14 34 86 -17 62 62 -51 85 -93 81 90 -56 -13 -11 -40 38 -94 -2 30 42 74 22 42 91 -59 35 -89 48 -36 39 81 -66 8 -3 37 -60 -89 52 99 -28 74 -66 -2 -54 97 -47 -29 17 -7 80 -88 38 74 -20 -4 42 -2
56 86 -91 86 72 -69 -44 52 21 -32 -35 76 -88 21 -59 -96 57 -67 -44 87 -96 44 -58 4 49 23 -87 -23 -32 21 -86 -66 -27 60 85 64 -56 -43 56 -49 16 47 -89 -45 -57 98 45 -54 98 81 -71 92 -97 -22 14 86 93 97 -84 -92 -22 -2 -45 -49 67 -48 -92 93 38 19 72 26 -71 31 4 -55 -24 14 98 -5 -68 -56 88 -49 28 61 4 4 -53 58 79 36 -86 9 57 -90 -7 71 -84 5 19 -77 47 -4 -33 -82 64 -2 59 -85 -44 -84 92 14 59 66 87 -34 69 88 -71 37 90 89 -5 28 -34 43 -45 -99 -82 -18 -14 22 37 -53 -61 -8 94 64 -30 22 -34 -60 -79 98 -58 49 -80 -33 65 -69 76 -55 -27 -54 -25 34 17 84 -1 84 21 -70 80 -44 72 -59 27 64 54 66 67 17 10 56 -23 32 -59 3 -93 28 98 -74 -16 -19 -70 33 68 51 -76 -58 -73 84 -87 18 63 31 -11 36 42 51 74 73 -59 5 -74 -40 67 -90 38 49 81 76 -52 47 -16 -42 -51 31 46 -85 49 85 58 -50 -73 83 61 0 65 11 -59 1 -29 -38 65 -83 77 -25 -56 99 -6 -62 -4 43 24 81 79 13 92 73 -89 -66 8 -48 -15 55 -35 -4 -59 5 -67 30 63 44 26 -43 70 -60 44 90 -80 -2 -32 -2 18 98 -42 12 -37 -50 82 89 67 52 53 -50 1 -72 -66 -22 23 85 -11 -87 90 96 28 77 53 97 -26 -12 -22 21 21 -73 45 -28 5 66 84 -73 -7 40 -11 23 7 79 -65 -77 -64 -98 -75 81 65 -92 53 -38 79 96 82 29 9 -93 6 45 32 -41 -94 89 91 65 -25 54 -29 -59 56 -3 -43 2 -95 8 16 66 -22 -68 85 14 59 21 -55 75 -47 81 -62 90 -74 28 -26 66 7 8 21 -55 -11 8 -74 -98 96 84 -64 -36 21 39 47 98 -11 22 47 -16 -82 -40 -95 40 -74 -95 73 -7 -55 60 -9 -87 46 -65 32 -86 84 -9 -56 73 -15 -84 -17 23 64 -60 -63 25 81 86 -82 -81 -81 58 32 54 44 54 -45 93 53 24 40 -79 59 95 -25 -3 -45 -31 -35 -32 79 -94 -54 -28 24 22 6 -98 5 48 -25 -49 85 50 24 36 13 -27 58 11 -69 97 -29 -81 34 51 -7 11 65 -62 28 89 -82 -72 -79 75 78 -45 -67 23 39 80 23 38 -92 -61 -39 -63 -75 -40 -30 -56 85 88 -41 -16
9 -81 93 74 -9 46 -65 -34 -51 -7 75 -14 9 19 30 48 -41 -14 -98 69 -61 -62 45 -10 -10 48 13 -63 17 4 48 -52 26 16 -25 82 -86 84 -55 -54 66 -89 -8 -78 -88 91 -9 61 34 5 -63 -21 -33 -3 -63 -75 75 -50 -31 1 -67 61 16 85 2 8 16 -22 29 94 32 76 34 62 47 88 -13 -44 17 -66 76 -29 3 -42 61 -96 35 45 83 25 9 -44 79 -95 95 31 -11 61 44 -51 95 -7 -10 -90 70 58 46 56 73 -90 24 -40 20 -83 -23 -63 -88 -52 -54 22 -15 -70 56 -28 3 -40 38 -79 29 -78 31 44 -40 -5 -36 73 51 -58 44 67 -31 -99 71 49 -61 19 -61 78 28 -68 4 -48 -10 -32 29 -80 -31 73 -59 38 35 -35 -49 -71 18 10 -76 33 -7 -62 -71 -92 43 -3 -70 61 69 1 -84 -16 93 -37 36 56 -42 -52 28 89 -84 -22 32 86 73 -75 46 -46 38 -16 82 19 -63 98 62 -1 -38 -87 -72 65 68 -67 28 -33 -40 37 -79 91 -59 -36 -64 17 83 11 -22 40 28 -83 69 9 9 -25 -5 29 -86 -33 36 -6 3 -38 -67 -37 31 -12 55 38 -35 87 -63 35 4 64 -81 20 90 47 -78 -56 19 -86 89 47 70 -5 -30 -39 25 -30 -25 33 45 35 -27 35 26 56 57 -90 -85 -95 10 -32 31 27 89 26 -53 49 -90 68 72 -67 43 14 95 37 -92 -16 15 -31 -62 -89 19 -67 -52 16 -60 -97 75 -43 -50 79 24 75 -77 -93 -33 -15 -48 -61 86 -7 50 48 66 -1 -6 50 93 -67 43 -60 -60 -29 32 -27 66 10 -69 -88 -65 -63 79 -64 67 96 93 79 -8 53 -50 -9 35 4 67 50 -56 -91 -14 -35 60 80 -27 -35 -37 56 -59 0 -56 47 89 -50 80 18 -45 -91 -98 40 -3 14 -24 20 64 48 99 -52 81 79 -36 -9 -93 -62 -8 -31 -44 10 -83 -23 -3 33 -94 67 21 95 -52 0 -86 96 -88 -72 58 42 76 4 -26 58 0 19 -42 43 -51 80 -7 5 -52 56 41 53 38 -46 17 1 9 -41 -35 -66 -25 -16 -72 39 -24 47 26 -73 -50 78 -51 74 -52 61 -75 99 4 67 -61 69 -1 -1 -80 38 36 33 32 83 -43 87 93 29 -5 54 -86 -34 -33 25 -57 15 -88 14 -93 24 -22 10 3 0 -20 -80 2 74 3 -57 -70 65 53 35 -40 82 29 -90 -35 -29 -15 77
-88 4 -19 76 -26 -33 34 -44 -56 -24 48 -78 34 81 -79 41 -72 7 61 -90 -80 -80 -60 25 -62 22 -41 63 -94 15 -92 -60 18 -95 -9 -6 -94 54 -77 -20 -81 44 6 9 86 -20 -64 77 99 3 -17 46 -27 -3 -93 -45 86 -10 -68 -75 -89 -79 -16 36 -3 -87 -88 -85 -20 13 -30 -7 -13 4 -24 91 16 22 -54 -17 -85 47 44 82 -44 -99 86 8 21 49 41 -32 97 -22 75 0 48 9 70 27 59 92 -39 -86 45 18 -17 35 66 14 -93 5 63 -37 14 -64 14 84 -50 45 -54 -16 0 -84 -61 60 15 57 23 -53 15 85 72 90 -47 94 75 61 -78 -73 21 -33 11 9 10 21 -59 28 92 88 14 12 25 66 -42 61 -48 -82 36 31 2 44 1 -41 -79 -70 63 37 73 70 -59 9 -16 48 24 -26 -8 79 -40 -96 -35 -53 55 -32 -91 6 -91 39 81 82 84 -17 16 64 9 95 27 -86 82 91 10 6 -8 -77 21 40 20 -57 -95 -9 -32 21 57 -90 -12 93 89 -74 -35 47 71 -73 -95 32 56 -60 13 83 77 76 -68 -37 89 -93 -4 17 35 -84 -66 -21 25 -18 85 54 53 34 50 74 74 45 22 93 84 -75 23 -77 96 -17 32 -19 -98 21 -34 8 -51 -73 24 55 -92 52 -86 -34 13 47 -96 -12 -37 43 4 -77 32 -43 -30 -99 -12 -78 -72 -83 -18 32 -67 -96 14 -31 -38 -7 -20 84 57 78 67 14 -80 -87 67 -43 -89 90 -4 -24 10 2 7 -75 -63 -32 27 -74 -72 -49 -13 -52 -89 -30 -13 12 23 59 -83 15 98 9 68 61 47 -53 -50 61 -12 -15 91 -60 -95 72 25 -53 -59 93 -71 18 -53 -40 -88 80 38 -25 -91 92 -75 62 48 26 -81 80 -81 5 -95 -13 87 -21 13 22 4 46 -1 -60 44 73 -86 -15 -67 36 -40 -2 -65 45 28 15 -42 -49 -4 -91 -7 -64 26 -2 58 76 -66 99 -77 75 18 74 23 4 97 -78 46 -75 -75 35 -53 25 -11 91 -29 58 50 31 3 -73 -73 6 -55 -6 69 95 84 7 -26 -96 6 77 19 -74 78 34 76 -80 -99 -96 -92 -79 18 49 26 11 9 27 17 -99 66 -97 -19 -80 13 41 -90 -73 28 -31 51 -42 -43 -5 9 94 95 -79 -55 98 -48 35 -73 93 -38 78 77 42 -8 -27 8 20 61 -61 84 21 -8 46 41 -73 92 77 59 -27 -77 68 22 -19
-90 -23 -6 67 -98 35 47 -50 41 5 -29 0 -26 -89 10 -75 -85 -26 62 21 -42 -78 -70 95 -48 -98 99 18 -31 -23 18 -53 41 88 -4 19 -53 -9 1 42 -22 26 50 40 -48 21 -98 -74 -88 -23 70 -53 19 -14 -98 36 -49 -83 57 71 -23 -96 10 -6 -60 -55 -44 -53 11 -14 -32 88 55 22 -15 12 30 67 -54 67 12 41 19 -27 -77 38 70 -92 -93 69 56 -58 73 5 29 -21 77 -38 -42 -25 97 12 83 35 -67 -15 -14 15 -66 91 87 39 -97 6 -92 26 91 3 -2 -27 -32 -19 57 86 20 62 32 -87 1 -71 39 -68 66 -18 37 -95 -59 -31 -18 32 -32 35 55 34 -74 -5 -78 -65 -82 -96 -47 -98 3 -9 37 -88 3 -75 86 50 71 86 -16 38 -35 -37 54 81 -65 56 -39 -99 40 80 -46 -51 93 -65 -1 -13 11 40 57 -6 58 57 -42 -65 -17 -4 -14 -40 68 -66 37 84 87 -74 -30 63 -5 86 17 -11 67 -28 65 73 42 -50 -25 43 62 97 73 77 57 -37 24 24 33 -39 55 36 -29 94 87 -65 -66 25 16 -72 8 47 -18 14 -77 -62 2 -82 -9 52 54 -43 49 80 32 95 -64 38 -17 -94 31 43 75 -6 -20 -86 -32 18 -64 88 -48 -3 4 8 36 -9 -2 2 -90 92 72 -84 -77 28 -31 71 -47 3 -78 68 -93 35 -51 -50 68 -6 -58 78 56 61 62 -99 -48 -29 52 83 13 -65 31 97 42 3 -70 85 -10 75 -37 -94 -70 -23 -86 52 -76 4 -25 55 -25 -40 49 -48 86 39 11 83 -82 -70 80 -95 57 -84 94 27 1 -70 -47 87 60 -46 90 17 -28 -67 -36 -87 -97 -90 33 85 -95 96 -51 21 -58 19 -83 -41 84 -85 6 22 -77 -87 -96 53 -53 -96 31 70 78 -3 71 92 32 77 66 98 29 -7 -14 -34 -77 45 66 -24 -94 50 -69 -69 -45 19 -37 98 68 23 72 34 -71 84 -84 -66 91 -51 -60 -96 -91 56 -6 -39 -3 -51 -96 5 -47 -9 11 4 -32 -89 -15 -47 34 32 -56 -71 -47 -20 -54 4 -93 89 90 71 38 51 5 74 83 -8 -21 -39 53 80 54 -26 35 47 40 -37 -99 -21 -76 22 33 -2 61 60 -18 65 69 0 -96 -73 -81 3 92 38 64 -36 -13 92 70 -17 -52 -57 -75 24 82 -44 -32 -33 62 -29 -14 -70 48 -41 42 62 43 31 -41 18 -78 46 -35 -3 44 -68
-6 -42 94 -43 -80 15 56 -94 -90 48 -42 1 74 -18 -64 -70 29 -83 45 -18 -46 75 -72 -91 69 3 -57 21 -73 -67 -92 -19 49 84 43 47 33 -67 -21 -7 -96 27 -3 -55 -88 92 90 0 28 80 13 -83 -48 -31 -85 -13 23 -23 -83 -25 -87 69 -69 90 -73 83 54 23 -42 90 -95 71 12 97 60 47 -92 84 -84 5 1 79 79 -82 17 78 -28 73 70 -73 -59 87 82 2 -28 -27 19 23 -87 91 64 68 88 -73 66 -82 -55 -10 -98 -11 -28 -35 27 6 -74 93 -20 -53 7 72 -94 -5 -65 92 2 -7 59 -98 24 85 99 57 -40 47 75 -69 -88 17 81 -14 81 -24 -24 -68 -66 -2 54 74 -39 85 42 -75 -5 33 -42 18 -42 26 2 49 -88 -27 -86 -39 44 -26 -43 -2 -10 -18 -63 86 -57 46 -34 85 45 33 26 -93 30 41 21 -12 60 29 -60 22 -16 -77 -63 -75 74 72 90 -26 16 -2 -54 33 -55 -80 -58 -30 72 -66 63 10 -42 -80 2 -42 57 -80 54 72 92 65 60 -79 83 65 42 -23 -1 -79 -58 -1 -72 92 -42 36 -97 -73 -82 -31 -5 -72 16 -11 40 97 37 -34 -47 51 19 18 94 42 -4 23 -14 -75 33 -53 96 -76 -72 14 -1 86 48 -45 40 58 -73 -32 54 -52 -58 -55 57 58 42 -73 -1 30 -84 31 -12 5 61 -56 -43 -94 -31 -37 -30 4 -57 26 57 -26 -57 -60 -64 -10 -81 80 -80 71 8 31 -5 -96 -5 -29 -57 -38 68 -69 66 62 39 -54 -73 85 -91 -29 -22 48 27 67 65 23 -49 23 67 -51 81 29 -42 -13 95 32 -5 5 -7 34 69 31 -88 18 13 53 25 34 -35 -27 83 17 84 -17 -65 -46 58 -77 -67 -15 -40 69 -59 54 -25 99 -4 61 -21 5 87 -46 10 75 -14 94 -64 97 -16 -40 -98 12 39 91 -77 -84 -2 67 6 -15 -98 92 96 -65 -33 -60 28 6 -17 75 -22 56 58 -68 -25 -81 -70 -32 42 20 -16 -51 -42 20 97 -28 -39 -29 3 -86 -53 -15 10 -52 -57 35 -25 -98 -80 -8 81 18 -97 44 -31 -63 39 -15 -80 43 98 -17 75 19 -65 -41 88 -89 -58 44 -15 -19 -18 -86 56 -86 -80 -53 61 -89 29 -65 93 56 60 -79 97 37 -87 77 -96 87 85 62 1 86 -28 -69 -10 64 -2 -45 34 19 23 30 25 -20 -61 -59 -6 54 -47 14 75 2 -92 -49 -81 -51
-33 12 73 3 -13 -1 81 -70 45 -8 -87 91 -4 6 69 95 25 -61 28 -98 23 -63 26 53 58 -97 41 72 -10 -37 17 36 -73 90 22 -74 -55 9 24 -47 14 -25 4 10 98 82 68 28 -11 2 87 97 -54 -34 -58 99 9 41 62 -80 22 -81 -10 89 68 34 18 56 35 -99 -32 72 9 -24 -31 -23 -51 -23 72 -92 53 -63 46 -29 68 -72 24 31 -12 -71 33 94 79 20 -84 -7 -88 -34 83 -56 -84 50 -12 -11 -89 -17 99 62 55 -23 -43 78 0 -86 -41 -4 2 -58 65 94 -53 38 86 31 -74 -91 -35 -32 -66 78 86 78 70 -89 -86 66 77 -29 1 -85 -7 31 78 15 4 -46 52 29 -79 29 69 -46 98 48 -69 -17 -99 76 -57 -81 76 -30 -32 -35 69 -57 -57 45 40 57 70 26 -86 81 -45 -82 2 -58 24 22 -71 -35 -74 -72 -88 14 34 86 46 -24 73 -13 -3 -79 42 -14 -51 -35 2 43 -3 -42 -41 -97 37 -64 32 -74 -35 51 -67 8 -61 -81 -92 -35 -6 11 13 -18 71 -55 -25 -15 92 -8 40 -81 -70 -6 -73 65 59 -74 91 47 -21 -80 -39 67 21 50 18 95 -27 44 12 -8 -12 -90 -15 3 37 -25 -47 -20 -76 -11 -33 64 -30 -53 -61 -88 -80 30 -21 -79 53 55 -86 -78 -65 -68 77 72 51 72 4 -80 -34 84 14 -92 36 85 -8 42 29 -59 -69 -93 76 49 16 82 27 -98 -12 31 99 11 97 -97 -45 94 91 74 -92 -69 4 -34 49 92 -17 63 -44 -43 -48 -98 25 -66 -98 13 -50 -42 93 24 -48 97 85 12 92 -7 -84 -96 89 -41 -32 88 -58 26 -62 -21 59 -82 24 -28 22 -25 -47 -1 69 -57 -3 -33 92 89 -86 -42 -11 67 -70 24 -5 62 -48 22 -90 58 35 -60 58 -29 -18 -55 -80 -53 -17 90 61 1 -44 70 73 -22 -99 -2 -47 -14 -60 -17 68 -8 -52 84 74 -14 -12 -95 30 65 -44 -45 74 30 48 24 -90 54 -5 -99 73 -83 -42 -37 -29 59 -23 30 -88 13 24 -42 -81 -21 -15 66 11 -14 81 -98 -12 -5 -54 -16 -82 -48 98 -67 -34 91 -82 -96 -21 17 50 91 -39 91 -90 -85 14 8 -42 -1 -13 -91 -77 -22 19 -36 -35 71 -26 94 -57 45 -46 89 57 -57 -61 -52 35 -74 86 45 55 13 89 96 -85 -97 -77 15 46 -55 17 -6 80 77 98 -32 -12 -94 8 -91 16 -8
-42 -96 -16 -75 -79 47 0 74 -70 44 -88 -33 -56 69 4 -50 -59 84 -29 3 44 -99 -82 -52 12 67 -4 -45 -93 -44 29 7 75 39 21 92 -59 -86 14 -32 -24 63 -80 -78 -16 -21 78 -37 -9 -56 -58 55 73 -79 -10 -52 16 -4 60 -61 -60 -45 -97 -15 -6 -42 -77 -50 -33 -10 -56 -31 71 29 -70 94 -74 -35 74 -11 -31 16 67 -23 -36 -41 6 90 -27 -83 82 12 59 -86 95 98 -60 43 -56 17 97 -35 -36 1 66 30 3 -51 19 90 68 69 -41 19 27 72 35 71 -32 -14 -31 -46 5 -53 -9 -5 32 -66 -87 0 -78 22 81 -17 99 6 93 -28 42 34 -66 -99 -98 -5 -65 -24 -78 82 76 -54 10 -4 -86 19 1 -12 4 31 -59 22 -76 33 -30 64 66 -61 65 -46 -93 97 -32 -61 -21 94 97 48 79 64 -64 -6 99 -57 15 -70 1 -84 89 -26 23 -48 -61 -8 -36 -66 17 2 36 36 -54 20 72 8 -92 -19 -79 37 -72 -44 58 4 69 -48 93 37 28 69 -82 67 -36 62 15 -79 57 78 -24 -58 -36 -31 53 17 44 81 -26 13 70 14 77 -91 -71 -63 31 -24 24 78 80 68 -72 28 15 50 -69 71 -92 -20 -35 90 -60 31 -28 -51 71 73 58 73 -45 91 91 9 -11 -46 89 -47 18 -28 18 -55 85 -49 -77 2 38 -80 -83 19 72 66 -31 -74 9 -54 46 3 7 19 19 -23 -17 99 98 -20 7 -84 -59 28 48 23 -36 -87 -50 23 74 98 -21 -31 34 -48 90 5 -17 44 20 7 82 -53 -99 -43 69 37 -44 -28 78 22 -66 59 62 78 -42 45 -29 85 47 68 -53 49 48 79 -79 -46 6 48 70 -42 -73 -42 -53 -49 75 -59 -76 -85 -13 -43 -2 -41 -4 -81 0 30 -98 -80 -78 65 36 44 39 57 41 74 -74 -98 -93 -39 -91 53 42 42 -42 21 -40 99 5 14 55 -40 21 19 -56 -30 -68 53 82 -26 -15 10 96 91 40 -94 70 20 -14 -11 -58 -51 -84 -8 -45 -72 4 30 5 -87 -29 -82 69 80 64 -12 -76 -32 97 99 -97 77 -17 53 -98 -27 36 -42 -21 80 -13 59 -9 68 45 2 -32 69 -90 -82 30 -31 44 -13 39 -79 -25 -76 44 -62 30 -33 19 2 -84 -55 -85 28 -89 81 22 89 15 78 -9 85 -42 -89 28 -6 7 13 -51 -20 -49 73 66 -18 -5 -13 -35 -26 -23 -41 -35 -39 72 91
54 -75 -16 -61 -87 86 87 -18 -26 38 -77 -17 63 29 -30 -45 -28 51 98 -90 83 -36 55 95 40 -81 13 58 65 -75 5 -91 -10 -42 26 32 85 -33 -86 65 72 -19 70 15 77 12 65 -11 -63 -92 -44 72 12 35 -48 16 -42 -39 74 -96 -90 -65 -56 50 30 41 -25 -89 -94 11 74 -82 84 36 -28 1 89 72 54 72 -6 -57 -90 -43 92 64 85 59 -67 15 21 72 -29 -91 -16 -76 40 -94 50 84 -48 -71 95 88 -27 -98 -88 -18 -4 23 36 94 -28 -51 65 -31 63 -63 -86 -18 10 14 -84 -26 -71 -76 66 -9 -46 -50 75 -36 16 -77 30 42 42 -39 52 -20 -36 91 -27 -66 43 -26 50 -6 59 38 -46 13 -27 -83 12 -49 18 8 76 11 -46 72 -2 -51 39 -32 -48 -91 -36 -58 -77 86 44 -13 -8 -39 -75 9 -12 77 34 -5 -18 72 25 60 -74 4 -50 -1 -81 -10 -89 -44 43 22 81 -90 83 -94 98 34 76 -28 40 -56 -75 75 28 41 72 55 -62 63 -87 85 -48 11 -62 -12 84 5 13 71 -34 -15 -81 -17 52 -32 -64 -74 -91 53 18 69 -85 -15 50 -39 -95 88 84 69 86 -92 -48 29 -20 -66 42 24 72 -84 -42 82 -56 90 -98 86 14 63 13 -27 -57 3 -5 -34 8 -78 33 33 35 -68 34 78 73 6 56 -52 69 -52 97 89 76 76 44 32 19 -23 -19 -22 73 58 -29 41 50 50 -5 77 -66 71 76 8 28 -62 -6 70 74 -72 -76 73 15 -70 58 28 25 -65 -24 43 50 58 -80 -87 73 1 48 -72 -97 17 87 -2 -45 14 21 46 31 -42 -96 43 -85 -18 89 18 -9 96 -10 -37 -92 -47 4 62 43 82 -15 -57 74 -71 73 -37 61 86 33 -87 19 -42 49 -50 51 -19 5 -48 18 4 -72 -55 14 63 -64 74 -53 -54 -45 -81 -8 68 79 -64 61 28 -17 63 -20 -14 -42 99 25 36 -23 83 60 -6 93 -29 42 -50 -67 69 -28 -22 -75 -39 -89 -30 -87 -73 52 -31 81 63 -13 -46 -93 0 62 28 57 71 -61 -2 18 46 -87 -36 -85 99 -57 99 38 -60 -77 -21 -68 -88 93 -91 -17 40 -87 79 64 -27 -44 -21 55 6 -49 -87 10 61 7 -39 -7 55 20 35 -7 42 -21 -94 -52 -22 -1 3 -10 2 -87 56 80 -90 34 59 5 -7 45 -30 -70 77 80 72 78 -99 83 8 85 15 51 81 -48 75
66 74 40 91 -27 61 12 -82 -3 81 4 43 34 97 -78 -85 75 -72 66 -6 -54 -8 -90 88 0 26 68 22 91 -20 36 -94 -95 -20 63 -37 78 5 -3 41 -87 2 -92 -64 19 61 -6 17 -31 -10 85 18 36 32 -40 -1 58 -65 -88 41 -17 -77 93 -21 -2 -84 96 -21 81 61 -70 28 44 15 27 92 -58 -97 97 -92 -76 -16 75 99 73 83 -46 43 -44 -12 91 -63 -42 12 -73 97 -35 -14 45 -70 -39 -5 8 -75 23 -88 74 -94 -70 93 -94 27 19 2 58 92 -71 92 -14 -68 56 -70 -14 3 76 2 -15 51 89 97 34 -47 -19 -5 9 -55 30 -65 18 4 85 -50 -86 -77 83 -30 79 -25 -82 70 86 86 -52 -97 -58 -28 -38 58 28 -73 -13 9 43 -99 -25 8 78 -99 76 7 -27 9 18 72 35 -94 -74 -25 21 -54 43 74 -42 99 -59 -27 -7 -20 7 72 58 -16 -92 12 50 -57 -81 -54 -3 -64 -87 -92 27 8 -31 79 -52 90 -48 -19 -54 -87 -55 -68 -39 -63 66 -60 99 -11 77 1 -60 12 -75 88 -22 -91 -16 79 71 91 -93 1 9 -8 45 -59 59 -8 68 67 66 68 65 7 67 29 -63 -69 -89 -16 -61 0 15 2 -58 -5 -34 -89 12 -1 -94 -81 8 -21 -87 -73 -13 -20 -26 -22 35 -1 -86 -46 82 -39 -90 37 -53 70 87 30 22 9 64 74 -71 -46 -90 -43 -5 -1 26 -26 67 64 -52 38 6 48 -79 34 53 -91 -50 -14 38 31 90 80 -92 36 -90 59 15 59 -51 -40 -12 -89 81 -34 62 21 -58 78 -98 48 75 1 -76 -68 76 41 -63 -24 -79 93 -88 65 57 55 35 50 -28 65 69 58 -99 -18 57 99 85 -70 84 78 98 62 14 35 -84 48 34 43 -66 30 71 -80 -64 -45 79 28 41 -81 -50 -75 -61 -98 -53 67 -26 -66 -69 21 -47 -51 -31 -96 74 57 63 25 -71 47 50 97 -27 -22 75 43 -31 -2 -48 65 53 80 0 -2 -78 75 25 86 -93 52 6 38 -84 -34 44 28 -24 83 -70 -32 8 -73 -68 -13 71 -65 -70 4 -30 -87 -28 -26 -51 41 80 81 -59 -13 -38 -93 86 21 68 -22 -40 43 16 -47 97 52 -95 98 -66 60 -9 33 -33 -12 69 -83 -61 99 13 75 -91 -49 34 -91 58 54 22 55 -13 -45 70 -97 18 -42 -55 -15 -59 26 91 50 -85 -24 8 -38 -50 10 17 96 12 87
-83 -66 74 94 -19 -56 -92 -22 -39 38 -43 7 73 -86 -93 -61 79 -5 37 47 -67 -81 59 8 92 3 62 -96 -80 9 73 79 19 -96 -29 97 -5 91 44 44 -66 84 97 -27 61 7 -18 37 -33 87 2 -22 9 5 -95 19 57 -67 41 40 -14 71 61 -94 -71 99 -29 -22 -27 -9 -61 -9 -7 -46 11 31 16 -55 26 -77 -18 61 87 71 92 -64 63 62 84 -35 50 -94 94 -96 83 94 -66 -12 59 -60 52 -99 22 7 -76 -4 56 91 5 88 -11 7 -87 16 34 64 -27 -61 47 0 79 10 -92 -14 17 38 -23 49 40 -70 -54 -94 -53 67 70 -70 -26 26 -93 -78 -7 99 74 -38 -12 -81 -43 -19 53 25 72 -79 70 68 62 17 -43 -39 -68 12 -67 -23 -35 60 55 55 -6 -17 -98 42 44 8 82 -79 78 34 -99 -96 -49 42 14 56 7 95 76 -69 -5 -77 -47 25 94 64 -13 23 -29 -41 -49 -70 38 71 19 42 -29 -67 9 47 -64 31 16 -85 -81 -27 18 -84 -39 -51 -28 -95 73 -31 43 -81 0 32 30 40 -72 -18 -85 29 73 86 -89 -16 -62 -48 -68 71 49 65 42 77 -72 36 -55 58 -44 34 90 12 -76 59 -43 13 -78 55 50 17 69 52 -44 19 -27 55 78 -83 -26 -5 -74 88 47 -55 -87 29 8 -17 -81 73 -19 -17 -64 13 17 17 -61 -76 45 46 8 55 -76 43 70 10 -42 94 -17 -19 90 44 44 -14 88 79 91 70 65 -87 10 6 -98 5 19 -93 -61 64 20 90 14 -84 5 -96 -34 23 -98 22 83 -66 89 76 45 8 41 7 54 90 84 -94 42 58 -15 11 43 47 75 -92 30 59 69 -39 29 20 5 86 67 11 -3 59 22 -57 -42 -72 -47 38 26 27 71 -37 -87 97 58 7 65 -82 -20 44 -79 12 -57 -51 -28 -6 -59 14 -62 83 -54 -65 -92 -8 -41 -4 11 19 -98 62 13 64 60 -99 -38 29 -47 29 79 -80 6 89 50 -57 57 -5 7 -66 -65 58 -5 78 16 -70 -17 -44 57 -88 -61 -77 -14 -61 39 -65 20 89 -55 -24 48 -58 20 -41 -16 50 65 -7 -23 18 27 -21 -19 -15 78 60 72 46 71 69 -60 23 -82 -76 -1 41 -39 33 -71 98 29 -50 85 32 41 -60 -71 -98 20 -20 6 69 -23 -24 -59 -87 -76 81 55 -76 74 25 96 98 -87 68 -89 56 17 -68 36 -27 34 87 -84 7
-86 -70 70 32 60 65 -67 -62 26 -52 -34 58 -80 -81 -80 -38 -50 -60 63 53 -44 21 -41 15 32 -32 96 -72 -30 33 46 92 -51 73 -32 24 -8 55 8 56 20 31 -13 26 75 -82 -54 39 40 1 -25 87 81 25 61 92 -49 74 -7 41 -72 -70 96 -7 69 -24 47 -67 25 -85 40 -92 47 4 73 -8 33 27 33 89 53 -16 16 -41 8 -67 11 -99 -84 15 5 6 46 16 94 93 -31 74 60 -60 24 -50 -86 39 23 66 98 45 -33 -67 55 -11 -45 75 -15 -50 -2 -76 -44 22 -29 3 47 -36 -37 -66 18 -13 0 34 42 -41 -42 88 51 43 -31 -62 -91 4 -45 -76 76 5 -95 65 12 -13 -37 -67 31 -71 53 92 -21 19 56 1 21 70 25 -63 23 35 -19 -89 -34 33 99 16 -45 5 46 99 28 -69 -44 17 25 99 -68 -97 71 -47 -16 57 57 28 -97 21 -47 -44 -40 -70 -35 -80 -18 6 8 63 -7 -39 89 90 -11 65 -82 -58 38 7 27 -67 -38 -99 4 80 17 -27 45 -28 -91 9 16 78 -97 -37 -33 99 73 -45 24 44 -81 -76 -27 13 -60 98 -37 -78 56 54 2 21 -19 49 81 -64 -93 97 -7 -53 84 6 -80 54 -39 81 -61 -5 -82 31 25 -94 -12 8 82 -61 -65 -98 -16 21 -56 -35 34 65 97 -88 -94 -87 -36 49 17 0 -67 -61 -39 84 -68 38 29 -89 68 7 61 32 -93 13 -93 -84 -64 98 -3 -12 70 83 -6 79 -69 93 78 -2 29 -66 -68 8 -23 -32 51 64 -59 51 -50 19 -57 -6 -20 54 19 -92 -78 -91 94 93 82 -77 41 -43 -87 -55 22 1 -65 -16 5 -44 -32 20 28 -77 65 41 -69 -65 78 66 -93 66 51 65 -17 87 -7 -42 -14 -56 68 84 -65 -37 44 -31 1 53 -72 -67 17 -99 20 -70 -2 -9 -84 70 -32 34 -89 80 82 -78 26 47 62 66 -74 -56 -79 14 78 41 33 69 -79 -88 55 67 -27 61 -28 -43 36 66 -2 -55 41 -43 32 32 -59 25 -92 49 -71 -31 54 3 -60 -67 47 69 -30 -91 99 23 11 -42 67 -95 -22 38 52 -15 51 7 85 1 -57 96 -74 -99 -45 -82 -13 77 -34 75 -83 -61 90 47 98 -35 30 91 -29 -52 2 56 -21 -4 -96 95 -95 33 36 33 -6 21 -33 -94 -13 66 86 65 -14 -10 27 -51 -65 -46 -70 -90 -91 59 90 -41 88 40 82 49
3 71 22 -92 58 -51 15 48 -12 -2 30 -85 53 50 -16 54 69 35 40 -16 6 36 -45 36 -85 -29 -86 -10 5 39 -99 -39 78 99 68 37 -19 -11 -77 -33 89 -69 -66 24 95 -59 8 84 -87 38 68 60 12 91 33 -52 43 89 0 -25 -51 39 4 -83 -47 -84 25 -5 67 -78 -64 33 62 16 -54 61 62 40 47 24 56 -26 70 -16 56 -44 -10 93 -20 -53 -21 -71 -95 -6 91 26 23 -30 -30 42 43 17 40 -11 -39 61 -98 -68 -81 61 -7 83 65 -51 -89 18 25 88 47 -33 -33 36 24 54 54 87 -54 -19 45 -12 -92 -15 -47 93 -9 54 24 62 -81 58 47 -9 -43 79 61 7 30 -74 -42 73 -99 10 -25 98 38 -16 83 -33 70 13 70 -3 63 20 -41 6 94 54 4 65 6 14 77 -71 -76 -81 5 8 -87 -33 -52 93 -99 7 93 98 50 72 54 43 -75 -11 -27 -85 -2 84 4 -27 -62 -81 10 15 -68 90 34 73 95 -48 44 -44 -20 22 -34 41 50 48 -31 14 75 -24 -77 74 -2 -62 -39 -80 -12 1 24 -13 40 97 -25 -43 -35 69 -60 -97 -48 17 24 -99 15 50 87 -68 -56 8 33 28 -19 51 64 -62 -43 -46 71 -2 -3 -55 -34 -95 93 74 58 -1 86 86 42 43 11 -78 -83 -94 -51 27 25 -71 14 -68 -98 -56 0 17 -77 42 -41 6 -33 -4 19 -52 93 -41 -54 -75 -19 -68 -75 78 79 90 83 -11 40 43 -10 -93 58 -10 62 43 64 -53 -39 79 -38 -16 -53 -1 -40 -71 -16 3 -33 -79 3 -20 -66 44 14 -43 -71 -65 -74 -50 46 10 -49 -51 -57 -82 97 -42 -25 -45 -32 -82 73 -98 -79 16 29 78 -40 45 -83 -83 14 36 -96 -67 65 58 23 8 -82 77 -39 93 19 -80 -23 94 -70 -96 -97 61 15 5 37 -96 70 44 7 -84 7 -36 -78 -2 -71 84 -69 5 -40 -87 -79 -73 91 14 17 -24 33 -6 -62 -93 85 -31 29 44 47 -21 79 -64 -51 77 -43 68 -11 92 -32 -12 1 13 -74 79 41 -87 75 -67 -22 -19 45 -31 -12 -62 -24 -32 19 86 76 -98 -2 -78 65 -13 9 -30 -79 -63 53 -65 -24 -15 -56 -31 -37 24 -32 -51 -56 80 12 72 81 -91 31 -71 -39 12 32 -29 19 45 -4 55 -86 51 -69 7 96 -6 85 -23 5 -93 31 52 -96 -3 -85 39 87 14 80 -59 4 -28 19 82
52 10 -55 68 -32 31 60 35 -31 -58 54 -35 85 27 47 46 -94 77 9 -17 90 -8 -5 3 -13 -93 -77 -73 47 -53 66 87 -70 -6 82 28 -39 49 40 46 -64 -12 -57 -48 42 -14 40 5 68 -63 -79 -2 -12 45 0 58 41 68 -23 12 25 -78 48 -4 -88 13 -85 77 63 89 69 40 12 8 -49 -48 -96 -16 -11 41 -61 -95 86 61 52 -6 -51 -44 49 -14 -6 -36 11 -43 -42 0 -44 97 59 46 -64 16 69 -16 -35 33 80 42 -43 47 12 53 -79 -47 -56 -57 -33 24 -14 -29 67 65 -91 -61 -41 -91 -71 56 -38 16 -58 -78 -24 -16 21 61 -55 -11 -88 -52 6 82 60 61 15 50 -63 11 -52 34 -32 -8 29 -24 -3 14 40 13 -94 6 -29 35 21 -49 -54 40 -46 -36 -26 -75 14 -80 -29 68 -10 54 9 35 -57 -25 -55 25 -93 -31 -45 43 83 89 -37 16 71 12 -20 -48 -84 61 -50 -98 -39 -88 1 44 -64 -17 -35 30 12 -62 9 -46 48 5 -84 -65 -19 29 -48 -11 -92 52 92 68 -27 80 93 -60 93 82 43 48 -20 -70 88 68 1 -85 50 34 22 -12 -80 -8 -1 -8 97 3 23 -71 -99 -61 19 -26 7 22 27 70 -88 -73 -38 -28 -33 -71 35 80 18 -40 -14 7 58 97 92 -61 59 -74 17 -36 -16 47 22 66 -84 65 -48 30 -76 -53 24 -93 50 -62 60 -99 -38 -68 99 87 32 -23 -21 63 44 -40 69 -69 43 76 63 -35 -95 69 -52 40 37 -93 -99 -50 77 17 -62 42 65 82 -47 75 84 82 45 -65 64 16 -12 -48 -62 -1 -15 13 29 -42 67 42 -22 -60 -39 37 -85 90 -25 76 -15 21 39 33 -81 -2 -75 -92 54 22 76 -21 84 67 -69 -79 52 61 0 49 49 20 7 11 85 79 54 -19 93 -56 -38 87 46 -66 -51 -1 35 -13 29 -78 54 14 63 63 33 95 44 46 -98 -72 50 -15 -77 85 64 -58 10 -16 -91 -54 51 64 65 -30 73 0 -28 -65 85 56 -27 10 -38 20 38 20 87 17 42 -88 -74 -44 31 36 69 12 45 -35 80 86 87 95 79 -96 13 -73 -17 -30 26 75 39 41 94 -22 72 -42 -46 69 46 -72 77 -50 89 65 36 6 -60 60 85 64 35 58 -33 19 71 -51 93 -59 14 84 -13 -60 -6 20 -91 -23 36 -5 -88 -17 -94 -67 83 -64 -99 -3 -16 54 71 92 -12 -4
-66 63 -14 74 -98 29 -3 80 8 -10 -76 -37 10 -68 -62 -58 -44 98 -71 -68 -89 17 -22 -67 -40 65 85 57 -89 71 62 52 -39 32 36 -1 6 79 16 -15 30 -76 35 54 -15 64 -6 -64 40 27 63 -18 -30 -18 21 2 -33 6 38 37 -9 29 0 23 96 -22 41 -34 38 92 -74 83 -92 91 -85 64 55 12 58 -76 -85 -86 -42 95 -67 -23 -49 6 -87 -28 -84 72 -36 -51 -79 28 -30 -52 -64 -13 -55 -74 21 92 71 67 8 55 -30 -56 -99 73 -2 -34 20 12 -22 2 1 93 15 -74 29 -29 54 -59 -45 18 54 58 -1 32 -33 60 -83 3 -72 25 47 62 -45 -63 -84 70 -98 28 -86 -39 4 -80 10 40 96 53 -11 -51 54 -30 -59 -25 -39 -54 70 -64 23 -99 -79 -37 -92 -83 43 14 48 7 57 -14 -9 62 53 -9 -37 -71 94 -25 29 37 42 -33 3 82 -76 -89 90 57 -44 44 -8 95 34 -43 30 -45 -94 -29 59 21 51 83 78 4 51 80 69 -9 -79 -67 -84 -31 56 21 16 -90 -93 43 -72 -29 69 14 37 10 53 -64 76 -16 9 -19 -86 72 -55 79 -47 -46 -19 -84 97 -23 -85 -55 59 12 32 -75 -37 -28 -77 87 29 13 -37 -26 68 60 -82 -46 61 -54 -95 89 -98 2 -98 -58 -30 -19 26 -82 86 57 -35 48 -54 -99 98 -41 -12 -27 45 -22 40 -11 -9 -15 -32 -39 -41 13 -5 78 73 -65 30 -28 -85 91 16 -13 81 -65 86 -77 -53 88 -34 74 49 52 -46 1 -53 99 57 -49 -88 88 -61 -35 -98 -26 -38 84 -31 -68 58 59 -41 -40 84 84 8 93 64 -17 -28 -5 -80 29 -32 -49 43 67 51 76 92 -28 46 -1 22 -4 9 71 -54 20 -48 -61 93 28 -97 -80 -97 -13 -55 26 91 -18 -43 -55 30 -82 42 -33 -1 46 68 -25 -24 -30 -78 96 -40 58 -95 62 -3 8 84 -89 -35 -46 -45 -94 -13 -58 43 60 -4 66 37 69 64 -54 75 -90 -75 80 -57 51 -66 17 -50 -12 56 77 82 91 -10 22 99 -77 -73 65 -87 -30 -16 60 6 -15 -40 98 64 -13 -53 -9 18 25 71 37 80 -67 -86 -36 -63 -83 -71 89 76 83 80 -20 99 -15 -35 84 69 64 -57 33 -63 -34 92 1 40 -34 -34 98 89 -42 40 38 60 -66 17 64 32 59 58 -93 95 -46 32 0 -83 -19 -96 82 -57 -48 -74 -85 1 89
24 34 -1 -80 8 -14 18 42 -84 -2 -93 93 -30 74 94 -82 -16 -80 12 84 84 18 -78 -40 -28 -83 -60 -69 66 -84 -9 -47 -97 -72 -38 76 43 -29 -58 -18 23 8 90 -20 -61 -4 -28 14 -4 83 44 -93 -95 73 -42 -91 -12 74 32 68 0 7 81 -48 -26 32 76 80 79 -98 52 -96 9 -94 -64 91 15 -68 81 75 73 -30 97 -42 53 -79 53 -89 43 -14 42 75 92 97 48 30 16 44 -81 14 -3 91 88 44 -58 -91 -50 5 -7 -53 -23 50 28 -38 -19 -64 70 58 -69 -36 28 57 79 -75 -17 -69 26 19 -34 47 -66 46 89 -78 -32 37 25 -17 25 69 -48 22 -12 -73 -42 -53 5 26 -87 43 -18 57 -44 22 -17 -58 -29 82 87 -76 77 -10 -53 23 -98 -93 0 42 67 81 49 12 -27 2 84 -58 8 -60 79 99 28 -67 -14 43 -33 -39 -6 -25 29 90 -3 -48 33 -92 -12 -20 47 31 98 -46 93 -97 79 -32 -42 -74 -97 -65 -58 -16 57 58 2 -14 -35 49 55 -54 71 -72 -34 8 -18 -24 -77 25 -45 -46 92 11 0 -72 -10 45 -29 66 97 -20 16 -4 31 47 -72 -74 14 -68 48 11 -81 -68 33 34 55 69 17 85 14 11 88 5 84 -8 -41 94 15 82 82 54 -20 -47 -5 -40 50 40 72 -89 -67 -80 -93 -3 -1 -28 71 71 -62 39 55 -83 -4 23 21 -58 55 -30 78 30 -10 -89 -93 10 -94 47 7 -6 38 -8 -4 -13 22 -17 -90 57 -39 61 -53 -42 28 82 29 -67 17 14 80 61 89 -59 -61 46 88 19 10 -4 91 44 -9 90 95 21 -34 33 -7 -37 -64 -91 -59 -84 -13 -88 -43 1 86 69 33 97 -69 38 -32 -73 14 -4 -4 -88 77 -52 -58 70 -95 -85 97 20 25 33 74 53 49 -79 -72 91 -34 -51 76 50 40 68 96 32 52 26 69 16 -96 33 64 14 -94 27 -62 -48 -29 -15 -65 -94 41 75 29 51 -16 -40 -36 51 18 -2 84 26 -34 91 87 95 -54 -42 42 -6 -19 -91 -22 -32 -20 -71 5 -57 -61 51 -24 -1 -72 -94 -43 24 -3 -71 53 -34 -56 77 77 -2 24 63 -83 -20 -35 23 3 99 -11 60 -44 -65 -75 83 -64 40 -45 74 -88 -13 43 80 87 77 -24 53 -46 -3 -37 68 -97 -78 32 -28 -65 -90 -29 -31 -26 -91 -9 59 5 72 44 -15 -47 -74 -61 69 -98 55 -22 62
-23 54 -25 -75 -49 16 28 80 95 -20 -55 71 5 -93 -95 68 -1 96 45 89 -12 -98 -87 -73 -69 1 37 70 -41 37 76 -56 67 35 -68 94 32 98 13 67 7 -9 -51 68 -6 -36 -77 5 -86 25 -62 62 71 -22 -91 6 27 39 59 87 11 3 14 -62 -91 -46 -91 25 -60 84 -36 28 -60 -30 -93 -82 9 -34 -99 -96 67 68 81 -56 3 19 34 67 99 -2 -20 10 -94 -89 -17 -87 29 -5 29 45 71 -12 -55 0 -94 63 -89 45 43 -84 33 54 -83 32 -67 -9 -81 -15 -22 -95 75 62 70 30 -82 -20 -28 55 -38 -6 -11 -24 -93 -3 -22 99 -92 76 -73 55 29 -25 83 70 51 -61 39 -44 56 80 27 -36 93 11 36 8 5 -83 99 21 -12 12 -24 80 99 -26 -13 -12 -20 -2 -27 50 67 -75 41 -65 75 71 -88 -55 -24 53 0 -2 -17 -91 73 11 -92 -89 -28 69 53 -15 -70 -2 -46 -16 70 -79 61 -38 84 6 -63 -98 -13 41 -80 54 12 -43 -72 92 25 39 -18 -75 -60 49 -36 15 88 -57 -87 -34 30 -91 34 -14 34 -35 77 -7 -65 -79 -43 56 -29 -84 42 -88 39 -92 60 -76 -66 59 -13 58 -80 38 60 -24 -38 -11 -40 1 -53 -88 60 -61 -68 69 53 91 -61 61 38 -78 12 95 -57 55 86 84 -13 -34 42 -45 -39 -67 34 -58 4 -66 65 25 53 9 20 15 93 42 -2 -20 38 86 -75 0 74 37 65 49 -20 -47 -77 -98 -85 -46 -9 -3 32 -14 -2 77 75 -79 -70 -96 -67 94 -70 44 -18 -42 23 26 -48 -69 -82 -52 23 50 54 0 -68 -90 62 54 71 38 55 40 -32 63 40 57 31 -79 -86 -21 78 -58 77 -69 -60 -34 28 -66 -95 -71 30 -44 -94 -30 91 -34 79 -57 61 14 -19 24 -40 -53 -76 34 88 44 -8 -95 -30 72 -58 -97 0 -22 -3 24 -19 21 -66 75 -26 39 81 95 76 39 24 -68 38 98 94 5 20 98 78 -37 -13 -62 99 -86 -82 -98 -40 92 50 -71 0 -49 19 66 31 -80 -31 9 -34 -39 61 -76 59 52 97 -77 -67 -76 -9 98 72 -91 -2 93 10 50 77 95 -96 56 44 -49 -40 27 -44 -45 45 5 88 60 65 -73 76 37 24 28 50 -54 -86 -33 51 1 -39 -12 1 -53 45 4 23 71 1 99 53 -11 54 31 -81 -15 -85 -35 -19 48 30 78 74 52 98 45 23 -12
6 -31 -6 -72 -32 -44 -70 -78 21 65 -46 -24 2 38 -21 52 25 42 79 -99 -40 23 -63 52 75 -79 -81 -98 48 15 19 55 73 -34 -89 72 33 4 -35 -54 -96 -73 -17 7 -60 -45 85 -34 -29 58 -14 30 -71 -45 41 -54 -60 -38 -48 -25 68 82 -67 -46 7 14 70 -23 -47 -97 -12 51 52 -70 -88 80 -29 28 -29 -75 31 68 -73 -97 86 -23 23 -25 -10 -19 15 33 -24 70 -15 83 -26 22 -97 -30 -18 51 43 20 -40 -71 99 72 -11 -46 26 56 38 -9 35 -17 -45 -90 -80 -75 -57 -66 -35 9 -69 -73 -8 58 -88 -70 -52 -44 -8 -76 -55 -94 61 -27 -54 3 47 40 -17 -40 47 77 -47 -79 36 -14 15 63 -38 -33 -89 -92 -50 -40 -49 74 22 -81 -73 77 43 69 0 63 -21 -76 -61 -32 94 86 26 -42 -81 -62 85 61 -1 19 -30 -96 -50 -2 88 30 -65 69 -62 -47 -36 -87 0 53 38 57 95 -26 -96 -17 -36 26 40 47 -16 7 46 44 -55 67 62 -39 1 69 -65 -36 87 40 -21 -73 -27 7 -89 7 66 69 53 36 -73 24 -14 79 25 53 -96 8 -45 -6 -84 -60 5 -46 84 73 88 60 64 69 -69 -82 19 -58 12 -15 -57 -51 20 -15 64 -9 -54 -75 -69 -8 38 -93 61 86 -43 68 -31 -22 -80 38 -75 -1 32 2 -60 69 -10 49 -43 43 66 25 -16 73 99 -68 99 -28 73 28 -99 -75 -55 8 61 -72 -65 12 41 33 4 -5 50 96 81 35 -5 89 98 8 -87 -99 -13 -23 -15 -7 93 0 77 -90 -36 -22 35 98 -84 73 73 1 -17 -74 39 -64 -7 -62 -15 -19 90 21 -43 93 -69 2 -9 -90 -53 21 -89 23 4 24 -37 70 -1 -93 -32 -23 -83 78 -42 -26 -67 -30 -80 -26 1 45 -70 37 25 22 80 47 55 -28 74 -86 31 -58 18 23 60 -66 45 -2 -96 69 -41 -2 9 49 93 52 62 -94 31 51 43 -23 -19 28 19 -7 -63 18 43 2 74 -67 83 51 -9 49 -50 -6 47 97 -76 90 -55 82 23 66 -13 21 -27 -90 1 -63 72 -81 -80 24 -76 86 -6 -72 5 48 -1 67 -42 -94 48 -82 31 -3 95 99 -88 34 90 98 -95 -17 55 11 3 -50 -32 58 -82 81 -46 -8 21 -80 -69 -93 57 -20 96 -68 25 -88 -88 -30 -36 -40 -9 -72 -6 13 -98 99 70 -90 -11 -34 44 97 10 99 70 -55
-48 76 -53 13 14 -57 -6 52 -10 24 -98 75 93 -95 22 78 -98 12 -15 -18 71 -93 3 49 12 -32 -62 -36 -89 -16 -85 -1 66 -8 19 78 -16 -39 54 -88 50 97 -41 -9 -69 -38 -59 3 -31 -91 -40 67 -4 1 -24 -50 -60 75 -47 98 99 36 -61 96 25 -91 51 -2 -57 65 -98 62 -94 84 -70 40 1 -44 -59 26 64 42 -5 -78 8 16 -88 45 -7 13 -76 18 34 24 -33 -81 -75 42 -88 -73 0 48 -7 -90 -31 -86 -2 -45 26 10 -86 -78 83 8 -59 81 22 -73 -34 50 19 -80 -67 -21 -51 30 -82 54 87 -59 -20 76 61 -9 92 58 80 84 -50 -12 2 27 -55 -20 -92 -85 -96 35 47 18 27 86 83 3 92 -20 30 -28 75 32 18 65 -25 -13 6 68 -85 -82 -32 -33 95 -17 7 76 -58 -56 24 4 -65 98 84 -67 -33 33 -6 -30 -1 89 -46 86 50 44 -15 72 -25 53 31 -68 -1 65 57 -71 90 -53 -1 -57 -44 0 -63 65 44 86 -85 -46 -3 56 -45 57 -16 -52 -27 -94 -54 89 40 35 49 -81 12 22 -40 -38 82 26 65 -15 -1 60 -44 -17 -50 12 55 -94 93 -80 73 -69 -60 -69 -86 34 25 26 41 -41 -5 -60 -45 -54 -77 -74 37 -89 -55 -12 85 -13 93 -78 35 59 -45 31 15 41 -50 71 -87 63 -24 -17 -60 67 -84 -84 -51 -39 94 -46 45 85 -68 -92 -75 -58 45 -30 -37 -35 65 57 29 58 40 81 73 -57 -58 -21 -15 -50 87 -7 33 -79 33 64 7 -49 -65 -13 -46 19 -72 30 78 56 98 23 49 -70 46 38 98 -59 81 87 -83 79 -97 22 93 -36 -7 -15 36 -86 4 -62 -85 -36 -44 0 -2 59 57 92 -94 -11 -43 24 14 -78 58 -65 -38 52 65 19 -36 -11 31 24 -21 66 68 90 -95 25 -66 -32 -34 36 65 -45 3 -72 25 -1 -42 52 -46 80 -92 -66 7 24 65 -6 26 29 84 17 87 47 15 -98 71 49 -30 68 89 -78 -64 60 37 -3 -73 78 -12 -64 -80 80 8 78 -78 -95 39 -41 -35 -62 47 -5 80 -55 54 -52 -99 -30 -1 10 6 -94 69 38 10 81 -49 18 -7 -15 -18 -76 -99 66 72 -20 -90 81 19 -24 -44 -52 -12 50 -66 -52 -69 -50 42 16 -71 -6 9 0 16 34 -6 -57 51 -15 -94 11 -56 -22 71 -70 56 15 -30 54 31 54 -53 -71 77 0 -18 43
18 96 -15 -10 35 61 86 98 -16 19 -54 88 44 -77 42 78 73 45 -59 73 43 46 83 -37 16 99 79 33 88 23 99 -49 80 -68 -82 -61 -1 73 -52 24 27 -83 -84 66 73 49 40 -15 73 -56 -2 31 -87 -16 83 82 -64 -17 -11 -72 67 64 -9 -96 87 -88 80 -40 24 -16 -58 78 -19 -77 -67 -90 -84 -77 -77 -97 -8 -75 -49 -7 95 -43 -54 7 -6 -26 -98 -37 83 54 -13 -58 -26 65 -95 -40 81 67 -25 -8 -48 2 -92 26 17 -42 52 -27 99 55 26 35 -89 53 -82 35 44 -4 -63 -94 65 2 -89 -82 33 32 27 29 -92 7 70 -27 98 -33 -44 -26 86 -22 -24 71 -62 -49 50 -48 24 18 -4 -87 -16 99 8 -19 -13 27 69 -81 27 -21 29 -83 29 -47 74 -92 59 -38 -1 50 27 98 -23 42 74 -87 -44 -10 -86 80 -2 -28 43 89 -51 -61 -45 61 27 90 22 -51 64 -96 -43 -22 -26 -86 -68 53 -41 -82 10 35 50 53 -43 61 -17 -68 -85 59 -76 -57 79 95 -77 -6 54 87 -8 36 -90 26 45 50 70 16 -54 30 -40 6 -20 25 -46 94 72 70 88 -77 30 27 -15 80 -41 58 -81 -60 -11 58 43 33 -81 -83 -70 -93 -2 47 -62 72 87 -71 90 -9 -71 -51 23 58 -26 -14 33 64 85 -97 -1 -46 -87 27 -83 -50 -20 92 1 31 24 -5 -29 -28 84 68 63 5 -71 -8 -6 88 14 -47 -8 -65 96 54 -48 12 96 55 71 -67 55 -95 30 80 -61 -56 57 -76 -9 55 60 18 -83 41 38 72 -12 19 71 70 -3 29 98 -12 50 72 53 -63 40 99 74 -64 85 -49 -95 33 -64 71 -21 15 34 3 79 20 -55 -79 22 -5 -56 50 -15 20 67 50 -79 -49 -50 -89 63 -42 28 -22 32 -24 -35 73 -5 92 -36 -84 62 -40 77 0 -73 -85 -50 -33 72 88 15 -53 8 59 -73 8 80 70 -89 -35 -25 86 99 7 62 -58 -99 -9 94 -89 87 45 -98 13 76 -36 -97 -47 33 62 -84 44 -68 -71 -41 -61 -15 -28 62 -44 17 -99 93 -28 -42 90 -77 -47 5 77 -73 -78 10 96 70 23 -96 -29 94 94 -7 38 -35 64 -15 38 -22 -96 38 -46 48 51 72 21 -96 -86 1 51 -44 54 -25 38 -70 19 55 -42 84 32 -94 -48 -31 -92 22 84 -8 -57 -49 -99 31 47 -64 31 -86 -7 24 -37 -2 -14 37 51
80 -29 24 -21 -89 -19 -6 -80 -20 4 -33 62 50 90 -2 52 22 -24 -69 -99 -57 19 38 -25 10 42 -57 -80 -74 -36 -75 -99 -80 90 -9 7 -6 28 28 34 58 -19 -63 55 -85 72 52 65 72 88 -9 96 -2 -95 69 -71 -2 -29 -98 -21 61 62 -88 -15 -89 -21 46 -55 -69 3 -50 -58 55 -2 82 -13 36 90 -40 -33 21 -82 -36 41 45 26 -22 -91 22 80 -55 -95 13 21 -20 26 -97 -97 -75 -63 -62 13 -40 27 88 27 -12 21 -87 -50 -74 -67 -4 -47 -31 51 60 -87 -61 21 -34 -43 90 76 68 -64 -98 31 -56 -6 -45 67 -86 -40 31 -26 20 -22 32 -89 -46 -28 79 67 91 -45 -58 -77 70 17 -90 27 -28 60 -78 47 13 -37 -84 78 -43 77 48 -21 92 10 -59 70 -20 -70 74 25 59 21 38 55 28 -55 -52 -56 71 86 23 -96 -77 36 -82 40 -54 47 42 -8 80 -32 -60 -54 61 -59 -56 22 31 3 -37 -93 76 89 -23 -72 -76 61 14 64 69 -39 60 28 15 -81 -67 17 78 98 -60 96 -92 33 87 -11 -67 14 33 -57 18 20 -85 50 63 -41 50 -28 94 57 -72 69 55 -48 -53 -19 -3 -6 31 58 66 -31 -4 77 61 -52 -92 -18 -21 -10 -39 41 7 -2 54 26 -5 99 -25 -11 -33 -43 -98 -50 5 -50 54 -99 -22 -64 -83 -88 -59 -12 75 -97 1 -70 -15 7 -75 18 -45 69 -58 -38 -1 97 19 73 -13 77 -47 -67 -17 60 -87 56 -78 -26 -87 -5 -52 72 47 63 13 0 -68 -4 -89 -25 -12 -21 -99 -64 -74 28 33 -63 51 91 97 -93 -91 82 59 -76 70 -57 -67 -18 -27 69 -5 64 75 89 -41 43 -20 13 2 -3 -17 -73 -1 -24 -33 47 -50 -73 94 2 -37 69 81 0 91 -80 -68 -65 43 -64 87 36 44 18 -91 23 65 -69 1 -79 -2 -54 9 -21 35 -43 -81 -62 5 99 18 -54 18 -17 43 55 74 -20 -3 34 95 14 -1 -64 -15 -91 68 51 -86 3 -23 -2 57 52 -44 69 80 -43 -66 12 32 34 64 -50 -51 -71 -1 50 -29 -77 -62 -91 -88 -71 97 29 72 40 -13 -4 71 -17 70 -79 -42 93 -76 -81 70 5 -55 -36 -20 -47 -97 24 -51 -77 -20 -57 10 7 -62 -84 -92 -46 47 -85 27 2 20 -36 62 60 89 81 -64 71 -52 -82 59 -11 -10 -75 -56 -73 29 12 -57 75 96 -42 -38 -25
31 41 -24 82 50 49 19 61 -68 92 41 -48 -17 -94 -41 15 -44 22 -88 16 -54 -5 92 -57 -4 25 -82 94 41 7 42 93 38 64 -46 -58 28 -22 -57 38 83 -50 -93 -78 -63 -74 -32 -93 -55 -12 99 -20 92 84 -51 71 0 -3 -72 11 -55 -81 3 1 34 -56 85 61 -40 -45 -80 -78 -36 14 -39 -64 -76 -26 44 -81 -35 -63 23 -13 61 26 -2 90 -40 30 86 1 41 39 -37 57 20 -13 48 72 52 -44 52 50 80 23 -27 -46 -22 5 21 89 46 66 68 97 -20 77 -7 -79 21 87 44 16 44 -53 43 -92 -63 -31 24 36 -53 -23 -82 48 30 3 -61 -17 24 -44 -49 -24 -86 28 -27 79 -46 98 55 -27 -32 -81 -35 61 56 6 50 92 49 62 90 -72 -31 -14 -45 -22 14 -64 -72 -95 -47 2 0 -64 -79 -65 90 30 81 -27 -90 -95 -54 44 -20 39 -48 -43 -99 -67 30 72 -19 35 79 79 28 42 65 2 -10 72 -89 -70 -9 -13 -94 14 -28 -44 75 0 -1 82 84 52 -85 -36 -35 -37 -53 2 -22 88 15 -83 -6 76 -97 -26 74 -8 -98 78 -11 -87 81 -75 -50 -77 43 -91 -80 47 -7 -1 -34 97 -11 63 24 5 -45 16 96 46 -88 93 -19 -77 30 60 -33 28 53 26 -85 64 45 48 -2 79 96 -64 -43 26 2 -9 -76 -12 30 -76 -36 -61 23 42 80 -79 13 29 3 41 9 67 -12 -65 54 83 -45 -86 92 -90 59 -74 72 42 99 57 48 -51 -29 27 51 49 -78 -70 17 -34 -59 -96 34 -94 -21 35 -69 44 74 -60 38 60 51 53 71 -28 -30 56 17 -54 -50 -91 -33 88 33 -82 75 69 54 46 22 19 -22 68 2 -49 73 -31 -31 -53 22 -18 74 -27 23 56 90 -27 -40 4 -45 46 -77 8 2 -74 -27 29 67 43 61 -82 7 -85 -94 91 84 58 24 -45 -95 0 -68 -60 -25 -61 99 -62 -51 84 -66 64 58 -15 86 9 80 -89 32 24 -42 46 -76 -78 -98 -63 13 -54 21 52 9 10 8 71 99 4 -22 38 58 9 -93 -3 -37 -13 -85 3 -45 -25 -2 53 -99 -60 -46 -82 85 90 -80 -13 7 -18 14 69 44 96 -17 -98 99 -91 -51 -61 -87 -63 -74 -32 19 44 53 94 73 49 -88 -28 54 -14 -57 59 -35 35 -45 65 -51 -89 -99 -82 -64 7 10 -80 72 -32 6 65 6 89 -53 -44 14 -38 7 2
66 37 16 15 55 -21 -64 33 -33 -40 73 44 83 -76 -32 8 -70 -44 -44 -99 63 -78 1 61 80 -35 -17 44 -74 11 -83 -27 51 -84 53 6 -84 -11 -11 -6 21 66 89 11 -3 -85 52 -94 90 -74 40 -68 69 8 -72 -44 85 10 -48 89 -46 -11 -4 0 -14 7 -48 -93 -69 -42 63 -44 -32 -50 57 60 -68 -37 -33 26 40 79 59 -38 -25 -52 -2 84 46 67 -46 45 -71 91 22 30 -76 -18 -29 16 -20 -30 -29 -49 59 52 78 6 -68 -53 89 -88 -39 -21 -56 -63 89 -81 -90 85 57 -48 69 64 -67 -37 -64 14 -33 80 -66 82 49 6 21 -93 -79 -87 2 97 39 -29 -12 -48 -59 16 36 0 -83 -10 68 59 62 28 66 77 98 -14 87 34 -37 -21 64 -35 -16 -83 50 45 79 2 77 15 -2 89 16 -10 45 -28 -34 -1 33 -38 65 -42 52 -43 86 89 -69 -52 66 4 83 84 -92 -89 -51 42 -11 -5 -90 -1 -7 43 -72 -66 87 8 -89 -26 -19 75 -39 67 63 37 46 41 -41 -75 -31 -1 -5 -68 -50 -18 59 76 -4 0 -94 -83 49 6 -58 28 21 -43 67 78 -39 62 78 97 -32 -87 -79 -26 46 -28 -45 -9 -58 15 72 16 97 11 -5 27 -67 -61 24 45 84 -68 -26 -18 54 -39 88 -59 -34 -95 -37 59 30 -19 79 -13 -87 44 -10 -20 63 41 23 28 -87 64 -86 -37 71 -91 2 54 -86 -12 -92 -34 3 27 -12 -28 58 -42 -91 69 88 41 97 -59 -29 -47 31 -93 -56 96 85 -74 46 62 -94 62 -18 -57 -65 15 61 51 0 -9 -8 -99 -3 -71 62 -89 99 26 95 -66 -97 -18 35 26 65 52 88 -57 93 21 61 -47 -68 -13 -18 -51 27 -39 -60 30 -52 23 -51 30 -96 56 65 55 5 10 -12 -20 -67 -61 -38 89 -20 22 -91 14 37 -70 32 88 -41 -30 98 -18 -82 39 5 18 -24 -5 -14 -83 -94 -24 9 95 17 -12 -87 82 -91 -99 -71 71 -86 40 -48 96 -32 65 -59 94 66 -26 41 65 -78 -91 -4 -88 -12 -32 21 30 7 71 -76 2 45 93 44 98 90 40 -15 -70 -20 84 19 -89 69 41 -72 21 -88 49 -57 1 20 -86 90 -56 1 -56 61 89 37 0 -33 -84 80 -26 20 -49 59 55 54 31 -30 22 -47 -87 -35 -3 99 68 52 0 -64 -75 79 55 32 -50 5 -86 -95 13 36 12 2 50 14 40
-1 23 -69 44 -69 -76 -97 -95 -10 58 34 -98 4 49 -20 64 -50 94 -95 -26 37 -5 -10 38 85 -36 38 -50 68 -69 49 36 -77 12 -49 25 -99 -14 49 -38 92 -75 28 -72 49 -21 -33 -81 98 -17 -2 0 98 -61 71 -66 -40 29 -77 -56 -69 85 -75 37 83 -30 -92 9 -3 -27 -45 22 51 -35 29 -10 52 85 21 -97 -94 -78 -67 -16 -23 31 71 -79 1 -64 35 82 -63 -2 -48 7 78 -15 85 -11 -4 25 -74 -29 -93 -53 40 80 8 55 64 -49 -54 90 -56 -4 85 88 64 -51 -47 10 -15 46 -9 -91 -27 -26 54 16 81 -75 72 55 14 -24 -65 57 10 -27 -95 63 -59 70 71 23 76 -51 20 -4 86 15 52 99 96 91 -89 36 -29 25 -44 -3 -35 61 89 -2 -96 88 -28 36 63 77 20 96 -96 -99 84 11 -36 -42 31 -95 -36 53 -2 -19 25 -72 -82 53 91 63 -56 4 18 79 -48 69 -16 23 79 98 -8 49 47 -88 24 -52 24 -76 -54 -52 -88 -67 10 -61 85 -72 10 -6 76 91 -45 -44 -47 51 -48 -8 87 -73 -99 4 84 63 73 40 -62 -28 -94 92 4 59 -40 67 76 71 -74 85 -80 81 19 -15 5 -49 -50 28 -31 87 -32 -77 -1 90 6 41 90 48 -13 -63 81 -40 -88 -4 91 -4 -48 -44 -13 96 9 -49 46 76 37 -99 -26 -4 -70 -94 -74 -84 -46 -87 -83 49 -11 -24 -70 26 32 -93 -28 -28 44 55 12 82 28 -65 -88 39 -50 -14 -72 -69 -67 -19 1 37 -93 64 31 -83 14 -67 -54 32 -7 -46 -85 -46 -73 -94 -9 51 -49 16 66 12 -97 6 -67 33 58 -67 -11 -27 66 38 21 -68 -7 -54 99 30 23 -62 28 -9 -90 52 -37 4 -82 -79 89 -72 79 -79 -86 25 68 50 -35 46 43 14 81 -72 64 57 4 12 -56 -99 72 -83 12 37 90 -12 93 12 -87 92 -60 -40 54 99 43 28 -79 -75 89 93 58 13 60 -31 -92 80 63 -47 -12 -38 -7 9 89 57 75 76 72 -56 59 23 54 -86 90 77 0 -25 -43 -71 -95 30 79 -86 -7 88 -86 -88 13 34 -43 63 23 -81 -20 -83 -67 0 5 70 -47 -42 -51 88 -2 -68 24 57 76 -53 -54 79 96 29 -69 6 53 -51 63 6 -69 -44 -41 79 63 91 -73 95 58 -83 55 -72 97 20 -99 -73 -9 -90 -59 -86 40 40 -5 -79 -51 43 -23 73
-52 9 -41 57 1 65 6 -54 -48 98 42 -88 -37 60 -92 1 49 96 -19 -59 67 69 -34 3 -55 92 96 41 95 -42 -25 -4 -52 -16 88 9 10 51 -17 79 19 47 72 49 30 -96 -5 -52 -62 -13 -10 22 -59 -27 -48 -55 64 -79 -62 -57 56 -61 -88 -54 63 -19 -73 17 0 63 67 -64 -7 48 58 67 87 51 -24 84 19 -13 5 52 -11 37 -31 -70 20 -85 -53 4 -41 -30 -40 40 -60 43 66 40 31 61 9 -77 -75 65 -70 -95 -56 73 -85 -33 -86 -19 72 32 63 -29 -80 -29 -71 -36 55 -48 -93 -10 95 4 57 39 -43 -13 23 -78 -91 -31 -61 24 55 25 89 87 -39 90 -67 37 56 93 -24 -59 -90 -67 50 -10 -7 12 -13 -3 -12 25 17 88 -29 -94 -70 33 81 -6 33 10 -24 78 -15 81 -86 63 61 -78 -23 -32 89 -70 -99 -80 88 -78 -65 26 12 99 -27 54 -9 73 -21 37 58 75 74 35 10 99 8 18 26 15 7 -67 -25 28 8 -66 62 -29 -6 81 85 -68 30 -78 -14 49 11 40 2 89 67 65 35 37 0 67 88 -35 53 -34 71 49 -22 82 3 39 -76 -59 52 -75 -31 -49 4 -62 45 -47 92 -25 50 -42 33 58 -90 29 54 -33 -78 -98 -16 39 95 14 76 74 -80 83 -14 1 -1 49 28 43 89 80 29 97 77 17 60 40 55 50 1 -71 63 33 1 -86 60 22 97 73 66 13 24 64 -37 -1 -61 71 -84 70 60 -62 -68 53 -90 -50 -94 17 38 91 92 3 18 99 -21 44 26 16 -31 46 -52 33 46 -81 -21 -80 28 -90 -13 -94 -49 -3 63 -97 99 -99 75 -73 -44 3 -4 21 72 68 89 27 72 85 92 56 25 65 85 50 -35 -90 38 -76 90 80 -12 -69 -40 -40 51 -46 -38 3 -46 -50 29 94 78 57 18 -69 -72 -97 -69 -46 -57 -19 -21 67 86 63 80 83 -98 -22 -54 -39 24 41 31 77 -52 -13 -2 -86 -9 31 -95 36 -13 -81 -33 -28 -75 98 77 31 -84 10 -65 -22 -80 -92 25 34 -50 6 -25 -89 -69 94 -28 83 -70 -44 -3 -78 -9 57 72 -81 -8 -3 81 -55 -87 -95 -25 99 78 -41 -85 98 21 93 -55 98 -86 65 56 22 -74 -15 87 7 82 -60 -90 -23 46 -24 46 22 51 58 38 -45 -83 -57 14 -44 -85 -82 -56 3 56 85 42 50 -40 -59 72 -90 -86 88 67 -18
-37 -49 -97 50 -7 35 -8 5 27 51 17 68 26 69 20 79 50 32 55 -25 -44 -84 72 56 -46 -42 -41 64 -26 -92 -42 61 -52 81 6 7 27 81 -18 47 -45 -82 -71 46 0 85 64 9 -2 -45 -72 -51 -88 64 -6 -9 -17 6 -47 5 -44 -99 -8 15 -15 87 -58 -71 -58 97 99 -64 -81 -71 33 55 -17 39 94 47 -60 -25 -99 7 33 -89 9 -29 11 -48 8 -24 -14 -28 50 94 89 -76 -67 84 5 -80 86 -45 -33 -91 -98 7 57 74 97 33 -99 -26 -99 -9 32 24 21 -34 29 7 20 -43 -9 -98 33 -25 -32 -69 27 46 21 -13 16 -25 8 43 -68 -15 86 -97 84 -54 19 -97 -4 -64 56 -65 80 73 -97 63 14 -83 -90 56 -82 -64 14 68 -42 49 -6 12 1 35 -63 15 81 -13 32 30 80 32 70 -97 53 71 -62 -26 34 -83 -60 -99 -37 59 -64 90 -41 43 23 85 -25 82 -70 46 44 49 19 67 54 -79 -62 99 3 60 90 2 67 -41 61 -67 83 34 63 -45 73 26 13 49 74 -57 42 50 7 -96 -66 -18 14 -37 87 26 42 -67 -58 79 -80 -72 5 70 6 -45 -93 1 -15 -44 -25 -28 58 97 -54 83 23 -85 -82 -22 -3 94 88 -32 -7 -54 2 92 -88 -26 26 90 -9 79 -22 29 -86 78 91 -73 40 14 4 -70 74 15 -28 -62 68 12 -98 -53 -56 -49 72 5 3 -48 15 34 -89 -13 -8 43 -27 -93 43 9 -98 -40 30 31 -22 -38 93 -71 5 81 95 18 -91 -79 -89 -62 94 -38 -31 -39 4 -2 68 -44 -52 -66 -46 46 -28 -94 -11 57 -84 -74 -70 -27 9 -40 49 69 -66 99 27 80 24 -24 68 74 -2 7 85 69 -34 54 94 -47 -40 -58 32 50 -74 88 -16 -59 -9 66 92 -50 3 44 89 45 45 14 32 75 20 60 69 -57 65 34 17 89 1 43 81 24 -39 99 -18 21 40 30 61 14 47 -88 -19 -20 25 -48 -82 91 -41 46 -35 83 -24 -37 19 -85 -57 73 -41 -38 73 -25 73 67 -47 27 7 -74 -58 41 51 -89 -33 39 68 -33 -28 -63 -53 35 13 14 -90 20 75 -89 29 -14 -84 -20 17 -50 50 -53 -20 4 -66 -44 7 38 15 -49 -41 89 61 66 -72 -41 -84 -17 49 -66 76 49 34 62 -71 -57 69 67 88 34 18 -82 3 -62 -33 -72 1 -96 3 48 68 -39 14 75 -50 18
90 -99 -64 -23 -77 35 -41 -90 31 64 96 -78 24 4 -81 -78 18 68 -28 20 81 45 -56 26 53 12 -75 -43 -77 29 2 6 50 -64 -94 7 7 35 92 48 6 12 -96 -72 93 7 79 -47 49 -17 -92 4 -7 -3 -74 40 -71 14 95 23 86 41 -83 -64 -66 53 -98 3 8 5 75 -42 17 -32 -95 -27 -22 -38 -87 -27 -40 82 53 -2 -41 -72 -73 93 -90 -55 -64 -35 90 3 93 -32 -56 -54 51 94 -65 -71 -43 21 57 -6 52 -80 -68 62 -29 39 54 -83 -66 -93 -79 9 -88 -41 -75 -32 -88 31 45 67 -61 84 50 -15 1 -75 -14 59 23 30 67 -96 48 6 -29 -76 49 77 -46 -30 -82 -82 -75 -3 33 78 -38 -93 78 -41 48 31 40 32 46 -60 29 -21 36 54 -16 -45 97 84 75 -87 54 -22 -97 50 -48 -60 -94 -2 -32 -81 43 67 -89 43 86 -98 -5 -68 0 95 85 -40 -14 41 18 11 69 75 -41 89 26 91 -61 -93 -67 81 -60 -28 -78 -68 67 98 -86 -21 59 79 60 -15 -8 73 -97 95 -92 -89 -35 -66 -7 53 29 -46 40 85 14 -87 -72 -30 -55 88 -37 -92 19 -4 -86 18 75 -6 52 -45 97 86 88 -38 -2 -49 -75 -54 -8 -19 -66 -6 -22 51 52 26 -42 18 81 -65 -94 5 86 -46 -78 -19 93 -15 43 -81 -67 -87 -48 36 -40 85 -45 -79 81 -56 -85 36 48 6 -3 79 32 -40 -62 -89 22 -84 24 -18 75 57 85 -43 -18 -31 -48 51 18 66 36 76 48 66 17 -32 35 68 41 83 4 -94 -17 86 26 -73 78 18 8 -97 81 79 -79 22 -34 -19 53 89 -89 -78 37 93 74 -21 5 -79 -93 -11 -99 -31 34 32 14 2 -88 -74 -20 -84 -66 28 -51 65 67 87 56 -47 97 -92 -30 -14 77 18 -93 86 82 -63 34 -77 20 -54 62 57 74 -9 58 -85 -93 -38 -67 -32 93 33 -60 -61 -25 72 -74 5 -31 -17 -13 73 -75 30 13 -91 -57 -63 -40 1 -56 -8 27 29 -84 99 -36 -78 34 5 -35 -19 -91 44 94 33 5 -43 38 20 99 -48 -88 -69 -45 86 -6 -34 60 60 -87 -69 -45 56 -36 -87 49 -25 -54 81 -36 -54 -35 19 -54 72 -53 53 79 -24 56 11 -23 9 25 26 62 -11 51 -16 93 15 -44 94 84 65 28 71 -9 48 -80 -47 -30 -72 -45 -37 42 83 5 -5 93 -39 -62 -5 -84 -89
2 12 54 81 42 -19 79 91 -45 36 -32 95 -21 -15 -9 -78 89 -67 -86 -29 48 -17 18 56 -21 5 3 -2 69 78 26 3 12 -15 71 -24 35 -51 3 38 15 60 -32 54 -11 97 94 60 -75 27 22 -74 25 -97 -68 -85 59 40 92 39 11 28 38 0 -88 27 51 63 47 -43 9 -79 -20 84 45 -36 -68 30 -63 -37 -17 70 -55 -98 -35 -94 -88 52 66 -80 -77 -44 52 85 -60 51 -70 42 -84 91 98 -42 90 -8 -19 -9 14 33 16 4 62 -11 -37 -25 85 55 18 61 31 28 94 66 -88 63 61 51 50 78 -74 53 -52 -56 21 18 86 79 5 -1 -62 -52 8 -93 89 86 79 85 -87 -85 66 -27 20 -66 8 -47 -62 -36 37 -46 47 -20 -21 -46 79 32 18 -99 39 -8 -67 -40 5 88 -2 1 3 70 82 23 -8 -14 -77 81 28 72 19 20 98 41 -85 62 40 22 -97 99 -22 -58 -98 -14 27 61 26 4 8 44 15 -1 -41 -84 65 23 -1 -95 -6 72 6 46 87 56 -62 -38 91 -63 79 -73 49 18 34 -16 51 -63 73 23 65 22 12 30 -5 5 30 58 5 36 -23 4 -16 -7 31 -69 26 -41 34 25 -15 64 -54 35 90 -77 58 39 -84 -18 -82 -35 2 19 39 -21 -1 6 -73 -59 54 42 76 -11 26 35 -53 83 -99 58 78 -83 -74 29 16 33 44 -13 -97 38 94 51 -12 -29 -22 21 7 -84 30 65 56 -35 -78 -40 12 -94 67 -74 -6 -43 26 -25 -51 17 31 -98 -11 92 28 82 -82 -79 -2 12 -58 -12 -30 47 3 -32 33 21 -74 19 38 14 73 -34 93 -29 -44 -93 67 66 38 95 28 -26 -74 -5 60 -14 64 -52 15 70 -99 4 -62 23 59 16 19 43 36 -19 -76 -59 -59 -21 -79 3 99 95 14 -42 -56 -54 55 64 -97 -42 40 51 -77 95 37 69 39 -81 54 54 82 74 -15 90 80 51 77 34 -7 -15 14 18 15 -57 -39 -38 84 36 26 94 3 -98 58 91 84 -96 -15 81 14 73 65 15 68 51 34 36 -29 76 58 6 -95 -79 -61 -6 -34 -32 -12 -12 -7 0 17 -68 28 27 76 93 69 -18 20 -12 52 95 -41 -58 -96 86 -86 -63 -51 -24 72 23 3 -20 83 61 47 -24 10 27 -52 -97 62 -28 63 40 48 -71 82 -46 -97 -42 -91 -84 16 69 86 44 5 -37 76 17 -34 5 79 35
-19 39 5 -22 99 -51 19 98 -87 51 76 -77 -55 -20 -2 93 -5 -91 -78 28 -84 9 -2 29 69 8 7 -85 -20 -35 -33 54 -28 12 -56 13 73 -15 22 40 -14 -71 -91 -47 13 -6 18 -43 -42 77 -67 97 -20 -86 -14 -41 -32 -12 33 6 -75 88 -64 -38 43 -28 49 8 59 -35 -90 15 46 72 -46 -54 28 88 46 40 -85 -45 0 32 11 -29 55 6 -56 -12 -25 -13 -59 -66 -21 84 27 -39 -73 -24 94 -95 17 48 19 5 54 -59 82 79 98 15 28 -91 18 -24 21 -90 -31 34 67 62 -61 -37 -34 7 -81 14 -74 7 9 -24 25 -89 89 18 51 -64 -18 7 -79 44 -79 4 40 65 88 -84 -38 95 -87 1 -49 -81 -79 -7 -56 -22 -87 -11 -42 -80 -10 -35 83 27 -81 25 -62 4 -24 -55 -16 -88 27 -52 84 53 -18 -2 -23 32 -79 20 98 42 12 -73 -99 21 62 -45 39 -78 -7 56 12 -58 -58 86 -69 -71 85 -44 69 -36 19 48 14 -91 76 84 28 -54 39 11 65 64 92 -80 -53 -19 24 -4 63 53 52 -12 67 -56 -84 95 33 9 -14 -16 -90 58 -96 -38 98 -14 -4 64 42 -56 69 -48 12 73 -5 64 -9 -35 23 90 88 86 -38 -38 71 50 -60 42 -5 -94 -80 55 -94 -82 51 85 60 -19 60 74 -97 -78 36 -89 78 -98 -3 -51 -9 73 -71 88 56 -28 -10 -91 67 76 27 -70 59 96 91 -35 -29 90 41 -39 59 -38 18 -65 -77 86 87 14 97 -67 -18 82 50 85 30 -54 -10 29 6 -81 -62 69 -21 75 -54 88 -95 -35 55 -83 30 -9 -82 26 70 54 -60 88 -73 17 61 -63 -41 28 42 -61 17 90 93 34 -68 -33 -59 -96 -18 37 50 -7 5 77 -24 8 93 -47 46 80 22 89 -76 -81 -88 -12 77 -81 -17 -26 56 -3 -40 -76 70 -74 94 66 55 49 -13 -83 90 10 -95 36 -74 -20 -79 7 65 -50 13 -68 -62 15 79 56 75 -41 92 -75 23 40 96 -64 -91 -12 60 45 -73 38 -39 43 25 53 -44 -71 82 -76 -35 -30 84 -23 -11 -10 91 47 -94 -26 14 92 56 -98 10 -65 -95 28 49 33 38 -77 -15 -71 35 14 -47 -1 -23 -9 80 18 55 -5 77 -39 -45 -17 17 -83 28 -40 72 4 43 16 -24 -22 48 37 -10 31 -35 -67 12 41 -66 84 -18 -41 -49 10 -83 57 -67 -37 62 -99 -8 65
-24 -58 -58 31 43 60 40 21 -28 -37 -55 98 6 -90 -74 -19 -89 43 67 49 -15 -63 -66 -69 -94 -63 -79 -59 65 71 10 39 93 -75 -50 -17 11 -95 80 -64 43 64 -43 51 88 -23 -29 21 -17 -90 29 53 32 -40 -10 -71 -56 -7 -41 -95 5 -87 -50 54 29 -86 -4 -85 -69 73 74 -18 95 0 -72 -19 77 -79 -53 -57 44 14 -31 -62 80 -49 -61 -66 51 -29 -73 45 -90 -67 -16 95 78 35 -35 49 -65 4 75 -39 80 -97 72 13 -62 68 43 -50 -93 77 84 -35 99 63 -63 69 -66 10 89 54 55 -61 29 -71 -26 81 83 -11 -12 37 -48 64 4 -60 -67 -82 25 22 32 14 4 94 -6 50 -18 64 -53 46 -70 -9 52 -27 -61 -79 -85 15 26 20 44 -54 38 40 87 22 -21 43 29 -40 -97 98 -26 56 -8 79 78 87 -5 39 64 88 -27 -3 91 51 23 -92 91 -64 -71 -10 -50 -90 -59 -36 -67 40 46 81 -93 31 -99 6 96 63 95 -40 -80 -10 -22 62 -76 -65 -9 -83 -58 69 48 3 -80 -40 96 73 13 -18 -13 12 -23 19 67 31 -98 46 64 23 98 -75 -87 68 70 94 -27 94 -50 -87 43 32 -78 -25 -20 -37 65 22 -82 -2 -82 7 36 16 7 -80 53 -36 46 75 -79 -11 -26 28 91 -87 11 82 99 -18 -59 65 -22 -74 -24 -85 -12 -70 -91 66 -86 26 95 -18 81 -62 -66 64 -18 -83 -48 -58 46 19 46 84 -82 -87 -61 25 -69 -76 9 17 26 -41 5 -17 10 -29 -63 34 -24 58 -34 73 -53 72 80 -57 -35 72 16 -31 33 -15 25 86 51 8 -66 -91 85 14 19 32 -57 -22 63 36 -32 86 38 1 -64 11 93 88 40 57 -37 -71 2 -84 -57 25 95 -75 16 26 -32 -45 -20 -90 11 -45 -27 -30 -84 57 11 -27 80 68 40 -39 99 -10 30 -96 76 34 -27 -65 63 -60 4 46 79 91 -49 -89 -37 57 -72 -30 -98 -61 -54 37 -72 6 32 4 57 -30 -70 -10 -37 45 -79 79 -47 -74 -21 53 36 -14 -4 -35 -37 61 15 -56 53 -92 -82 6 29 17 89 24 20 -36 27 79 83 90 22 11 32 -57 -2 -31 62 -17 -49 -49 -18 72 -20 -64 -85 -31 41 53 -61 -59 -22 -2 34 93 -23 -62 46 -59 19 21 14 -55 -51 -78 94 -9 80 -91 -4 59 63 -26 -85 53 -37 -70 -47 -1 -40 87 72 25 6 -26
6 32 -25 73 -4 -13 -57 42 -16 -58 -39 61 75 -59 98 56 -84 87 43 -39 90 50 -51 -71 14 -74 95 68 -5 28 -47 26 27 85 -89 -64 -19 89 79 48 -14 98 44 38 -9 -90 -59 -62 15 99 94 23 -75 -65 70 -48 -84 43 -72 -80 -99 55 74 -47 -43 -59 34 54 51 -25 41 -73 -31 -90 63 -83 -50 -19 -25 -38 -92 -69 89 -72 -66 54 50 71 -66 -54 -67 15 67 34 -13 -80 -67 -17 -32 -43 -28 3 12 31 -30 -57 82 -32 69 -77 25 43 72 -28 61 -82 -95 6 10 53 42 -36 -50 -58 32 7 38 -62 36 -48 -55 -54 69 -72 87 -9 87 64 -54 -31 18 90 -80 52 58 -13 22 -70 79 -10 0 11 89 -96 33 -48 -67 97 34 -29 6 36 -61 47 83 89 -44 65 87 71 -89 -12 -37 54 63 32 -5 13 -43 15 -3 -17 -29 39 1 79 -69 -8 -87 -26 -16 -21 -41 17 19 -15 -97 -81 71 -16 59 12 32 -83 -96 -86 -77 -78 88 -30 53 79 -93 58 62 26 21 37 70 -59 -8 30 53 -13 -60 -81 -92 59 44 69 16 67 -72 40 -49 69 18 51 68 50 43 -23 18 -93 0 8 -68 85 19 24 -42 -84 -13 -72 33 -75 -97 52 -71 -49 -97 76 9 -79 80 1 -93 -54 -15 91 40 90 32 -45 31 -79 28 -13 26 32 78 -44 -7 -93 53 22 -64 -87 22 76 9 -60 -72 -94 -26 54 73 -50 -66 -57 88 -61 95 -44 31 9 -18 13 -61 -13 20 46 -55 -98 -75 24 75 92 -27 96 13 19 -53 26 -39 93 -2 32 -59 2 -39 -50 -13 20 -69 19 2 19 29 -97 78 -13 -5 11 -96 -26 -69 -8 33 -62 51 21 -55 59 1 56 -16 -74 79 -23 29 93 -20 64 53 -6 55 -79 -23 45 76 -28 -24 -33 61 -30 -18 29 -51 53 9 -75 -52 -53 97 61 -45 16 -26 7 87 85 26 8 -30 -65 -34 -73 9 -53 88 69 -65 -70 -37 -75 45 -58 -62 -75 4 34 82 -99 90 -32 56 -71 39 -63 -95 -35 29 33 -4 -43 0 -13 68 -82 -67 -30 -39 -16 12 53 71 -54 -85 43 -71 90 -16 55 48 -28 51 -29 51 14 -79 -62 7 11 77 -71 91 -64 85 96 -96 -75 91 41 61 97 91 -94 -6 70 84 -19 6 -7 84 -25 40 95 -95 90 28 20 1 -30 -17 -78 -34 -53 -93 -64 -94 -3 -4 -41 12 -65 10 84 -69 -82
0 57 -78 -59 -96 22 29 -96 72 80 24 8 30 7 -90 28 -57 12 51 82 57 78 81 54 -99 67 -47 -42 -32 -53 58 -58 6 51 96 89 27 -56 70 71 -85 -10 19 -72 -6 -76 -39 36 -52 -21 16 34 97 72 35 24 -94 -91 83 52 32 84 -89 -54 68 9 39 -48 67 -63 68 34 99 5 92 3 -30 -24 52 -91 -42 15 -78 -89 -55 38 -3 -53 -82 29 -98 -22 -70 61 59 -47 24 -75 -26 -5 85 85 97 -83 0 9 32 -5 59 -53 -61 -62 24 16 33 -70 91 74 -9 -64 -53 -36 -69 -5 11 -51 -15 -40 -7 -42 79 -19 -59 71 -78 74 -67 37 -52 86 -26 10 -32 -8 15 40 24 -60 86 92 -71 -94 -20 57 35 -80 -5 84 -2 -29 8 39 -95 44 -6 10 -66 26 86 -5 51 7 -61 -58 79 29 51 67 -2 -87 -27 -84 45 76 60 -68 -69 96 86 69 23 16 76 52 80 -25 58 -75 94 -49 26 -31 98 45 13 -49 18 44 81 74 40 81 -13 36 93 69 3 -93 -45 7 -25 -13 -54 77 12 81 31 -30 -96 -43 -90 -84 43 39 -57 -96 17 61 -22 82 75 30 92 21 46 -79 -64 -90 74 96 -80 -32 -27 54 -28 -78 24 78 87 84 -40 -1 -70 21 -8 30 93 92 -36 -96 -97 -68 95 -15 64 -92 82 -67 64 9 -12 -95 84 -53 31 -64 -17 -44 -57 -54 -63 74 20 -97 -82 -99 -11 -26 73 -39 34 -18 78 -29 -5 -76 -57 61 -74 23 13 -73 -54 52 3 71 10 -47 42 -90 61 -23 -6 -78 -82 -69 -25 -89 -90 52 74 31 -58 68 43 6 -38 -86 55 84 14 -47 -51 -92 -66 7 -65 -60 49 80 -69 28 -4 -99 -94 25 58 -93 44 49 -18 -78 -57 -58 -79 87 -45 -20 16 47 45 24 7 41 48 -1 -95 84 38 -47 -58 80 -83 57 -54 -55 -8 -36 90 77 -47 -48 59 95 -6 -17 -18 -68 86 72 -14 43 -62 24 46 9 42 35 -95 -75 -92 10 -3 58 87 89 -80 31 -59 -19 -61 63 91 40 -70 93 -59 10 -60 -47 28 -66 -61 -70 28 -90 -93 26 -20 -39 -78 71 28 -31 39 -28 25 73 93 48 -98 51 56 37 95 -55 -38 39 54 65 17 -57 6 -84 91 86 -76 78 -76 -78 90 -82 61 -5 -86 -31 -62 47 6 -22 5 89 10 -20 -94 56 -31 -39 -68 -53 -40 -68 -21 -46 59 -38 -47 -48 55 -41
-42 64 55 -42 -4 53 -70 0 -97 81 -69 34 98 50 -13 47 -83 -80 2 -2 -85 -53 47 -54 23 33 27 -43 -98 -53 -18 35 66 30 33 38 -28 -85 57 -77 -15 -45 9 50 97 35 73 -19 -55 -50 -78 -1 97 -34 54 -16 75 -46 -23 67 -31 -7 55 65 32 35 51 42 -96 -75 -40 -91 54 -39 73 -3 -97 61 -72 -86 -17 -11 -2 -66 -7 84 44 -78 -94 49 -42 29 54 -52 -88 -50 -43 -73 -72 32 -68 54 61 -11 2 -64 5 -15 11 94 -11 -81 56 59 95 74 -42 88 25 95 -66 -41 -80 68 -23 -16 -36 96 -87 -35 99 63 83 -16 58 77 -88 -9 -10 68 13 -10 -33 52 3 -14 49 -44 75 5 -96 67 -4 -9 -31 -33 42 61 -25 -57 66 29 63 -3 -64 -33 -72 0 89 79 -43 -30 -77 -31 79 -69 34 85 -47 20 60 31 -38 -94 -90 -46 57 88 35 93 40 -85 70 41 16 84 71 41 -34 72 -35 21 -25 -53 -20 -55 -85 -46 31 71 -91 -43 66 -13 -15 66 -44 -59 18 -96 99 -36 -20 77 -57 63 -85 -10 -24 53 22 -19 -82 -13 16 -20 -62 -94 36 -33 -96 -86 -13 5 -2 54 -90 -28 -28 -18 79 58 8 -9 -46 -1 -83 -87 -28 -46 54 -11 -66 91 1 92 42 -35 -44 75 -79 -38 -62 -55 -31 34 52 54 46 -49 54 -10 -85 53 -49 -46 -61 -3 -43 22 85 -16 39 84 94 -27 -62 14 -81 74 -49 7 64 -58 -33 7 -81 40 -55 47 17 -22 -45 55 0 27 84 -47 -17 83 -58 31 -55 -32 93 74 60 -30 -17 -76 -45 37 83 -86 -75 -20 67 -10 42 -89 -45 -89 64 82 -38 69 26 21 55 -61 -50 -76 91 -25 68 97 -84 9 33 -11 -79 -72 94 -6 52 69 -20 -45 -1 58 -24 -71 31 96 53 -12 14 70 77 -21 59 -24 -71 -91 -45 -16 44 10 2 -27 -91 86 -13 -8 14 99 21 89 -30 -65 56 84 -10 25 63 45 97 31 -44 91 -7 35 81 -78 -63 50 80 -18 14 31 -94 61 -31 29 17 -22 -69 52 -22 90 98 -3 -81 86 -14 81 60 67 99 98 -76 -11 53 25 92 84 77 82 44 7 75 -46 67 -44 -44 2 77 70 53 99 9 -70 38 72 52 -6 21 -57 67 -32 60 28 -63 -69 -22 74 -50 -55 -11 -49 38 -45 -53 86 23 97 -94 -36 53 71 -18 -87 64 88 52 -54 6 1 -50 62
-53 -20 65 -9 -83 36 -84 75 80 -34 27 47 -95 11 29 6 33 -95 68 6 -34 -26 45 50 -40 6 -34 49 -52 -54 93 20 -2 52 -50 -95 47 -99 -60 19 -27 -36 -50 76 -32 -39 -58 77 -45 11 -29 37 11 -8 31 7 65 47 13 -24 4 -78 78 63 -77 -56 55 -11 -20 88 47 78 13 89 98 9 7 -54 -56 46 35 -83 -37 98 -82 -22 -2 -59 62 -38 -94 26 -86 33 -78 -25 14 24 -37 23 -30 17 85 -56 -56 -5 75 77 51 -25 48 3 58 66 93 -71 14 -88 -68 52 42 -24 31 -61 83 -80 -76 23 -90 -61 -16 -98 10 96 94 2 1 94 -26 78 14 26 4 74 40 -19 -33 -92 -15 80 -87 -19 -1 78 -11 52 -60 -66 19 -98 23 -83 -99 -38 -31 -9 -8 -98 -80 -27 94 53 -31 94 -80 4 18 -10 4 94 -80 80 42 -7 12 -14 -54 72 97 -54 -50 69 48 -38 -34 75 75 -29 -79 40 -23 -9 36 55 25 79 71 46 -50 63 -46 -76 -41 49 -60 90 88 28 -37 -84 -96 -46 98 -76 86 -29 -22 89 -49 -99 -62 -74 -51 11 53 -15 -40 -9 -37 87 32 43 -83 45 -78 -30 32 57 -60 -92 60 -7 63 -94 44 55 -3 -60 -68 91 -75 78 36 43 41 14 63 -11 -35 37 -77 82 -65 -85 -15 34 48 -42 -35 -72 7 12 -89 2 67 -82 -14 -1 17 -4 -72 -30 -46 49 24 -83 74 72 77 -43 54 -82 93 -81 -16 64 66 -69 70 14 38 -59 67 -91 -60 43 36 -38 88 77 61 -40 -78 -97 -38 -76 25 26 39 -47 -71 -70 -37 22 -38 -76 -60 -59 -94 -31 -52 22 11 -58 23 -67 40 -12 -40 -62 -14 60 -74 59 -77 -41 67 11 -38 20 75 -15 -38 51 82 61 21 -47 98 98 -41 21 -88 -85 -79 -87 -12 -53 72 -53 -14 99 -58 63 4 -84 76 -98 -81 58 55 -51 -65 12 29 -95 -63 -70 15 88 -43 33 -15 -70 -88 -14 86 -37 97 54 66 62 -6 59 24 -64 -35 89 -64 -71 1 52 -42 25 -73 -62 -5 65 19 48 70 43 -91 -29 18 92 5 -29 -44 -75 71 60 -86 25 -73 -92 51 -16 68 16 -63 -24 -64 57 -29 95 -29 71 87 42 98 4 0 -15 97 -57 41 79 -35 83 -53 61 8 -97 -41 -20 69 -50 44 34 -22 -36 36 -33 -81 -89 -38 -72 45 -76 41 67 -70 4 -91 96 32 -25 61 -87
63 -58 2 -81 96 -7 -16 -79 94 -34 91 -68 -28 16 -6 -64 5 -19 -19 -10 -42 -53 65 -1 -23 -90 9 65 -59 -61 -81 -19 -63 -56 -36 14 76 42 90 59 -58 -28 -14 61 3 1 -29 24 -42 49 -56 -11 -8 -43 88 -61 -81 -35 35 27 48 42 -24 67 21 30 -75 -18 -92 -47 29 -92 23 61 -13 -64 -53 -24 -66 87 -38 -94 -67 -56 53 -49 -21 19 -57 -14 65 -46 78 80 25 63 -63 49 6 25 -9 -91 -13 -26 -28 -96 46 39 -20 -31 1 68 -49 46 27 -21 75 44 -59 34 38 7 -17 31 -36 64 11 14 89 56 -15 -16 -63 37 -55 24 41 -81 32 -91 -57 -25 -67 -46 94 81 -62 67 42 13 83 -32 16 -15 29 -25 -1 -1 -95 -1 -57 41 53 -64 53 -90 7 59 -55 20 90 -61 -17 69 91 40 91 1 -47 -6 5 -13 97 -67 -60 -12 -42 75 -2 65 -7 62 74 -7 -65 72 -23 -1 -94 -27 -57 -4 75 -36 1 -23 2 -97 26 96 81 82 -46 -15 44 -46 -60 -20 83 -83 59 -56 -53 -57 -85 41 -30 -97 69 -26 67 87 37 -84 -13 -22 -81 6 -32 9 31 -53 45 -98 -4 -18 67 -12 -21 -75 29 -93 -71 3 10 -21 85 78 19 7 -22 -87 90 19 71 -73 93 33 71 -33 13 -87 87 -56 4 87 -45 -9 -24 -43 82 6 6 46 51 24 -76 -19 56 -2 -17 -48 63 45 66 -20 53 -14 31 19 -77 -9 45 -3 -20 -26 74 40 59 47 -74 82 66 -77 -47 54 -85 32 43 84 72 21 -62 52 -48 38 -4 44 20 36 -7 -67 -85 -96 94 -21 7 41 73 -47 74 -52 -68 18 64 7 38 58 42 26 -3 52 -99 -24 90 89 29 30 -1 67 -11 78 5 47 36 -90 3 21 36 81 10 44 -67 0 -32 1 -89 42 -60 -11 -77 61 -6 -99 -56 87 78 -89 -80 -76 48 57 59 8 -10 56 -43 99 54 24 78 -76 -67 -56 18 -40 -83 34 68 23 22 5 -75 -45 53 1 30 45 -72 -3 -99 6 -36 -79 -97 -99 -62 -96 -7 88 -54 78 -17 -56 -8 24 -22 97 41 57 55 -83 44 53 6 38 88 96 98 -13 -83 40 -57 -37 -20 -37 -6 -28 99 84 61 53 75 8 22 43 83 -58 45 28 39 87 93 98 98 79 -32 33 -42 -11 95 85 -18 -53 -54 92 -89 31 -2 92 -6 -17 -94 -55 83 26 -49 -4 86 -2
35 -50 49 -74 8 11 -13 54 -10 -77 -59 -51 -79 85 -65 82 15 53 -63 73 -53 33 -86 -62 71 14 54 49 98 35 -1 9 23 -15 -46 -71 -93 -12 -82 16 62 -86 92 55 -55 39 45 -37 1 -28 20 44 -27 90 -89 -76 81 -47 -61 -67 -12 87 96 -53 61 -63 -93 10 44 16 -29 -87 85 -37 -35 -62 -44 -48 -15 -98 72 79 -43 58 -19 21 -19 -29 -52 83 -9 -79 -41 47 96 -93 47 -42 -7 93 -75 1 -66 -63 63 -1 82 -60 -69 87 25 -37 -92 -55 7 -42 -19 43 -79 -9 20 26 -25 64 -53 92 -81 -75 14 84 34 -17 5 -3 88 -95 92 -57 17 -28 8 23 -36 -77 56 8 -18 -94 -71 82 -36 -4 45 -82 -85 -25 14 -48 -41 -26 -45 -58 50 44 37 1 62 50 -99 98 -6 16 62 -95 -90 29 49 20 -25 95 54 -37 61 77 52 12 -63 -39 -69 -5 -91 -41 -44 -61 26 -45 17 -83 -82 -47 -63 64 -13 29 28 -82 4 -44 -42 -35 16 -5 39 11 80 -20 -85 -89 46 -20 -31 -41 -30 -93 83 -59 91 70 -75 -28 34 -46 58 -40 -10 10 13 90 93 -46 -82 20 82 -53 54 -91 -22 -24 14 15 23 -24 45 18 54 -61 85 -84 65 -81 60 -66 64 -93 -50 -66 -29 24 54 -16 77 -52 89 -81 -17 23 -79 34 -92 9 99 18 72 15 -72 44 -4 -67 -2 39 -36 99 9 -38 24 88 -21 -94 63 29 -97 56 14 -69 44 12 57 -55 83 -50 -82 97 -11 6 -16 28 57 14 29 68 -52 -33 63 -78 -85 78 -34 -60 -95 69 51 -37 -85 -97 89 52 -19 95 87 85 -24 -90 28 20 -67 99 91 -83 94 -31 64 8 -14 -13 77 52 -31 -58 37 -14 47 -78 -92 54 10 91 -74 -12 -98 1 -39 47 -22 9 -57 -87 -10 21 -40 -13 82 -44 -75 55 -18 -18 95 95 -90 10 -95 -2 35 -43 -90 20 19 67 -66 97 -65 -48 -89 -51 30 10 73 -27 9 -17 83 2 -85 -61 96 27 75 39 -16 -42 -92 22 42 -35 23 20 6 36 77 -27 -76 5 -4 -47 33 -22 -66 -43 -26 -52 78 -99 92 19 -1 -97 23 -35 82 37 33 44 -83 7 -79 -30 -76 63 -41 44 -9 28 67 -91 -96 -87 34 84 42 58 14 88 -74 21 67 98 -26 -30 77 33 55 -49 -49 -2 86 -28 50 0 96 -78 -45 -89 -65 -88 41 49 -43 -86 32 -84
-81 1 -59 -68 -83 -50 -60 -92 97 22 -69 -70 -12 -81 41 87 -94 70 79 98 -59 -31 -64 76 -53 -92 63 77 -49 49 -60 34 28 -24 -63 62 98 85 -72 86 39 24 91 -31 -15 2 -78 -73 78 -66 -60 -58 22 -57 -35 -55 -37 61 -2 -95 -57 26 -25 40 -47 -30 56 -11 54 51 -84 52 31 -40 -43 98 -46 -70 -91 21 -87 21 -61 96 -21 -80 42 75 -39 -91 3 34 -68 72 0 -71 72 71 94 49 77 -71 -42 -7 40 -14 -74 -53 54 -52 -62 46 31 20 -19 5 28 12 48 50 74 -27 94 -57 -31 13 -62 87 -58 -14 81 38 83 89 -41 -25 91 -96 86 -49 35 -43 78 13 29 67 -15 -42 97 21 77 -6 -12 1 0 10 -6 -79 30 -9 90 -22 66 28 69 57 56 -78 -74 -22 27 -36 -89 -41 -2 -25 -46 32 -37 -62 73 -7 46 72 5 18 37 -14 25 -87 -98 19 83 99 27 -40 -34 -35 68 -20 38 0 33 71 16 26 -77 52 54 73 10 36 90 64 -1 -49 1 41 -23 88 -4 -64 16 -22 -58 87 -84 -86 -38 85 -34 65 -26 -74 16 -19 -20 -74 -6 -61 43 -25 6 -46 -63 -35 40 22 -45 -35 60 -4 13 -94 -59 87 1 42 82 61 37 -34 -81 -65 -35 96 74 -42 -2 -52 -1 -53 20 -19 86 86 73 -40 93 -50 -75 -84 -92 -40 85 82 13 -65 -5 -75 54 -85 -50 91 -70 38 30 -39 98 -79 52 -94 16 87 -87 -29 39 -45 35 -29 36 50 20 14 58 -76 -46 42 61 93 80 61 -71 -6 17 -32 -86 -41 -73 -73 82 99 -89 19 60 78 3 -94 3 26 -85 39 -84 74 36 72 64 -67 -4 -48 -95 -60 12 -45 17 -89 -70 1 -88 41 69 88 11 96 98 -51 24 -54 -54 -55 3 28 12 52 80 99 -23 6 -20 -19 -83 94 -8 -35 3 58 63 -90 -14 21 63 48 -48 -72 59 -61 -80 -36 -42 -9 -92 -24 -8 -2 44 -48 -22 54 -72 -78 -17 12 -81 17 35 -45 66 -96 66 48 -84 55 -2 28 14 78 -77 -67 -36 87 65 -4 -28 41 -66 -8 -25 -6 -57 85 -97 61 -98 -72 -96 -37 42 37 59 95 2 98 59 68 86 53 -87 17 -36 -46 -38 63 -3 26 18 51 -20 43 85 90 60 -12 -64 74 70 28 76 -38 -67 -72 -33 96 45 38 3 -64 -42 -32 -95 30 -82 -80 -78 -44 -9 -29 -68 28 -63 53
7 -24 -70 1 -11 -62 -62 -67 -55 2 -61 -46 -13 16 37 86 82 -24 88 23 -2 27 47 1 27 -51 77 -16 75 -10 -44 -66 20 32 22 -75 28 -74 69 44 27 -74 95 -83 91 99 13 -14 -25 27 -3 -18 33 -12 21 4 58 -47 -93 0 -67 -33 -93 97 -14 21 26 91 45 38 75 8 74 -99 -46 -29 56 -11 -20 75 -89 46 54 -25 -85 95 65 98 -26 -5 6 -26 -18 -69 25 -38 -51 -74 42 56 35 43 -50 39 32 -92 -38 -35 -42 52 -2 21 17 -87 -8 -95 91 -58 46 7 -28 13 25 -64 56 40 94 -44 -9 33 20 -79 -73 11 56 -21 -17 39 54 34 66 3 -34 85 -18 22 82 -35 75 93 -5 -54 -59 99 -30 -73 67 -4 16 20 -70 88 -78 -40 -83 -54 -71 -15 -4 38 -91 99 2 74 11 15 -49 -96 48 94 8 61 84 -33 -81 -3 -75 -72 87 -1 -92 -27 -8 55 46 -62 10 -41 20 24 -96 96 99 39 75 20 78 -83 76 26 -22 75 -18 90 92 4 3 78 3 19 -14 -8 -55 98 53 59 -75 -97 -4 -67 -48 -19 14 -2 37 76 99 10 -48 86 -53 52 55 -2 69 -99 -93 73 -64 -67 50 -7 34 59 -52 46 88 83 34 90 65 55 25 -62 56 33 -14 57 -30 57 -65 -82 8 -76 71 -92 -16 35 13 -31 14 -74 71 96 59 -70 2 42 4 -13 5 -91 -98 -83 84 76 16 85 -30 -23 13 -23 78 -41 -22 95 -92 31 26 89 81 11 -2 -28 95 83 80 -81 78 -81 -22 27 -40 62 -74 78 55 15 9 -21 -81 -46 -99 59 -77 -5 8 -26 1 36 -48 29 -74 -91 41 23 -14 -73 69 89 -91 66 56 51 -42 -24 49 60 73 52 89 -53 -58 75 9 51 -41 -21 -71 -2 52 -89 -79 58 45 19 -92 57 -4 79 45 -48 -73 4 -48 -71 -26 -26 46 -75 -1 -73 62 63 -7 -37 88 82 -7 -60 71 -54 -50 26 -15 -3 -48 -63 -13 1 8 22 -55 -81 -65 53 -3 -62 -69 -13 84 16 -12 -18 61 52 -35 47 16 -23 -66 81 32 34 -96 69 20 57 -42 -17 22 6 -10 -15 2 26 69 -67 -9 83 -28 -73 50 -29 -34 -10 -39 87 -45 44 -49 32 16 39 -24 2 7 -97 0 26 44 -63 -40 -55 -27 -85 89 76 -34 51 30 -36 36 61 -6 32 38 60 81 -84 -43 61 -29 10 98 -41 95 32 -28 10
15 -96 -1 -47 18 88 -3 65 49 -26 33 90 89 72 -13 -88 72 -17 11 -25 74 70 71 -19 27 5 81 1 76 -12 -68 54 74 15 -37 -48 65 -71 20 27 -87 14 89 -38 -22 -57 -52 -81 -49 52 -37 28 -46 -32 75 59 47 -31 84 98 74 30 -41 86 79 -64 54 -83 5 -17 -12 50 51 -90 -41 -9 -47 -3 36 -14 67 3 65 -49 -11 -8 -7 81 67 -36 -29 77 23 -49 48 -47 15 -35 -89 -89 13 -97 -86 12 30 88 -45 98 -33 7 83 -9 24 -4 71 -83 74 60 -5 -81 -73 66 66 42 -59 -21 73 18 -38 26 88 -79 75 -40 -94 91 -86 -83 67 -22 -35 -62 -45 21 26 97 7 18 45 58 -31 -76 -91 -80 -39 30 -21 7 -40 51 24 76 71 16 68 -76 -68 -2 -92 -75 -72 -81 22 -34 61 -2 -1 -10 50 -55 5 19 -62 -52 -86 -10 59 -65 67 -60 89 -55 -3 1 14 38 20 72 43 -31 -12 98 87 87 -90 43 -37 4 90 -97 64 55 8 -48 7 4 -43 -44 45 12 -32 17 0 -71 41 62 -95 53 -64 93 95 45 -20 50 -80 28 -49 -32 -89 -94 79 35 98 -98 33 -16 -18 66 -24 -32 -12 23 -72 -24 42 -28 -74 -88 51 -89 22 39 -82 -83 -51 -78 37 61 -31 59 -48 66 47 -96 -63 -7 -34 -62 -81 -71 -28 18 74 -8 83 -21 42 -71 -47 -49 60 4 7 -13 -6 -74 38 20 -77 -76 93 4 34 35 48 -52 -88 54 4 -33 85 -34 -76 74 -18 -69 -21 -81 98 -37 58 -95 51 45 -16 99 -2 -63 -80 22 -22 39 76 -76 -2 65 -63 -89 -74 86 36 62 10 -84 -34 -1 -34 54 -21 53 -4 75 63 17 -22 -87 30 -37 87 77 -77 -12 44 76 0 -14 -53 -23 2 -24 -24 45 -69 -74 -18 21 71 74 32 21 -40 99 -12 89 -42 24 33 -66 31 23 -16 -21 -75 4 70 -76 -90 -70 -50 24 92 74 -77 5 14 21 50 19 -99 1 -60 -51 -51 75 33 73 -6 -97 -32 4 57 3 -98 30 66 -89 -8 -84 -31 53 -65 -6 47 95 -55 -43 -94 -24 -88 -85 35 3 -41 -18 -53 -18 16 -66 -85 -79 52 -80 40 47 94 42 21 95 21 -9 -95 48 -35 -36 -82 9 29 17 -29 53 78 49 -58 71 67 -12 -66 -69 67 -9 -77 -5 99 12 78 -39 -76 99 17 -2 -93 88 54 -33 7 58 -23 6 67 -39
-75 46 -87 43 -6 15 -43 -21 27 72 -81 33 -55 -56 24 55 22 -5 11 40 -87 62 18 20 -72 -89 12 -33 -9 14 -33 86 38 -81 -44 -29 87 -36 -94 -56 87 85 31 -43 44 28 -13 80 -70 99 29 -86 87 27 93 -90 -61 10 -22 -43 -19 -46 -80 19 -53 -60 -62 -78 -47 -2 9 48 -21 -74 38 -6 -40 58 -65 96 -24 -57 14 -46 20 -64 -76 -25 -47 69 -81 -99 -32 -18 -90 54 -19 -17 -46 -79 4 12 60 81 -7 12 14 17 47 70 -89 -7 -9 -58 79 -64 59 -52 -27 6 -18 27 -7 -60 93 25 20 71 -51 40 92 22 65 4 -92 -35 -85 23 -99 13 -68 -92 68 -58 -78 61 -87 -89 57 91 32 -17 40 2 -87 88 98 57 99 0 -82 -67 98 15 29 94 47 97 -48 88 -28 -97 24 56 -23 -31 51 -51 41 34 -63 9 22 -66 45 -97 25 97 29 -6 93 -47 -12 92 19 -40 9 9 81 37 90 72 38 86 -9 3 -18 57 53 18 20 -89 53 80 22 68 68 13 -37 -88 -30 62 -14 -96 15 -54 57 39 -48 79 -46 80 -28 82 -89 -32 33 63 -21 83 -50 75 -68 49 14 5 88 64 -63 82 -82 -69 -13 -45 -31 10 82 -30 78 32 -85 75 48 98 77 -95 -44 15 3 -54 -19 96 -4 16 -54 -76 -83 -60 51 83 70 -67 14 -20 -18 -95 -3 93 -7 -18 71 46 -42 -66 -96 -45 83 11 -73 -87 98 41 -41 -32 22 79 28 94 -98 -96 51 16 -66 72 19 -66 57 28 -51 65 -38 55 -84 -25 -94 -61 -74 -22 -25 -22 -46 -68 -97 -95 4 9 -75 -37 -95 4 44 -14 27 -75 48 -52 23 63 82 -5 64 -93 -33 -39 -31 88 -69 52 14 69 -56 -74 -32 56 98 67 35 -73 94 23 -54 55 -92 -82 -2 -29 -20 -75 -43 42 34 93 30 -72 45 35 -77 53 11 -83 -58 63 68 56 -30 71 27 83 -1 53 62 71 -25 58 -44 -56 97 -58 5 65 -10 -52 76 15 9 16 0 -64 -20 -79 1 -8 57 7 -56 -57 -91 -26 78 61 54 82 -94 42 88 -30 10 74 72 51 25 31 -48 -56 -96 20 97 25 -82 -9 51 -19 81 41 60 -76 -8 82 36 -97 -1 11 56 0 35 -9 65 30 67 -38 -4 80 24 -76 48 94 -77 -49 -86 46 30 -66 10 -40 -69 5 -26 69 48 -54 61 15 7 6 -5 59 -83 56 84 -44
-64 15 -30 9 82 -29 89 -76 90 23 37 -29 59 -80 -21 -9 34 -26 -34 62 40 59 -59 26 90 64 -2 1 -69 6 48 -57 -41 -55 65 30 -36 -27 79 -65 -14 -4 -50 39 83 -53 -24 -11 91 34 -47 46 -97 -87 44 60 -89 -37 46 -68 58 -65 71 -29 24 14 44 84 82 -40 38 -47 93 -56 74 13 48 -18 56 -65 91 81 -22 -21 -25 -96 -53 -58 29 64 -18 -96 -34 79 -85 -46 82 25 -55 -41 79 -8 54 -35 84 -6 8 -5 -23 -50 -22 69 83 -7 -83 -56 20 -41 0 -33 96 39 -26 57 97 74 -61 58 -57 -93 -50 -19 -10 -72 1 3 19 52 21 93 -61 22 -62 -69 -80 84 14 -55 97 55 20 -59 71 -44 -96 20 46 -38 -61 65 -28 3 43 22 73 40 78 -27 25 1 -17 85 -64 66 11 -83 82 92 90 28 -28 -26 -92 81 16 33 30 -10 42 -71 -57 19 38 -19 31 57 48 -10 -70 -68 -77 16 -91 40 -34 48 -84 46 -38 90 18 -70 -9 -59 56 -33 -13 54 -59 -57 74 -40 -20 9 0 47 82 51 -7 71 -52 93 -96 65 72 -72 20 -22 52 24 -80 46 51 -92 -93 39 -91 25 69 52 32 -82 -36 94 -7 92 -41 84 40 89 -83 -13 -40 -71 96 -37 -31 64 60 78 -54 15 4 -8 -1 60 -14 -91 74 14 -76 -22 -25 46 -22 -93 -75 9 6 11 75 16 -26 -20 33 95 -68 -45 -9 68 62 27 -42 -68 61 -90 61 -60 59 -26 56 -84 -29 52 -10 37 -95 -78 -36 37 89 74 50 97 72 69 -76 -34 -37 12 -76 -39 -52 -75 -54 42 -9 73 21 10 58 21 98 -77 24 -7 93 21 75 39 -35 -20 14 -90 -36 77 -71 -83 1 -31 -96 -2 -51 -42 96 -43 91 23 80 78 3 -22 99 -44 45 -48 18 17 -41 5 81 9 -9 33 49 -95 26 88 33 66 -34 -74 -46 49 29 23 7 -45 -9 -21 -33 73 95 68 3 -19 74 -46 -86 25 7 -18 -44 44 -98 -88 -85 17 50 -60 -17 -10 24 -64 -40 -16 -68 -57 22 -65 -13 62 72 -16 -19 70 -44 -89 41 -74 -29 80 47 86 50 -27 -66 -63 -43 -60 73 -50 38 -74 -46 32 90 82 -32 -62 78 -85 -30 -20 23 34 -93 68 -71 10 -16 -62 -39 -23 68 -7 -83 -69 55 73 79 76 74 -40 47 82 29 -23 -33 96 -53 -68 -90 54 -28 97 -65 -32 -7 66
79 -90 -73 50 9 64 -6 -30 -45 -41 -63 5 -44 8 16 -12 -66 -17 63 58 -2 75 -10 -37 97 98 54 29 28 67 4 65 0 15 -16 -24 -69 17 50 -31 -18 88 82 -56 79 -81 -80 80 77 -92 73 -43 55 -38 28 -60 56 34 -26 -11 63 60 -37 55 70 68 -95 -84 -14 -19 -13 68 22 61 87 68 0 95 -5 18 6 -80 -95 -37 98 48 -84 -8 -65 -76 20 4 59 24 45 -34 10 -81 -29 -42 -76 42 -52 71 76 -34 -89 -2 -65 -42 66 -97 -82 -12 80 -92 -80 97 18 -27 -62 -21 -49 24 -75 -49 -90 -89 -46 -65 -2 8 84 41 -56 89 4 91 -32 0 29 21 -80 88 -43 10 -59 8 80 98 61 82 -3 60 -60 21 -2 -34 68 -4 -60 -77 -37 -30 37 -62 88 28 -3 -61 30 -68 -84 66 89 -63 -56 44 32 69 50 -11 36 18 -52 17 -50 -12 33 -49 -70 -5 9 -2 84 -34 78 -25 44 -86 -45 -73 -66 97 -71 -61 -84 -12 -59 60 -22 11 -59 -17 75 -83 -57 21 -6 5 67 41 60 27 28 -15 -58 47 -15 18 -66 -2 85 -54 66 -67 -25 -21 -6 66 -77 -73 -20 61 -2 80 -82 43 36 -56 93 -85 -75 10 98 -54 -8 -90 24 71 -8 -29 54 43 24 32 85 -92 65 57 85 -73 -95 -74 77 2 -38 12 -72 0 60 14 33 31 62 -12 35 -42 31 85 -77 -36 4 13 2 -21 15 -77 -42 -17 -94 -66 -26 48 59 -88 6 -20 23 -41 8 69 6 21 97 -33 -44 -35 64 -50 -42 55 98 -31 23 -50 -29 67 -39 81 -95 9 0 31 30 38 2 67 46 -57 -73 40 -54 -84 78 -56 14 -8 25 -44 31 4 48 -98 -78 -21 20 31 84 -57 -76 14 -49 79 -76 79 -55 6 39 -17 -32 10 -4 -52 -62 -70 -5 -7 17 -12 -50 -56 0 72 55 -43 85 -96 43 23 -28 -84 67 33 10 95 -63 81 -4 28 50 -89 -72 62 -63 4 -39 48 25 2 7 41 20 7 -48 -65 -79 -18 78 89 46 89 70 70 82 27 74 31 27 -10 -4 97 48 -54 -15 94 58 24 55 -50 -14 -42 77 -1 -79 -14 63 16 55 -54 41 -60 -43 45 64 34 -50 46 85 -88 57 9 -93 46 9 20 40 -2 55 -37 -45 57 43 36 88 52 75 -97 82 -76 -96 -81 98 -65 32 10 -58 -36 -54 99 -39 -63 81 -21 -36 -21 -55 79 -56 27
-65 -47 -27 -94 1 31 -80 16 -99 92 -67 -32 99 66 31 -15 -94 -42 -98 -52 17 -25 -84 -44 18 91 17 85 9 39 6 -9 -60 -76 13 -70 46 2 31 -39 78 45 -91 -43 21 45 -29 -94 -32 38 -68 63 41 -45 37 -71 -19 25 -29 90 -68 -74 -21 1 -41 -43 78 74 -9 72 66 39 43 31 63 -48 65 84 -79 -52 88 48 -75 85 98 9 -37 48 71 -12 8 88 -28 -86 -97 85 2 55 58 -76 6 -81 -90 -14 -80 -34 -30 -3 -7 80 -27 97 -65 48 75 -92 8 -44 40 -3 96 72 1 49 -19 -11 -10 32 -31 -91 1 28 -45 31 -8 -4 -2 -74 -42 50 97 -16 39 90 -92 0 -46 -13 33 32 94 -59 29 42 70 98 36 -64 -23 -95 -16 99 92 97 -7 98 7 -6 -30 52 35 -92 -14 -90 13 -52 -29 -74 -3 -80 -73 60 -96 -66 -55 -69 51 84 63 77 36 18 43 -10 -80 34 75 -99 60 91 -96 -74 -11 -9 85 -61 -94 66 29 -28 7 -28 -55 -55 17 7 -48 -21 -25 2 -80 -35 62 84 -23 87 85 57 -63 2 -96 -84 57 -42 -74 -60 3 -15 -2 92 35 40 -19 -35 -43 -66 89 52 -51 53 58 69 1 93 25 -15 -39 -82 54 99 -51 -16 90 -15 -51 -2 90 -70 25 43 -90 19 44 -10 61 97 83 -99 60 52 -15 70 3 -98 -33 -23 57 -33 -37 -82 75 -58 73 -81 -25 -95 -91 30 -95 -49 72 61 -5 53 31 -69 -28 -43 -79 -53 -80 -33 78 -16 -1 -12 58 -81 -88 62 -63 70 -50 45 -9 -80 1 67 43 -13 -54 -10 -3 -15 87 78 -78 93 -60 -28 -89 -73 -60 -30 97 -18 -70 56 -33 -24 -2 -46 51 -45 -42 -21 -7 80 60 -34 -67 66 -58 -30 48 -26 96 -24 -14 27 -84 -78 -18 25 -92 -38 -57 -31 88 0 -73 -91 -56 -91 13 -76 61 -70 58 -86 60 -94 84 50 47 -48 -54 89 -9 50 -28 12 27 -30 73 -92 -50 -94 23 -33 -57 52 16 97 59 64 -11 -83 -75 34 -19 -71 -61 6 36 -48 -7 27 34 22 28 -30 -53 92 22 -68 -14 72 73 57 -60 -89 94 73 -12 57 13 -89 -15 -30 -34 91 -56 -12 82 55 60 -41 -48 91 -11 12 79 -57 -34 40 -44 72 -34 -77 -74 40 -77 -29 -95 -40 58 39 49 71 11 49 -44 35 -43 76 -29 16 -86 -69 -16 -42 36 44 -19 17 40 -13 -75 36
-17 -93 10 80 -79 51 80 83 57 -76 -44 56 -44 62 57 -72 53 -87 57 -37 27 63 74 38 -59 96 -50 -31 65 5 -92 -98 -60 71 18 50 89 -15 -51 7 99 13 -91 65 -62 86 97 67 33 47 11 44 -40 -94 90 28 44 -48 69 -64 -96 13 35 54 47 40 -9 -49 -40 -79 78 -81 40 -31 85 31 -94 77 -47 -88 -60 15 19 79 11 -63 96 88 40 9 21 18 -70 -2 -44 86 -36 56 83 -96 43 -89 -43 -64 -44 -29 -48 -63 14 -68 32 93 28 94 -79 77 -24 -32 26 71 -23 17 -63 -1 -93 4 20 -64 87 -78 -8 45 19 56 45 78 -10 48 -76 64 2 61 93 77 84 21 -84 51 28 4 -95 -8 22 95 -85 -65 -58 20 64 -21 -72 -70 -55 -31 93 74 47 -1 96 -42 72 -94 -43 -58 58 -34 27 44 64 -3 37 49 -36 46 10 -30 -98 -90 55 -18 52 -62 47 5 70 86 49 -9 56 91 -26 1 -8 80 62 -68 3 -59 37 89 77 -40 -43 -55 17 -18 55 -10 25 -46 -46 24 -34 10 -14 21 -66 -77 92 46 -73 17 36 -95 50 -77 -64 -19 90 -68 -81 95 -22 -91 46 -78 -75 -44 -53 96 42 -52 -14 74 -80 30 -39 69 84 83 96 -39 -95 -78 15 94 0 47 20 -21 27 12 -86 -74 14 7 9 -39 -84 -12 -98 31 83 -44 -11 1 -65 75 -20 -81 81 -57 18 56 62 1 60 88 -34 15 -15 -68 -59 -14 61 31 27 91 16 -86 -99 -66 -81 41 54 16 -84 62 -56 -67 12 -51 -65 -71 35 -10 -92 45 -25 16 -20 27 -50 -40 -39 49 37 -55 -6 65 -92 -45 -53 -19 46 72 74 33 61 64 0 -20 26 12 -51 -69 84 -91 -26 4 -67 -39 33 -17 -50 -65 44 78 68 36 61 -59 9 -90 41 75 -71 -64 14 -21 24 -20 -62 -26 -54 94 48 -89 -66 12 51 96 -47 -33 -31 63 68 32 25 -23 -85 -99 47 8 86 -98 -43 64 -94 51 -24 -52 -91 -66 -59 87 -80 -13 21 82 7 -39 2 5 84 -11 -89 33 -15 -16 -80 -13 -62 -67 15 78 82 63 17 32 -62 -86 43 81 -6 94 -9 -5 8 15 46 -84 -79 43 -86 -7 89 72 38 6 2 53 63 19 19 -89 16 -48 5 -74 69 -35 21 -21 -89 -24 80 -54 56 74 -87 39 -10 -73 15 -97 -62 -63 -34 69 83 -37 94 18 56 -90 46 53 27 -56
-62 50 -9 76 78 -45 56 61 98 -41 -79 43 -83 96 -67 -54 31 -7 87 -87 -52 8 -73 95 -75 -37 85 -21 -6 92 -41 80 38 -71 0 99 -50 26 93 -40 98 83 -74 -11 53 31 64 79 -65 98 -19 -26 77 85 -93 66 -26 -27 -67 71 -93 -95 48 -66 -28 -61 -88 -65 -23 89 -66 -7 -20 -47 7 42 -14 -12 2 -73 -92 -35 57 -55 -57 56 -51 -53 -51 97 7 -13 -65 32 45 46 67 -94 -5 68 82 32 75 30 -90 60 73 -8 -90 86 21 -83 15 -60 -71 -98 -26 95 63 33 -38 -56 -96 17 74 -69 -44 88 57 90 72 86 33 -15 96 -50 -63 -39 -39 57 -17 61 -60 -72 -10 11 16 -88 -32 18 -34 77 5 -61 25 -73 -90 -61 -31 -19 -82 -57 16 95 86 -53 -52 25 56 -36 -59 81 31 73 59 98 41 30 11 80 -84 -7 -87 30 -97 17 94 0 -14 -98 78 -2 17 23 -85 55 75 -38 53 -67 88 91 -88 79 -32 -80 -48 8 -69 83 -77 40 -39 -88 91 -23 85 16 -63 43 -7 -82 95 -66 -89 -98 -95 76 -51 -70 50 86 -15 -59 32 -37 -75 -7 -27 -4 94 -42 45 -48 50 69 -68 0 29 -82 22 47 -63 30 28 83 -90 62 38 -37 32 -3 89 -86 10 87 87 55 -91 -44 -99 97 1 8 -47 53 35 92 -93 56 -28 80 -3 92 70 -23 58 -75 -11 -9 -46 -90 32 61 -34 -34 -43 20 -56 -83 94 91 5 55 65 -60 79 0 45 90 -19 -41 63 5 -21 37 40 2 99 -55 -93 -65 43 -33 -14 81 -29 -75 38 98 -86 39 -60 -16 -36 -69 50 26 -35 -57 8 -94 46 -66 -5 8 -76 -53 64 -81 46 -72 -53 -17 -44 -56 -81 -58 -90 -18 79 78 43 74 62 94 82 -77 23 -64 -90 -44 34 76 -80 29 -9 -91 11 -35 48 -71 45 56 -10 -62 -19 81 29 52 86 -44 -21 -22 -96 -7 49 -70 -28 50 57 40 -39 -86 28 35 -10 85 -3 -24 61 -53 -22 13 -11 -94 82 45 40 -47 -11 17 -47 -33 -13 98 97 -37 51 0 23 39 73 60 -63 -35 -56 -4 -21 -92 -64 28 48 -63 63 -52 59 75 71 -22 77 -40 -9 91 -46 37 -61 47 -36 -96 85 36 -92 -42 -87 -25 -85 38 -3 96 91 -49 62 44 31 -48 81 -4 46 -2 64 29 -59 -37 60 3 45 -61 -40 -4 -62 -41 72 -53 50 -71 15 89 -31 -37
-81 -53 -14 -34 79 -97 34 49 86 88 -2 -31 -5 -28 -74 97 62 56 -56 26 99 -42 68 -80 55 -66 -31 86 92 -10 -47 -47 95 79 85 -76 27 36 -2 41 -51 54 3 77 -12 -82 26 -50 -38 -15 20 14 13 87 -66 33 -28 -75 87 91 6 -29 17 21 -13 58 28 23 60 27 0 -9 5 -70 40 92 -64 -13 -27 -9 3 31 65 37 66 27 8 19 -43 -96 86 -56 41 84 -73 26 -31 -7 -16 11 -12 -30 69 -8 -50 22 -35 92 -9 13 -46 37 60 -94 -6 71 -55 -54 -62 -97 67 80 -19 -5 -3 -5 41 51 34 36 52 76 21 64 83 89 59 -50 17 -17 -89 -72 -31 58 23 -12 -31 13 -26 -2 -91 83 -23 -80 -35 -84 -44 23 -51 0 25 -14 -95 -43 -3 86 40 29 70 3 74 -21 28 51 -95 21 -25 30 -15 55 -48 35 -78 -83 -10 32 29 -8 81 31 46 8 -27 -5 87 -49 78 -84 66 62 -84 38 -41 56 95 2 -23 80 54 -6 -55 68 -42 76 32 -58 -76 48 17 -60 93 -54 -23 -66 -47 49 -80 80 -18 7 91 55 58 66 86 -80 21 72 -48 -3 -29 17 64 38 -30 87 -56 68 -22 -19 -51 49 -92 82 -50 -49 48 -86 -44 57 -75 78 -81 94 -39 63 32 -13 -96 -3 81 50 -8 15 65 -94 2 72 84 21 -10 82 -7 22 64 12 74 -93 91 -34 -43 -69 95 4 -10 88 23 32 5 -50 -44 -59 -13 49 22 87 -24 -43 -7 21 29 -6 -72 30 4 -54 85 -75 -93 -81 -34 -2 63 18 -10 -13 -57 0 -70 45 78 77 79 -4 79 -59 59 10 -47 -69 29 -66 -41 9 30 -23 -46 -24 -76 36 -67 4 16 -72 -14 25 -80 -30 90 26 -99 -89 -38 -53 54 -8 -14 -63 20 -65 93 -25 -62 17 72 -45 92 -18 -6 -79 -89 96 92 -18 -2 -72 85 -90 -15 97 -19 -95 -42 -45 51 48 82 41 -13 99 16 -68 7 45 -90 -42 76 79 5 -48 -80 41 57 90 -75 65 39 67 -66 62 20 92 -90 67 -62 -71 49 88 5 80 -95 -95 -44 85 64 16 -15 88 41 -15 84 -16 2 -17 36 -89 64 -75 53 -78 29 60 -70 41 -46 -71 -24 -28 -79 91 -38 81 -45 66 98 -2 87 -67 36 12 -82 23 -81 17 61 90 -14 -86 -46 86 80 0 55 -51 36 15 0 34 -3 34 -42 4 -21 -77 -35 -45 21 4 -83 -62
-20 26 -35 -76 34 -13 -59 -45 -27 -96 7 61 -21 33 -66 -39 95 19 -47 48 -7 -19 39 33 -31 -26 -75 77 18 -92 -10 -4 -84 48 -5 5 72 37 -67 78 -14 -78 -60 38 -65 13 85 35 -20 95 -53 51 49 21 -32 1 44 3 -30 45 -59 -70 10 -37 31 69 80 -81 -72 77 -14 49 11 -29 -11 58 30 73 -76 -15 86 -14 97 -18 62 63 -6 78 -58 -11 -78 4 71 2 -13 -10 -87 -95 -70 -2 50 -32 -70 95 -99 -65 -29 -81 -13 83 -87 -9 39 -47 -52 53 -61 -17 -36 19 -74 -3 -58 85 -11 -69 -94 73 -62 -67 -47 -61 -15 57 -25 -47 -86 -42 17 -43 10 -63 2 69 -87 46 37 -54 40 -45 62 32 -25 28 87 -48 -34 -11 14 -3 -33 12 -82 -39 -44 82 -23 -56 -52 -55 21 -48 2 -46 33 27 60 -60 -7 86 6 64 45 1 -35 61 -11 10 -91 94 21 -73 -97 -29 -46 -16 35 71 -22 -59 69 -68 -79 -60 -80 -1 31 -44 -43 -24 40 53 -16 -33 -47 -21 1 -96 44 80 -80 11 -68 -27 31 48 10 49 79 61 -56 -39 47 81 -55 -94 -63 -87 69 -15 3 92 34 44 97 52 -67 73 -46 85 26 48 76 -82 72 0 14 -38 75 -72 62 36 -12 -61 30 66 52 72 84 74 41 -64 -93 -71 -22 10 43 30 7 -64 -27 44 -31 -36 -1 -95 8 16 -67 -81 42 9 68 -8 17 1 -74 -83 92 -35 98 38 55 -97 2 -37 -16 6 -43 -17 25 -4 87 76 -15 51 21 -24 84 -50 -74 4 85 1 3 -99 19 5 -79 -61 -84 -77 8 67 -2 79 -46 -89 -60 91 42 -49 -42 12 99 70 11 68 67 39 -44 -84 85 51 -10 -12 -38 -31 57 57 -2 4 -84 -81 46 -65 64 82 -3 -77 30 93 -12 85 -20 -87 49 84 13 -73 -55 12 98 96 -47 68 22 8 44 -83 -59 -58 -11 -29 56 -2 45 -65 6 -39 -73 72 3 -87 -28 65 -29 -19 -34 -35 -25 54 75 34 44 18 21 85 -8 -67 0 -13 -96 -68 -33 -90 -29 -35 65 -24 62 -11 88 53 -30 73 69 -75 71 43 -31 3 74 -60 -9 43 -88 34 -83 -54 85 98 -38 -26 90 88 32 29 19 -58 81 -80 -75 -3 3 7 -55 -53 -85 -21 14 -88 74 -51 -40 -4 -37 99 -21 -28 33 -13 -1 -7 -40 -1 -2 62 15 12 -75 71 -86 45 -52 -13 22 -71 4 -69
11 -44 -69 54 -12 78 56 47 -48 -97 0 84 51 21 -35 -35 23 -20 -21 -76 45 -74 -57 -27 6 -70 -25 81 43 -64 34 -69 -49 -72 11 38 96 11 93 41 89 99 -75 -58 -37 8 38 -11 47 -20 73 87 -41 80 26 -52 -54 -7 83 70 -59 75 -31 -22 -25 28 -38 -22 14 -45 -6 -60 -23 -42 5 62 -70 30 -58 11 -34 -26 51 -90 -53 -60 -17 81 -75 91 -15 94 -20 -77 2 -47 76 -62 10 -94 -3 -59 -46 20 -4 -55 -90 52 32 54 87 87 -19 -70 -46 50 -62 5 68 83 59 5 -61 -37 21 60 78 -70 57 6 35 93 -65 -88 -93 82 -61 -92 -78 -78 85 -39 32 7 51 3 78 36 -33 6 -2 58 -1 68 31 40 -13 -10 -85 -94 38 4 78 -98 88 -49 -14 29 62 -36 -49 -77 71 11 -84 3 40 -68 50 -21 -49 28 -7 10 -16 -4 -50 43 -75 36 11 -58 -26 -26 -19 84 -74 47 97 89 17 -39 44 -8 13 -16 49 6 23 -94 -98 26 76 -43 30 34 12 57 -45 -54 91 -78 -29 -55 -4 -69 -15 50 88 95 -24 86 -73 84 -63 84 16 24 97 -29 46 -36 19 32 -76 50 22 14 -65 49 98 -81 69 -96 91 -38 88 32 16 86 -69 6 -61 -80 -55 -99 -62 69 68 53 11 -75 67 -31 34 -64 12 -71 39 -69 62 98 40 -78 -13 50 -93 -64 5 -58 12 0 -81 63 -6 -62 -33 -16 58 3 42 -13 -47 80 54 75 4 -60 -43 21 -98 -55 -94 44 9 51 -63 28 19 -66 -3 -37 -97 -65 -89 -42 75 19 12 -89 -86 55 24 53 90 -49 82 -66 -65 -11 -85 -72 85 -32 47 -15 58 39 47 -90 -89 1 -80 -66 -99 33 -87 8 -32 -55 -30 -60 29 28 -87 5 -60 -96 -87 -63 7 -74 77 -9 14 -13 -86 17 -53 -38 33 -9 -85 79 -74 -6 -35 -67 -35 -76 -44 -89 -63 68 5 -48 -53 87 -53 46 -56 46 26 -2 51 -69 44 -16 -3 -54 54 61 81 -39 45 81 59 -32 75 10 -67 46 38 -40 98 16 34 22 68 -37 10 16 -19 -97 96 19 -72 -31 51 53 46 65 -92 -84 12 -65 23 -9 -9 37 15 79 71 74 -15 34 -41 44 -39 -79 -34 80 -81 81 6 54 -24 83 -70 -87 6 -17 20 99 -84 -15 50 43 33 57 -96 -31 -17 74 10 -52 54 -81 46 -83 -51 16 96 80 37 -73 -82 -64 82 -24
56 -15 74 32 29 -2 -53 -91 -7 41 -28 -91 -28 -9 -88 -42 -47 61 -5 -68 76 -14 18 62 -66 28 -52 -23 33 43 -79 70 33 39 -44 60 -40 -39 57 13 -79 89 17 9 58 9 -76 3 11 -59 19 -93 60 11 -33 93 31 85 60 95 -75 69 7 99 -62 49 -4 37 -45 -59 16 6 -32 -39 -58 99 32 7 -98 -14 50 55 55 -94 -76 84 -8 -54 18 -86 -16 -28 30 24 49 -92 -52 -93 31 20 35 -74 67 41 -2 -40 -90 -46 -63 -63 93 -38 89 -89 57 -70 -57 -78 -83 -53 57 14 -11 -28 -86 18 39 40 93 75 -5 14 -31 -49 -66 39 98 -56 -8 5 -74 2 28 -90 75 -46 -39 13 25 75 61 86 42 2 83 -7 88 47 75 -9 27 40 24 81 30 48 46 32 7 -89 45 0 -23 58 45 -24 13 -51 -56 57 64 -19 62 -24 -34 -40 -43 -74 84 38 79 11 -57 83 -61 72 48 20 -69 -93 13 -2 -68 -92 18 -38 -66 -66 57 -31 -42 81 -86 21 -29 46 -34 -51 73 -32 90 42 59 -69 21 -99 12 7 -46 -15 -56 -33 -80 60 18 33 87 75 14 68 -35 2 8 96 74 80 -56 -24 35 -55 52 -49 21 32 24 39 62 52 -27 73 -22 76 -1 71 29 -98 32 -51 -67 22 44 97 41 32 42 -64 -59 -32 -1 -50 66 -12 -52 58 27 93 -8 51 38 41 -5 -91 12 22 -81 -44 -65 -27 -40 -60 -4 92 60 -76 -97 -71 -38 12 -52 45 -2 -88 18 85 17 2 31 -66 -33 -29 -11 -55 -63 -91 98 39 15 -7 7 -72 -98 -6 -72 93 22 -3 -18 27 -82 40 -94 22 -44 38 20 94 -13 -66 -98 18 26 47 -94 -97 57 20 0 -16 91 -3 -45 -83 57 56 -68 43 -94 19 -76 30 63 58 45 64 70 -28 -5 10 -56 2 -20 -94 -76 -68 -50 82 -88 25 68 -90 96 14 23 -96 31 -12 75 7 7 -66 -75 -26 18 70 -48 -55 -85 -31 89 52 -4 60 -39 -53 0 -19 36 96 6 -31 -52 -78 87 99 11 -62 91 4 -55 -67 32 4 7 92 -50 -19 -18 -96 -30 68 -98 -99 -58 -87 21 -94 -63 -62 -83 -57 -62 45 -96 66 84 -47 -65 -83 81 5 27 -67 -10 22 25 12 -94 -72 -54 -37 -69 2 50 -6 -2 -31 50 90 -89 -63 59 -9 79 -8 -43 -66 -77 76 28 60 -82 -53 9 22 57 60 -58 81 6 81
-22 -42 -12 -99 -67 8 -70 50 26 -20 36 -36 6 -9 -26 91 12 89 -13 -18 -39 15 -15 21 98 -1 -37 87 -35 20 80 -31 -20 74 -18 -2 90 24 1 77 91 54 -67 20 85 -59 93 73 -51 -49 -34 92 60 -48 86 -5 -34 19 -41 60 72 -64 1 26 54 2 85 24 71 77 -11 -80 -41 -22 53 -48 85 52 30 -8 -66 58 56 -23 -81 34 -83 53 -90 -43 -71 -36 -66 10 32 -39 44 22 -56 62 -9 5 -42 -54 23 -50 -96 -17 86 89 58 49 46 13 -2 -20 -76 91 -65 -46 76 -3 69 64 2 -44 73 17 88 48 32 41 -37 -20 18 45 -37 -46 37 -62 -77 -43 -30 63 -30 -55 -35 -12 -41 -16 -33 42 -83 -34 -33 22 -34 35 -27 -91 -73 57 18 52 -47 51 4 57 84 -35 -83 30 45 25 1 -22 -47 75 42 -15 -66 -18 95 -44 23 97 -27 52 29 -15 -9 69 20 -35 13 -79 -83 -20 66 -13 31 55 -72 5 72 8 -99 -21 82 26 29 43 5 -2 9 75 29 -29 56 -51 -4 -67 -94 -50 33 -40 -12 -51 91 -13 -95 -23 22 -52 -75 -31 75 -96 41 -1 -87 -51 -88 30 -41 71 15 -44 -32 90 91 -50 87 18 25 -69 8 -18 26 -58 40 23 -96 -40 -4 87 89 28 -34 -51 66 -1 -80 68 -57 86 72 35 7 -9 -27 59 -44 -32 76 47 -3 -55 97 18 -14 18 -16 53 -81 54 12 89 19 -62 23 90 -76 -57 99 31 -56 37 99 -49 -7 93 -16 65 -71 3 -57 34 -72 -73 14 -26 -79 86 92 -55 7 -50 38 -8 30 -86 -34 46 -74 -31 -82 40 -20 41 89 -33 -64 -89 -17 -39 -27 12 46 54 -39 -31 10 39 55 -41 11 78 -99 53 7 -97 63 98 2 14 -34 -37 59 8 -93 -53 38 13 18 77 -43 -16 -96 -70 98 88 78 -85 -8 34 59 -77 53 -30 -9 98 -96 32 -23 -5 99 -95 19 55 -78 43 -29 47 50 35 -2 -47 -83 88 -69 40 85 49 9 -80 65 -90 6 -13 41 7 57 93 -52 51 -94 49 61 4 90 -62 -39 98 -48 28 -99 7 21 -46 0 -98 -54 -24 -61 73 89 -58 47 -44 3 97 96 -3 -97 28 46 -59 33 17 -5 71 67 20 -91 -18 -15 42 19 -16 -72 10 99 98 -53 27 64 13 94 -39 -49 -80 -59 59 70 2 24 89 -64 66 -68 3 -74 -9 -70 18 38 -2 -66 46
-29 -79 85 -31 46 -3 -57 3 9 32 2 83 81 -69 -39 -1 -30 -36 21 68 -1 97 -2 0 43 31 21 11 -97 -15 83 -59 92 97 -21 46 97 -64 -82 59 -52 44 94 79 -35 -78 -79 61 50 -46 -81 72 -27 -61 -99 -41 -89 -26 -27 -80 -72 44 77 -99 3 -28 -91 -62 20 -73 16 -46 -94 -64 82 -17 -51 -75 -2 -27 -9 0 -52 42 2 11 17 -28 60 -3 93 80 85 9 -21 96 -80 56 -61 70 -77 -21 30 65 74 -93 72 48 -90 -27 26 -69 15 23 41 50 -69 98 65 -12 85 -64 47 -40 -5 -75 -98 66 -17 -23 10 21 11 24 -95 -9 -23 21 -58 73 71 -66 -59 51 74 -60 -53 74 -28 70 63 38 -49 5 -1 5 81 20 28 39 -66 -88 -29 3 58 -64 -96 30 -17 -17 6 66 -54 71 6 -94 -36 90 73 99 49 36 37 -29 13 -21 -20 -22 39 81 -10 -46 77 -35 42 18 90 -13 96 -68 -49 -89 74 74 18 47 -39 -60 21 15 96 49 -40 -26 41 -40 -90 -87 -33 -92 30 -36 37 -58 -27 -28 70 69 92 -1 97 87 -80 -85 4 -31 -32 -27 64 -67 -46 80 76 -36 -65 -87 -70 35 30 -37 -51 -79 -12 51 -61 -87 -26 70 -30 -48 54 52 -64 -1 59 -91 -95 -33 20 -50 68 64 -31 79 -95 34 -55 41 98 58 -88 74 -87 -13 15 81 -15 21 -25 28 -81 39 17 90 -28 77 14 -44 77 41 -58 -30 -22 53 10 65 -48 -46 29 22 66 -17 -71 88 1 -92 -10 95 -37 52 48 -88 12 -43 -9 -7 28 -13 -55 2 -82 78 61 -96 -84 59 -54 -4 56 32 0 -90 -98 -78 -58 -71 -37 -90 25 30 40 -50 31 -8 98 -44 75 -80 -85 -39 -75 84 69 -8 39 -92 67 -49 91 80 -37 -45 57 -53 -79 -2 83 23 -8 38 13 72 38 81 -70 -34 -73 -89 -54 -25 94 -37 -86 -18 -31 -57 -38 4 -36 47 17 81 -58 -75 -76 -10 -84 11 -41 -51 -33 90 51 1 -82 53 -67 -47 -8 44 92 77 81 -99 44 -88 -55 -48 -37 27 -99 73 78 14 -62 96 61 -8 98 18 39 -99 -25 40 4 20 -60 -72 -77 84 -80 -31 -46 61 -32 -4 -14 88 76 -90 97 67 -98 -73 -25 -46 9 87 3 82 74 60 50 92 23 -22 -52 62 -36 -41 38 77 5 -99 1 87 33 -93 -33 45 11 51 14 -16 -92 -81 75 -83 64 95
1 -41 90 -99 82 21 -43 43 15 22 -11 -46 77 67 -5 -79 80 -36 -97 -8 -12 5 -49 -15 79 64 53 -55 -72 60 -79 47 -89 -70 -50 54 -49 91 -34 88 -1 -85 83 67 88 -36 -33 67 49 -77 81 -90 81 -60 -99 -56 -37 -59 15 95 -39 -70 -91 -52 2 -65 -49 -59 -31 55 -75 43 91 39 -68 -96 -49 65 -96 2 56 20 -48 34 69 1 -28 55 -99 54 6 74 -55 89 93 -77 44 -84 -6 16 55 73 20 30 30 -16 -31 -5 -21 -98 -95 78 23 -5 17 44 -4 7 24 -40 31 88 25 27 -27 9 13 26 -16 89 98 27 57 -69 45 -88 -70 -41 0 -1 32 -37 72 17 -67 -66 -21 63 -58 12 -74 -91 46 45 -21 92 -28 87 -45 55 36 -70 45 -39 -43 34 -19 16 10 2 86 -1 71 24 57 -61 46 -2 82 -80 11 85 89 14 30 -35 -9 99 54 15 -57 -69 7 -24 -83 -4 74 71 49 -57 52 -54 -61 56 83 -26 -56 -10 -49 63 74 73 -7 -48 51 -32 54 -71 -58 -98 94 -3 -96 -59 47 -37 29 -47 -91 -91 -66 24 43 28 44 -92 -4 56 81 74 24 42 49 56 -29 90 93 -12 17 -48 44 36 56 -7 68 -35 4 -51 41 51 35 52 86 -95 7 8 22 -29 41 -92 87 80 3 -24 -37 28 19 43 83 43 -50 -68 -47 -13 91 -87 57 -32 8 -91 -4 80 -40 -70 5 -8 -26 -15 -17 27 51 66 -80 -38 -77 70 18 24 -19 21 -6 79 -38 -88 10 9 32 98 -39 -23 92 -87 -78 25 -8 21 88 63 26 43 92 -91 -53 75 68 37 -19 69 69 -42 -30 80 68 96 61 -9 86 -25 5 -23 35 -8 57 -69 22 -43 -8 -85 75 82 35 27 -85 49 -59 30 37 20 59 -26 73 87 86 -73 -79 65 -72 -2 -57 -9 -55 -91 98 88 45 35 -21 -51 84 50 -89 -76 30 10 -6 55 27 50 91 -59 -18 45 -72 28 -21 -7 -94 -7 25 42 -41 -38 99 50 92 23 -53 47 -30 -38 -37 -73 -66 37 7 55 38 -65 3 90 -40 -40 -76 50 28 -69 -30 -63 94 -22 -63 16 -80 56 15 -88 43 16 35 -74 41 88 -29 32 43 -82 2 -12 -51 26 40 -7 -61 34 22 96 -5 -38 34 -16 9 -44 63 94 -55 -92 -83 -68 -94 67 65 72 -18 21 -14 62 -88 -29 -63 25 -92 -51 10 43 28 -43 -46 44 62 -11
25 22 65 72 -26 -76 89 90 50 -95 -79 -35 -85 38 17 -55 24 -64 90 -41 -4 83 -81 -53 -9 57 -20 10 33 76 89 64 -60 35 -33 -19 25 -53 -25 5 -26 75 -58 14 -57 28 47 17 -14 11 48 -10 53 77 -31 90 26 -75 -99 49 -29 -68 24 -86 82 -74 41 -6 39 -52 25 45 -32 20 -44 -42 -89 -47 -77 69 2 -82 72 -48 -6 49 27 16 -15 -76 62 47 8 -72 -77 2 61 -95 -38 44 -56 -35 34 91 -72 -33 35 64 -44 -9 16 98 73 42 85 -95 33 51 58 90 24 46 33 60 58 17 66 9 70 98 -61 96 56 -10 15 -32 39 -90 -81 -9 -1 -44 -65 85 27 4 -15 -20 -59 56 11 -85 -21 -80 40 78 -66 35 60 16 58 37 -20 61 3 68 -78 -44 7 72 -95 19 -98 77 -89 -27 22 -14 50 40 80 12 61 -26 -25 -55 -11 -59 57 -69 97 27 -90 82 -47 66 -37 4 66 -53 10 -83 59 -29 -29 54 -15 57 -44 76 5 22 -42 -13 74 60 21 17 14 92 -94 -1 -50 49 -30 2 -34 -12 43 -77 3 10 -13 97 -82 87 11 4 -40 66 80 53 -56 41 -1 34 19 -6 87 -84 59 69 -47 -29 32 -99 69 26 -46 3 96 14 18 54 4 67 67 9 59 -84 13 55 67 -79 13 -68 -85 49 -74 23 -70 7 82 5 86 23 -86 -62 -12 74 67 -73 -5 96 57 -96 10 -26 85 13 -97 45 88 -95 -32 -45 16 -81 94 -60 -25 71 -34 -18 -48 93 41 34 43 -91 55 -40 86 98 82 -87 -54 24 -76 10 85 -79 -55 -98 -67 96 36 -33 -54 -89 12 -14 57 -96 55 -33 38 28 -77 -2 15 23 82 94 49 32 -96 20 -62 78 81 -18 31 -2 11 -68 5 4 21 76 -15 -18 30 -57 41 -2 53 80 -61 -91 -6 -65 -39 76 -48 -18 35 21 -44 97 71 -66 37 -62 7 58 -8 69 6 29 -51 88 -99 16 53 92 -29 -6 -53 18 -32 97 -55 97 -81 -62 -65 92 2 70 -71 53 35 8 35 68 91 -52 48 -56 -41 -54 -76 -44 78 -58 53 -11 -1 -11 73 71 -52 94 23 -21 -89 -40 -78 57 -18 -71 31 -95 14 -75 62 -48 -22 -49 -10 -43 47 97 -63 -33 72 31 -17 66 -33 56 -58 86 -87 -29 53 -93 59 -2 54 72 47 -7 -17 -2 36 67 35 94 53 -74 -37 -60 76 -64 32 5 -44 -29
-57 87 13 -21 23 -63 -57 84 78 -14 -7 -91 -75 64 -98 83 70 -26 7 -44 12 23 -7 -18 -50 19 -11 -64 -45 79 -87 -43 -57 -44 12 0 -20 -51 -76 -84 -88 26 95 14 6 88 -41 -59 72 97 1 -97 -28 -63 -39 -74 46 21 20 52 -78 79 2 -57 85 7 -11 -57 40 32 81 62 -48 79 -88 98 63 -18 -8 -75 -3 13 40 -17 -95 24 -68 -74 53 -70 26 -89 90 -47 -73 -36 -42 -12 -41 71 33 -25 93 -55 75 46 61 61 45 22 -89 -97 -85 -10 -53 -69 19 90 31 2 -62 35 -64 26 -68 -16 77 72 29 -34 38 -79 -4 13 71 89 51 -37 -49 28 -35 -70 -83 -56 29 55 63 -8 80 -88 -40 14 84 -6 -57 -81 92 58 44 -11 -69 29 51 -94 57 58 34 83 34 21 37 -21 23 -64 -29 -28 -16 -14 88 -56 88 92 8 4 -30 8 -6 37 -87 -83 41 48 80 9 8 -21 -20 23 64 -13 14 -53 -39 -26 -49 -98 -16 -16 52 -16 -58 51 -34 14 74 14 59 14 17 30 -26 12 86 -55 9 87 -86 62 -7 20 -27 -36 -34 18 15 20 82 31 -26 71 13 20 96 29 -94 43 10 94 -23 -3 66 24 85 -88 -46 -68 89 77 -12 68 -78 37 -97 -22 -15 77 -8 -94 22 -3 59 -63 -12 84 -19 44 -90 25 -17 -14 98 3 58 -79 -46 70 -82 33 -48 82 63 4 67 -47 -86 55 -21 -21 -95 35 75 -15 -41 -45 76 -77 77 -39 41 -52 29 -60 -40 37 71 -51 -74 -29 79 72 -52 13 29 51 -84 -9 -11 42 97 -59 -85 -9 61 -36 14 -81 69 -15 -81 -50 92 -18 2 -70 14 42 24 -84 -4 5 97 -68 57 53 29 96 -75 -98 69 6 78 40 66 90 -97 26 86 10 7 -79 48 98 54 -55 34 -50 -22 -80 -48 85 -9 10 -49 55 -14 79 92 48 39 58 -89 -56 56 -17 49 -1 56 -81 -24 2 14 -89 -76 -55 34 1 -99 -83 -62 -23 -9 -39 37 -52 -56 15 29 -42 68 -12 -13 -24 -40 16 19 19 50 -46 72 -1 -35 -7 -22 -39 26 71 12 -7 26 7 88 2 61 -30 47 44 -30 -61 67 -15 21 -8 78 86 -27 -24 27 46 -19 26 -51 -21 -73 -87 -27 2 19 11 -78 17 -22 73 -9 1 8 -13 -40 30 -38 20 56 27 80 -19 52 -33 85 -26 24 95 12 -90 -86 -81 3 67 -61 -58 75 56
7 13 35 56 -36 -21 60 -17 33 -77 14 -23 -75 61 89 51 -63 73 27 -3 -56 -91 96 25 -78 48 -17 53 50 35 34 17 33 58 -93 35 40 57 -80 81 36 38 -16 -70 73 12 29 56 84 75 69 61 -4 -95 -39 -49 29 -21 -82 -31 53 -54 -76 -82 -94 -65 -14 -31 -36 77 6 -3 -34 35 57 78 79 65 70 39 79 95 24 26 -5 99 -64 15 -47 45 -92 21 -96 10 -57 -49 -87 -42 -73 -90 -55 -73 30 -25 -30 -30 40 44 12 84 11 73 69 -57 -90 -22 26 84 -57 -92 71 0 -73 -92 52 -83 -55 29 -9 3 0 94 -97 82 62 37 -68 -82 99 -50 -97 55 60 13 84 -25 -95 -78 8 -45 96 7 -77 -95 -57 -54 -27 76 62 -18 -96 -95 5 -40 27 8 -79 68 42 14 -11 81 14 -53 -9 -50 1 -90 -33 65 -6 -83 73 19 43 -9 49 -59 -60 28 -44 11 -21 35 52 78 23 -73 29 47 -65 -62 -84 -14 -47 19 -32 -8 21 15 -63 86 81 3 94 -81 -33 -36 -12 27 -20 -96 7 -25 -2 -11 -27 -38 -75 -96 71 -26 -96 30 74 31 -8 91 -35 52 93 99 -56 92 -31 -88 43 -38 -8 -97 95 60 10 37 -47 -62 -52 60 97 74 -70 -30 23 -51 -79 83 -71 2 -41 -43 89 -10 -72 94 32 -50 80 97 -55 -55 -35 -67 48 -14 75 -88 -35 -45 42 -94 -76 -94 -8 41 -44 62 -62 -36 -49 57 44 12 55 -11 -7 95 -35 -17 30 -81 54 79 53 -11 -62 -44 31 -19 -89 -11 7 -38 -33 -23 -46 18 -92 20 69 74 -14 -59 -66 26 -67 95 24 -26 -70 97 -41 -48 -84 87 -27 57 44 -63 12 78 78 50 -97 -25 -94 -65 64 -49 66 -75 -84 -82 6 -4 83 24 28 95 -27 -93 20 -58 35 -43 -68 -69 -45 95 71 -13 -61 75 -84 10 35 -53 20 -29 30 9 -79 67 61 67 55 -84 46 -98 -67 69 96 58 69 -66 29 34 83 93 -28 97 -56 76 12 -1 -84 92 -16 -16 -44 -89 -17 -87 -55 48 -54 -69 0 -58 -18 81 33 -59 41 -82 -59 28 -80 52 -29 43 77 -98 -61 -36 -15 43 -81 -40 -90 46 84 -26 95 -33 69 31 -52 19 -92 -78 -37 -19 -28 71 -92 14 22 65 52 85 -66 58 -62 76 80 -53 35 -73 -34 6 -46 40 -3 97 -31 -1 -30 1 -87 89 -1 71 68 -44 42 2 -68 -76 40 78
-34 65 -38 -76 -37 22 -99 26 -74 -25 -45 -85 -59 26 45 8 -28 90 -36 6 -14 93 -33 72 9 83 93 76 78 15 -63 -49 -49 -8 -11 44 50 -71 66 56 20 65 5 63 -72 -8 -67 -78 -80 -85 38 -36 -25 21 17 96 53 66 88 54 95 72 -8 10 83 -79 1 68 32 64 -94 -18 64 -87 -70 -99 -12 -51 -14 77 92 -99 91 -13 92 83 42 -12 -26 -12 40 4 -17 5 -58 -54 11 72 8 -44 -12 25 84 2 11 -50 -27 -88 -28 -81 -30 64 23 31 83 86 -77 -93 29 -4 44 -22 -97 -3 50 -69 0 74 -11 65 35 86 89 1 -83 4 -66 49 -35 87 72 -6 92 82 -75 37 -13 55 -43 -74 83 -13 47 82 -44 -17 79 -6 38 -38 93 -79 -6 28 -60 76 6 -51 13 -75 -68 66 41 17 -34 -9 -2 7 -48 -13 34 51 78 -73 28 84 66 -60 -73 47 -99 62 65 -90 -95 -41 -47 -89 57 8 41 -44 -50 72 57 -80 55 -98 12 -66 -60 88 -86 -51 -24 39 -78 -60 -59 -72 52 19 -22 0 -38 -69 39 -51 67 70 -59 15 25 -53 -93 22 -70 -73 -29 -20 21 -11 91 -22 53 6 90 -59 88 61 97 67 -80 -28 -34 -32 48 -34 -89 -87 48 -69 63 47 -79 -57 -79 78 -21 2 9 -18 -87 -7 27 86 -77 -7 -9 87 -14 -84 39 -32 -52 -2 18 -40 -92 32 40 -74 -26 44 62 -77 -57 -83 -49 54 -15 69 99 84 63 -55 55 -68 -70 25 83 89 -87 -77 -71 5 -37 -88 76 57 2 -70 -17 23 60 -6 0 28 63 82 78 1 96 -36 82 -58 -98 1 -68 42 8 70 36 6 -45 83 -94 -20 -18 24 5 1 -52 -41 -54 -58 -58 76 -71 18 -58 27 -70 -40 -91 -5 34 -18 54 57 69 91 -94 72 -96 20 -88 -41 -76 -64 38 96 48 -46 -83 17 -48 99 30 20 -64 -35 94 -12 -34 -88 -13 2 6 -59 94 -88 -7 -21 53 20 -20 -49 -91 -34 -13 -46 67 -70 10 70 -70 -37 73 -3 14 94 73 92 17 2 -57 -99 -21 -69 0 7 80 -33 -28 -94 -31 11 19 -19 -24 4 85 -78 -46 -75 -93 30 19 -3 -57 -18 -5 38 -67 -20 71 -22 -56 7 72 -88 17 16 24 59 -75 -77 -72 -5 -26 -8 -6 -5 -32 -98 57 60 1 -12 -1 69 4 74 58 -89 79 6 -8 49 32 40 -65 -12 -13 -31 49 48 12 28
-68 81 -44 76 13 46 9 -21 71 18 99 74 -48 -62 -60 -73 55 99 75 -29 19 81 -38 -40 -26 19 -79 12 75 8 10 81 -5 -95 85 -99 -58 83 47 -26 -8 8 40 -17 42 15 -41 51 84 -22 -41 88 93 -66 -10 -50 -79 -63 83 -48 -79 -64 -1 -89 -82 -55 49 5 -35 34 80 -89 76 25 53 47 58 -29 -39 54 -80 -46 18 32 -69 98 -16 -22 8 -70 -56 -4 67 32 -87 -73 -91 10 -89 73 -81 -97 37 -52 -45 56 -95 93 -46 -79 -91 34 -72 57 8 42 54 96 0 -66 72 -17 -86 -57 89 -52 -87 33 44 34 -9 -53 -21 -44 30 9 49 87 -67 17 -37 -73 51 22 61 20 -26 -7 -86 40 -99 37 -58 -11 -36 -20 -27 5 85 89 76 33 -85 73 96 -47 -51 -38 -99 25 79 -73 42 -77 39 -22 -31 -83 -72 -74 93 71 18 22 -46 56 -30 90 73 57 -53 -82 95 5 -18 -86 -94 19 72 -39 3 -18 -62 30 56 93 18 15 74 -74 -54 -47 52 -58 54 -80 73 34 21 53 -44 -45 99 -62 -61 55 -79 -29 87 -62 -22 30 22 -1 -87 -65 -86 -86 -28 97 77 -41 35 -97 -65 -19 -74 -64 8 -55 -65 88 -38 98 -94 3 -61 63 32 59 -51 -43 47 19 -75 -78 74 53 -30 92 80 22 31 -53 93 -45 8 -63 -9 -9 -40 -27 76 27 43 81 -16 -44 8 -63 99 -30 49 50 -74 -77 -65 16 -68 -23 55 -68 -55 14 41 -42 42 -85 -65 -1 19 -13 3 77 -34 -12 47 96 -78 -49 84 -27 61 46 91 12 -17 -38 -71 1 -86 95 30 10 -45 -53 -97 -69 -80 -44 -28 70 71 34 36 -18 11 -21 -58 -92 -98 1 -84 20 83 -24 -58 20 50 19 -79 -10 27 -48 -65 82 -63 72 -18 24 -49 68 -32 38 -94 -42 -16 -28 -45 88 20 60 -12 55 -61 -6 42 -55 69 -66 -24 -60 -30 20 58 43 32 -86 -81 -81 -83 -92 28 16 -27 54 -91 -94 -76 86 14 -53 32 -17 54 -84 -39 -12 -8 -42 83 -3 -28 -44 -12 -52 -71 16 -35 63 28 -96 -85 -79 -37 18 -9 -61 -72 -97 -49 -90 -94 -84 66 -51 -76 96 -64 77 44 -14 88 -29 98 -54 13 16 -84 61 97 73 -33 63 -2 -63 72 17 33 -83 58 -22 23 -28 77 -32 90 -72 19 -1 98 -99 -25 64 -7 5 -41 45 -56 -27 -76 -32 -31 -63 -15 -89 52 -78 47 7
-37 58 -12 43 72 -31 92 61 -33 -90 66 -87 -87 -64 -73 68 26 -46 -15 35 28 -47 -96 86 1 -46 -21 -91 35 60 -98 -85 2 14 -95 -13 90 66 82 13 -81 -13 7 81 48 -82 14 -92 84 44 -84 -96 -5 78 11 63 -63 43 -50 -60 -83 -96 -61 -55 -66 41 -5 38 25 35 -64 84 -92 64 78 45 -23 -3 66 -45 30 -93 -29 82 -77 76 14 25 -24 -19 34 18 89 66 -58 20 -51 -29 -79 -14 -91 35 -30 36 -61 -23 -68 -3 52 1 -55 -92 90 -26 -58 -26 23 54 -65 -62 24 64 -77 94 64 -90 -3 75 -7 6 -10 -76 54 12 -23 59 -14 -29 -69 98 11 88 -11 30 12 -62 -44 73 -32 -13 -92 42 27 -57 35 -87 43 -39 58 43 50 -56 -26 52 -56 -82 27 -43 17 46 59 50 27 45 -14 -19 -22 73 26 67 52 -60 87 -72 -8 85 -18 -17 6 -53 61 12 26 -19 -90 96 -67 85 -47 -84 23 -80 -43 2 -54 -85 -96 33 26 -43 -38 -64 91 35 37 64 59 69 60 -30 -43 -70 -41 -28 0 71 -66 -24 -45 60 13 -99 -41 -17 -5 -47 -55 83 -40 -2 -74 -68 -57 48 -23 -89 74 46 13 -67 83 -58 -37 26 -72 3 -27 -37 51 90 -57 4 85 73 3 -90 -17 1 30 -94 10 -26 41 50 -38 20 -16 -20 0 -23 73 45 -44 43 22 -83 21 -13 -48 30 -3 83 65 35 42 -91 -99 58 -8 -84 -12 -39 -92 -12 -97 29 47 -78 -73 65 -13 66 -71 9 1 -12 35 98 -38 78 -62 -89 -59 -14 40 -32 6 69 28 -36 0 -32 27 62 -70 8 53 -37 -15 -33 29 -79 -78 -75 -80 -94 56 -16 9 -24 29 -58 -83 89 69 -37 -4 81 -4 -43 75 -13 -96 78 10 49 -54 -63 -87 60 53 42 -53 -21 -99 -18 10 -72 6 -3 37 -7 -23 24 -52 15 -41 -84 57 -44 77 -94 -43 39 20 -56 12 -90 -98 35 -75 27 -67 -69 -64 -31 -96 -81 -80 46 89 84 48 6 -7 77 13 -59 -24 -36 13 3 -46 41 29 -21 -67 -49 9 42 32 -35 -3 52 -74 -36 -17 -14 -51 -1 41 -10 -95 44 -1 87 28 -2 -64 -8 -27 -77 -77 88 79 -56 77 12 5 83 59 7 60 -81 31 -99 -2 61 -79 98 51 -69 98 45 72 -53 16 9 65 25 93 94 54 -94 1 -92 59 18 -2 70 -2 -4 13 -36 -87 -65 2 40 -11 -37
-55 -84 -89 -44 14 -66 -64 -45 -55 99 -33 -36 24 40 -14 47 -93 -52 -6 80 -75 58 76 79 -76 83 -71 -80 11 -89 98 68 -86 -60 -59 -41 -66 7 43 90 99 -83 -33 -33 -52 -63 -3 -2 99 2 -63 -60 -77 -98 -33 75 -4 -6 30 27 27 16 2 62 50 -56 47 -72 22 55 -75 -4 -47 77 -77 79 1 77 45 -1 52 -16 -40 14 21 25 38 4 98 -33 72 33 -63 54 -36 1 -15 -25 66 28 67 -28 81 48 26 93 69 86 6 -25 84 -30 -15 -18 33 49 67 -61 -98 51 -4 -9 -94 52 -11 72 96 -45 -61 92 71 15 -76 78 19 -27 -3 93 57 -12 83 23 85 -92 21 77 -60 -62 99 -88 -95 -84 93 48 98 -93 83 20 10 8 78 46 19 -3 54 79 92 -71 4 -12 67 53 55 -85 -92 19 -35 58 60 -27 73 71 -24 79 -19 -91 75 57 -35 76 -60 -90 78 85 -23 -35 25 61 32 62 98 -96 -1 -17 35 56 72 11 84 38 91 -7 -40 -45 74 1 12 82 -8 56 73 83 20 67 50 -98 -75 -70 48 -4 21 79 94 64 -39 53 -42 -69 -66 24 64 -58 42 -93 -37 17 -99 4 -7 -98 42 98 -43 -11 74 -71 -83 -96 2 9 20 -35 -96 36 -36 -56 -70 26 -30 -69 45 -53 99 -75 -18 61 -83 -3 -17 36 57 -78 61 -72 -5 -99 -29 85 -72 -29 94 99 -70 -23 77 -95 -82 -2 10 -23 -90 -10 -39 -10 -95 -2 38 -27 25 76 62 -90 20 75 -37 72 -76 -20 98 -66 -89 82 41 -56 86 88 55 -8 68 92 65 -78 -2 -2 50 44 -47 11 -79 99 -25 44 13 -43 34 -82 70 8 87 85 -23 -87 -15 49 -55 -22 -38 72 80 -5 55 -84 49 -24 54 80 78 79 -73 16 -97 12 96 -44 -2 49 -80 26 70 -68 -78 -81 -47 -65 8 61 76 66 4 93 -62 17 -74 20 44 -10 23 99 -66 98 -49 34 51 87 83 3 -10 40 -11 -32 -55 -11 -55 -52 -97 98 -68 5 86 80 -10 -61 -58 62 -84 -46 81 -56 20 42 -84 -60 -66 -20 68 85 59 25 33 54 -82 14 34 -6 3 -48 32 -57 31 -60 62 92 47 -29 45 -97 -89 -40 81 16 36 -93 16 39 61 -55 89 -90 -52 64 -30 -19 89 41 -58 30 -57 -43 39 -9 73 16 67 15 11 8 64 -93 -25 -26 -72 -57 6 -39 81 -95 55 -56 -2 -61
14 -27 62 89 -21 -47 -9 89 -11 -15 29 42 -53 -17 -91 69 -64 48 -6 77 1 -93 13 -11 95 8 89 -48 -81 51 76 83 -45 -43 -16 58 -46 -41 -64 39 -16 35 -39 -67 -86 -63 33 18 78 45 71 -35 63 45 71 -93 -23 24 32 -8 24 1 50 -15 59 1 -97 -91 -31 -31 23 38 -45 44 31 52 -30 -17 -34 -69 43 76 43 -7 47 78 35 -40 -51 -30 86 33 9 -23 57 -94 -41 -27 -22 16 78 -33 -73 -27 45 -37 -90 7 3 -89 -74 -8 -54 55 47 -19 95 7 -12 -14 40 83 8 83 34 15 -62 -93 -13 4 -41 8 63 -95 31 43 56 -57 -72 -42 -89 87 -55 -63 96 -18 2 -61 91 -90 16 51 95 -63 -98 -75 -22 43 -65 78 -13 -4 75 88 49 -98 -4 -63 -22 68 53 61 23 17 -23 -24 -21 84 10 -81 73 80 -26 -96 -32 44 -82 41 33 19 -35 44 8 -25 -15 21 26 26 49 -11 -29 71 58 -34 50 -71 -39 66 68 -97 -39 -13 -10 -10 -5 35 -95 -8 96 -89 -76 -43 -74 -56 -58 -76 38 -59 -99 74 -21 0 52 -81 -41 16 -83 -3 -79 51 -45 70 47 18 13 -51 -74 -8 58 6 78 -9 -70 -2 22 -6 -95 -23 32 -4 -77 7 34 -77 44 37 -16 20 -58 99 -80 -59 -97 51 82 37 7 76 -11 -15 4 60 -49 70 38 -84 -83 86 94 -40 59 57 88 -95 26 38 -12 -68 -67 37 11 44 -82 99 -79 -99 84 -96 -3 -62 -84 -82 94 -46 -90 20 -69 -1 -4 96 22 82 -43 -41 79 -38 89 -41 -58 29 98 15 18 -45 2 42 48 -6 -68 -21 22 37 -85 45 94 -55 -95 -19 79 -3 -99 86 -81 30 -24 -66 -56 -69 66 99 -79 -16 44 -85 79 92 94 71 -36 -4 -37 97 53 96 88 -22 7 47 16 -58 -69 48 -25 4 -49 -30 -17 -4 9 -23 -19 -76 -16 -74 -33 -89 75 -83 29 -65 99 14 -76 61 -6 -8 98 -9 -64 -51 75 2 95 43 92 24 64 27 1 44 -81 -33 73 -8 -24 88 -16 -96 -70 96 42 88 19 -40 27 84 -99 61 53 87 63 -68 -26 -93 73 7 -91 73 -79 16 42 -79 -98 -43 48 5 48 -6 -30 -11 -15 19 -64 -17 -84 -62 -17 -94 49 -33 79 30 -48 -5 -89 -70 7 -2 -1 66 -44 66 -80 -62 -96 -84 33 88 92 51 -44 -45 96 30 35 -8 80 -56 92 -44
-5 37 -62 -15 28 38 -2 -50 49 52 -83 -65 -96 66 -56 55 -60 48 93 50 -74 76 -99 -48 -75 -29 46 83 -14 4 94 -71 -54 0 17 17 36 42 -74 58 -46 48 85 83 -4 -19 7 43 -50 -6 3 -70 -74 7 -81 9 15 -69 -52 7 69 45 -2 99 -59 -86 -63 -40 -53 -94 20 49 25 -21 -48 -4 -70 -16 -64 -18 53 -74 97 25 87 -88 -16 -81 -53 43 -34 13 -51 -50 66 -80 83 -62 66 61 -86 -84 -59 -43 97 -38 7 -57 -2 74 -68 -92 -62 -35 41 -10 71 -23 -83 28 -37 69 10 9 -18 -96 -60 -25 57 -7 6 -21 -8 -52 -67 99 -84 -26 -87 -40 -67 1 -91 30 74 -52 -95 -49 -48 4 56 67 96 70 -52 88 35 2 -64 -23 93 -16 10 -20 -88 -14 -48 36 10 90 33 -95 -92 -99 83 -87 -13 -54 74 37 -24 96 7 94 74 -22 67 -52 91 70 22 21 -6 -83 23 59 -28 28 19 43 -28 -11 63 -72 -2 61 -62 -14 -75 -7 4 -36 -97 -60 -2 58 -10 -82 -53 29 19 36 27 -73 9 -66 46 -67 35 82 -93 87 1 -83 26 29 -95 -16 -78 96 -51 90 95 -37 39 63 11 -68 92 91 71 -82 30 49 -80 -96 29 29 77 31 15 80 -95 83 29 85 83 30 -35 33 31 -52 17 93 96 -33 -6 27 -28 -94 -14 -8 -15 42 48 -43 12 64 -18 86 -17 60 -88 5 -5 -20 2 90 -37 -7 -3 77 -44 28 -91 -73 -51 -51 -22 67 -25 48 -76 -53 99 -16 -40 -36 83 -98 -37 -88 -92 14 -15 -10 69 43 31 24 -98 58 5 -97 17 13 26 76 69 52 -37 11 91 -51 46 -9 6 86 24 -97 28 2 -85 70 92 96 65 44 -88 -92 52 31 29 -18 45 -52 45 -95 -88 20 97 -76 -2 31 17 56 -77 -83 -48 36 -2 -36 -23 -35 56 58 23 -12 -43 28 54 5 -29 -60 -88 79 26 -59 8 34 -34 -18 22 39 -4 -90 -55 -39 -10 20 -31 -33 -97 48 -85 -27 8 -60 21 96 -20 -37 19 -71 23 16 95 -18 -2 -25 -59 -93 -2 10 -50 -14 -95 57 79 -43 85 41 58 79 -30 5 -95 -59 -86 25 -39 98 34 5 45 -35 -41 76 -86 63 -88 -22 -80 72 -48 5 17 60 42 -46 85 76 -87 82 -6 -65 34 28 10 -40 -82 -84 44 -36 -64 -59 -38 -78 -3 -19 -9 1 81 10 -17 -87 -10 74 -58 3
-14 27 69 97 66 33 99 -53 -34 -23 99 -56 20 -35 -83 52 -8 -18 60 90 86 57 -50 -39 23 -80 -53 24 -1 -94 -98 46 -57 -74 51 -33 8 93 -35 96 92 91 99 -78 55 -18 99 -92 -17 -90 -61 -92 35 -48 48 -84 -82 -72 18 -47 -92 33 -46 10 49 -71 60 -69 -61 -45 -1 72 78 -32 -84 33 92 -22 -72 -17 -48 79 -76 58 58 1 65 6 -90 34 -80 68 38 -7 -98 68 -15 74 65 -51 -10 96 -44 23 -27 84 -48 -81 -97 93 85 10 -98 61 87 80 -20 -19 -15 -28 68 -66 84 91 60 -59 5 -60 2 -6 -98 -11 -94 85 82 -67 -93 -87 81 70 -22 -47 41 -39 21 -54 62 55 77 -75 -64 32 99 -20 39 46 -29 -68 -44 57 -15 -56 30 -54 -16 -27 -99 -24 63 -97 -64 -5 -32 -5 32 13 -1 -56 -95 12 -77 49 6 -26 -49 -41 -1 7 -34 -19 -28 45 77 -99 32 -72 -87 77 37 8 -57 -96 13 -19 -80 8 -41 -93 75 31 53 88 -17 -70 93 -39 -41 48 76 -14 -59 -46 50 -74 -74 21 -63 30 -91 -19 -31 -60 -26 38 65 -55 79 -38 48 53 49 4 63 78 -31 -24 -78 44 47 45 -68 51 49 81 88 -67 -56 62 9 23 -7 35 81 -73 22 35 18 85 95 -60 -63 52 -8 -22 -46 -19 69 15 68 47 34 -48 -15 44 -26 -94 64 94 -11 24 63 23 35 -50 99 41 12 39 -35 84 -96 -46 -30 16 -36 56 86 -99 23 -5 -67 -95 -72 -37 -71 78 40 -16 -41 -64 16 -23 -62 44 -1 7 24 -32 -5 4 -70 50 81 34 35 53 31 46 -64 -58 28 -33 -80 74 98 2 92 14 -9 92 -43 -21 -68 55 -2 -20 83 -46 -74 69 -41 66 45 15 0 -55 -37 -50 64 33 36 -3 78 -14 31 31 93 -95 -16 -57 -2 -79 9 21 63 96 -69 -58 40 97 91 88 60 3 0 -73 36 7 -78 -33 45 -14 12 80 15 -25 -34 -34 -61 -53 -61 45 -79 -95 -80 -71 39 -26 -96 -3 76 95 -53 -12 99 35 45 -62 74 -72 8 -83 -16 29 -6 93 67 -43 -77 -32 19 -69 -47 -30 -73 20 86 -44 98 32 75 -77 12 44 90 -9 87 53 -67 30 15 -46 2 1 -11 24 -10 -12 -81 -13 -83 2 6 -97 75 -50 -21 65 6 36 17 62 -10 -54 -94 64 86 -12 72 -4 -21 -15 27 -11 70 68 -23 -27 82 -37
-13 -61 15 -1 30 98 18 -85 -24 19 -70 48 51 92 -15 58 33 -71 30 96 90 67 -90 82 -8 18 40 29 -53 -14 17 89 -24 -72 0 11 -13 -19 68 -57 -14 -9 24 87 -17 16 -69 -87 82 36 -9 -3 -7 4 66 91 -88 91 -60 -26 -51 96 16 -76 28 -90 -47 11 96 95 -21 -1 -72 -26 65 98 86 95 87 -75 -98 30 29 -85 68 -3 -13 -75 81 35 11 85 18 -78 25 -94 11 55 62 -34 0 -35 54 97 20 -92 -1 -85 26 -72 22 5 -88 -24 25 79 -41 85 -29 63 63 -21 21 94 60 60 -55 94 60 90 65 84 -97 14 -76 88 -32 -86 94 65 -46 30 56 -61 74 95 -62 -18 53 73 -88 -39 54 65 76 57 -72 -29 15 95 57 53 23 -42 -15 -82 82 92 50 -72 -90 -1 3 1 25 -13 67 66 22 11 80 27 43 -70 -35 -7 -40 -33 -75 85 -2 13 49 52 95 90 50 6 -50 -62 -41 -38 -96 14 -7 -57 -43 87 -77 -47 34 -60 97 -32 47 0 2 10 10 85 20 99 -82 -3 82 -2 -37 -32 -45 -1 0 -5 -16 34 -93 9 -71 73 78 86 37 5 36 13 -90 -7 -53 30 29 90 -13 -94 -93 -33 93 -50 -80 33 93 45 -92 82 99 99 -16 -75 45 -63 -36 -22 8 -9 -52 67 31 -6 63 2 13 75 -7 -77 -63 -64 61 89 70 84 -87 53 -46 -44 47 65 -35 -5 -76 7 -67 -44 6 15 4 65 -32 94 -78 54 89 24 58 63 26 59 -38 54 -60 5 -49 88 3 57 41 98 87 -80 -86 -39 -86 44 71 36 -22 82 20 24 27 25 -84 -71 -66 -93 98 -33 77 -32 67 -98 22 84 37 53 -94 -3 -54 -43 -23 43 80 52 57 65 -83 12 46 -91 -33 86 82 -64 -59 -56 -88 90 -75 41 94 -43 41 54 -70 -32 9 27 77 -36 -43 -68 43 -78 -41 3 56 -89 96 -82 54 -1 19 -11 28 51 -62 67 1 67 21 -17 -93 33 -22 23 44 54 86 67 49 14 -67 9 2 -46 -98 -22 86 -98 -13 -86 -45 21 -7 51 -76 75 -96 -46 -6 -40 85 17 23 73 -22 81 79 11 -30 30 0 -78 92 -43 -40 -87 76 19 -76 -1 30 90 -94 -32 -66 51 -50 28 4 31 61 12 86 49 52 10 50 47 -81 62 5 15 35 -66 84 -12 49 7 76 78 16 91 91 -24 17 -66 2 -60 -95 -89 -9 72
-41 9 4 -13 49 -7 -9 74 -88 85 36 -77 -50 -2 -12 45 -88 71 -93 33 45 -7 -38 72 11 23 47 -47 7 -13 -23 -77 26 92 46 -24 -8 -97 -18 -71 11 16 -48 -13 -18 -56 77 -2 2 67 -70 64 -20 47 -97 -59 92 19 -1 -41 -85 98 90 49 20 -32 66 79 69 -98 87 72 -78 63 9 87 -66 -7 -15 -44 25 35 38 15 -78 25 45 -68 -60 49 -66 -25 -97 -41 72 46 11 -2 -35 63 -1 -1 40 25 71 -6 -3 -11 -5 -36 19 -34 82 49 -50 -65 -98 -77 92 -64 -76 91 19 16 8 -68 40 86 -17 -36 33 -21 -16 -55 54 -40 28 58 -28 39 45 -23 24 -64 19 90 -79 38 57 -99 24 22 -33 -42 10 -28 78 -72 50 68 6 40 -7 -18 -53 40 -63 -51 -96 63 97 84 -64 29 -96 40 57 3 -14 25 99 21 -61 -83 49 18 64 -5 -28 -32 -49 -70 -61 -90 -64 60 -4 1 -41 77 33 -56 -42 -51 84 35 -66 -77 30 -54 70 -13 77 60 -18 -1 -86 17 -97 -63 97 33 -42 -51 -81 87 73 18 42 -91 -38 80 75 -21 59 41 -14 -41 -50 -89 -54 -83 56 8 -77 57 74 32 -67 95 59 42 -91 -91 84 -31 -71 10 -34 -1 -49 -9 85 -26 -81 -47 29 -8 -93 -34 88 97 23 -44 37 -51 -66 68 78 -29 -1 -22 53 51 -94 40 50 39 -42 -93 99 -91 -18 -95 73 49 -74 -93 47 67 66 -43 -71 -10 -7 -41 29 26 -9 10 -97 82 -50 7 -39 30 -6 -42 69 -52 -3 6 56 -55 38 -82 85 65 -42 77 -76 -58 -15 5 81 93 89 61 18 89 57 -1 77 -73 55 53 -77 68 -80 -31 45 -22 99 43 -77 17 -23 -68 -12 -94 -13 44 -39 -80 -43 -44 -77 7 -32 69 6 -72 -7 21 37 42 -75 29 56 -33 47 -36 67 7 -90 -86 0 -76 59 -56 -6 27 11 40 64 66 1 -35 -90 22 -69 76 -14 94 65 -54 -17 50 -10 15 15 -97 1 -21 -24 -11 49 -3 1 -1 15 -52 65 9 -63 88 -33 -81 13 -32 7 -3 20 -33 -75 -18 13 -89 -46 -63 -33 4 -79 40 -26 -45 3 38 87 -38 -21 -6 -73 23 -11 -92 93 43 41 98 98 48 44 -16 22 -14 -3 -67 -8 35 37 -22 21 -89 10 80 -6 60 -59 90 71 -76 88 -39 52 83 -84 70 64 -33 54 -42 -90 -40 33 -91 80 -95 -49 -33
43 -91 -64 -49 89 44 16 -85 -50 -9 -87 -58 -90 -71 87 -54 -93 -82 7 18 74 83 -50 88 -82 -42 44 90 27 85 -96 63 -70 -36 17 -13 -92 44 44 97 -78 -2 0 0 80 16 -26 -1 -78 78 38 96 -17 64 80 34 99 53 -62 -43 -9 2 11 -32 33 9 -52 -49 39 21 -38 -69 -93 68 -38 -86 -81 34 -36 21 -96 -43 6 -86 -6 -28 32 -32 -24 35 67 83 16 -40 -76 56 49 -10 -36 -38 31 69 73 -35 -19 97 39 48 -22 39 -35 -29 39 -69 -46 -61 50 -2 22 16 54 -22 -45 -24 -31 87 -44 38 8 -81 -3 49 -72 31 -59 57 -16 -24 -65 7 59 3 78 27 92 -94 58 -91 3 -11 88 -78 -66 -52 -74 -59 -2 -5 5 -84 -66 47 91 -79 -29 13 -41 87 -18 88 2 -13 -83 -46 19 14 -27 -90 -71 -73 -41 -46 -3 -81 -35 13 55 -23 9 21 -20 76 -92 -74 -11 -77 -44 -63 -23 -83 -87 9 31 -58 73 -81 19 -48 73 36 -53 -57 24 -6 79 -73 -44 5 -5 -42 -83 76 45 -95 27 -94 0 78 71 14 -70 85 -82 56 4 -68 -32 65 -96 78 92 -18 13 29 -91 -96 -7 -82 43 -69 68 -48 -75 -27 -47 -34 -14 -50 88 28 -12 77 -63 35 51 57 70 -46 -49 14 13 -69 50 77 -95 3 79 94 95 -9 -84 -85 73 -78 -42 35 29 -1 10 53 91 -84 86 -28 -86 -81 -70 -66 -54 36 -40 -1 35 -90 -69 -6 73 73 31 34 32 -17 40 -87 -88 24 80 -93 23 33 4 16 39 69 70 -42 -24 55 21 13 -73 79 -24 89 19 6 61 -88 -33 78 -34 -51 -12 -12 -74 52 -97 -7 91 -66 -90 -93 89 48 -16 30 17 89 -77 94 -59 -14 47 89 -5 -14 46 -16 -75 14 -12 -32 -14 -99 96 -3 -77 86 -16 9 -21 77 2 -66 63 4 -81 42 -85 -28 -88 97 98 10 -53 59 -66 -9 -63 77 60 0 -24 -77 -81 -69 -3 -97 90 -19 83 -44 77 -58 44 0 8 -51 47 92 61 -79 43 56 -32 -26 49 32 -77 44 -19 -43 23 54 -11 -6 -16 23 -63 -84 47 -50 -46 19 48 77 4 -9 -53 27 -21 -8 30 -51 15 86 -11 24 63 63 50 -69 51 -18 -94 58 -74 -27 6 65 -90 -54 46 5 25 12 -74 -80 -83 65 72 -24 6 72 15 37 -36 48 -25 20 42 16 27 -80 -64 49 -86 95 -49 68
-5 -99 85 69 97 57 47 -84 13 -61 52 16 56 0 -59 1 69 30 -62 -21 -85 39 -79 17 79 4 86 -99 -31 -46 52 96 -48 12 -36 58 67 42 -47 30 -95 -47 94 -59 71 88 -22 63 -85 -20 -42 -11 62 -69 -48 -75 83 -7 18 87 26 -54 -30 54 -97 -4 3 34 2 -33 4 63 74 -36 -82 -90 -19 91 -41 69 6 97 72 55 -40 -43 52 86 50 89 -54 49 -32 -14 33 29 4 66 82 23 71 -23 -53 42 -91 -31 54 32 -87 -3 -98 11 96 5 -3 23 -51 41 40 72 -41 -61 0 -89 90 -14 -81 32 12 2 80 33 -45 -72 -22 32 2 -37 -60 -53 63 22 -99 -70 22 -91 -29 76 19 75 92 -40 43 -55 98 -79 -2 17 -70 -6 -33 -57 -3 12 94 51 -89 10 -62 -59 15 -2 -66 -5 85 -28 -23 -65 64 -98 -31 -96 86 95 -30 4 -12 39 -88 -18 -83 -74 56 -95 2 4 -76 -51 -16 21 27 1 94 62 -30 52 32 41 -53 35 44 -12 -33 -11 66 61 -99 -13 -59 -96 15 -51 -47 34 65 -28 -42 89 -79 -74 55 -77 71 -67 61 53 30 -29 52 -19 65 93 -71 -86 -58 20 -52 71 -44 -39 2 -9 -73 -97 -39 88 21 -19 49 -45 -25 32 -40 58 -95 -2 10 -18 -46 35 -73 -17 -61 -13 -29 -91 -72 71 -97 31 -96 -98 69 -35 86 24 77 60 99 -16 -97 55 -35 92 -9 -28 6 -71 -73 -56 -52 50 73 -12 7 79 32 -21 57 17 11 -95 -25 -86 -68 -6 -7 -28 67 -64 -51 66 -12 -13 38 22 30 -70 53 11 59 -2 2 64 -46 35 5 68 47 65 67 -71 -61 -83 -15 -49 62 -31 -37 -45 -11 88 82 -96 -47 -18 -26 -39 61 15 92 41 -80 10 -98 -75 12 -33 -60 93 -61 78 95 -70 -18 58 12 -77 -14 -70 54 -76 -39 -60 84 -45 46 25 85 43 -11 40 20 -47 -73 -33 -27 94 57 -34 37 32 47 94 -2 28 -73 44 72 -15 -19 -93 95 68 -45 -24 26 -56 -13 -55 40 36 32 72 92 71 89 88 -12 18 71 -55 60 81 -92 -42 -29 -65 39 -77 -39 -46 -57 55 29 30 -56 46 61 -55 -26 20 47 74 91 -19 16 31 -28 -59 -55 32 -72 33 21 -6 72 94 2 -92 5 78 18 90 -84 11 -69 -11 25 -73 -43 -2 67 72 -80 -99 -13 96 -68 4 -46 -29 81 72 64 96 -19 5 93 71
59 25 88 -68 -63 54 36 91 -28 -91 91 4 7 69 -10 43 -95 -2 27 34 98 -76 59 -45 32 -12 13 -45 32 54 -28 -77 25 32 49 87 -18 93 90 -71 -94 34 -81 -43 14 36 87 62 -97 -84 8 -36 93 -42 -64 50 -96 17 18 20 -34 35 -29 33 -49 -53 36 92 -9 38 44 86 34 13 49 -34 -77 86 -55 -30 -37 -79 29 56 -72 -39 -71 -37 15 -5 89 87 3 69 54 -32 -30 -28 -96 93 -28 45 -12 10 50 39 24 36 -47 79 -24 -13 19 25 -75 -1 -89 -23 79 99 -27 17 -7 35 -74 37 -33 38 16 -64 33 -83 -97 -46 2 -51 8 -61 83 -6 81 94 -34 -85 -59 -25 18 50 13 -59 6 -96 36 33 70 -68 93 2 17 29 8 -71 -47 -52 62 -14 -15 58 87 86 -67 19 -64 72 -9 -92 -72 -84 60 -48 -88 75 8 -65 -56 -80 -22 92 -40 -39 92 -19 61 79 -13 69 -69 -67 -27 -83 35 67 41 59 67 -49 -12 71 -88 62 63 25 58 -56 61 95 -9 98 -91 8 -99 61 40 -8 75 77 61 83 73 2 -20 78 7 -76 91 22 -98 10 -50 83 -11 -57 96 94 -98 11 77 -4 33 -40 -25 49 -50 -39 61 -65 34 -36 -47 37 49 30 42 -96 5 -32 -97 -66 80 43 -33 57 77 -57 5 64 83 63 -2 -44 -50 -50 59 31 78 -34 -6 95 35 -76 96 14 -57 -66 59 -69 37 -47 -61 -51 97 55 3 -5 -59 76 -42 71 -82 -25 34 -8 22 93 52 -99 -9 -61 -59 -59 4 -59 -81 90 -17 -79 -16 -1 13 21 -72 98 41 -71 93 -95 -10 73 48 40 34 11 34 91 50 48 -28 6 59 46 33 78 -14 -5 63 34 95 95 70 79 84 53 -17 54 91 -25 -52 33 -67 81 -35 94 -87 -63 -21 -96 -76 5 11 -26 -62 -78 58 52 -66 -37 98 72 -23 8 -77 77 23 19 95 12 -16 54 -54 48 -84 -25 24 -26 41 2 -25 77 58 -2 -5 -98 13 -78 -87 -12 -13 -8 52 -8 -23 -83 -95 -44 -41 60 -57 -29 16 2 -46 -17 -50 -49 -34 -15 -13 27 74 -1 -94 -14 -60 89 -12 -73 -87 8 -37 97 -8 19 54 39 79 70 35 -38 66 -98 -68 18 61 38 -6 32 -55 -22 -97 93 17 -83 -61 96 -65 22 67 64 -57 -74 -3 94 43 7 95 91 -63 30 18 -12 -4 -15 -85 -69 -74 -4 -43 68 -42 46
-13 -76 -63 -99 53 50 -7 -14 96 -73 99 50 -94 -41 83 -93 -59 -56 69 -61 -39 23 72 -7 -71 16 -72 13 8 -85 -93 51 -35 -95 7 -5 48 39 -86 -60 -46 -4 -35 -53 -75 67 -59 80 31 -62 -84 -12 -93 34 -74 -77 36 12 84 95 -34 32 58 -45 -25 -52 75 76 29 23 -85 78 98 -9 49 31 18 8 63 62 -33 42 85 -75 -81 -10 31 -59 99 -6 -3 54 66 40 59 -14 43 -31 33 10 94 -6 95 -31 94 19 -12 -62 43 -52 32 24 66 -54 58 -77 75 8 -41 -9 91 -92 -80 46 -29 -32 -32 -89 -75 78 -72 -8 55 -70 25 -77 14 -47 -71 -67 94 48 -85 18 60 67 -44 -76 -78 85 56 -19 -45 65 89 30 44 91 -5 -52 -39 4 96 -45 26 69 75 -82 -84 58 24 -88 -24 82 -12 58 -72 -6 -80 62 80 -48 -30 -33 -23 -58 88 72 -10 -28 -95 91 -23 70 -15 -65 -17 23 -2 -45 64 61 63 38 98 -16 -68 8 -74 -53 -61 23 -23 47 -75 -98 -10 92 62 22 21 -49 1 -68 -26 83 -73 -16 69 99 -34 -6 22 4 -58 34 -74 -50 -77 24 -77 97 -51 -2 -6 -26 -38 82 -66 2 69 55 -48 -31 -16 -91 74 62 36 -31 -71 -2 -40 54 -85 -71 -64 -79 -33 -15 99 -66 39 71 44 23 6 -62 -13 -16 96 43 -21 -91 43 -46 -72 61 28 29 -52 -12 -21 -95 20 14 -53 84 0 80 24 38 -34 -90 25 -15 -10 63 78 80 -45 76 94 58 -93 -63 -77 88 -1 80 -33 -51 13 97 71 -13 26 -61 73 -80 82 31 61 -60 -64 -16 -63 14 4 -28 26 -63 29 -22 -51 -51 -20 -19 -92 9 -1 -63 -84 -20 86 -52 7 37 84 21 -40 -76 -84 -80 26 59 -32 -33 -13 -64 65 27 -92 -52 -35 99 -90 -48 20 -99 -90 84 -38 -22 -27 -63 -31 79 -36 -36 -86 16 -19 -21 14 -43 65 24 -9 53 -47 8 1 -55 -14 31 -32 -58 21 -41 -17 44 -19 39 20 42 -60 99 7 11 79 -74 -50 -23 74 45 80 -85 -15 60 90 3 -95 78 -37 -61 -52 -8 64 57 -98 18 54 9 75 94 67 82 -84 -19 -36 2 60 95 47 -39 -27 96 44 -37 -47 45 20 -37 -97 -5 8 -99 9 7 -47 -11 -73 42 -63 35 93 81 -43 -10 -15 13 -59 -43 -92 -30 38 -64 -99 34 -83 -13 27 -22 3 19 8 -89 88 -23
69 -9 -74 74 -40 -53 -9 89 99 36 -55 -14 -65 34 66 -32 -98 87 69 -76 18 -69 58 -74 -33 -58 74 2 -34 -22 -4 -41 -81 -29 86 -9 -64 9 43 44 -1 2 30 -64 -88 90 -50 -33 -80 99 -77 -66 -64 71 -38 70 -70 -45 -88 -49 -40 27 32 -63 95 17 -18 2 78 8 -21 -68 1 -58 30 -21 77 -11 45 -83 71 -11 -82 69 -36 29 -50 -57 -10 -13 68 33 48 -99 0 84 26 18 55 -58 -59 -91 -42 -11 46 98 -73 75 36 0 62 -94 99 -76 -61 73 83 71 5 22 24 2 -43 43 -29 48 -67 -55 64 -97 84 29 -62 -74 -12 -66 36 67 74 63 4 60 36 30 -1 90 77 -60 80 -46 -41 -84 38 -44 -29 23 99 87 98 -31 55 -34 56 99 51 -56 -10 -53 -85 73 -67 -26 42 -20 20 25 29 -62 47 54 47 66 99 54 94 -9 62 -6 -25 -90 16 -45 -54 15 -99 -79 -54 -32 49 12 26 6 -23 -73 -38 49 44 -37 -5 37 1 50 34 -74 78 91 0 -42 17 25 -7 93 -15 6 0 -37 -17 -9 -84 -38 23 78 -49 30 -45 41 6 -57 43 39 89 -14 23 -93 63 -34 -86 -72 23 95 -41 -78 -92 -2 80 -23 94 81 -85 47 61 57 59 -10 -3 -13 -21 -66 -36 31 -83 86 92 30 62 -77 43 -47 68 -60 -62 -94 11 -41 -93 96 -35 3 0 -98 -37 -23 -43 -92 35 -98 11 11 68 82 -44 15 76 -94 8 -76 18 -39 66 -36 2 43 -57 -26 -14 63 91 -30 -59 -92 90 45 -86 -32 79 -93 -5 95 5 90 -49 -95 -48 17 -10 8 -41 94 -79 86 58 -49 -68 -37 -59 -44 14 50 49 46 74 36 75 -96 81 -64 -55 -91 36 -9 28 76 -96 -59 -54 88 74 -92 -44 73 17 94 -65 -56 -18 50 31 -25 -9 75 23 20 -47 -92 37 -33 89 -90 35 8 -8 0 23 -14 26 59 60 -71 31 73 -39 -74 -89 -82 -33 89 -47 67 -31 33 -9 -62 25 -28 84 47 97 -86 36 -71 92 67 11 58 97 -36 91 47 -80 28 9 -31 84 23 53 -62 -35 -78 89 -32 -71 -32 57 36 -30 -54 -45 25 -34 -83 35 13 6 46 20 -75 68 83 -4 88 -42 34 71 14 32 56 -28 3 66 -45 -4 19 37 0 34 -72 79 15 20 47 -80 99 38 68 96 -19 -60 52 -16 61 28 45 67 80 -9 88 41 49 -59 -88
-68 59 43 64 -74 46 4 26 -49 -45 -62 -20 71 -93 48 65 -28 -15 45 78 65 31 96 74 33 35 -35 61 53 35 35 -24 -2 36 -91 38 -49 49 78 62 -91 66 99 -44 96 -29 -9 64 68 84 -81 -91 -8 -5 -22 44 33 -45 -41 52 73 22 50 -38 -80 81 37 -97 9 -20 70 93 4 83 1 -10 61 33 -91 12 14 -83 -75 -31 66 -28 91 -23 -63 6 -62 -95 84 36 1 96 99 84 -52 66 -40 44 -96 35 49 41 68 47 -6 -23 -28 -23 -22 73 48 -55 34 45 -58 -54 -14 18 -37 -97 63 -99 8 -50 22 94 87 -28 65 -48 -6 24 -57 83 82 50 -52 16 -61 -11 35 22 26 55 -53 -87 59 -88 88 21 30 63 -27 -16 -23 -22 -55 90 85 0 58 21 41 57 99 72 -54 71 -31 -60 -74 6 -64 26 -68 -66 -40 1 87 97 71 60 -69 -71 -51 -27 -93 65 88 -88 92 53 75 46 47 -8 36 -76 37 -33 -68 86 77 24 -31 84 -30 56 -78 61 -99 -65 98 -10 -47 -38 -64 27 -43 -5 1 -74 6 -23 -38 -64 60 12 82 -65 -77 -55 81 23 44 -11 46 -56 44 26 -54 -63 -2 -8 -70 76 -15 64 4 -31 -27 -22 -91 -89 -41 24 -37 -46 -89 -85 -63 -74 41 -7 70 4 8 -21 76 -21 46 50 -43 23 -43 -14 40 -88 -70 -54 28 -91 -99 -8 -39 -21 -1 -18 -79 -62 75 -2 -85 -91 -65 46 37 -8 -15 -21 -97 54 -50 -76 -82 91 94 -29 -70 -22 19 17 -62 81 -71 -88 -42 -26 -80 -1 70 98 -79 81 -49 -63 37 65 76 48 3 11 -56 61 83 -59 -22 -32 -65 10 -38 51 56 26 -67 -98 22 -1 74 -47 85 54 43 -79 53 -93 -59 -43 -62 4 -83 -40 -67 60 -2 0 74 64 -15 48 84 -52 4 -46 78 82 38 -45 -60 -37 24 -60 -95 74 76 -5 -13 -53 -79 -79 63 -73 48 -56 91 -92 64 -44 -9 -74 35 28 -4 6 31 -26 28 12 40 -37 81 5 49 0 -53 96 -59 13 -26 0 -25 -61 -28 19 10 30 -16 -4 -23 51 -40 7 -78 -27 10 38 -14 74 -97 58 -22 47 -36 -78 -92 -95 -39 -15 34 8 -9 -45 82 -6 56 14 30 -84 -92 73 -39 -10 -90 -7 33 21 -19 -26 80 31 -29 5 -65 43 -47 -91 81 58 27 47 93 -79 -89 -14 -77 -7 2 -55 87 23 73 44 -15 -29 -75 -78
89 -25 27 92 -8 59 29 83 -4 24 -37 -18 37 42 13 -46 68 8 -15 -8 21 -53 -52 90 -34 -41 -73 56 10 -29 -16 -72 53 -76 12 -87 -23 47 -22 3 31 -78 -44 50 -30 -99 -95 7 37 0 22 24 -89 98 -99 80 27 -78 70 88 0 -15 35 -14 -58 -82 36 -46 82 -97 24 -64 -89 -79 -58 -89 96 -91 -87 -39 16 44 87 -32 -80 25 -86 -67 -54 -40 11 -44 -93 -55 22 -76 29 12 -36 3 44 7 8 -32 -42 -98 -53 -65 -19 -44 -61 -79 -26 19 -36 -47 -59 -20 -79 79 -58 62 31 23 -7 80 -76 67 -89 54 -41 -75 -28 32 -67 20 -95 -72 39 41 -68 56 -63 83 43 24 83 41 4 -42 -99 -63 93 86 99 -59 -29 30 -68 -25 7 -48 31 -16 -85 -55 -57 -40 -89 28 11 -71 80 -32 -18 -7 95 -21 33 94 13 66 -56 -54 -62 -38 47 83 -46 88 -14 37 -35 -71 58 1 -42 -28 43 44 -20 71 81 12 -67 33 4 -95 34 -39 -15 -52 -52 -13 -96 -42 45 35 -15 96 7 73 -86 -6 -54 26 18 -12 -20 57 -21 35 36 34 99 32 60 -86 -30 -52 -91 65 84 -76 48 -34 52 23 46 20 18 98 -70 -91 -99 -52 45 -89 -88 98 93 -9 77 -76 -95 18 -52 77 -39 42 -62 88 13 75 -36 -24 -97 -19 69 52 -66 79 89 -72 -81 -54 -67 89 -38 -53 9 -17 -95 -31 4 -85 10 65 76 80 -60 93 -43 75 3 7 -96 -97 -60 40 -71 85 -39 97 24 69 -81 -61 -8 -23 27 -63 86 92 -55 -23 -21 4 73 9 -21 -7 13 78 40 -57 72 -37 -92 27 14 53 -52 59 -98 -46 59 77 -16 -63 -20 -46 47 40 -62 51 -89 -77 55 -70 -30 -72 24 -23 89 66 85 -60 41 -68 24 -17 -92 -38 -87 79 -33 -62 -8 -81 93 73 -8 -13 25 16 40 -88 84 87 35 21 75 -63 -52 -4 1 96 -76 34 -13 76 -71 -55 -88 -91 -66 38 -42 18 94 43 10 24 57 -35 -2 -71 38 31 -11 35 56 -77 -77 -77 8 -46 -16 -61 -41 46 17 -7 64 24 18 18 -69 -91 18 91 -75 -3 54 86 -88 2 -23 40 28 -70 -77 45 74 -58 44 73 55 2 -19 -66 60 43 -84 -10 92 -59 16 41 -18 -35 44 23 14 -84 -16 34 -2 36 24 -27 1 13 20 74 -79 83 -10 24 -13 -69 73 -49 -63 29 18 68 -79 96
43 40 -74 26 -46 -30 4 -99 98 -86 -94 -6 97 -52 87 -11 24 68 83 -1 92 -41 67 50 52 86 70 -54 37 21 -37 -84 22 9 -9 95 72 36 -75 -39 3 -98 -28 -34 51 -5 61 -47 1 16 -78 -11 28 40 98 -40 -90 84 -59 -97 -52 70 65 50 91 -77 17 55 64 -43 63 72 -75 -78 -84 54 11 28 32 -12 -97 -29 11 -21 66 -70 1 18 -60 60 -34 6 83 19 -62 7 -98 73 -64 -2 56 -2 -73 -73 48 70 80 70 30 -5 91 -9 -1 96 92 66 48 -97 -23 -67 7 -51 87 26 57 -62 -33 16 51 43 -99 91 -20 -56 -88 -3 91 -77 80 -33 -8 -75 20 -23 42 -25 90 24 75 29 -30 75 -40 59 -66 -8 7 -67 -89 -78 -49 -24 -73 67 61 -97 2 4 -56 92 83 68 94 73 70 60 -62 86 -19 -15 -68 -73 -60 -46 -30 40 -68 -56 56 78 30 66 30 95 81 -83 2 -59 27 15 60 -65 -53 3 -72 17 89 -26 87 -58 25 -53 -72 26 67 -30 73 8 26 -66 -76 32 92 -82 68 84 63 -51 26 29 -61 -53 45 -19 -52 37 78 17 80 86 -47 86 -29 44 -9 81 37 -22 12 -53 -10 -63 -39 69 -71 -87 49 -61 -64 14 70 -38 -60 32 -89 37 86 67 14 43 56 30 -49 -56 -83 13 9 28 -94 25 -30 -11 -31 -44 -88 -9 -86 63 5 -65 2 22 81 9 -84 -15 -45 -79 13 -73 54 -34 -55 -77 -27 -39 -16 -41 54 -61 18 -68 -66 33 -30 -51 9 37 -68 -40 4 -30 -44 -7 -68 41 78 -78 46 -45 68 55 -88 96 -1 -70 43 -84 28 -30 9 53 -5 13 -73 6 75 -43 11 -88 -50 96 -16 90 84 71 74 -12 11 -83 -78 61 17 -65 -96 -93 23 84 84 -22 -7 -56 91 82 76 40 20 91 -35 91 -48 -25 -94 -81 40 45 92 -46 76 32 -45 -38 -69 46 62 23 -38 -46 -66 45 28 99 57 19 -69 8 65 -15 67 61 -29 -46 43 64 63 -9 -57 45 -97 43 70 73 71 38 -55 -33 -70 -92 87 26 -2 30 80 15 65 -33 24 -62 74 -84 92 -50 40 78 34 -24 -47 -15 50 21 -94 13 15 71 -82 -53 41 -71 -2 10 -88 47 -76 7 -23 15 -57 61 -93 43 -14 23 65 24 5 56 -71 55 -92 -16 -4 -62 20 8 42 73 28 73 74 -46 67 24 -30 72 -63 36 -54 27 -47 71
35 -1 55 47 -28 -92 83 -52 -46 48 -63 -62 59 84 95 88 49 25 -98 -48 36 47 -41 40 59 -25 -35 9 89 46 49 -81 44 40 -42 91 -90 35 -60 85 22 46 -7 90 58 37 -54 -6 23 17 -75 42 56 15 -39 46 76 -58 70 -41 -14 -43 25 -8 9 -15 -45 -69 29 -55 -48 -94 80 -9 53 -90 54 83 79 -38 60 65 5 -2 -50 91 -46 29 -2 36 -56 -99 -21 -90 8 91 -9 13 56 -19 -48 61 94 -5 -5 -64 -67 -99 3 -21 -31 -71 45 -18 90 88 60 19 -11 -14 56 39 90 -96 -48 -46 36 77 66 -70 26 2 69 97 7 22 -70 -55 51 -59 67 34 89 40 37 22 -88 17 -64 57 -16 -43 25 32 -98 34 -40 -58 64 96 -69 43 55 -73 -90 57 4 84 -18 57 -84 98 87 42 -89 -57 78 -6 75 17 8 -83 20 73 -23 -63 62 0 38 -98 57 -14 90 43 -22 13 51 -97 1 65 -72 -47 17 -42 -65 90 33 -70 40 -16 -65 -77 60 82 96 49 -37 7 8 36 80 -96 81 31 -93 68 78 69 -54 -19 53 -78 74 33 28 2 -67 57 55 3 -46 -5 -41 -76 -20 -53 -69 58 54 -28 -57 -27 -46 -82 -10 -91 -2 -64 18 -33 72 -25 -76 -87 1 31 63 -28 -59 43 -15 13 69 -80 -97 16 -1 -58 83 -37 49 79 79 99 39 77 -12 14 -68 47 37 -47 39 -16 -16 88 76 56 70 -52 -76 -2 15 -46 9 -63 -42 94 62 -23 -14 -68 -34 -70 -17 -38 -50 -47 -58 -88 -16 80 59 -58 -45 -60 -96 -90 8 90 16 -98 8 -59 24 -71 58 -8 53 43 -55 71 -73 -39 11 -67 36 -52 -15 -9 -47 57 33 -25 62 -96 12 -9 81 -81 -68 21 9 90 34 -56 80 34 94 -65 -30 -3 -15 10 58 -40 4 55 -19 -58 -30 34 14 75 -28 -31 22 -22 -97 81 -37 -51 2 -23 -92 -29 -35 -95 9 -2 16 62 42 31 50 -74 24 -80 95 -70 -14 -47 41 26 87 -11 -30 -65 55 23 -97 -49 5 22 92 -65 3 -30 -50 88 -58 -3 -52 -70 -5 71 75 84 -55 34 -52 50 -81 -38 5 -66 -1 -2 -74 -94 -83 -60 -34 -91 30 -27 4 -78 61 34 46 16 7 -82 67 19 26 -64 85 -6 81 87 35 85 52 17 -90 -9 -30 -45 -1 17 -9 52 36 31 88 -1 -60 69 14 94 62 8 -57 43 -91 54 85 -32
-44 78 14 31 46 -50 82 28 15 -5 73 -18 32 -84 -42 2 -95 6 -30 -30 -92 -8 -57 1 55 58 -69 53 -27 -33 -29 73 -4 75 9 -54 -77 -2 61 -85 -80 -70 48 -7 94 -5 -67 -95 12 52 -4 -93 64 -58 52 -89 46 25 40 56 49 96 -22 -11 57 35 -3 -61 43 30 45 -22 -90 3 -2 -46 98 -92 30 -40 -82 -61 -80 -1 -2 -92 -25 58 55 -15 31 -41 77 -37 -52 51 47 -20 18 73 94 -43 8 -77 73 -26 65 13 28 20 32 45 -51 1 60 3 77 -15 -99 3 69 6 46 -82 -59 -80 42 -74 -97 99 -24 58 13 80 12 -19 21 86 -40 42 -15 67 -4 80 -44 -89 -45 79 13 49 99 -17 -30 80 -2 -90 -64 -51 -38 -5 39 -8 9 -28 43 96 -32 61 -44 -89 -73 2 49 -2 99 -38 40 -20 -57 -41 -54 -86 -51 -85 -62 70 2 -92 66 -90 -99 -88 -41 -70 -66 89 -34 78 -28 65 97 -43 -48 -29 67 6 61 -94 -53 93 74 -5 55 46 -79 68 -72 -8 -93 75 -87 19 62 -32 95 -72 -52 48 -30 61 -32 81 47 -73 73 81 -57 -31 9 22 44 92 66 -92 -29 96 65 82 -13 96 -6 50 95 -57 56 -73 -94 -52 -22 -78 -49 -50 8 49 -46 -28 -22 -23 20 95 -25 68 77 -70 63 -63 24 3 87 39 22 17 -80 31 81 -29 -25 25 -28 -68 98 86 -29 -92 -7 98 -38 94 73 14 -26 -96 -76 -43 70 -72 95 -67 -32 3 53 -99 50 -71 -76 -12 79 -96 -96 66 -56 74 -60 10 44 -5 -72 -43 -90 -3 57 -2 -95 -22 21 30 -29 -11 -65 55 -44 77 6 45 -62 86 -19 62 26 87 89 96 80 -76 -89 57 96 -45 89 -74 64 -20 14 68 -49 22 -14 33 -99 -75 -39 57 -93 39 64 28 23 81 -41 12 77 -78 -13 -43 98 81 71 81 -27 74 17 -8 97 16 0 -14 -26 -39 -93 -54 12 29 -26 40 82 -52 15 67 50 -8 -47 -40 -40 69 70 -65 89 70 77 25 -62 -96 48 -32 35 83 30 20 22 73 -50 -52 55 11 85 -78 66 -37 -88 37 93 -53 -31 77 -25 -25 -65 -13 -91 27 -41 46 63 -24 -72 52 -56 -15 4 88 8 -46 24 88 83 -88 24 -33 97 66 74 33 47 -64 -49 -35 92 -58 -2 -81 77 42 -94 -32 29 17 97 67 -58 -80 74 83 55 -21 64 -14 -58 -94 81 80
5 12 37 49 -66 -2 22 -20 -1 79 20 89 -67 -61 1 59 -23 -72 -54 -20 57 55 -17 -73 54 9 39 -6 80 -82 89 83 -22 5 -34 52 63 31 -6 49 -68 -38 74 78 -78 18 -58 -3 30 -98 94 -70 42 29 -47 -14 -74 10 91 -59 -66 -69 -30 9 -11 -52 50 45 90 -62 -14 12 -83 -58 -14 -62 -92 12 -70 -65 -56 29 -20 0 64 59 -55 36 -67 -80 -95 -8 -30 -75 -55 8 -92 19 -20 74 81 73 -64 -81 -55 49 -98 -42 -1 11 -16 81 38 -85 62 -42 35 -41 -53 -59 -49 13 -79 66 -97 80 98 -18 -82 -32 52 48 92 -37 -75 -77 5 -15 -43 27 87 90 59 12 14 -61 -82 59 22 61 -53 -60 83 -83 69 -29 -70 77 -15 62 -61 -3 19 51 -8 89 4 -69 73 26 -28 64 -34 61 -11 -38 16 -27 45 71 72 -87 -95 -64 -77 -84 -54 -5 -81 -11 70 -25 -78 77 -63 -91 56 36 -10 -51 45 92 55 61 -4 2 -62 68 7 97 96 -97 -59 76 49 76 20 45 -23 -98 -74 35 62 -47 -1 -6 -23 -42 -5 -6 22 7 34 17 52 87 86 -70 -39 98 75 -33 -77 69 3 96 -92 -25 69 82 -2 68 -5 83 -45 -40 -9 89 50 -46 52 33 -25 -61 91 90 -24 49 16 92 55 -74 -19 88 -51 -20 -43 -90 38 -9 -70 16 -82 -14 -92 7 -78 -93 56 67 -4 84 73 -2 40 -26 88 69 -64 99 57 -24 62 36 66 6 73 -37 -85 -18 -36 -1 -14 -96 14 34 97 14 98 89 43 56 42 -60 -82 -30 91 -13 19 38 17 -17 -4 33 35 8 -52 -16 -23 -61 -78 -42 -49 44 96 -1 -14 81 90 -81 -90 99 7 57 94 72 90 54 5 61 90 83 -12 -75 -89 18 -7 -30 -85 12 -86 -41 45 85 -78 -36 92 -94 -74 -79 96 -76 1 -98 79 -52 52 -22 -62 -11 -95 -43 83 19 -6 21 25 63 93 93 -43 -60 67 -86 90 57 -91 -9 -17 89 32 49 -24 66 80 35 1 -48 -30 68 21 -68 -59 -34 -56 15 2 -66 -7 20 -36 -5 -28 -49 -83 43 48 9 67 62 -37 30 23 -49 86 24 49 39 -79 77 25 78 70 -82 -68 30 -5 -99 -1 -12 20 -65 -25 -24 32 -85 -8 2 71 -89 95 62 53 -70 -19 51 9 9 -15 -78 -91 -68 -13 -84 1 -21 60 -82 91 90 -19 -72 -65 -48 13 17 6 -67 -96 6
-12 -77 57 79 47 -93 78 36 -24 -89 65 -2 -90 -11 30 64 -8 -1 -55 16 -22 79 -31 -7 -45 -48 33 -30 9 46 51 -39 -20 36 -97 -36 65 81 -13 39 41 35 92 14 58 1 -96 19 30 -43 0 21 -20 58 53 -58 -7 -67 -89 77 12 -44 -17 -86 88 -66 -3 37 97 95 -49 18 -99 -93 40 -76 68 1 -63 97 33 77 78 74 8 -23 81 -16 -89 54 82 -41 -28 13 -74 4 -11 56 -36 -95 12 10 50 98 -96 39 -89 -90 61 -41 -50 -58 -37 99 86 89 14 89 69 -40 -10 73 -33 -11 -51 -8 -74 13 -71 77 -62 -6 -89 34 50 80 -81 -10 32 27 -23 -73 14 75 87 -33 -61 -64 -10 -64 27 51 4 -71 46 -30 38 -7 7 14 26 -54 -69 71 -66 -2 14 -85 -44 73 -22 -92 -2 -61 82 -82 -26 -85 -56 -8 94 35 -19 -44 54 52 -69 87 -43 91 3 -53 -70 -1 40 89 56 -61 -6 35 93 -76 59 85 -99 63 -77 34 6 9 18 -80 1 -86 -99 -60 -73 64 -76 -13 -21 2 27 -82 -22 -22 -26 -69 -52 -19 -5 92 71 -87 85 -1 77 6 -31 87 17 -38 -47 -75 -52 3 -47 -14 -12 19 -92 14 57 -75 74 37 27 -7 -27 36 -79 -13 18 -15 18 75 -69 -96 -31 57 67 14 77 12 21 -72 -58 -59 88 36 -50 -28 23 -10 72 -69 -61 -16 34 -39 23 54 36 29 -17 -28 -93 78 -41 52 7 -24 -92 -40 -25 95 65 -41 88 38 7 -70 -64 44 -93 -36 33 -9 68 -71 18 77 58 51 79 -83 51 -86 -49 -36 47 0 8 7 -85 50 11 -64 -2 27 60 48 -13 22 -80 -30 23 20 56 -15 78 -11 54 17 -80 -89 -5 -12 62 -1 -2 98 17 -5 99 -8 -97 -53 77 -67 -81 83 -29 40 85 -81 88 -70 -8 -66 38 24 -81 48 73 32 -41 -51 11 -15 15 70 -82 -54 -49 50 54 -19 34 -8 -58 -80 -98 43 45 45 -30 43 14 -91 71 -26 61 8 -46 -42 27 19 -40 -47 63 -45 -27 83 11 50 -37 18 -62 -94 2 -60 -92 99 -59 -45 54 89 -41 86 20 -98 31 97 -38 97 -45 43 92 -66 -71 -49 84 60 -88 79 61 29 -98 29 -86 -8 -97 -42 -66 -45 -67 -42 -19 -4 -8 10 62 -94 83 5 80 -10 -19 -81 -66 -48 64 -45 20 64 70 -8 -35 55 -57 -43 -7 76 79 -30 -33 -32 -17 -87
93 77 -97 31 -32 -77 -48 79 23 4 7 -47 -91 -59 -47 6 57 12 13 -84 39 1 -27 85 -66 26 68 -22 -87 98 55 -36 -95 80 68 63 -49 2 -18 -80 -51 -91 35 69 -7 -71 32 -19 54 -64 28 2 -7 20 89 71 71 14 38 96 -4 96 -47 -92 -70 34 78 38 10 11 -75 -97 -80 82 85 -70 99 -54 -26 -56 32 -57 84 -36 15 91 -77 -91 39 34 91 99 -61 -14 21 -21 -80 -62 38 -30 92 -4 66 -83 27 21 -96 39 -58 77 -81 -91 17 -70 -61 92 -73 20 -85 6 66 90 -64 -48 -50 -21 25 -21 36 -17 18 -79 72 98 90 54 -61 60 59 -53 -57 -84 4 -21 -68 46 -57 44 98 75 -57 56 27 -58 44 15 81 -26 28 50 78 64 -77 41 80 81 68 57 -19 -83 -52 -6 59 -88 -92 -31 -36 86 76 -55 -85 75 25 -81 71 -81 -80 -66 -71 58 18 -76 19 -57 23 57 -41 -45 -74 -68 10 5 -77 31 17 33 69 9 -53 0 9 -27 -32 82 43 -64 12 67 -32 -24 -84 95 -37 6 -35 -59 -73 81 -86 47 19 16 -7 -71 66 -29 -65 81 29 -37 -10 7 17 -68 -20 -98 -62 28 45 3 -21 -27 73 77 -23 -21 -27 58 -99 59 -85 -56 -37 -78 51 44 -38 76 -28 -68 20 -48 83 -64 16 35 11 69 -53 3 31 -20 87 26 -10 -5 3 -83 42 53 -69 -54 21 -44 54 -30 -60 -79 -84 -30 -27 -20 5 -88 86 20 -1 -24 -98 27 -84 -98 89 -77 -59 10 99 -30 -4 -32 20 63 56 -54 95 92 19 33 28 10 89 42 19 99 -4 9 86 -47 -85 -46 62 52 93 -39 51 -16 -44 -45 53 -88 99 -99 -24 75 -51 -86 61 22 -74 9 -34 36 17 -65 20 -79 12 85 71 72 -77 66 -68 32 -19 8 44 -44 76 18 45 -81 95 -38 65 57 85 -1 -93 -42 86 -98 75 -90 32 -86 75 67 87 26 52 97 -69 -96 -11 -48 7 -98 74 -94 -32 31 -73 61 28 -74 18 -61 50 -26 82 72 -14 -24 9 29 1 55 4 63 52 -31 -89 -80 -61 -69 72 -1 -92 2 46 26 77 51 61 0 -63 54 53 76 -83 -33 -54 44 78 -67 27 -77 -18 10 39 -68 -62 33 97 -47 94 -74 -78 6 20 68 -63 -20 35 48 30 -86 -82 -49 42 -93 77 53 34 5 -73 -99 22 -24 -67 -74 -92 87 -88 73 49 70 75 -12
85 9 40 10 1 65 84 5 70 29 56 -71 86 -39 -78 15 -26 -19 67 43 63 17 -58 -67 27 -79 -40 -56 95 -84 -90 -68 -31 -58 -20 88 5 28 95 39 62 94 91 48 -6 54 -3 40 -79 14 3 49 -68 -38 -54 48 -83 -21 87 7 -3 3 -65 -10 -97 -81 -3 5 -12 46 47 28 -53 89 -13 85 48 -24 -59 -41 95 78 -16 36 20 -19 30 20 19 28 47 -80 99 98 -40 -72 93 68 39 -17 89 6 -31 -1 64 -38 -10 -70 46 16 -21 -86 99 4 -39 66 -46 -57 -24 20 -44 -4 -83 -96 39 78 72 49 97 -81 19 -32 9 -70 61 48 90 -13 -13 52 45 51 94 51 -73 70 7 -40 68 -76 -82 -78 35 -12 -41 37 -83 20 27 -43 -2 -41 -27 -79 -5 80 43 -64 -72 66 62 -40 -45 -79 -7 86 -31 -18 98 -44 55 -35 -63 15 50 53 15 62 -77 63 -67 -41 -56 64 1 51 62 73 -66 -76 -73 34 33 -51 -15 -97 -31 40 0 45 -3 87 -54 -12 -59 88 -93 50 77 70 73 54 45 -80 96 23 -77 59 -86 -81 23 11 53 68 36 -72 -31 -57 -2 74 -39 45 -76 21 38 -61 47 69 -38 30 47 59 39 -40 19 -36 58 46 65 63 10 -69 -90 82 -16 76 -87 77 78 -36 -63 81 -86 -20 71 22 78 87 97 -62 72 -68 17 -80 -41 -40 87 22 16 -94 87 -97 28 -1 -11 -8 12 -44 -71 -69 -11 -27 -14 40 97 21 12 22 29 1 83 -43 -58 80 12 46 38 -65 -56 -33 -88 -23 4 -37 -31 13 -35 -79 -9 -12 68 14 -33 49 -36 54 55 -62 72 -87 -94 -8 70 21 -34 -89 -72 -4 -56 85 77 -44 54 -26 93 98 -43 6 -52 -27 -59 -39 -15 -47 -19 37 -52 -44 22 39 -57 -14 1 14 -64 -69 -24 -81 -68 -79 -88 -81 53 -39 1 -16 -38 -97 85 -48 58 18 -12 28 -97 12 32 -21 -29 38 39 -64 -84 -14 -37 39 -6 67 40 -35 -42 57 13 92 -28 20 2 -73 97 -57 65 -69 70 37 6 -23 45 74 86 -90 -76 6 64 74 -86 -84 94 91 81 56 -3 -38 74 47 -73 84 -57 7 -49 29 -46 85 59 -29 -50 -60 -51 82 94 78 -31 -90 2 -96 -5 -91 -47 -28 -39 -65 -18 -28 -51 21 -81 -3 46 86 60 98 -97 -33 87 81 -67 -95 4 -32 -65 5 53 88 7 -27 -43 -9 -31 39 -19 81
80 20 -92 -59 -26 53 -54 -24 -26 -98 63 65 -95 3 -52 67 58 -49 -27 67 -73 -70 -94 40 -70 -60 -54 15 94 75 77 75 78 33 87 39 -36 -1 36 -39 92 85 81 73 -11 92 43 -65 -44 84 84 -24 -45 50 -22 89 30 86 -2 -92 -6 60 85 89 -42 -6 -50 33 -60 69 66 -79 29 50 69 -19 1 -61 -4 77 2 -7 -26 5 69 -60 -36 99 -52 -19 -28 28 37 50 85 -71 -73 -74 11 -72 28 70 -85 -3 90 27 93 -99 77 -16 -13 -12 40 -55 4 -63 24 -58 -57 23 -99 5 -71 32 60 -73 -44 -30 -52 41 -13 97 4 -12 -54 63 35 -22 -77 -1 29 50 -84 28 -79 37 67 -17 44 -76 -31 -16 -25 7 38 -35 15 12 -31 -33 -96 -77 -78 27 -99 42 -85 -86 12 79 -2 18 -84 94 -9 0 8 -30 14 66 51 82 -58 47 63 -12 2 -80 -79 -2 70 -23 -82 -53 -27 81 67 -34 -1 -57 58 -17 37 -10 -97 -79 57 -80 9 -36 -24 -16 -23 -66 -98 46 62 -26 -49 26 29 -5 72 50 -41 -29 -39 -45 62 -39 65 89 35 8 -2 45 10 -4 75 -35 58 -87 -40 -43 91 -13 44 -28 30 34 -53 13 43 71 59 62 51 -35 35 55 -50 -75 25 1 2 76 -11 -26 95 34 49 62 -87 77 -78 -78 38 66 -65 60 99 38 -32 76 -17 -63 -73 78 -46 -69 18 -50 12 -28 75 -93 86 -67 -18 60 55 41 32 -55 49 -9 93 -11 -11 -90 5 -3 7 -92 39 -88 3 24 -14 -98 -62 -84 99 25 4 7 -71 -22 -52 27 49 -56 -98 14 -49 47 78 42 -90 55 64 5 -64 8 19 -42 26 -55 31 -42 -31 -71 -36 -73 39 -85 -57 43 86 95 -75 33 5 91 -10 -32 -80 -49 -74 51 45 16 -41 65 31 83 -6 -14 25 -6 -96 56 -88 88 80 66 -98 5 42 -92 13 13 66 38 14 8 6 -3 -97 49 -38 -43 -10 -76 96 54 -5 92 -64 20 -97 -56 32 -1 16 50 -72 -45 -77 77 -9 -93 -11 -12 -17 -87 -86 15 0 85 -38 -50 65 39 55 -50 33 -20 -71 -46 53 66 -47 51 -55 96 -93 -53 56 33 21 -97 83 -27 -97 -14 94 -92 -21 30 19 -17 -61 30 36 37 48 76 -50 -29 1 73 37 -32 -84 62 -68 52 -39 -8 -49 -5 -37 12 -17 -72 -60 71 30 -2 37 47 -37 -26 38 -24 -80 56 89 4
39 83 -69 -86 39 25 -90 -96 -90 72 -51 -39 -12 -13 -81 -83 -81 -29 24 63 -39 69 -92 -13 4 -23 31 70 91 -99 -1 98 51 28 -12 11 -70 68 -97 -94 70 -30 88 66 -50 33 -7 -31 92 5 -3 -80 89 97 -57 -96 -24 -55 -64 79 93 -31 71 -79 -50 91 11 7 71 95 -93 75 44 -99 54 43 -49 -17 -86 -36 -72 -17 -15 36 -89 -1 14 -83 -57 28 33 -31 -4 -76 17 -79 -9 28 30 13 92 52 73 52 -84 4 24 -71 38 -99 20 11 53 52 -25 52 -71 -54 46 85 26 35 10 46 -84 -26 -86 43 -57 74 44 14 9 70 37 -4 64 -41 85 38 93 63 -3 81 -93 36 72 72 1 46 18 -83 -14 74 6 10 -93 -75 55 -33 99 -47 93 47 72 -36 52 47 58 33 -94 -52 -11 -9 -41 49 -46 -7 -19 16 65 -45 -44 -46 -73 57 28 9 -66 95 21 -79 29 51 21 3 -21 9 -73 63 -81 89 35 30 -33 -36 84 55 77 -24 59 -8 65 62 -7 16 55 31 6 -55 -2 -91 -63 -6 57 60 39 -59 24 -38 7 61 53 -56 33 -19 96 84 83 -94 -13 -79 -87 0 -37 -35 67 76 37 -81 -75 99 57 -9 -37 -35 -23 5 57 -9 -83 -98 -13 42 -57 5 -51 18 -41 99 52 71 -61 -99 21 -80 10 -6 45 -38 -91 54 87 8 15 -78 87 57 69 89 -54 89 -29 8 -65 98 11 81 -83 -35 -23 10 88 -55 83 -85 -47 70 -77 54 -67 40 44 21 73 46 4 -95 -36 -4 -34 -88 -77 59 -73 -59 -49 -51 98 -54 84 3 -16 -46 10 8 89 69 -25 85 -72 57 -82 -64 62 67 31 6 -97 -34 -93 -11 -10 -48 45 -65 53 30 45 79 45 34 -4 57 74 96 41 -55 40 -44 37 -1 94 -49 46 -5 -20 13 -92 80 44 3 15 75 74 -41 45 93 60 -23 23 10 76 -80 -70 -54 -78 19 33 71 -78 48 -61 16 -73 46 47 13 -57 67 46 48 7 47 0 -36 -28 52 68 97 0 -97 -90 29 -38 15 82 -52 62 -72 17 5 -30 47 -80 75 85 68 46 -29 33 -87 44 62 -67 79 1 -75 91 41 -4 45 -11 -2 -30 -51 -84 27 -4 -32 -99 -10 -8 15 59 -46 -33 37 4 52 -45 89 -32 -39 -42 94 78 44 96 99 81 75 -33 -78 58 52 71 -30 -52 -60 -46 -64 -5 -26 -29 -92 -1 -91 -92 15
51 74 -37 1 36 -9 52 -42 23 -53 17 -83 -7 -45 60 24 5 -73 41 -21 -49 -6 4 61 28 10 -8 -36 -2 -7 -61 42 17 13 1 93 -50 99 -86 33 72 -40 8 45 14 2 -26 6 65 41 75 13 -41 24 11 -28 21 -85 43 48 49 -62 1 -75 84 -81 -5 78 66 37 7 88 50 -6 -67 93 83 94 -36 -29 44 -51 59 58 84 -87 -2 18 28 -2 22 44 -43 -60 -87 65 61 -38 4 -28 -70 19 9 16 49 72 -46 40 3 -13 -61 35 -41 -20 46 -7 33 -45 -76 89 24 50 66 -90 -55 97 -98 85 31 75 -69 78 -92 -3 46 31 -70 -90 55 54 64 -95 22 -72 -57 19 -10 -77 -26 30 26 71 2 -87 97 4 -81 -10 -71 -74 -92 48 61 -22 -24 -65 57 67 -96 -76 -37 -35 -37 3 38 45 -90 -85 90 26 -69 18 86 53 -78 94 -13 -20 -83 48 -83 -25 36 -1 41 -76 -62 28 66 43 -43 65 -36 -83 36 -35 -26 56 -50 -64 10 11 78 38 37 -21 -27 -92 84 -47 86 28 -82 70 -6 -96 -91 -48 52 -59 -23 40 30 13 12 -73 -70 40 -93 50 57 60 -97 -65 -61 56 9 50 -56 -75 79 -75 48 -22 75 -97 -81 57 -84 54 -80 -7 -48 52 15 46 -21 63 6 -29 15 -52 -70 -12 8 36 -6 -1 32 -74 -82 96 -1 36 -52 92 -45 88 -50 1 75 98 -1 -49 72 75 22 24 -58 -42 63 -55 -38 -62 -66 -35 6 -10 36 57 84 -21 98 -11 7 -44 95 31 -27 -92 26 -83 68 -50 68 -25 -91 -28 -36 57 88 -18 11 -44 -6 -27 -2 88 20 -51 -94 -88 57 -66 43 48 -7 -46 -14 -92 50 -34 -89 71 -67 9 24 0 97 -70 -92 -54 -48 85 5 42 -74 -80 -91 15 69 -90 -51 53 32 -36 63 89 -46 85 -62 -99 -94 50 -57 -78 73 -45 45 31 68 10 9 11 -19 -13 28 51 -90 98 -42 -55 -69 10 10 -10 51 17 68 35 -40 9 59 76 -56 -52 79 78 -31 12 -76 -26 -53 -80 38 -78 -6 99 -86 84 25 -64 23 52 -75 85 -63 -81 -68 -10 11 27 -33 -26 -42 -49 -23 33 30 32 -85 2 62 22 -44 36 4 -58 -66 47 -69 -28 7 -91 -50 -44 -90 24 -21 -63 11 87 -64 7 20 25 51 -63 -4 89 -39 -84 75 6 -88 26 -55 94 48 -63 80 -57 42 -29 46 -45 -29 -39 42 13
83 68 22 -78 92 92 21 -72 -59 23 14 -14 -51 -17 -36 -72 38 53 41 -22 -37 90 97 38 97 47 98 -38 75 -41 25 -58 -47 -92 -63 81 38 48 72 69 -85 -18 58 24 -29 -90 -12 -44 -48 -76 79 -87 40 -37 12 25 -96 -64 -55 20 19 85 77 -94 15 -20 -96 -65 -59 72 51 -30 -49 -52 -8 -92 -76 26 83 60 -69 -66 -50 66 96 -67 91 -67 -10 58 54 -16 -5 42 -56 -77 -78 -44 6 -80 15 -80 -75 -52 -51 1 -61 -84 -75 -7 -41 -54 -20 -72 -44 66 -46 78 28 55 62 -41 33 5 -92 49 -80 74 -20 44 -46 69 89 93 -88 29 42 -40 -36 -80 12 -65 -80 -17 37 86 -96 -42 25 -22 -88 -15 -15 -83 -64 89 -51 61 12 63 40 -24 -33 -94 -8 -47 -17 26 66 6 -56 -15 27 -14 47 56 78 -37 27 -92 -6 18 95 -96 -82 -65 82 -46 67 20 69 -1 -76 -26 -45 57 -47 92 -27 -71 -51 -64 -48 5 91 -11 -88 -44 36 67 -28 84 -39 -11 -75 -64 -86 43 87 -29 58 -5 -36 -65 82 -9 -97 58 -85 -10 35 -62 10 -50 -7 -3 38 58 -58 -51 -71 -85 31 -75 -14 0 27 -8 15 43 -84 44 1 58 -36 66 -99 39 -70 -63 -43 -60 -12 6 41 -94 56 45 63 1 1 -23 64 12 7 -88 23 27 -21 -74 26 -51 -36 -12 28 -82 -32 80 64 71 -36 87 -32 86 -10 84 -71 -20 -84 42 -51 54 -12 -24 98 -55 -2 -77 81 -66 -42 28 -18 13 25 82 -35 -84 -89 -21 48 53 86 -34 52 -61 73 1 -8 35 -99 53 -98 72 -44 -54 61 -93 38 30 -80 42 34 36 68 3 -60 43 90 8 -96 -43 7 71 37 -31 92 26 -16 -95 -8 -4 54 37 -41 -57 38 81 -88 23 -57 -95 20 -44 -38 -88 -85 -38 80 -28 -1 -25 1 63 -29 26 -14 45 97 -60 19 -76 87 -94 92 71 -22 90 -82 47 61 -78 24 -16 29 63 23 16 47 69 53 68 21 52 48 74 42 -87 -6 -39 95 -6 -12 -11 -97 73 -10 60 61 17 22 79 19 76 95 65 90 -57 30 28 70 -80 62 91 -47 96 -17 61 -43 37 -41 -74 40 54 9 44 -83 74 -67 97 22 83 -97 98 14 17 -27 76 27 23 -73 83 -77 -64 -26 -61 -91 26 32 -89 -26 56 -78 -17 -81 67 68 2 47 82 73 -48 -34 -31 4 -35 69 -45 -76 -91
-10 -46 49 -88 -88 -11 31 89 10 67 -69 -49 19 -99 38 27 -29 -62 -81 -79 -5 31 16 4 74 -58 -64 11 -82 85 16 -77 -60 66 27 42 46 -83 3 15 -49 82 62 21 60 -34 70 4 66 34 5 69 -89 27 70 83 -93 13 68 -97 85 97 14 99 -98 -56 28 19 -94 -98 94 -58 -26 72 -46 76 -4 63 0 12 31 16 39 3 -64 -85 -56 -41 -70 71 69 36 36 -10 30 -45 -23 23 4 73 -82 -86 -80 -86 -66 -38 7 47 25 -79 91 81 53 49 -25 63 70 -50 10 -59 17 -98 -61 35 94 -29 70 -43 -57 -24 -60 34 76 2 -21 -47 85 -40 47 15 -92 63 59 -72 -80 -44 -82 3 92 26 77 48 24 -78 -70 86 -84 65 -12 -26 90 -88 96 -79 -15 93 54 -73 57 31 -43 41 54 82 71 -75 27 46 91 -11 98 -60 3 -28 69 -63 -42 -66 24 57 -14 57 -5 -79 37 77 -29 -45 -91 57 36 -86 28 8 12 -27 -64 -68 56 -32 -69 -39 -71 42 -82 56 -61 -7 61 -45 -46 -81 -62 44 88 -74 50 5 17 -89 58 90 69 -62 -18 -93 -30 87 52 -27 43 9 -89 -42 49 76 -18 55 5 50 -46 -20 66 -89 -96 22 -90 16 1 -97 -84 36 29 -63 79 67 87 -24 91 2 65 93 -45 -61 62 -37 -67 54 -60 75 -70 -32 -90 14 -86 -22 35 83 18 57 -31 -89 -34 -57 -82 24 -79 -23 -40 -28 -54 48 21 -59 -32 24 -86 -23 -24 -13 -20 -66 -44 12 -6 -10 -49 -85 70 -5 -98 -55 -28 38 -63 79 19 -42 -39 60 47 -6 81 -93 -56 -84 23 52 96 13 -87 -12 -22 -22 -86 17 81 -95 3 42 -9 35 6 97 -91 -46 -92 -60 11 35 -31 76 -85 -77 37 -38 61 54 -92 51 -63 -63 -38 0 -83 11 80 -61 -30 -33 49 -1 -10 77 -22 -18 -8 55 38 36 1 99 -44 -89 -27 63 -28 -75 -23 -40 -81 -3 -65 72 81 99 -32 -79 62 -33 63 -4 9 66 1 -40 -8 -14 91 -86 37 -57 -43 -28 21 8 77 84 56 -20 99 -80 5 -75 -36 55 20 36 82 98 -43 -80 -48 70 -54 -27 -60 41 -31 -1 79 23 64 36 -22 72 -75 43 88 62 -58 -31 23 91 -94 85 -17 51 30 75 -77 31 -15 -50 -27 92 -77 -55 52 58 -69 70 89 38 48 49 -24 38 86 -14 -28 80 55 19 49 -18 51 -21 -22 60
-32 0 17 91 -50 57 -52 -28 -44 -19 -73 -64 -93 72 -81 -9 56 -4 2 53 51 -39 -5 -76 48 1 89 -15 -16 -86 54 -45 -79 -2 49 74 78 72 69 95 -65 32 36 27 7 16 34 22 -98 34 44 89 91 62 -68 88 -9 -66 -40 -98 -74 46 78 22 -40 92 93 -99 -36 -20 -66 32 71 -81 3 -20 19 20 40 -65 27 -48 -46 41 -84 92 55 -95 18 65 -28 73 17 -2 -40 66 -15 -40 98 91 -61 70 21 -99 53 -85 58 -3 -61 -40 -21 83 68 -72 58 -2 26 -78 -88 -37 48 62 52 -78 78 -69 10 31 -28 -16 -75 -2 -12 34 -26 95 -57 -28 67 39 84 35 -30 46 -53 -17 -16 36 -92 -26 -43 90 -85 -59 -75 67 -42 73 21 -32 -48 -25 -73 82 85 38 59 -73 10 1 57 -48 0 -2 -48 99 51 -63 92 -64 -46 -53 -48 70 41 64 -74 -44 -36 84 46 5 77 -99 -94 -47 88 35 -70 51 -78 -68 47 47 -68 -62 -54 -92 -44 36 -43 -51 -24 63 -62 -22 37 -40 95 -46 67 27 52 -70 7 18 -1 91 62 -80 91 -53 88 -77 85 13 -42 88 -16 -29 94 66 -4 92 -49 -16 71 -54 48 -77 88 -70 75 -74 17 -76 15 -16 -12 -48 0 -92 3 92 -63 -67 -42 -97 64 -43 39 -55 -2 47 16 5 -24 -25 68 77 -4 -15 -68 -77 -79 -96 63 -37 63 -85 46 50 36 -38 -27 71 38 -11 76 -59 77 54 0 54 54 -11 97 56 -24 -89 16 31 -41 -9 58 -15 -91 -20 -59 -31 -71 19 7 -79 -45 -95 -33 -27 54 20 -13 -98 -34 -71 -65 -55 82 34 -30 -25 68 -61 -17 -64 59 78 -57 -87 15 -71 -63 32 71 29 -30 48 -78 -72 -81 -93 -77 23 -59 -87 -90 -89 -58 -23 -71 72 -5 26 39 -23 -49 78 33 12 -58 43 3 -49 78 9 -10 83 27 68 19 22 -19 67 22 -63 -42 -98 22 52 -53 15 71 1 -22 41 8 75 -82 -63 44 -84 -92 16 -2 39 -12 -81 -74 41 -59 76 48 56 81 -60 -84 -4 -77 -70 38 -99 -16 64 70 -52 -78 -9 -79 -16 -99 90 17 -77 -77 68 -26 -93 -91 -26 -77 21 -15 96 -73 -86 47 70 -58 96 -27 78 22 -20 1 21 53 54 20 47 -15 -10 -13 97 -88 -22 -68 -24 -98 55 -92 -5 -29 36 16 80 63 44 -90 -72 98 -40 41 -85 -3 -37 13 -74 78 -61 -13 82
52 9 26 30 -28 17 17 73 97 79 26 11 99 51 85 -66 46 72 -18 -43 -58 96 -58 -63 -28 -80 78 -44 -71 44 95 91 44 -67 -79 30 7 -21 -85 -37 -58 39 42 44 -47 77 -53 37 62 -47 -59 -8 -25 24 -66 -54 54 95 90 28 -46 10 -81 10 44 -78 82 -26 -49 22 67 30 35 21 -66 52 -53 -26 -39 -48 32 12 4 55 4 -8 -57 -88 -42 39 82 -4 -9 -67 -64 93 53 28 -33 30 97 37 31 51 98 40 6 25 -20 -76 25 -23 -98 -45 19 -86 -68 29 91 90 77 -43 -66 -6 4 67 61 79 -85 -12 -98 80 -48 -43 -82 44 -31 18 -49 52 85 56 71 -94 55 68 55 74 43 -2 51 86 30 79 14 11 -92 17 -50 -17 -9 -56 -91 90 11 -38 41 -77 -86 -62 -81 86 -78 -53 -3 -40 53 38 -4 53 24 76 -11 -96 -23 21 -7 -65 13 19 58 34 -63 1 59 88 43 80 8 25 76 -3 46 35 93 -94 19 10 89 -67 -12 24 62 38 59 -99 -19 99 -73 -61 -82 -76 86 -90 56 -74 9 32 -28 81 50 75 -69 96 -78 29 33 16 -29 53 -77 -67 -76 -43 46 -47 28 -38 31 -61 -26 47 73 -21 51 -9 97 53 -87 -27 -82 24 29 -70 27 -58 -75 56 -13 -9 -56 33 83 2 29 81 63 25 -18 -42 -81 90 81 -35 -67 -69 41 83 78 22 -3 -52 7 -5 -63 99 -98 -9 41 -64 -34 0 -78 -69 -66 -88 -57 -85 74 27 72 78 34 -65 -67 26 -58 -12 11 24 -78 82 -42 -45 11 11 -47 88 14 -40 19 -61 91 -75 -46 55 -59 78 -30 57 -77 51 -87 -37 -16 89 -5 -82 35 -34 26 -64 78 -21 -76 89 63 16 -89 72 -16 38 -43 27 -13 86 49 32 -48 79 -9 46 -42 38 48 67 -16 93 31 61 53 15 13 71 -45 -44 97 86 9 51 31 -89 71 76 -35 36 69 17 -70 84 -68 -32 19 -28 -7 -56 -53 14 65 -17 86 -75 26 34 1 4 -41 18 -24 -71 -99 41 -36 44 6 16 -31 85 -61 -45 53 -78 65 -48 -69 97 -34 -11 56 -44 -95 -89 13 87 81 36 -41 -27 -99 97 -29 -14 -45 74 -67 -7 -22 -74 15 -72 59 -60 -88 26 47 72 76 -66 20 -63 71 90 39 -92 -91 -51 -4 -37 39 26 63 -29 22 41 70 10 69 26 -65 -10 64 6 -99 77 -98 -62 -6 64 -36 60
17 -87 -39 -14 76 -70 0 79 64 -19 39 -18 31 -6 60 61 -54 58 -96 -63 3 -95 -74 15 -29 51 -55 -66 74 73 97 -74 -33 -68 20 84 84 42 99 -76 -79 -43 93 51 92 28 -85 15 26 -78 50 13 -12 -93 -53 75 -10 -42 15 -80 -89 -5 -53 -24 -24 -99 16 60 -12 36 56 -13 -47 -5 52 26 -66 -37 -41 95 53 83 80 66 78 -84 -67 -99 69 34 -21 37 -69 41 -47 5 -14 12 -77 -92 83 -83 -66 63 66 37 -37 71 10 -55 30 -91 51 92 -89 -30 56 -59 79 99 54 -40 -90 88 -55 77 64 -80 -60 -22 -34 28 40 31 5 62 -75 63 87 -58 12 -52 37 83 54 -29 -48 67 -89 4 92 -42 6 40 -9 50 44 -51 -55 -34 -97 46 1 -44 -35 76 -15 57 18 96 38 -94 51 -93 26 37 57 -59 -31 62 -67 -76 16 13 68 74 -66 14 -77 -59 -50 -21 -57 13 -22 90 -41 -30 -9 15 -29 -92 75 0 -70 45 -57 92 56 -86 -69 77 44 14 -17 -43 73 72 20 12 -70 -36 50 72 28 56 74 5 76 -53 -17 -90 -37 1 61 54 2 -61 12 82 -25 15 88 -93 1 84 -20 -1 94 -21 81 -91 40 -75 -16 -12 -65 74 -76 -78 -82 56 -41 19 -93 -20 -64 -43 43 -94 8 52 -18 48 -97 -8 92 54 -92 -15 -70 0 -30 -31 -82 21 82 -19 34 -75 76 -69 90 2 61 -42 -28 -25 -14 5 8 87 24 83 -21 -13 19 97 12 95 -73 63 71 -82 6 -40 33 59 15 3 -84 -72 -52 -83 -97 -4 17 -98 1 -16 -18 91 -93 -83 -29 -74 -87 43 37 -26 39 66 15 59 22 80 45 11 22 -56 22 39 -20 -44 30 26 61 -32 54 -80 -27 13 -63 59 68 81 12 -18 -49 30 -19 -78 -60 -6 93 67 -57 30 17 -8 28 61 -14 57 -4 56 32 -61 -6 46 56 82 7 96 -85 -61 22 -44 68 68 16 -93 -14 -44 -76 16 57 -87 90 44 -6 -94 -34 -56 -40 -7 25 -28 -90 20 17 -17 -14 -53 47 56 11 77 -77 -75 57 -90 -58 14 77 -25 -58 83 82 -28 37 4 -24 73 42 70 53 -23 2 -46 -82 -81 40 -27 83 84 21 11 34 6 -47 89 5 15 15 -50 -55 48 -58 -13 36 -34 -32 -61 19 -91 19 -98 -64 52 -32 91 -92 88 77 29 -70 -62 42 95 -60 -10 -88 -80 -67 -51 -17 -8 55 97
78 43 -93 14 11 -89 -76 22 33 -62 -60 43 32 -2 -28 36 78 -35 -93 -1 -96 84 66 -14 31 34 49 -14 66 77 -77 56 14 42 14 -51 -71 -2 -68 -87 -53 -87 57 -34 -89 -88 45 11 -95 77 56 96 63 -24 25 0 -89 52 42 -87 -57 21 28 36 -83 -26 -58 57 34 93 -85 -82 47 -28 -87 -50 86 -36 66 61 61 49 -59 0 54 20 -64 -4 -1 41 23 -45 -67 90 25 6 -55 9 12 -66 87 7 67 -80 -82 -38 -97 49 54 65 24 -94 6 -25 -91 31 -56 -50 77 -77 -23 -1 37 25 -83 -4 98 86 -58 49 41 76 23 -3 -84 -74 -89 -61 51 -22 62 -99 22 74 87 63 -74 -71 -24 -70 52 -85 -32 -67 -34 -45 12 -84 -61 -72 -72 -98 -77 72 -87 -77 -93 -49 -11 16 98 67 13 23 20 -5 93 24 -71 42 77 74 -82 81 -24 94 65 95 25 -65 13 79 -9 -38 25 89 -11 -19 -58 -80 48 -34 -61 14 19 -90 -39 83 82 78 -20 -79 -39 -83 39 -33 -25 74 65 -35 -29 58 7 -14 5 31 40 36 -53 -63 74 57 -36 -98 -49 75 57 35 -38 12 -2 -28 75 23 -87 38 -2 36 86 -69 -62 0 -16 10 -47 -40 92 -17 -76 6 -24 36 17 45 79 -53 79 27 84 31 47 -61 -68 48 90 35 -22 -51 -89 -63 22 -61 55 -74 -29 85 26 23 60 66 93 -61 26 97 48 94 -16 -23 57 -78 4 -77 53 11 94 8 88 50 -96 -66 39 -61 -44 -63 -79 52 -89 35 -36 24 61 -7 39 88 -45 2 96 70 -94 -56 -86 60 61 -34 -80 -53 -38 16 10 -89 11 -1 -59 38 -82 -54 -6 51 -88 58 53 -7 54 -3 -74 42 67 36 0 6 -40 38 24 -30 92 -47 -84 -34 1 -37 -14 -71 50 73 27 -34 75 24 -37 31 -56 -8 97 72 -43 -53 -14 -83 91 11 -38 -87 -48 -53 -69 1 77 -77 -17 -19 -87 -31 28 -94 78 34 10 62 80 16 78 -28 -31 19 -63 53 21 -10 -62 -77 70 -8 -85 89 41 -27 67 -79 88 99 -65 81 52 33 -94 -25 -28 -42 45 8 7 32 94 -52 -7 -9 -54 39 -4 33 65 -49 32 -7 22 -58 71 -86 -3 59 -64 7 -30 6 62 88 4 -78 -37 -88 -42 49 -49 -3 25 -25 -78 75 -43 -88 -67 -67 -44 -15 93 -88 -4 46 82 21 50 80 -65 -16 -10 -67 61 61 -19 48
84 27 62 57 -5 38 0 -86 -15 -64 -49 -4 89 76 -33 -65 -15 -36 0 -17 33 45 -86 -59 -32 33 29 -94 -89 -85 10 70 -49 12 -47 35 -26 -10 -84 4 75 69 58 -34 63 54 -72 85 31 77 12 -68 -66 -60 -41 -91 96 66 -21 -44 -78 55 54 96 3 -20 -40 -62 16 -30 -60 -32 -31 -16 59 24 -21 33 -85 83 -13 -63 54 -17 -54 -62 73 -34 2 -57 -48 -58 -62 -48 88 75 -88 28 26 -96 37 -69 -12 -53 -92 25 -73 -71 64 68 -21 -92 59 -87 -7 -44 -55 11 -81 34 90 93 24 -75 44 83 6 41 22 18 -81 -90 39 82 -32 -87 -44 -9 16 -33 -16 -11 -93 35 18 -17 -42 -80 -71 32 74 5 -96 -18 91 31 98 80 83 -5 -54 -34 -82 62 -48 -70 18 -94 66 93 66 86 -91 78 -78 98 15 -18 -49 -10 16 -52 39 36 75 -34 -94 69 -79 -7 -77 -26 92 10 -24 -3 33 17 -2 -31 3 -69 -60 61 68 92 82 -18 34 31 12 32 -14 62 -95 -68 10 11 12 92 -64 -48 -30 -40 45 -4 14 44 -93 38 52 75 -31 33 -24 -33 -87 67 41 -73 -67 71 -69 68 43 15 -63 -96 61 12 -57 -35 58 -16 51 -81 -30 76 69 74 3 23 -16 -76 -81 -32 79 50 -90 -8 -26 -50 53 37 -50 -16 -49 32 54 -34 9 45 -50 -92 92 14 54 45 -77 -86 -53 -49 47 79 -73 -55 71 -46 78 -24 -8 15 96 -47 -9 58 -72 -25 38 63 -47 -50 65 -79 37 75 60 -1 2 -88 63 3 -20 -42 82 -99 35 -63 54 45 62 39 -56 93 70 -8 50 83 -73 20 -7 -16 17 -94 -96 -13 -47 0 55 34 -64 -2 -29 -13 -15 -85 -25 58 -43 -92 -32 -52 68 49 -81 0 -77 90 61 37 66 88 85 -57 0 -92 -29 -19 -58 4 -56 83 56 73 1 -15 76 7 -94 -84 9 -78 -42 56 90 -86 -70 -53 8 49 -45 87 42 48 -8 83 -8 41 7 22 43 -10 82 13 -46 -21 34 -82 58 -70 45 88 -95 -8 51 -87 -9 32 -28 -86 -88 15 64 95 -23 24 -30 74 -2 64 75 -13 26 -79 -75 -70 -34 2 -84 -59 26 15 -48 -58 32 42 23 50 -73 -45 -98 -80 16 70 26 27 84 -75 -67 57 55 -50 44 -52 -72 96 80 26 -50 72 4 -88 42 -91 85 73 -56 10 -58 65 72 10 -80 -26 15 -30 -81 38 -53 -82
-87 -41 -52 -99 -41 84 -97 69 -88 -71 -64 -16 -72 34 74 -72 -63 -37 1 -1 -74 -16 -64 13 -36 -64 -24 8 86 -64 -59 -99 66 -23 77 91 -89 -34 -23 -96 -39 -40 -7 -69 -76 -40 39 -39 6 -35 -57 14 -86 83 -66 86 -70 63 -12 -12 20 -54 -49 -18 -37 -86 73 21 -37 55 99 15 -78 60 81 13 19 -51 8 -15 -71 69 55 -45 12 44 98 51 -4 -68 25 -27 -38 23 66 -34 -71 33 19 -17 69 4 49 28 -95 13 75 -32 -23 87 -81 16 99 91 28 -79 74 45 25 29 14 -49 97 -76 71 91 52 15 61 -16 9 -5 -20 8 -7 -48 -38 -34 87 -63 90 20 -58 -44 -94 24 99 58 42 -99 -44 86 -56 -89 8 91 23 90 47 -95 -72 40 84 15 -4 58 29 42 79 -98 30 8 -48 74 26 40 70 -60 -83 41 7 -58 56 -67 41 57 73 -82 -15 -81 -63 -49 -47 63 39 -6 -71 52 75 -39 32 -24 12 -16 -30 79 83 -88 97 -2 -1 96 -52 7 46 -18 -72 -82 81 -42 -52 10 44 36 -63 28 -91 78 -42 25 -93 76 -29 64 87 -9 -1 -40 -31 -9 -80 60 -7 -3 31 -50 -2 65 46 39 -79 -57 49 7 30 83 -85 98 -30 21 49 -89 24 9 53 5 77 -13 63 42 -91 88 63 -53 13 -33 21 94 52 6 5 90 71 -67 -97 84 50 -4 -8 53 -75 49 16 16 20 -82 -21 58 70 -60 9 -3 -77 -19 -83 26 22 -73 -80 -90 -43 -13 -40 40 61 -72 -68 56 71 52 -66 64 25 -73 -91 -37 -74 -47 -3 -76 -38 9 0 62 32 51 -33 63 -11 -70 -80 63 -89 88 61 -11 -22 -85 7 67 95 92 96 -37 -91 -95 50 35 -58 14 -60 77 99 79 -72 21 72 -64 -57 52 83 93 -47 -33 26 -18 79 -12 -20 -86 37 24 -64 13 -45 2 -31 73 55 19 42 55 -71 58 0 -41 45 94 65 -68 30 -64 65 5 0 -96 -89 -51 22 52 -81 15 -77 26 -53 -55 -97 31 -60 37 -15 65 47 27 51 86 92 -76 99 -90 -96 80 -88 20 2 95 -68 26 -27 83 95 -66 57 -32 -4 -63 19 -74 71 35 -73 -9 59 -94 -93 -36 -40 26 -50 50 -60 -59 25 71 1 -33 -14 56 -58 -44 -93 99 -28 70 84 -39 -44 52 8 -44 8 22 21 24 -2 59 34 -65 92 -26 77 89 -67 91 77 15 53 -31 50 -44
-22 77 -33 38 -85 98 -95 -11 49 -66 85 95 39 -84 -43 -24 -96 -15 48 47 15 -11 78 -67 -55 8 15 -53 -14 -24 -40 62 69 -45 -74 -8 -48 -78 50 69 23 -61 -69 75 0 -94 -99 -93 -45 58 -49 13 60 46 8 57 41 -89 2 -94 -91 1 8 44 89 6 57 -35 -77 43 -27 -87 1 69 63 -25 27 49 -91 -99 -78 -91 37 79 -46 -76 40 28 -81 25 63 -78 41 -66 7 -15 -83 -41 29 17 76 -60 -91 45 25 36 20 96 -61 -59 91 -54 34 61 -97 50 50 -78 86 16 69 40 -50 60 45 31 28 -20 -56 25 42 71 -45 40 48 -20 95 69 75 -54 -29 23 -20 80 48 62 85 83 -32 -66 -64 4 85 -85 -75 97 13 -54 32 66 79 13 -2 -45 -29 56 -9 -29 -20 -20 3 -16 71 44 -96 71 -57 -4 95 -61 11 -61 28 27 -72 -47 -83 -91 1 90 70 -95 -16 54 -95 -26 -24 -80 -4 72 -79 81 -70 -43 2 -27 92 -9 85 27 54 24 -36 -86 86 71 -85 98 -29 85 -94 -75 -76 -22 84 89 94 -74 -85 -31 -59 65 -21 -84 -16 52 -91 32 4 85 79 -47 -1 5 65 24 -25 99 17 57 -68 78 33 97 35 -1 -66 -44 65 -24 -3 13 -32 -50 90 -94 23 22 34 -57 8 85 60 10 70 76 20 20 47 11 25 81 -21 -28 40 77 -62 -9 64 -72 59 19 -7 -75 -39 96 69 -76 -21 28 87 68 96 -55 -65 74 -41 9 -18 -41 -24 44 2 -90 -55 42 -64 95 -78 -72 62 -36 45 31 65 85 90 -92 15 44 -57 89 -35 -11 27 -33 76 26 -88 69 -64 77 35 -65 18 40 35 81 -31 -65 70 51 -28 -72 46 -37 82 88 -76 -11 73 74 -42 -14 13 -23 35 63 -7 -72 78 -4 -32 -81 11 73 -36 -32 -95 -30 75 -73 37 -90 33 75 -82 54 77 -26 -60 30 13 37 -92 -27 -82 20 -21 85 28 -95 14 87 -39 -49 89 -49 -76 33 14 -64 25 -79 44 -22 -8 22 -22 -98 -64 -57 -87 17 28 90 -96 32 -39 37 -36 -25 -23 65 -42 67 43 96 -7 -31 -22 -50 -99 81 90 83 27 -77 -72 -82 18 65 69 -78 -10 69 44 32 13 45 67 -61 -15 19 38 4 -97 -23 59 1 -48 80 -24 -60 -1 2 66 -25 0 -37 51 -56 -36 -80 37 -60 -92 8 5 19 -18 -81 98 -34 16 36 26 -26 -1 -80
42 -67 -93 55 53 23 -51 52 54 21 64 -75 -10 -92 -90 40 -71 62 -66 1 4 -56 -20 -95 18 -59 80 -60 65 -75 -71 -9 58 -29 -81 -45 -45 83 67 -56 67 -71 2 25 -72 -21 24 24 13 -3 1 -48 -18 62 34 -44 93 28 -55 -29 -97 18 64 -86 -62 -37 -48 -47 74 92 56 -9 75 65 57 -5 -69 7 92 12 -3 -17 16 16 -52 40 49 98 -47 71 33 21 42 51 -27 -73 33 -15 20 -63 5 86 38 -55 -53 10 57 71 85 -37 44 41 24 -16 -20 -8 58 -59 15 21 75 96 23 -8 -38 -6 10 -41 -43 -84 9 99 52 36 59 -92 20 -1 14 -92 -66 24 37 -12 -96 88 -6 -35 59 -87 2 73 17 17 95 -34 40 -99 -51 -5 88 -7 -33 -1 67 69 -69 89 -42 -6 2 -61 28 -11 -37 77 91 -55 32 -78 -47 83 -65 53 -43 -9 17 -74 -42 94 -58 89 40 15 -41 -3 3 -7 50 85 -53 -66 29 -95 98 98 -88 59 -18 -19 -28 70 -17 63 45 29 -85 -1 2 -34 0 46 67 -92 -89 -37 7 -38 -84 -64 13 -85 -9 40 5 44 -87 -93 -23 31 19 -33 -64 -16 86 76 -17 26 -5 -23 -3 20 18 -22 87 95 81 -81 -7 -14 20 89 22 -74 -12 86 38 -80 -49 -74 90 79 74 27 -9 54 -86 36 21 57 36 -80 19 10 9 29 75 78 3 47 53 -36 -8 -24 62 -56 -60 -30 -30 -47 30 16 47 28 13 72 -49 56 82 54 26 10 87 75 9 4 -25 28 -68 24 -51 -11 -9 -17 0 95 -87 -63 60 -19 89 37 84 -51 -51 65 21 -52 48 5 -51 -93 -82 28 13 61 75 93 82 94 -79 84 42 59 21 -37 17 66 44 12 49 -62 -81 -97 76 64 31 28 -74 -25 73 -50 57 -59 74 -7 -44 -4 83 95 -29 98 -58 51 29 51 -37 70 22 -58 62 70 -13 -84 94 -4 -13 -14 51 -46 -79 34 -34 -93 65 -3 77 3 43 -69 -23 56 59 84 -77 -70 38 13 98 -47 -8 -99 -12 24 -41 -74 -29 64 -76 -66 -91 65 94 -71 -98 27 53 -18 63 79 75 -70 30 42 84 76 -88 -25 -3 -73 -33 -60 99 32 -9 65 -41 40 80 -51 -46 -87 18 65 42 68 35 -78 82 -5 -3 19 23 85 49 -93 -78 -6 -23 85 -90 55 -15 81 -37 64 -41 0 34 32 97 -35 66 66 -14 -15 42 73 -8 -93
94 57 40 58 32 61 30 14 31 -94 -81 31 -75 15 53 56 -7 54 26 37 4 59 -44 -67 40 49 -9 29 66 46 17 -94 -62 -65 -6 -77 -82 -5 -16 82 52 22 -25 -57 -19 -74 64 99 9 -28 -90 59 93 -48 -70 69 -70 11 1 -55 95 15 65 48 63 88 -34 78 -34 -31 4 49 60 4 65 -53 53 43 -35 -36 50 -86 -4 40 6 28 29 35 5 43 -89 34 -37 48 -24 -90 -69 -37 -32 -98 -59 82 64 90 41 -5 -78 -16 -12 -75 9 -45 -38 72 93 82 -30 76 64 -59 11 -9 -16 13 -20 -7 -69 35 59 -17 39 37 89 49 84 -25 -43 -91 17 -69 49 86 56 89 -9 66 -74 78 -78 50 14 78 -12 32 74 -68 47 82 68 3 39 -40 -99 -61 66 74 89 21 -30 -59 -90 -55 3 -33 -78 -60 5 45 10 98 -75 -83 -8 78 -26 -4 2 -51 -71 -71 62 -75 25 -1 62 52 71 -58 -98 -45 79 -46 -12 -50 -30 80 -4 -79 90 45 12 27 58 -36 -75 -5 -56 10 -84 -37 -58 88 70 -92 35 30 -68 89 36 -70 -77 -51 74 56 -36 30 -41 -58 -15 -5 -69 31 -24 -6 44 -20 76 97 98 -77 40 -4 -37 69 0 60 8 45 9 -85 66 -41 32 98 -80 89 93 66 63 -91 94 99 -38 -30 -66 -35 -82 98 18 53 16 3 -13 -45 -24 -77 13 21 -60 33 19 4 -70 17 69 -32 -13 -2 34 -68 -24 -63 -30 20 13 16 -61 62 -31 -30 61 -88 1 41 -17 48 -38 98 -92 56 -72 -15 78 -5 -83 -59 83 15 -22 27 -6 -43 -9 22 52 46 1 11 84 15 91 -71 -79 19 -69 -93 -24 57 -20 -86 60 -62 54 92 -26 56 17 -53 -54 85 3 -23 97 -93 -7 93 48 14 -49 -69 39 53 5 81 -4 37 55 -57 2 17 55 -15 99 39 -31 24 -98 -85 -11 94 -41 73 -14 23 -30 11 11 0 -29 -8 -96 77 -91 -35 65 -98 -85 -16 -59 -4 4 89 -99 80 -64 41 66 77 -57 50 98 89 -63 91 -78 -58 93 -66 -84 -13 -7 14 96 -93 91 57 98 -5 77 95 43 21 -73 99 84 55 5 91 -64 20 -3 59 -71 14 55 -39 97 -98 96 34 -70 -95 -78 39 12 -95 85 64 1 21 98 85 -49 55 -57 -34 -13 12 86 72 25 73 -92 62 34 65 -73 58 89 3 36 -2 54 -55 89 -55 -12 36 4 -45
-50 5 40 -84 -95 -53 -91 -38 -20 -90 82 -12 61 44 96 80 -28 93 24 -34 40 -15 -38 96 -81 -97 -19 -70 81 18 53 -26 -35 -61 51 -2 95 -68 -33 89 -20 55 9 -82 -76 15 16 -81 12 -77 55 27 12 -10 -93 98 -58 -89 -83 -70 -26 78 -62 50 46 -8 11 55 46 98 -56 -64 48 -67 65 -68 -95 -25 30 -94 89 -82 -81 42 14 87 -9 31 33 -73 -78 -91 11 90 -56 80 -77 -21 -79 1 14 85 75 57 85 72 -67 -24 26 20 -11 64 64 -65 -83 51 29 74 38 19 59 9 -1 -83 91 92 4 -57 -45 -93 12 85 32 -17 -48 63 -36 -13 25 29 72 62 -97 72 13 35 24 84 63 43 -70 -2 18 -50 -9 -83 77 47 51 94 49 4 11 42 -2 -88 -83 52 52 -54 -49 47 9 1 16 50 -90 98 -95 16 -84 -88 -27 36 6 -12 -84 95 -2 29 28 81 -28 10 16 -89 14 78 89 -39 -71 71 77 -30 -7 39 20 56 -45 3 91 -34 23 -18 -71 59 5 -6 -21 -15 -37 83 -97 -71 -51 43 10 -88 -89 43 38 14 -96 82 32 -22 13 13 -79 52 -9 -57 67 24 68 80 -9 -43 3 -8 95 -57 70 53 56 -78 67 14 -53 -45 -70 54 -59 -81 11 -99 -52 36 -29 -40 -97 -20 -58 36 9 -2 -76 -24 -19 -20 39 -13 -50 42 59 -72 31 34 -27 58 -74 -99 -4 -28 31 -47 61 14 77 -29 -17 -20 -33 -39 -30 -37 3 69 -92 23 63 -99 -11 -23 -41 -51 -89 22 -26 -31 -47 -65 65 63 58 -84 -23 26 -94 60 -28 -38 -7 -15 0 30 48 -31 -37 -1 21 83 63 -8 69 39 -51 -1 -5 25 -44 -25 72 -19 76 30 -82 -4 5 98 -44 52 22 -38 93 -51 -17 80 20 99 99 42 -46 14 73 56 14 -27 37 59 -66 66 51 -47 -58 -87 1 31 2 99 -77 -17 -47 62 68 -11 -54 -25 43 1 -41 12 11 -74 11 -96 25 30 -24 38 -37 69 53 -14 75 -66 33 -3 54 88 41 94 -79 -29 -10 76 -43 26 -83 8 94 11 -43 -37 -1 48 -6 -47 6 30 -34 -27 -82 69 70 -30 -43 24 54 80 -81 29 -79 -67 13 -18 76 -25 -45 -88 34 -23 -85 -91 -72 -23 52 -6 -38 -34 7 -64 86 -82 72 0 -78 50 -70 -37 93 34 -52 -15 -48 78 27 -28 -5 -13 -36 46 -3 29 -12 70 26 -73 -40 -76
70 -54 43 -3 -88 -48 69 -4 47 -3 19 -83 -42 -77 11 -25 -69 24 -6 50 51 54 29 96 73 28 75 56 -92 -37 -71 -66 -66 71 91 10 19 -13 -90 41 -34 80 17 -56 59 85 61 35 -1 28 -49 -15 -9 88 -22 -19 91 -45 -80 -84 64 -99 -9 -16 16 44 -19 21 18 17 58 79 93 -72 93 -6 -74 -86 -93 15 -28 55 -33 52 -71 -55 -13 -85 85 -61 92 3 18 -76 13 32 38 52 70 79 31 12 78 -27 -79 60 79 55 35 96 23 84 5 66 -32 -95 8 -49 68 31 -84 89 8 95 74 8 48 74 81 44 57 61 52 84 -83 -15 -45 18 -78 24 10 -34 -79 25 -68 -95 27 -93 -85 -45 -67 -60 36 -5 -11 36 -83 -43 -23 -52 42 0 26 -97 77 11 46 -4 67 78 -70 54 -56 24 95 -64 -9 -31 55 -61 73 64 -2 -18 -70 -53 7 -33 69 -97 0 -22 91 66 68 -92 22 38 24 92 83 -28 94 -47 62 80 91 -3 91 -36 -4 -52 -30 -38 -70 -6 10 -38 9 13 41 -44 -34 1 44 -2 -84 -82 -47 70 -27 69 -58 -3 44 -63 -80 -85 -84 25 21 74 6 -73 -65 37 31 -13 43 -39 46 85 28 58 -67 49 42 -68 45 -59 6 67 53 -48 -71 -5 -88 45 13 -42 -56 72 -96 54 -56 -54 -45 70 46 -29 0 52 57 14 -9 -42 39 36 11 50 -93 -98 52 62 -73 65 -97 -50 -83 81 9 28 94 -18 -8 44 -35 71 -67 -9 9 -19 -47 -50 91 -6 48 15 -5 82 -37 57 46 1 30 95 -64 -43 -91 -90 28 -25 -76 67 -12 54 20 -91 59 -78 -88 54 59 31 -85 -25 -85 18 8 -97 -88 -38 -39 -1 19 65 99 11 80 9 83 66 -67 -20 -33 -11 -64 -73 -88 -62 -45 13 -83 50 -72 -64 -22 71 64 -80 -89 -22 84 -85 32 -1 20 64 -95 48 35 40 0 -68 -98 45 9 93 68 -61 68 38 -53 73 -24 -46 75 -76 90 -83 -26 52 57 -23 -93 -80 -19 -89 -77 -87 28 16 18 83 -68 86 -88 80 76 -86 21 56 -78 39 -56 55 -17 81 -8 46 -33 71 -2 -30 -10 23 21 -23 -54 -7 -93 -72 62 18 -42 68 -49 -79 29 45 29 -99 45 25 -95 70 -74 35 22 62 -96 82 -97 -36 72 88 -33 37 99 -45 -13 -32 1 -96 27 72 15 79 -83 -36 87 14 25 -10 -7 60 -89 64 -71 30
77 11 -63 88 -90 -35 -90 2 -61 22 17 -90 -53 -12 -36 -65 17 5 82 56 -58 -38 -30 -69 -12 -79 61 24 59 1 -82 -48 -95 23 -63 -36 9 9 -82 24 -25 53 64 -7 -46 -46 -84 -4 90 -79 92 65 -20 -87 -13 32 -36 57 -5 31 -25 -59 60 85 4 31 51 0 -85 17 10 13 4 -65 -75 97 46 -56 97 -21 -84 -30 74 -6 99 0 30 27 -5 -83 18 -29 35 59 61 78 38 -90 -65 -70 35 -7 -38 -52 -60 0 -30 27 99 -8 -48 53 -15 -18 65 -54 -98 -87 63 74 -71 -17 87 20 96 -52 -8 70 -36 8 97 -35 -25 -81 38 28 -9 -88 49 -59 66 -4 96 -48 21 58 76 -95 -19 -53 55 35 -42 -71 65 42 -24 88 -40 64 20 -50 91 -46 -69 72 79 57 53 -90 -92 3 -94 -42 -2 27 37 -91 -94 -28 73 -22 -12 -97 -69 -23 24 19 61 23 87 47 -65 -75 -4 -35 -95 -98 -28 -63 -25 39 80 88 -87 -4 93 53 33 -23 30 48 -51 -12 -21 -7 59 98 -44 13 70 42 57 -80 -88 91 86 86 -9 83 -20 -27 21 22 82 96 70 -33 -77 78 -20 4 32 -3 -1 61 -57 -9 11 53 -90 52 53 17 -14 31 75 18 40 23 37 95 -91 -84 40 -87 -72 72 44 -76 -15 -11 -31 -23 -89 -54 -27 48 -84 -45 -36 -70 13 -72 98 16 56 96 -10 93 41 22 -50 91 -24 60 5 -33 -65 39 22 10 -9 -91 -1 -60 43 -18 74 19 -98 97 -33 22 26 -64 -42 68 -59 22 69 72 87 -11 17 59 -59 -18 5 44 56 -42 22 -28 -65 -54 -68 44 84 -45 -24 35 -49 32 77 2 -18 9 8 57 -16 -12 -40 33 -29 29 43 -43 10 -53 -74 62 44 97 49 51 82 47 25 61 -34 -31 -10 -73 -7 -20 89 -67 90 -53 -35 84 8 85 -65 77 82 29 -66 -7 -1 -58 49 -46 -3 35 2 38 -34 -12 -47 -96 15 -53 52 -6 63 85 -86 44 -32 4 -24 51 -50 -36 -56 85 -72 -26 -93 96 -80 -38 75 -30 32 -32 66 -24 -30 27 -8 15 -26 -96 -27 -30 83 21 -69 1 -32 11 97 -49 9 -65 10 8 10 87 52 15 60 70 -27 85 63 -85 -27 -15 89 48 33 -12 -14 -84 79 22 2 -52 74 -75 85 92 54 38 19 42 -84 -14 73 96 69 58 29 -30 -92 74 53 -22 -93 1 15 -96 -4 -5 -37 -79
32 -19 -89 58 58 95 -84 -25 -64 -74 -52 -33 86 98 7 46 -28 -56 93 50 -17 81 -28 -5 -88 64 -16 -46 -83 62 71 -53 -28 -69 -41 -83 30 -62 -86 -43 6 -86 73 50 -9 60 10 15 -5 93 -57 39 -92 -38 -43 33 95 70 97 -39 -92 -15 -48 -43 9 -76 -83 -73 -13 37 -64 14 -2 38 28 75 -73 -81 -72 2 -68 47 6 -5 47 45 87 84 -42 -80 9 -19 -31 -72 -3 -34 -85 -40 -53 -66 12 -77 -6 -2 -14 40 67 -9 2 57 -50 42 -9 75 -26 27 10 -66 -95 -91 -68 2 70 -21 25 6 29 38 95 46 -47 62 6 13 68 14 -79 -57 -15 -26 57 -96 92 -70 5 83 -78 32 53 80 -44 14 -37 23 60 58 -17 60 -77 -91 -3 -33 12 -46 33 -55 22 19 -90 -88 19 -17 43 -98 -83 -88 -79 -70 -51 -86 7 44 82 -90 2 -65 39 -46 -5 74 -33 28 -11 28 -77 27 34 94 76 82 91 -23 78 -57 44 38 84 13 13 40 -54 -14 -71 -82 56 12 -84 17 -25 -92 -10 65 -45 85 -53 82 99 71 23 -84 0 -83 -23 -85 -33 78 59 -78 -99 31 31 -71 -1 13 -28 -37 -88 -79 -99 45 2 93 -33 4 -23 -94 -51 53 -84 91 73 -49 -27 15 86 5 -96 -76 -66 -48 -81 12 -69 67 28 -60 57 82 -66 -11 78 76 44 23 91 47 52 -68 69 94 63 -65 -15 28 -65 76 53 -8 34 75 51 -31 93 43 -36 23 93 -91 94 78 -46 -3 98 37 67 54 74 67 -29 29 -10 21 49 14 -7 83 -43 43 66 -41 50 -33 -14 75 -9 -6 -86 -33 33 38 -95 -25 -14 98 -18 -69 56 -82 28 -20 -6 -31 55 -2 -62 -42 67 72 -24 -85 -7 -28 73 80 98 -18 -60 76 87 -16 5 -74 94 72 -45 62 84 84 -21 1 89 29 -84 -32 -60 -11 33 4 27 33 -41 -10 -65 -96 58 -59 13 -25 -82 -68 7 -13 18 -26 86 12 -44 -94 -99 11 -16 -8 36 -37 -76 97 11 -99 62 36 -20 -49 10 7 -91 27 -40 51 36 66 84 49 -5 -86 54 -5 -47 95 -59 66 -53 -3 66 -86 31 -84 -1 90 -67 -85 2 -69 -22 -49 -11 -87 14 32 8 -78 -10 70 -34 74 -97 77 16 17 -78 10 -18 -17 -13 -40 -11 41 1 97 -22 -74 15 -46 -96 48 -75 -12 8 -35 66 -25 77 11 53 16 93 30 3 70 9 -6
-82 22 -1 -5 97 -63 51 -91 76 87 -33 92 89 -57 -91 -59 -74 -68 -71 57 -23 81 61 -64 96 -9 87 -97 -97 39 8 26 38 -14 92 -76 -89 27 56 -70 20 30 60 74 -11 44 -57 -86 77 69 29 -69 -63 -29 -3 64 -30 50 -16 78 -69 -3 -17 -63 90 -56 47 6 -92 41 84 -68 75 -34 -87 -32 61 -37 72 -9 11 95 90 -61 85 -10 32 45 75 27 37 -53 69 21 55 96 25 -23 72 58 -79 16 -73 -43 -50 8 76 67 -89 -59 -55 73 47 -22 -25 -57 1 -71 -56 53 -29 46 64 49 75 -12 -94 -2 32 -75 50 4 16 -87 -61 -34 -2 39 -41 -88 43 26 58 64 -22 45 3 14 26 -93 -84 52 28 91 -54 -34 19 42 18 -72 -21 8 71 -43 -51 91 13 24 33 69 20 81 27 79 7 65 -75 -62 89 -80 37 -4 0 21 -20 -22 36 -34 -39 77 -44 -94 -70 94 -4 -30 47 -34 36 89 -8 -1 60 2 97 -13 -3 -41 70 47 -84 92 30 46 99 97 -36 -5 19 -97 46 79 75 -90 93 -55 -55 85 -93 -21 56 67 -88 -34 -98 21 -3 -23 -30 -92 73 -50 76 45 21 -93 -60 -20 -79 -30 -46 99 67 51 91 28 -79 75 -98 -23 -50 75 -91 -64 -64 -74 -34 14 -24 -70 35 -57 -92 -53 39 -8 -20 -20 8 -46 43 -30 43 -71 50 56 -62 48 -61 6 -74 -50 -86 15 78 -53 -33 82 39 57 63 -39 -95 16 -93 -5 -10 -78 63 32 25 -20 -29 -77 -5 92 -62 -44 34 85 -42 -97 3 23 10 -29 20 3 -28 2 26 23 97 -22 -74 -76 53 23 95 34 22 81 46 51 3 8 14 -41 59 23 48 -1 -77 -34 28 86 -61 22 -49 -5 93 8 -92 -26 -72 91 66 -54 59 -52 -62 -14 55 -79 59 26 -94 53 -14 -12 4 61 -68 51 97 -79 -64 16 63 6 -22 -25 -90 -69 79 -71 87 -76 5 22 -83 3 -98 -30 -5 1 -32 -71 -79 -76 74 -89 9 94 42 -69 41 -70 89 97 31 52 84 41 -72 -88 34 51 -56 -80 35 10 97 -32 -53 -27 13 66 47 37 62 -78 -93 -73 -32 27 88 18 -57 -84 58 -59 -10 50 46 97 30 76 85 -32 -80 53 14 99 -62 -24 -28 80 -85 1 64 46 -43 -91 80 -83 71 -98 53 15 40 45 -40 -3 26 28 -58 12 4 -63 -81 43 42 48 87 -7 3 17 -47 96
89 -70 3 -1 52 84 -50 -88 -90 -3 -34 -99 62 -93 -6 20 18 -41 68 18 -9 -52 -42 -24 95 -19 30 -8 66 -50 89 -68 24 88 -48 45 -4 -76 56 -10 11 -68 -54 -81 -62 -93 36 66 79 -84 52 -62 49 -11 23 -35 -11 42 -91 -89 73 -92 7 58 17 -7 -68 77 2 15 -3 -58 79 -7 -63 59 -36 -56 -46 2 -30 -66 -4 -14 90 59 21 8 -32 74 9 73 -56 -13 -16 7 -3 -26 54 52 48 -64 -99 -27 8 -23 70 65 15 -54 71 12 95 -20 -9 -68 -5 17 44 13 14 16 -88 -78 -5 -82 -96 -64 -6 -28 -55 -66 -47 61 -45 -93 42 31 26 14 -72 -58 90 4 72 81 -32 -6 -3 38 42 19 98 -78 51 59 76 57 -66 58 83 66 -85 71 48 95 -90 98 33 94 -71 -86 -18 93 -37 59 0 -79 79 43 -25 28 -62 -17 23 -30 77 4 -38 -61 43 73 -88 -3 -74 61 -21 13 -8 -40 -47 0 -96 -90 -86 -5 -67 -91 85 -3 97 -22 -91 -74 82 -72 84 -13 -65 93 -39 -19 57 -62 54 57 85 -47 -89 -65 10 92 -44 -43 -34 -24 47 40 -31 64 54 82 -47 41 -78 40 -65 49 -48 96 68 72 -88 -65 18 -41 -41 6 -33 -95 82 83 -96 -21 -84 96 -31 5 64 -59 84 14 54 26 85 2 92 -81 73 -76 -2 -64 -31 -49 29 51 -57 -85 89 -22 90 -61 63 -81 -70 -22 -86 22 -9 83 43 -29 -62 -90 -22 40 -90 94 -51 69 72 -69 48 7 -34 65 98 -11 21 39 -52 -71 84 81 39 -9 59 -75 34 -90 70 -43 -71 -61 70 -66 -6 73 20 23 -44 58 67 -21 -81 56 -7 -23 -58 88 32 3 -26 39 79 21 -26 -24 -95 -62 -5 -43 -38 24 -38 -38 61 34 3 3 -31 -35 78 -70 -13 82 -23 31 75 -38 93 31 64 -3 18 -38 -50 -16 -82 -63 -51 43 -19 49 5 -52 -57 -69 28 56 -79 52 -68 76 29 79 -68 99 -96 79 60 -48 8 -27 14 70 -74 -50 79 81 -98 -54 51 58 30 -38 -27 96 76 27 -54 82 61 -95 -81 -32 -48 10 10 -66 10 -2 56 29 27 11 37 -9 44 -97 -58 -86 79 18 85 -74 -59 42 -57 -64 -30 26 -20 45 58 -51 -37 16 46 92 -99 -66 -10 -99 -70 -88 -42 41 -32 -20 -12 25 62 32 73 -59 3 73 -36 52 -3 77 -88 -95 92 15 7 75 41 -12
6 -1 99 84 22 84 61 71 8 47 -29 -32 -74 33 45 92 -3 -29 -92 92 -37 6 78 48 51 -17 5 43 -60 -42 22 98 -44 23 84 -62 68 63 94 21 41 -92 90 -70 -82 73 9 16 -51 -89 -99 87 27 -32 -40 -78 -8 -9 -94 -42 58 77 62 68 90 -42 38 16 -41 64 -51 20 -52 -3 31 -61 45 50 14 -42 -66 -7 -25 69 50 -75 -87 -51 -22 91 27 -33 77 39 60 9 3 -94 57 85 28 70 -25 -84 -66 83 -69 15 30 -45 71 90 -16 34 -90 38 -69 -36 5 91 -44 59 -73 61 44 -52 6 5 47 83 86 -7 76 39 69 69 46 -37 -34 -6 -22 89 -77 97 -94 -74 -43 -96 -57 -26 -22 -21 -62 26 -54 -66 -64 -6 -34 -37 -85 -14 -63 15 80 5 31 48 -97 -67 -43 99 51 92 -11 -39 -20 22 -42 -71 -17 -97 42 -82 -60 91 -89 91 12 -43 83 57 26 -9 -12 -13 -44 -90 30 -26 67 91 -43 3 -94 82 -14 -90 -73 43 37 34 3 -18 19 -15 -60 -45 5 -18 -19 80 53 70 43 -36 67 -53 75 -44 66 96 1 -15 72 24 -5 -54 99 32 -61 -32 40 -58 -39 -6 -68 -24 -20 62 -2 -31 -55 83 27 -50 0 81 9 -40 -60 -7 95 24 92 -57 15 12 23 24 -99 -11 31 67 97 30 59 -73 -75 54 -44 -6 71 -61 89 16 72 -32 -97 -63 -86 -6 61 -19 -64 -40 -55 93 -93 -19 -76 87 43 12 67 7 -43 -79 -20 -74 -96 94 77 -65 27 -42 -15 31 -91 -24 -53 -44 -36 48 66 12 34 12 -44 -16 67 -36 -99 4 39 -49 -55 -58 6 21 5 37 -9 -48 96 -4 -96 -49 -83 86 66 -49 40 -29 -61 -47 -99 -18 31 -8 -9 23 53 14 -66 -90 -88 29 -84 51 -20 56 -85 -92 -87 -43 -23 65 -10 -39 18 -25 -49 25 -46 -59 96 19 62 -87 -42 73 -20 62 72 35 41 -48 -15 29 -88 -23 51 -94 -57 -22 97 -54 -10 -11 53 -83 -13 -79 56 46 -27 91 -9 52 -23 -86 -44 -1 59 23 84 -36 -35 79 2 4 23 51 29 61 -32 11 22 -1 -79 -79 -26 43 6 80 31 48 11 -94 -74 -11 36 62 85 40 -44 -79 30 27 -40 -22 -30 22 55 -72 -11 -59 75 -59 99 -63 -93 54 -24 -83 -53 -36 92 2 -40 22 -25 1 -89 -97 78 -93 -16 -63 -46 35 -56 -53 -3 -71 76 23 46 -31
71 40 74 63 46 -16 -32 -41 -10 6 56 -36 -54 29 60 -85 5 -44 88 60 -68 -74 57 -51 -59 -99 17 -16 -95 -46 74 -62 -74 -70 38 -95 -30 -74 -17 -46 -77 -49 30 -10 -91 15 -35 -32 93 94 -52 58 93 -43 -65 21 76 67 67 51 4 -3 35 2 -85 -79 -86 -8 -7 -66 22 -94 95 15 59 40 -2 94 77 -41 44 -56 -60 -82 17 -67 -39 68 91 -76 16 -45 22 42 -17 98 -82 -34 10 -87 48 55 -77 93 83 -92 14 -93 24 -53 -60 -94 84 50 -81 26 -66 22 49 34 84 -20 -99 -21 43 76 -56 -12 -98 74 -34 -21 -57 85 -53 92 -31 86 64 -56 71 -23 -50 -14 9 73 55 78 -52 99 -10 -73 55 -11 15 70 72 24 -6 -85 -20 31 80 -31 29 -82 84 -58 13 -97 71 -51 72 39 59 2 -5 -68 -28 46 51 -94 -9 -64 -89 -73 74 -27 16 -50 -72 59 86 -24 62 34 -80 8 51 -78 50 79 -45 -33 -95 56 45 46 -37 68 92 67 -80 -97 -26 -23 42 -8 13 -32 -38 0 -41 -38 62 58 91 12 -22 -79 -25 -91 46 -70 20 -18 -55 -57 38 27 87 87 34 12 25 53 -80 90 55 96 -6 56 -42 -78 33 2 -68 81 -27 73 -59 -12 90 87 30 -36 14 -82 -34 -29 -73 -88 92 -80 -55 62 50 -42 -93 89 -41 -20 54 73 5 92 1 -62 20 -60 -7 98 61 60 -39 9 -41 4 -17 -4 -31 60 60 17 -68 -74 75 -40 6 -41 -91 71 -86 4 -81 -20 -69 -61 -47 98 76 18 96 -93 38 39 36 91 -79 -78 8 79 96 -91 -97 33 96 -29 -41 14 55 -2 -94 31 45 46 83 0 51 -53 43 17 -51 42 -33 18 -12 56 -87 4 63 -70 -24 62 -72 -58 54 51 -64 9 7 48 7 56 17 -44 -69 47 -69 -82 -45 87 -11 63 42 34 -74 -12 -98 -9 -18 -47 21 97 92 -4 -4 -50 16 -63 90 -33 -22 30 15 -16 11 60 21 -45 24 37 65 16 25 46 21 47 -17 -89 82 64 66 -12 31 -42 -68 99 -64 78 38 -32 10 -74 -33 80 -60 6 91 16 -48 5 -3 20 -78 -24 -12 -47 -41 -87 -86 0 -91 55 97 -92 -8 -60 48 14 45 22 71 91 26 21 -97 87 -96 -19 21 61 -87 82 23 4 10 13 19 -89 -10 29 53 -36 0 73 -95 -85 -81 84 -42 32 -59 74 -19 -51 -45 13 -87 13
24 -77 -71 -7 -57 40 -21 -18 -88 -2 6 30 3 -29 20 -12 -88 37 -95 23 88 -51 59 -61 -9 -55 68 92 -68 94 13 -86 -55 73 -27 -44 -25 -65 -98 15 -93 35 32 69 72 12 77 -6 -88 74 99 -7 10 -90 -71 -13 95 -6 7 59 53 -19 70 -5 -76 2 -3 21 -80 64 -97 50 -68 88 -46 -58 -72 -61 -98 52 39 -77 -7 97 -81 -48 89 20 -59 18 81 -31 -98 -99 -24 -85 -93 -41 -92 52 -99 74 -56 52 88 -7 58 -68 40 -4 -54 55 -48 84 -93 36 6 52 -48 25 -79 -56 9 -47 28 -67 -85 -31 74 22 28 -86 64 3 -59 21 -67 -52 58 -49 47 -18 -41 -10 38 -62 73 -86 63 -11 18 59 78 80 -27 97 1 51 -12 -8 98 12 -90 82 22 -62 93 -6 55 -48 -66 83 -53 75 38 95 -69 3 -49 -2 49 -90 40 -56 -74 -67 24 -81 -80 -14 -74 3 14 -20 -46 53 -56 -5 -29 -79 -61 8 92 -16 -59 -94 14 51 -7 -48 -44 35 74 -17 36 71 -3 -68 90 62 54 62 32 -49 36 -21 -49 97 -23 -48 -24 -3 -26 83 -78 65 43 31 10 80 90 -35 37 -95 -89 89 24 59 -6 91 -21 90 -71 49 5 -98 -87 -39 -61 -17 -62 99 91 -53 94 -85 3 94 -71 65 75 41 -14 91 -94 -95 -75 32 66 -15 22 14 69 95 86 -19 -65 -10 70 17 29 63 61 18 -36 -80 -51 -24 57 43 -45 93 -74 29 50 -29 -47 5 -61 -89 -48 -28 15 -72 -49 -99 34 -80 2 87 58 -57 -47 27 -50 12 16 43 88 -23 46 -8 0 -93 -24 -85 77 -40 65 -29 82 34 -75 92 87 28 24 -53 -77 1 -77 -14 56 -75 -94 -10 -9 87 27 -59 -50 -15 -89 -60 13 16 83 25 -61 75 -5 43 -36 -94 -65 69 55 27 45 -14 -21 15 59 34 15 18 -21 -26 -1 87 -66 15 90 -7 80 11 -88 35 -49 70 -67 -40 17 -12 28 -44 78 32 86 75 -8 -18 -76 -42 68 -64 18 -9 78 44 -90 44 26 -57 -88 -14 -25 -66 -53 -29 -47 -13 -92 -77 85 66 79 49 -21 17 54 -56 -52 40 -15 1 17 -61 -93 -68 -50 26 -69 75 -86 56 26 -84 64 -84 -22 87 -86 -12 28 -86 77 -10 -48 -15 -33 66 -22 -48 73 39 -72 -79 63 78 9 6 -14 -57 67 -27 12 -91 36 -4 -28 -14 -65 39 -21 -29 -61 -36 4 1
-17 -23 51 56 -46 -40 -58 -68 44 44 -50 36 16 87 40 47 -83 -42 44 2 8 88 2 90 18 -18 86 11 57 -46 -57 63 -27 -41 65 12 -33 -21 -7 70 -2 -35 26 -54 81 46 -54 -88 47 48 66 16 76 -23 17 -15 52 -81 -48 -20 91 80 -14 47 3 -75 -62 -60 79 -69 -14 -43 -30 -32 61 -93 -18 5 -55 -46 -36 -42 70 -27 44 -83 -44 52 -22 90 -84 21 25 1 9 3 -82 -49 -77 -11 79 -38 -6 -14 83 59 65 -86 -2 5 46 -34 -30 23 -22 43 -51 52 16 74 -61 -73 -91 51 9 80 -17 -72 -78 -53 45 82 28 -7 -50 12 33 75 50 -10 70 62 22 -52 76 -83 40 71 1 98 7 -70 45 18 -41 -55 44 -6 44 7 -69 -46 64 19 30 52 76 19 -60 -68 -67 17 -78 -79 99 -27 -78 -53 -23 9 -10 70 -63 96 -66 -81 35 -57 39 95 -84 -77 -2 32 63 26 48 -90 -25 -96 -86 13 75 8 -93 42 51 54 -26 86 -41 3 -84 -84 -58 96 -88 47 -21 -74 26 24 -31 -47 81 20 -91 -24 1 42 66 -91 -20 -14 -79 93 38 35 -89 -28 7 5 -37 5 64 -55 32 89 44 -5 -25 -71 -39 -81 22 90 -97 -96 -62 47 99 61 11 95 -7 -21 23 82 66 -7 66 71 -53 3 -12 -17 97 89 -12 80 27 13 50 -33 97 -67 27 -73 -86 -93 -30 47 -4 -95 -16 53 99 -72 21 92 96 47 92 -86 53 -54 36 70 -39 54 -96 -12 -53 32 -93 67 81 28 -7 18 33 -44 0 80 -40 21 90 -9 -34 58 -60 56 14 -32 -22 4 64 -3 44 17 -58 -94 5 36 85 73 3 -91 -6 74 -82 6 22 -7 -37 -48 93 8 -33 -87 56 43 -44 55 -42 78 17 -16 -42 89 -78 83 -99 -85 4 52 7 23 79 -36 -21 90 71 -27 -53 -16 -89 -39 -87 -50 14 -42 -17 59 41 63 96 38 78 -42 -74 24 -67 -15 27 57 21 -94 -72 -66 24 -41 -94 50 -94 -40 68 -22 48 15 79 40 -75 69 29 81 59 -38 93 25 -42 64 -40 -90 -83 -7 -52 -2 -54 -88 -75 65 62 75 -10 -70 45 83 46 43 -91 -86 26 65 -82 -81 46 -5 -34 -45 -53 71 59 28 15 -11 63 -79 84 13 18 8 -75 14 11 6 17 -23 -66 -34 -55 62 -10 92 62 38 -4 71 27 -80 -12 -53 -72 30 90 -7 -51 34 16 -86
-84 -3 34 -61 -65 -78 -66 -65 27 -50 -32 -85 -79 26 72 19 -71 49 -36 -73 -55 86 -1 -95 77 13 4 -7 -62 -53 -55 8 -56 -83 6 -69 49 -35 23 -43 -46 -32 -29 -35 -61 49 -66 -98 96 -48 64 -78 -96 -97 -97 -45 -32 -47 -20 92 74 -36 3 32 -6 -99 37 36 48 -70 13 59 -7 0 -28 62 -34 13 56 3 -62 -51 38 -10 -96 -51 97 10 43 25 14 -67 84 42 -42 -44 40 -66 88 -41 71 53 26 -5 -88 99 -61 -43 -65 18 -88 15 39 70 -33 -26 44 -42 -25 24 49 87 -29 -29 93 -52 68 -13 -89 67 -68 -41 99 -13 -58 47 -58 74 -37 1 74 71 -56 23 -58 -24 88 40 -91 -63 55 -70 -24 -23 -80 92 77 99 -91 -15 35 -61 -48 84 64 -97 75 17 -65 -63 -86 83 -65 13 -78 19 9 27 -58 40 23 31 22 -83 13 46 25 -26 78 -95 58 25 -4 17 -20 31 -14 94 86 -42 1 9 -19 81 -29 93 -1 20 71 -56 -32 44 67 -63 8 -40 -60 -26 2 -49 -79 23 0 -71 26 78 -10 -76 47 43 35 55 21 -36 -30 62 69 30 -71 28 21 -70 98 36 71 9 6 35 -81 87 99 36 61 43 80 -73 -78 -1 -65 95 26 21 -58 -65 -10 -17 57 -56 28 3 94 17 -99 73 -28 -36 -72 -13 -63 54 -1 70 62 -68 -76 -31 -7 5 89 -10 -92 -21 -74 -68 35 62 -27 -32 -93 36 46 27 -41 -57 83 55 70 -10 -54 -70 71 -35 -67 96 -14 -62 -61 -59 -83 78 28 90 -10 -25 15 87 43 73 30 -61 93 20 63 16 91 45 -6 -45 -8 -6 78 -10 10 6 -52 -48 41 -32 -20 -59 22 -20 -13 89 51 -98 -54 -67 14 -12 35 -21 -40 6 -9 -13 82 61 63 -62 -20 -95 -15 -81 -48 13 -38 -56 69 -5 -39 -89 95 58 -15 9 55 -85 1 48 -46 -4 -91 -26 59 48 -62 74 -71 -52 -43 2 25 72 95 82 -70 70 1 -83 -79 -1 -48 58 -29 90 -70 8 -70 17 29 63 -30 54 82 1 -15 45 -70 62 27 -68 38 -49 -41 34 34 -21 -2 69 -99 -80 40 81 -59 21 96 34 14 -48 -65 33 15 -66 -81 90 94 14 -12 10 57 29 6 42 58 -9 -96 50 -16 81 82 89 24 15 73 -8 44 64 34 79 91 -37 -57 -83 -37 -12 -67 91 97 25 -96 38 -85 -44 -10 8 43 88 43 52
-90 -41 43 -76 78 -11 -74 -40 30 48 59 37 32 -54 -1 -90 -62 0 87 24 -56 7 -7 31 8 83 -82 95 -69 -93 -42 70 0 47 -27 -83 -14 59 -16 -3 40 11 -19 -19 -86 -95 77 85 -31 -91 -94 -21 -68 -77 -19 77 -13 -22 -79 -47 99 -19 -42 -67 92 74 25 63 81 21 -8 38 24 -31 -63 -3 -73 -63 -83 -8 -47 95 48 -62 -90 -93 17 29 94 34 -86 90 -19 -93 -81 -94 86 -20 -39 -69 22 -98 94 -86 -21 23 -69 2 -58 52 -94 -98 -42 9 -86 48 1 -62 -72 32 -19 75 -26 87 37 -92 -9 -78 -79 -74 47 2 21 53 -70 -97 44 57 -98 -20 4 -56 41 -86 21 -97 61 -79 32 -69 -87 -61 78 -81 92 5 -52 26 67 2 96 -78 26 54 -1 52 -19 86 81 -96 87 93 1 53 -6 -24 -3 -38 -19 -89 79 -38 23 -35 25 17 -62 -55 65 42 79 49 -94 -62 81 -40 -32 17 33 -49 -14 97 74 -16 -39 -6 -58 83 61 -15 -74 43 85 -90 62 -41 47 -87 -67 -28 18 15 69 71 33 -35 -89 -29 4 -78 -71 -48 -88 -9 82 14 -33 8 71 73 -28 33 48 -96 19 -21 26 -86 97 70 -47 88 17 -61 -18 9 -69 -69 39 -32 52 -37 34 42 19 -64 -90 -99 -92 25 -52 -34 -29 -86 55 -45 -34 -82 -38 -84 -16 -91 -42 5 78 -98 61 -58 -96 -26 87 56 53 40 -47 84 14 11 -87 10 32 -82 -71 -75 36 28 -95 18 10 80 -22 -60 -20 -57 45 86 -31 50 -57 -53 3 -9 -72 -76 -22 0 -39 -85 -33 34 -1 -34 -98 -48 49 93 39 -92 -62 97 41 -25 -7 81 -37 -98 8 41 -13 0 -46 29 81 49 -49 -29 -58 -17 -6 16 57 46 10 -26 -71 38 24 23 24 31 81 5 3 79 31 -31 94 70 -91 95 -72 -31 -8 7 -89 -5 87 71 -95 11 -39 71 -73 -46 2 47 -11 95 68 2 -6 -95 0 84 74 -71 -14 67 -8 -17 83 72 -8 25 38 90 -46 8 -22 -11 51 53 91 7 33 71 -78 55 -87 16 80 -32 86 46 -98 92 -31 15 -60 9 -96 24 -67 16 33 -16 52 70 54 -72 68 -63 -82 -59 51 8 72 -52 76 -42 -82 -33 -59 -5 80 94 -75 -73 94 -86 30 52 -76 78 -34 44 69 -26 -17 39 -97 97 89 63 29 -36 -70 97 -65 15 -5 61 -85 25 10 64 -74 7 24 -99
35 20 28 -87 22 -55 67 -74 41 58 -20 42 56 99 55 62 99 -61 -90 26 47 19 59 27 -63 14 -73 69 -54 -33 -45 64 -46 82 50 -58 66 46 27 -3 -32 -95 31 -56 -25 93 98 17 56 85 19 -43 59 -90 16 -39 -1 -12 -42 -10 35 -13 86 32 -73 74 71 -12 26 -95 73 -30 -28 -11 -82 -24 29 57 68 27 -14 -17 -8 71 68 -86 2 62 -33 43 60 -10 9 -77 -77 -84 32 -93 -26 1 38 87 -72 -52 21 10 63 3 -73 78 82 70 -44 46 -49 17 32 -83 26 -77 -89 -35 16 11 -25 83 -44 -90 34 33 -21 5 -60 41 21 81 -21 55 73 47 71 37 83 3 36 -53 -75 -21 -52 -80 -37 90 -26 -31 20 95 -36 -64 -14 86 93 -74 -84 47 90 9 -93 92 -47 -58 -61 -70 59 99 -82 7 -30 69 32 -5 -43 -19 -20 36 10 -32 63 -33 -62 13 81 12 -33 -65 55 -32 19 68 -37 -58 44 41 -8 2 25 66 -54 16 83 7 13 -26 -34 35 75 -96 84 64 -99 -59 -35 94 52 -1 -15 43 -22 11 69 -61 -20 -44 -66 -32 13 0 -15 -72 75 -79 -89 36 -71 -88 -62 72 -67 -79 86 -61 29 93 -28 3 58 72 -51 27 -94 -5 9 -1 73 -3 -83 -20 88 -25 77 32 -95 23 -14 69 -2 -71 -30 43 -33 21 -6 -34 86 24 -31 86 72 -74 -39 -78 93 -12 -91 71 -94 -92 52 94 1 -8 -37 43 0 52 -84 33 19 -60 51 -88 -99 4 4 74 -96 4 92 87 14 71 90 -67 16 46 56 15 58 -42 58 84 20 -63 28 7 -26 -2 -1 -61 -87 18 67 17 -25 -8 -1 -48 -94 -10 14 -56 97 75 -51 97 27 79 71 90 44 -46 80 20 -87 2 7 -61 -60 -28 -82 24 77 -83 38 -77 58 51 29 37 84 85 64 -59 13 -81 25 -35 30 45 36 68 -90 71 0 82 -60 99 -83 99 -51 -49 33 -17 98 55 88 -28 -73 -85 36 -21 14 -38 -52 -65 -87 -85 32 -6 -4 -34 -48 20 -44 36 41 3 17 -81 -32 -31 41 47 90 -30 89 -31 -7 -88 -49 46 -19 62 65 -11 89 -61 64 -98 -21 -45 -74 76 -85 12 64 -72 -64 -5 5 21 -81 -63 -78 -84 36 18 1 43 53 27 8 5 65 -85 -13 37 40 -99 -59 57 68 49 -95 12 -75 39 59 -60 -31 35 -41 70 3 6 -10 -2 -5 71 11 -28
-59 86 61 15 88 95 -55 -63 -65 -68 79 8 -72 76 -10 38 -61 35 -35 6 -44 -87 35 -42 -30 -59 -39 95 14 95 48 51 79 -71 43 56 90 -30 -51 36 83 -98 6 -10 -27 85 -84 61 -84 42 -42 15 78 -3 54 -91 -31 -45 -39 -80 -74 68 -58 30 -52 18 57 39 76 -47 -60 -84 -21 -88 7 27 -63 71 26 75 -8 54 -89 16 83 -57 4 35 90 41 -88 32 -62 -72 -95 94 -49 36 83 -37 -51 -14 69 70 -66 96 -9 -11 -38 -41 -21 99 19 -60 24 -52 -61 22 13 -62 -48 59 8 -4 15 -36 53 47 -96 22 74 66 -2 -31 -46 91 13 86 -59 1 -17 -91 -3 38 34 9 20 -67 -95 -86 23 69 2 -42 43 11 93 59 -62 -70 30 11 -68 -61 -2 59 -76 -64 44 -21 94 -52 84 40 -37 58 -80 97 42 51 -70 -50 -14 -41 -4 -42 93 -10 -94 16 -47 97 -47 -94 24 76 47 -45 87 -37 18 -11 9 10 30 -38 40 -53 -95 63 27 -33 50 -69 60 -67 -80 17 41 -16 -10 -86 17 -92 -50 18 -95 -37 54 51 -37 -19 14 -14 98 -43 7 -24 11 82 -56 93 -27 44 62 88 -54 -49 1 -67 -93 50 3 -12 49 -32 1 -29 -95 81 62 6 -13 24 50 -51 -97 -46 -79 -65 15 -8 -53 -45 -22 2 -53 6 -93 -65 9 27 -87 6 -57 -74 -22 -76 -51 73 30 -38 41 37 46 -1 -85 37 60 -46 -81 -63 47 -12 -6 -64 93 15 -87 -1 76 96 -25 74 16 -61 -64 -75 20 -52 -79 -71 -28 93 -33 -71 81 42 20 30 74 -51 15 53 29 -88 -10 89 77 30 36 56 -77 77 44 -86 -17 41 -48 23 -23 64 -30 56 36 -47 94 -46 -28 2 16 89 65 -26 -9 39 97 48 81 36 -73 -88 34 87 79 -69 12 88 63 24 5 4 39 73 -55 -88 -67 -61 96 60 34 -38 -19 -56 86 -9 -1 -50 93 -73 -68 78 -69 -25 -34 -80 27 -85 9 -38 -25 -67 -48 68 -5 -93 -86 91 51 98 28 66 8 -68 -42 84 -22 75 -56 -21 -25 -15 46 -15 59 25 36 -90 99 -81 -66 -86 25 -43 -18 13 -47 86 -65 99 -50 -86 -66 -52 -80 -52 -77 -1 -44 97 56 94 25 -63 92 8 -35 -37 76 -27 -45 -70 75 21 -27 74 39 -22 21 58 71 -73 -33 -22 52 74 -68 81 -16 45 46 94 -60 40 -38 -63 14 -37 94 -3
-37 -19 -95 -90 -59 39 -17 92 16 -1 -85 84 83 55 -56 -82 -23 -94 80 -78 45 -55 -14 -54 -26 83 62 46 -85 -57 94 -10 -30 -91 -21 -19 83 -10 -77 -92 -57 -36 -5 90 -49 61 83 -36 -17 50 -30 76 -32 22 59 -97 -80 -89 -50 6 -27 97 47 43 -17 -61 36 29 -74 7 78 43 -73 96 69 19 -35 23 42 -98 -2 -55 -51 55 41 91 -45 46 76 36 -12 8 69 32 35 47 -73 4 25 25 88 21 -9 3 60 -60 1 44 65 93 27 -47 -6 -84 -65 41 -74 96 50 26 -79 -75 1 74 -49 -83 -71 96 9 -31 13 54 81 86 -2 9 -21 -49 25 58 14 7 -32 -30 6 -15 -44 63 19 -50 68 58 63 21 -97 66 52 -87 34 -4 -91 84 -78 6 -48 -5 -8 71 -65 -10 68 9 -87 13 -11 -94 -88 -90 65 3 -7 50 -87 -95 38 20 -82 89 -57 1 -63 10 78 -95 75 90 -74 -12 1 53 -25 -72 -63 -73 -80 -96 17 -50 99 -46 -86 -88 -72 70 88 41 56 86 1 83 -40 -99 64 24 88 -95 31 -25 -16 58 96 -70 58 -2 -67 -4 84 -46 -31 44 93 83 -14 17 -11 -31 -22 25 -18 91 -24 -13 -41 65 89 37 85 55 36 -71 72 -75 -36 55 -13 63 81 72 99 71 25 -31 59 -66 75 -83 77 -21 11 -37 31 73 -4 27 -61 -43 65 -82 -74 24 -73 -81 65 6 79 38 32 22 -21 -24 -83 -57 -23 6 -4 16 -34 -31 99 -40 -34 -73 -30 32 -15 -52 -98 -86 13 13 39 41 -90 -37 0 -12 -20 -44 -52 -94 60 -28 -97 71 -63 17 -31 14 -82 -75 10 -49 62 62 25 62 -33 99 8 9 -87 -76 49 -58 -59 90 23 13 -45 57 49 89 -37 43 -77 98 42 -10 -72 -47 -68 -12 -23 -55 -41 -8 46 2 -1 3 70 -32 99 -78 40 3 -95 46 16 26 12 73 9 70 16 -57 -21 -20 57 1 -33 86 -19 58 -28 -25 -85 31 77 25 34 -25 36 -19 92 67 -62 75 -34 50 4 64 49 -3 -23 36 64 -31 17 -88 -32 -38 9 10 13 17 -60 -51 64 -67 10 -9 -24 -60 -64 95 -64 -19 -24 -67 -76 76 67 61 -28 89 52 34 -60 -18 83 -53 -76 -27 88 -83 -38 27 61 62 82 -89 70 -87 -45 74 -90 -13 31 98 -84 77 19 75 -15 36 51 -74 22 -18 54 87 58 -21 -68 40 56 -83 -79 75
-65 35 72 -99 60 15 41 17 -94 12 0 -31 86 69 -47 57 73 -67 54 -27 -25 15 -41 41 44 61 -92 37 17 96 -27 57 -48 15 -74 92 29 0 -9 60 -43 -17 -18 31 -86 -18 -6 -17 45 -97 -92 -68 -72 48 -83 84 -89 -65 -64 -7 73 -44 11 -36 -85 -18 -26 -16 55 -85 70 -35 87 22 -72 19 -2 6 -53 -13 53 -44 -24 -94 -96 -97 30 -73 12 -9 -66 20 72 -97 95 73 -92 47 -51 -67 -41 24 -96 29 -91 -49 -99 81 -1 37 13 32 -10 71 6 99 82 13 17 -59 41 50 -55 82 -45 55 16 91 -73 -58 -84 -22 -86 -30 65 -61 97 -33 -87 -78 -98 12 95 -66 -27 20 48 -15 -13 -96 13 48 92 82 7 46 -21 59 5 57 54 -87 -77 11 92 75 58 -56 54 -73 22 3 -95 -21 -1 -26 57 76 52 89 95 -57 -68 97 13 -14 38 -49 -25 78 -91 -24 58 -83 -73 -27 -64 -2 83 71 44 -37 95 -45 -32 29 53 30 -2 83 -10 86 -81 -78 96 -14 15 -73 -51 42 70 -91 74 82 -68 10 12 50 85 31 -3 1 34 -48 -41 44 16 18 89 -90 -92 99 52 78 -28 -28 91 56 -57 99 27 -87 -93 -76 81 71 -74 -44 -77 55 60 20 22 -74 90 87 -61 -74 84 37 -97 -5 47 68 66 -51 -76 86 27 57 -37 27 40 -76 -92 -88 25 -34 60 -38 -72 77 84 -47 -70 32 68 51 48 -13 49 -77 -70 -4 36 -31 18 52 -79 19 31 34 -98 -19 -70 74 -5 -50 85 -40 -42 -10 63 -88 65 64 -54 26 96 -73 26 39 6 3 24 -7 35 40 -84 75 -71 -30 68 -24 51 9 -67 12 34 -53 33 72 21 17 -5 88 -49 -53 41 -31 -63 -45 -69 -73 35 3 0 63 -76 35 -20 0 -31 -54 -51 78 -84 50 -21 -75 -3 -84 83 -83 -5 65 -9 -28 96 40 57 -10 -49 -26 89 95 91 -37 -73 81 15 -62 92 72 -95 -56 23 -21 39 80 -60 64 52 4 -99 16 -97 58 -20 21 -29 8 -49 86 45 80 -28 -21 -64 -99 -9 47 -95 -16 12 -60 16 -64 -15 82 -35 -37 -16 48 92 89 -27 89 -99 -56 30 -44 -45 -79 -34 -95 30 41 87 57 48 -68 95 38 81 -28 -3 -8 64 68 -63 30 -91 69 54 26 -75 25 28 -81 70 67 54 62 60 38 -74 24 -89 95 85 -72 -54 -55 99 -18 78 52 -32 -33
23 -58 31 -86 -84 51 6 -81 83 86 -79 62 -84 -73 88 -40 57 -62 -80 -3 27 -61 -17 75 54 -43 23 -94 -11 92 -46 -86 62 19 13 -95 90 12 38 8 18 -30 -13 58 -22 -41 -90 -41 74 34 -81 39 92 -79 78 80 -49 64 21 -19 -71 53 -45 -32 -45 -51 45 -91 95 61 82 -41 16 77 64 70 -82 -3 84 3 89 -49 5 -4 -25 56 -76 98 -24 23 -58 25 -84 -99 -53 -99 -29 55 56 -35 92 4 67 -35 -37 31 -96 13 -3 96 96 -75 34 40 -29 -41 82 17 5 24 10 -35 84 -88 8 71 82 -70 45 19 -39 24 -1 -94 -27 20 92 -23 -47 61 40 -86 -44 -81 -54 -34 -86 -12 -32 -87 67 14 24 9 92 -10 34 8 -92 49 -83 68 -63 -74 -28 31 54 1 -74 91 -37 24 80 -36 10 -15 -74 -47 94 -66 -66 86 59 -28 -55 -57 -28 -17 -60 -30 -59 -92 -13 32 -13 61 -94 88 -6 -49 56 71 46 1 -77 -43 -14 1 -88 -70 25 -46 58 -27 88 -11 5 95 41 -89 65 -88 -98 -81 -23 42 -75 6 -86 42 35 -74 98 67 58 13 42 -95 17 -29 -57 -5 17 -75 98 95 89 -98 34 -92 56 21 42 -64 60 -38 76 51 -37 4 -74 52 -5 99 35 -12 -77 -3 -89 -81 -50 8 69 -60 63 48 -66 89 38 36 18 -92 65 65 -66 -5 -59 -73 67 81 57 50 -87 98 -35 70 10 -10 -41 43 55 -6 57 -60 -29 40 92 -86 9 20 -69 30 -28 -2 45 -4 4 -19 19 61 -50 -87 30 21 93 -19 -89 85 -15 -31 -36 -59 -21 95 43 16 -6 -77 83 -10 -16 -1 47 67 -28 -25 34 59 45 -21 -61 86 50 60 -55 -74 -50 63 72 -63 20 -85 1 -8 95 18 -92 24 95 17 -74 65 97 -44 20 -4 -38 94 -72 50 66 60 -78 -44 -85 46 60 -17 -54 68 -21 -63 26 8 46 -25 2 35 45 -43 -7 83 19 76 -51 -70 68 -97 -19 -57 -96 -18 -92 -74 13 -64 2 29 -61 -57 16 84 66 78 -3 5 -3 -76 57 -61 -56 -18 12 -14 13 68 -77 -67 2 31 -82 -6 -27 -90 -9 -58 60 -82 75 -78 63 -9 52 47 -84 -36 -30 -67 -20 92 96 91 50 -22 -3 39 -22 38 39 31 69 -54 12 42 -83 50 -44 -6 21 -5 -27 69 45 -93 -17 52 53 -20 15 -38 78 -30 8 -77 53 -42 -32 10 46 -68
-99 55 47 22 -1 40 86 -32 -85 31 43 -64 -28 38 -89 28 59 52 72 -25 -19 95 58 -2 3 -88 30 3 29 42 -48 -14 34 87 -18 83 -51 -5 18 -55 79 -36 -95 -4 -54 -13 48 -30 67 -43 -28 -84 34 53 55 36 80 -88 -17 -86 -10 -98 86 98 -61 -87 97 74 -86 93 -49 -80 76 43 99 -20 -85 21 0 31 88 -20 27 -20 -25 -46 78 -92 64 34 -48 -13 91 98 -91 -14 -67 -22 -32 58 35 13 -8 -98 93 -60 -24 -40 80 -76 85 -35 -33 -71 -74 -96 18 63 89 -33 -61 16 0 67 -23 -83 -80 -37 -65 99 1 1 69 87 -3 -15 -68 -4 -38 43 5 10 -20 86 99 39 -15 42 71 66 -84 95 -77 -16 -64 -94 -3 53 -46 34 85 80 -84 -32 -56 -80 43 -74 41 93 86 47 -5 -67 81 68 -52 -84 9 -72 -50 10 22 -36 -34 -57 80 14 -84 0 -13 -17 -66 -74 15 82 -79 -47 30 9 71 16 -60 16 -13 -37 97 59 42 45 -11 28 6 93 -39 21 -24 -88 -44 24 41 2 -90 5 -98 18 -53 47 13 -65 -93 9 -57 -86 3 9 -94 -95 -15 -21 58 27 96 -34 11 76 70 -10 -5 -66 -68 47 -81 -59 -73 -64 40 63 13 -93 -43 -62 95 -82 -25 69 -37 -66 -26 11 -69 -94 -18 -67 18 -80 64 39 67 -49 91 -96 -3 26 -32 -17 20 -34 99 13 81 93 -26 -64 -48 34 24 -77 98 96 59 -10 -90 39 -92 -54 36 -27 -83 73 -25 56 -82 -33 48 71 -17 90 95 27 46 10 -93 52 17 87 -28 -70 85 2 -64 29 13 -69 39 10 -91 80 -28 79 -53 39 -11 -5 -55 -30 -36 -2 59 44 -54 31 42 -72 2 68 -39 -67 39 39 -77 98 92 -63 53 -86 -85 89 62 -51 -64 57 -7 -86 89 23 78 94 -74 -2 85 -21 6 40 59 -92 77 77 29 93 8 -76 -90 63 45 8 15 52 -92 -35 11 45 97 64 -41 -65 -91 67 -39 -36 26 27 -7 -77 -31 48 63 -12 75 8 -25 32 -66 -98 14 -3 -74 13 -23 90 70 -90 -44 -1 69 55 -58 -60 95 -14 51 -29 -65 -31 47 -9 -87 -61 33 13 94 51 -83 -6 72 -31 -64 50 2 1 -97 34 55 83 -23 -4 -26 84 -64 -10 23 90 69 20 1 -70 -46 -93 59 50 -78 -65 -90 -95 97 35 -47 23 82 -71 -20 8 -42 6 -9 -36 -19 -8 75 32
-61 55 -94 -70 -25 49 -92 -84 -11 49 93 51 -5 -46 -84 14 48 -38 -60 68 57 0 15 40 -14 -42 35 -17 -19 96 -35 38 -35 8 -78 76 41 -54 -43 63 -40 -18 -28 -3 31 -30 24 -84 -61 99 -18 -84 82 -79 77 -44 37 73 53 -50 36 80 97 13 -32 6 61 75 12 -39 -82 -5 21 -24 -92 17 14 -22 -20 16 77 -73 -31 -31 -25 55 -71 81 13 -94 -55 34 -88 -31 -8 7 -28 94 -35 -35 -16 51 2 69 -7 61 -74 -35 23 -27 47 -15 -19 -7 -87 -73 -81 -13 -33 -19 99 -16 50 23 35 81 -43 -30 -16 -23 65 57 -24 56 -58 -29 -18 98 29 -51 3 -6 49 -58 80 39 -4 63 -10 28 -46 -86 81 83 -60 -6 91 -35 13 88 -96 -72 84 -51 -61 58 -16 0 -20 26 -88 30 -36 -44 -53 35 21 20 -67 -69 33 68 -53 -70 63 -61 76 67 -12 94 21 -96 14 -76 38 49 -32 -4 47 15 -14 -45 -15 -25 -85 27 46 34 -93 -4 92 55 21 45 23 23 74 44 -9 43 -44 -58 96 -29 -56 13 21 -83 -75 -8 -94 86 -50 6 -7 57 15 6 -66 19 -49 -4 -88 -11 14 -43 -69 -14 45 -55 64 89 -50 -2 -86 88 72 84 13 11 -17 -21 -31 -48 6 -22 70 -28 -61 -52 -38 22 11 -28 69 60 12 97 87 -22 -90 73 49 98 98 7 37 85 28 20 38 1 77 -76 -67 58 -93 51 22 59 -16 88 -50 -29 -63 71 -51 86 50 54 39 28 -13 44 -36 -94 78 80 68 -67 38 42 72 18 -64 81 -68 -41 -79 -48 -90 87 43 -99 23 -47 -23 -77 86 69 -88 99 -25 69 -54 -62 -22 -55 -99 32 64 4 31 -91 79 -30 37 6 -66 -53 8 -81 -3 -80 -16 -31 -45 -35 67 -63 96 -3 -47 29 -47 -58 21 44 -92 77 -8 -11 -19 4 76 72 30 33 37 90 -38 -74 75 -97 9 89 92 -71 -26 -10 43 -25 -28 -84 -43 -67 -36 69 59 41 73 -22 75 -39 -95 11 -16 39 -95 -45 -29 18 88 49 -43 88 73 -26 -18 -75 -41 2 -32 -74 52 -51 19 -46 -2 52 -19 28 12 -40 -63 6 49 98 -78 -56 28 60 -66 37 -19 -29 56 -42 89 26 25 9 -30 93 -86 7 -95 35 9 -78 -88 29 -30 31 62 -60 -34 -47 -91 98 2 -81 -52 -43 -17 -61 34 -86 87 -28 -59 -66 52 -84 -19 54 44 67 -71 25
47 52 -74 79 -36 -80 13 78 -24 54 -79 -45 12 -76 -62 10 -28 3 28 -1 -29 41 -67 -98 -84 11 -7 56 54 24 14 -40 -88 74 13 -82 52 -25 30 -31 -87 47 6 -95 19 27 25 49 -49 -40 -18 -33 -38 66 -3 12 -22 -52 95 50 34 8 84 -25 -62 -89 58 77 -37 28 -18 99 -17 -23 -84 -64 -83 -16 -59 -86 -45 -90 77 -49 41 -1 80 60 48 -81 -31 -61 26 -89 -48 22 -33 -56 -66 97 -41 37 -99 -85 -69 28 95 -42 -40 55 32 -91 10 -68 91 -1 92 -68 74 55 51 0 -51 61 92 -70 25 -84 5 -15 6 65 46 -57 75 6 -10 -4 24 65 -13 -44 74 -94 36 -86 -57 26 75 -43 38 86 68 95 82 -16 -88 57 -85 50 -50 -3 -23 14 99 -89 -48 -68 -89 70 -36 51 -12 46 -43 -56 56 -59 59 -12 -43 -36 27 15 -74 -11 10 89 -76 -68 10 93 -72 -59 43 -27 47 7 6 -41 40 -55 -79 58 -47 73 -57 68 -82 -46 47 55 23 -14 -39 26 76 -37 34 92 7 40 -23 6 -7 -50 46 9 -38 71 64 -67 71 -33 -69 -68 -78 46 -45 -42 28 -49 -77 94 76 -89 41 -9 -83 -17 46 -67 93 -19 53 -50 -78 -9 -1 -69 -10 4 45 -16 -88 89 -6 66 -21 65 -21 -48 68 -93 77 -86 46 3 70 -57 -14 46 -96 -90 21 45 -95 -72 -7 39 -46 28 89 -55 6 92 -94 84 46 44 45 52 98 50 -13 70 98 -67 90 36 -6 -63 -36 48 39 0 8 -99 49 -98 70 -30 -56 -63 -50 39 19 -31 -49 -35 13 23 -82 -24 -98 64 -28 -65 -40 93 51 57 -27 -20 28 -9 26 46 61 92 25 -84 -69 -84 0 20 -70 -88 -47 -79 -36 5 23 -1 -99 -90 99 72 8 54 -69 95 -54 -41 -24 -43 10 55 -24 82 -44 -71 -47 0 65 63 60 4 -70 48 -78 -36 -3 38 22 2 -25 -22 49 -84 76 -93 11 57 -91 69 20 94 34 -35 54 -48 47 -98 49 -15 -86 46 92 -88 -44 -36 -50 53 -34 -93 -79 56 -46 -95 -85 -26 30 -21 -60 34 97 -28 95 -23 -82 -60 61 -3 47 76 13 -71 12 35 88 96 77 80 -11 -3 -87 52 -2 52 -31 96 -48 72 -84 15 14 87 52 -2 63 64 48 -8 -32 -1 -77 18 -75 11 -8 -21 96 9 -99 -17 35 -94 -46 -10 -13 -90 7 70 -96 -4 90 -69 1 59
-62 24 16 94 -18 15 36 -69 55 55 76 65 20 78 49 52 68 73 -72 -57 -84 -31 -57 20 -70 -93 19 88 -27 -91 80 -60 20 -79 -49 48 12 18 66 -62 96 -32 71 -66 71 -73 13 -48 -79 -2 -63 -79 2 -13 -64 -53 6 96 -67 -27 -93 58 -30 -77 -46 95 83 -45 -58 -12 4 63 59 76 40 70 -55 26 -92 -13 -20 -1 -57 6 3 63 20 -32 30 -49 -42 89 54 14 -63 -20 97 37 -6 -44 -27 35 44 -44 67 68 16 89 9 17 17 69 -93 59 -32 30 46 38 -87 81 -59 -6 70 -58 75 94 67 83 -13 51 47 20 21 83 -31 61 -11 -65 22 -72 15 95 20 41 -73 -93 -49 83 -97 64 72 -6 -67 -57 -57 -72 3 -20 92 -66 17 -70 -6 26 79 -79 -67 -79 75 77 -3 -34 -26 13 -3 -61 95 -88 94 -98 -67 34 18 99 -11 86 77 43 30 -39 84 -48 -8 31 27 -33 -18 -54 -50 -69 88 65 74 -79 -84 -18 7 81 81 95 15 -96 45 -72 -20 -4 73 -72 3 35 21 -47 0 88 -5 -21 23 -25 -63 39 -50 50 38 3 2 -63 -11 11 -60 34 24 19 44 -73 -96 77 3 -67 3 56 -63 93 63 51 -51 -18 27 84 -50 39 -93 -39 27 -53 -77 -29 2 29 87 -98 -16 96 -59 -78 67 -69 55 -32 -9 -10 1 69 -34 -70 8 56 -67 16 44 36 -67 38 -40 94 31 -57 22 -57 8 32 -59 49 78 -91 64 -70 4 -2 11 63 58 -87 15 -57 67 -80 24 -73 14 -61 -41 -56 48 -14 -34 79 -64 22 44 -23 24 -63 -66 -51 -61 -38 74 83 90 -57 73 -12 32 20 95 70 -75 37 1 75 -56 -27 34 -4 24 -39 -2 15 -28 46 -12 -12 37 -53 -6 49 -77 62 -97 9 -24 78 52 9 83 -26 -16 25 -19 -51 -23 43 -4 65 -87 -2 -6 -55 -33 -8 83 2 -67 -22 -79 -66 16 62 70 -41 -77 -6 64 5 -42 48 28 95 -1 -48 37 57 60 -11 -56 -90 10 -83 88 25 76 -98 28 10 13 94 82 81 -86 -49 -64 -57 -86 96 94 3 75 -90 95 -8 -47 16 60 62 -93 -28 85 -34 -50 -63 -78 35 -64 -44 -44 -25 -23 76 36 -63 74 89 1 -7 -91 -80 12 -86 -32 -85 76 -86 76 -93 -1 -31 -72 86 -3 -96 -5 41 32 90 -98 82 -44 36 -53 -56 4 -93 -60 -33 -68 -64 16 48 97 -58
18 -80 86 61 37 23 16 -48 -97 98 -10 70 -29 90 -91 57 5 24 7 -94 -27 -83 71 55 -27 17 -4 -16 -24 33 36 83 -2 -84 -10 96 21 79 10 -86 94 22 -55 25 69 -20 -23 -4 34 84 -20 89 -20 85 -4 -20 35 -22 38 17 -54 85 -19 4 54 -71 -92 44 9 -75 53 -35 17 64 63 -14 62 -44 -71 91 28 37 -62 22 91 -77 12 75 -53 -86 82 -72 -53 -46 -52 98 52 36 1 -82 16 28 13 5 39 -34 -53 77 8 -99 -76 -14 7 -24 57 -4 41 19 -19 13 -80 8 14 2 2 30 -25 -86 -14 18 10 30 -55 -91 -62 -64 5 37 -31 51 70 39 32 73 86 74 31 93 72 -55 28 -29 97 -4 -17 6 45 -94 -14 -31 23 -11 76 -17 59 29 11 -54 0 84 -22 -78 -19 -65 10 -77 -45 -81 23 -61 66 18 -81 -38 14 22 -47 37 -31 -2 85 -87 34 -53 -7 -97 -99 -3 -65 -81 50 38 -10 27 -17 -57 -48 84 -44 75 94 69 10 10 -96 30 -14 -13 -67 59 51 -30 55 68 12 29 9 15 -2 -90 27 -1 -80 -96 83 -27 91 13 -23 7 86 -84 -77 -71 69 32 -51 -97 -44 75 -15 96 14 88 -5 65 -48 29 -12 -54 11 -22 71 72 -89 8 50 -32 -18 -1 4 -14 57 88 -20 41 53 -27 8 72 44 43 -38 -18 66 19 62 58 34 -60 -13 -95 -55 98 -60 95 -76 91 -3 91 4 75 12 -9 1 70 -83 -74 -24 -94 -88 -34 0 45 -3 25 -75 6 22 -51 9 27 -51 55 -21 80 -27 -10 68 -19 51 -25 10 80 11 -98 -46 83 32 -66 -80 86 80 -80 -61 -73 -58 -36 45 55 -97 -51 57 -72 -24 61 97 -32 17 -89 59 90 66 -66 56 -20 0 -55 43 -63 -67 64 86 -4 95 51 -92 -35 26 49 -9 -59 90 78 -57 92 -76 62 34 -32 -14 -98 -74 26 -15 -41 -12 99 -98 -57 66 -46 -48 34 -11 10 -55 15 98 -71 87 -24 72 90 62 6 -19 -19 -34 -17 -15 -89 -94 17 -17 -70 -46 -28 3 73 -17 14 24 50 16 -58 -26 -96 -26 -25 50 12 -45 63 -79 -77 12 26 77 33 -71 -63 31 67 -15 45 -71 -15 39 16 71 -70 59 98 -48 -53 39 95 7 82 98 99 -35 3 -82 -91 23 80 -25 13 -42 43 66 -77 -47 -58 2 34 91 20 73 35 66 14 -27 62 32 12 -50 75
-49 -96 -67 -91 22 55 48 51 -35 26 -24 -62 87 7 -31 -48 39 50 -21 43 71 37 99 91 -65 39 90 -58 -34 -19 97 -37 37 -3 -30 66 62 -25 -17 -1 7 50 91 -3 -22 -73 -69 -86 -77 -50 72 -76 12 38 44 -22 -10 46 -90 -53 -57 83 -64 -81 -12 8 -42 -74 -6 -63 32 -64 -77 -76 -49 80 -93 79 -87 8 13 91 26 -99 13 -50 36 1 93 -98 -95 -55 30 -77 -86 -81 -64 25 -36 68 -83 -1 80 72 -97 -74 -75 -29 43 3 50 -75 9 -27 22 88 15 -68 -82 -96 27 -6 -75 67 -35 92 -91 -27 -79 -89 -33 18 91 97 40 49 -1 52 93 48 91 -3 33 88 24 -59 -62 11 -31 -60 -79 -17 -24 79 14 39 -83 -27 9 94 -75 -18 82 -69 -10 17 6 -72 -59 38 -55 17 -20 80 80 -97 -81 -67 90 34 -71 24 61 -72 93 -94 -69 -33 59 86 -54 20 22 93 58 -56 -63 19 44 53 34 35 60 -11 -49 39 -71 24 -55 -71 -57 3 -34 -80 4 30 98 21 -67 -27 21 59 5 -26 -76 -85 1 60 -24 -76 50 -27 76 -69 14 24 23 32 -62 89 30 -81 -19 88 22 7 34 -97 97 -73 71 66 88 49 68 19 43 71 74 -37 -20 16 55 -73 93 68 8 -35 -48 -91 28 13 -78 -9 36 -31 74 32 -49 -73 38 -62 75 87 -52 -46 49 92 -54 36 -53 8 57 28 -36 11 22 9 -98 -10 11 -22 -77 73 -41 38 -42 -30 64 86 -56 -37 -15 -73 -34 5 -18 92 -58 68 35 82 69 -55 -63 80 5 -13 75 -45 -97 -25 29 -36 -85 52 -36 -99 -74 71 21 65 -53 -61 2 -15 61 -58 42 -57 -55 24 -77 37 16 -80 18 77 14 67 47 32 -90 -91 -77 62 98 95 76 -92 55 -32 -89 -43 91 -58 -78 -81 57 -19 -36 -77 45 15 16 37 40 -75 29 79 -97 -28 75 47 -62 -25 -40 -38 12 -61 -94 -40 16 -44 -20 -76 83 24 -83 -11 40 -50 -37 43 -4 44 -72 -67 -67 -68 47 74 46 19 -93 75 40 -61 -77 82 -5 81 -79 -62 34 7 42 72 48 86 -25 27 87 -78 17 14 -9 -52 36 77 77 -43 -73 98 -63 -35 56 -79 0 5 12 49 -20 73 -80 48 -27 -65 48 -73 51 81 25 67 62 78 40 -55 -10 -77 -50 -10 10 45 -75 -62 57 -78 -4 -81 7 -3 -69 -35 59 50 89 -17 -19 44
74 -2 -49 52 20 -62 20 -3 -90 44 -91 -69 -4 -22 80 -45 91 57 5 -80 55 30 -93 53 -90 -24 44 -96 -72 83 -30 1 -18 -30 -8 25 51 -34 -69 64 -13 -52 79 -8 56 -96 -81 -10 33 77 -29 -89 -46 63 -82 -66 -84 -43 -24 -20 -31 -70 -70 79 -65 31 57 85 -34 24 -54 12 -37 51 20 0 -5 -56 31 -74 -31 24 95 -62 -32 -48 -28 88 -23 -66 37 -51 -7 99 -12 10 92 -42 -64 -99 54 19 -17 -49 23 15 -69 10 98 3 -67 87 48 -2 -24 10 19 81 34 -88 -4 16 -14 49 -1 -66 -60 90 -73 -33 96 71 -48 -68 31 82 -37 79 -50 14 48 7 66 -11 -53 -28 -66 -35 -6 79 -90 -27 84 33 -3 -18 3 -35 29 -47 -94 84 -38 -12 -99 -7 79 -77 -62 0 45 29 -5 -99 46 -67 0 5 37 84 -38 45 -70 12 62 -7 37 92 81 11 -83 16 3 48 -71 32 -90 -44 36 -92 48 53 42 2 -96 48 81 -97 21 3 73 19 73 12 91 24 67 -44 30 1 61 63 -96 -36 77 38 -59 92 -84 -73 94 -86 -74 40 -73 30 4 -69 73 50 10 -31 -79 -61 -76 -33 17 -66 56 26 -82 77 78 64 13 29 -11 47 12 -8 62 -93 -42 -95 78 99 32 37 44 50 77 -5 29 60 -95 -64 81 17 10 75 -62 -98 -63 9 -7 46 -77 -26 19 -66 13 -62 -94 27 56 -8 -57 4 81 4 68 -83 -54 34 -92 57 28 -55 81 -32 -56 20 97 -86 -4 -49 -24 66 -23 85 -99 -47 85 -79 -28 -13 20 62 -59 -62 8 97 -12 56 -3 -56 13 -25 0 89 75 -65 87 -48 -48 -49 64 53 -46 -49 -71 -70 -60 -23 -54 -95 -68 38 72 4 64 -97 -67 -98 -52 68 0 79 -12 83 51 -30 26 16 -15 57 8 81 -57 16 49 -20 -97 -37 -77 -28 56 9 50 -50 -3 -69 31 33 -18 24 85 -74 -6 -72 -44 -55 -51 28 -92 -96 2 -96 -31 -3 -10 2 -57 -86 -65 -71 -32 -50 19 -63 31 -3 31 82 5 29 18 -47 -52 -80 -70 99 -48 -14 -11 24 -72 80 99 -86 62 53 49 -61 94 88 -11 84 -52 -19 48 41 16 32 -13 51 -59 91 32 -40 28 -73 -76 36 -83 -49 55 15 7 -46 -60 13 -70 79 70 -91 -75 38 -71 -71 49 94 -1 -91 -93 41 65 -99 -76 -95 -92 -45 -73 13 93 -83 -84 68 92 -59
-75 -12 -22 -15 41 94 -81 91 61 -41 -76 21 57 -20 -4 44 -49 32 -93 -5 -75 53 51 58 37 48 -91 61 65 -34 63 45 -34 92 59 44 -3 27 -52 90 55 -70 -85 87 -94 -3 80 19 -60 -65 63 -40 7 -91 87 -25 -40 -94 31 -14 -40 -18 37 -5 -69 23 -70 82 40 78 47 87 60 -49 -61 -35 10 -12 44 -4 -9 29 24 -43 84 -77 12 27 5 25 -54 37 -9 -45 40 -35 11 -41 3 93 -56 76 -74 13 -97 -42 -99 -66 -54 39 26 25 -15 -74 70 -74 -1 -95 94 16 -3 11 48 69 -96 -54 95 85 -90 22 7 9 -21 97 -30 -46 -18 43 15 76 -30 46 -60 -96 94 -86 -54 -52 -30 12 -49 71 27 86 65 26 -33 68 -46 -46 -3 66 -85 -40 41 -94 -54 45 41 73 35 39 -3 -75 -39 -78 40 -75 -21 1 -26 -19 -31 16 -8 49 11 -88 -96 86 75 27 68 -5 -32 -47 -79 23 -40 32 33 -68 38 66 -89 66 -56 81 5 -87 80 71 82 -43 56 -57 -87 60 24 -28 -93 -42 -22 -44 58 97 -24 -19 59 30 -17 -57 -26 26 98 -5 -35 -38 -61 24 27 92 65 -54 -2 -9 -43 -88 -43 -47 -98 71 -80 65 50 -35 22 -38 -78 52 -46 25 -93 43 -39 78 94 86 16 87 -53 5 -47 -58 40 -57 52 71 31 -36 71 38 31 -20 5 -25 0 43 61 -81 -71 69 47 -46 -86 -26 16 -67 2 56 -22 90 -16 -72 25 19 47 -55 85 72 -36 -64 -91 98 -63 61 65 72 -56 -60 -43 47 -43 25 -7 -27 -65 -85 34 69 -70 -27 -85 -65 -74 55 67 -90 43 -10 -97 -47 42 82 -4 -31 0 -82 -90 91 32 44 17 98 -42 77 18 43 -93 93 98 73 85 34 76 -38 -93 -27 -45 86 93 -35 35 61 74 -14 -54 -21 -44 85 41 -37 36 -26 10 -41 47 -30 -12 75 -78 -11 -84 -89 60 59 71 -38 10 -8 32 -64 85 -35 -95 -7 49 63 -41 -66 -96 -51 94 20 -8 56 28 64 -71 52 67 50 43 80 -85 20 -50 98 -34 -20 -47 50 -80 70 42 84 48 -51 -94 -88 21 24 -65 -55 80 -70 -71 -71 69 12 71 -29 -26 -32 -53 48 -63 -28 17 -40 26 -26 -93 24 -84 98 83 -1 -15 -68 10 -42 26 -4 -90 -78 31 -97 -33 -98 -18 -16 35 76 80 41 -26 54 -10 -2 -67 68 23 -97 65 62 -13 78 70 -39
